country,track,topic_tags,priority,source_type,source_title,source_url,resource_title,resource_url,resource_class,language,notes
Australia/New Zealand,EM/DM,EM/DM,A,contest archive,Australian Maths Trust past papers,https://amt.edu.au/department/past-papers,2016 AMO paper with solutions here,https://amt.edu.au/wp-content/uploads/2019/02/2016-AMO-Paper-and-Solutions.pdf,PDF solution/answer,English,Official AMO/AMC/AIMO papers and solutions
Australia/New Zealand,EM/DM,EM/DM,A,contest archive,Australian Maths Trust past papers,https://amt.edu.au/department/past-papers,2017 AIMO paper with solutions here,https://amt.edu.au/wp-content/uploads/2019/04/2017-AIMO-paper-solutions-v2019.pdf,PDF solution/answer,English,Official AMO/AMC/AIMO papers and solutions
Australia/New Zealand,EM/DM,EM/DM,A,contest archive,Australian Maths Trust past papers,https://amt.edu.au/department/past-papers,2017 AMO paper with solutions here,https://amt.edu.au/wp-content/uploads/2019/02/2017-AMO-Paper-and-Solutions.pdf,PDF solution/answer,English,Official AMO/AMC/AIMO papers and solutions
Australia/New Zealand,EM/DM,EM/DM,A,contest archive,Australian Maths Trust past papers,https://amt.edu.au/department/past-papers,2018 AMO paper with solutions here,https://amt.edu.au/wp-content/uploads/2019/02/AMO-2018-Problems-and-Solutions.pdf,PDF solution/answer,English,Official AMO/AMC/AIMO papers and solutions
Australia/New Zealand,EM/DM,EM/DM,A,contest archive,Australian Maths Trust past papers,https://amt.edu.au/department/past-papers,2019 AMO paper with solutions here,https://amt.edu.au/wp-content/uploads/2020/05/AMO-2019-paper-and-solutions.pdf,PDF solution/answer,English,Official AMO/AMC/AIMO papers and solutions
Australia/New Zealand,EM/DM,EM/DM,A,contest archive,Australian Maths Trust past papers,https://amt.edu.au/department/past-papers,2020 AMO paper with solutions here,https://amt.edu.au/wp-content/uploads/2020/05/AMO-2020-paper-and-solutions.pdf,PDF solution/answer,English,Official AMO/AMC/AIMO papers and solutions
Australia/New Zealand,EM/DM,EM/DM,B,contest archive,Australian Maths Trust past papers,https://amt.edu.au/department/past-papers,Australian Informatics Olympiad (AIO),https://amt.edu.au/aio,HTML source/link,English,Official AMO/AMC/AIMO papers and solutions
Australia/New Zealand,EM/DM,EM/DM,B,contest archive,Australian Maths Trust past papers,https://amt.edu.au/department/past-papers,Australian Invitational Informatics Olympiad (AIIO),https://amt.edu.au/australian-invitational-informatics-olympiad-aiio,HTML source/link,English,Official AMO/AMC/AIMO papers and solutions
Australia/New Zealand,EM/DM,EM/DM,B,contest archive,Australian Maths Trust past papers,https://amt.edu.au/department/past-papers,Australian Mathematical Olympiad (AMO),https://amt.edu.au/amo,HTML source/link,English,Official AMO/AMC/AIMO papers and solutions
Australia/New Zealand,EM/DM,EM/DM,A,contest archive,Australian Maths Trust past papers,https://amt.edu.au/department/past-papers,Australian Maths Trust past papers — official gateway,https://amt.edu.au/department/past-papers,Official gateway,English,Official AMO/AMC/AIMO papers and solutions
Australia/New Zealand,EM/DM,EM/DM,B,contest archive,Australian Maths Trust past papers,https://amt.edu.au/department/past-papers,French-Australian Regional Informatics Olympiad (FARIO),https://amt.edu.au/french-australian-regional-informatics-olympiad-fario,HTML source/link,English,Official AMO/AMC/AIMO papers and solutions
Australia/New Zealand,EM/DM,EM/DM,B,contest archive,Australian Maths Trust past papers,https://amt.edu.au/department/past-papers,Olympiad and Pathways Program,https://amt.edu.au/olympiad-programs,HTML source/link,English,Official AMO/AMC/AIMO papers and solutions
Australia/New Zealand,EM/DM,EM/DM,B,contest archive,Australian Maths Trust past papers,https://amt.edu.au/department/past-papers,Past Papers,http://amt.edu.au/department/past-papers,HTML paper/problem/practice,English,Official AMO/AMC/AIMO papers and solutions
Australia/New Zealand,EM/DM,EM/DM,B,contest archive,Australian Maths Trust past papers,https://amt.edu.au/department/past-papers,The AMT Olympiad Alumni Network,https://amt.edu.au/alumni-network,HTML source/link,English,Official AMO/AMC/AIMO papers and solutions
Australia/New Zealand,EM/DM,EM/DM,A,contest archive,Australian Maths Trust past papers,https://amt.edu.au/department/past-papers,practice questions,https://amt.edu.au/wp-content/uploads/2019/05/AMC-practice-problems-solutions-Set1-SEN.pdf,PDF solution/answer,English,Official AMO/AMC/AIMO papers and solutions
Australia/New Zealand,EM/DM,EM/DM,A,contest archive,Australian Maths Trust past papers,https://amt.edu.au/department/past-papers,practice questions,https://amt.edu.au/wp-content/uploads/2019/05/AMC-practice-problems-solutions-Set1-INT.pdf,PDF solution/answer,English,Official AMO/AMC/AIMO papers and solutions
Australia/New Zealand,EM/DM,EM/DM,A,contest archive,Australian Maths Trust past papers,https://amt.edu.au/department/past-papers,practice questions,https://amt.edu.au/wp-content/uploads/2019/05/AMC-practice-problems-solutions-Set1-JUN.pdf,PDF solution/answer,English,Official AMO/AMC/AIMO papers and solutions
Australia/New Zealand,EM/DM,EM/DM,A,contest archive,Australian Maths Trust past papers,https://amt.edu.au/department/past-papers,practice questions,https://amt.edu.au/wp-content/uploads/2019/05/AMC-practice-problems-solutions-Set1-UPR.pdf,PDF solution/answer,English,Official AMO/AMC/AIMO papers and solutions
Australia/New Zealand,EM/DM,EM/DM,A,contest archive,Australian Maths Trust past papers,https://amt.edu.au/department/past-papers,practice questions,https://amt.edu.au/wp-content/uploads/2019/05/AMC-practice-problems-solutions-Set1-MPR.pdf,PDF solution/answer,English,Official AMO/AMC/AIMO papers and solutions
Brazil,DM,DM,A,contest archive,Brazilian Olympiad in Informatics archive,https://olimpiada.ic.unicamp.br/passadas/,Brazilian Olympiad in Informatics archive — official gateway,https://olimpiada.ic.unicamp.br/passadas/,Official gateway,Portuguese,"Official editions, tasks, solutions, answer keys"
Brazil,DM,DM,A,online practice,OBI practice platform,https://olimpiada.ic.unicamp.br/pratique/,OBI practice platform — official gateway,https://olimpiada.ic.unicamp.br/pratique/,Official gateway,Portuguese,Official judged practice and feedback
Brazil,EM,EM,A,contest archive,OBMEP exams and solutions,https://www.obmep.org.br/provas.htm,OBMEP exams and solutions — official gateway,https://www.obmep.org.br/provas.htm,Official gateway,Portuguese,"Official problems, solutions, question bank, simulations"
Brazil,GA/EM,GA/EM,B,national examination,INEP ENEM provas e gabaritos,https://www.gov.br/inep/pt-br/areas-de-atuacao/avaliacao-e-exames-educacionais/enem/provas-e-gabaritos,Alfabetiza Brasil,https://www.gov.br/inep/pt-br/areas-de-atuacao/avaliacao-e-exames-educacionais/alfabetiza-brasil,HTML paper/problem/practice,Portuguese,Official ENEM year-wise papers and answer keys from 1998 onward
Brazil,GA/EM,GA/EM,B,national examination,INEP ENEM provas e gabaritos,https://www.gov.br/inep/pt-br/areas-de-atuacao/avaliacao-e-exames-educacionais/enem/provas-e-gabaritos,Arcu-Sul,https://www.gov.br/inep/pt-br/areas-de-atuacao/avaliacao-e-exames-educacionais/arcu-sul,HTML paper/problem/practice,Portuguese,Official ENEM year-wise papers and answer keys from 1998 onward
Brazil,GA/EM,GA/EM,B,national examination,INEP ENEM provas e gabaritos,https://www.gov.br/inep/pt-br/areas-de-atuacao/avaliacao-e-exames-educacionais/enem/provas-e-gabaritos,Avaliação da Alfabetização,https://www.gov.br/inep/pt-br/areas-de-atuacao/avaliacao-e-exames-educacionais/avaliacao-da-alfabetizacao,HTML paper/problem/practice,Portuguese,Official ENEM year-wise papers and answer keys from 1998 onward
Brazil,GA/EM,GA/EM,B,national examination,INEP ENEM provas e gabaritos,https://www.gov.br/inep/pt-br/areas-de-atuacao/avaliacao-e-exames-educacionais/enem/provas-e-gabaritos,Avaliação da Educação Profissional e Tecnológica,https://www.gov.br/inep/pt-br/areas-de-atuacao/avaliacao-e-exames-educacionais/avaliacao-da-educacao-profissional-e-tecnologica,HTML paper/problem/practice,Portuguese,Official ENEM year-wise papers and answer keys from 1998 onward
Brazil,GA/EM,GA/EM,B,national examination,INEP ENEM provas e gabaritos,https://www.gov.br/inep/pt-br/areas-de-atuacao/avaliacao-e-exames-educacionais/enem/provas-e-gabaritos,Avaliação in loco,https://www.gov.br/inep/pt-br/areas-de-atuacao/avaliacao-e-exames-educacionais/avaliacao-in-loco,HTML paper/problem/practice,Portuguese,Official ENEM year-wise papers and answer keys from 1998 onward
Brazil,GA/EM,GA/EM,B,national examination,INEP ENEM provas e gabaritos,https://www.gov.br/inep/pt-br/areas-de-atuacao/avaliacao-e-exames-educacionais/enem/provas-e-gabaritos,Avaliações e Exames Educacionais,https://www.gov.br/inep/pt-br/areas-de-atuacao/avaliacao-e-exames-educacionais,HTML paper/problem/practice,Portuguese,Official ENEM year-wise papers and answer keys from 1998 onward
Brazil,GA/EM,GA/EM,B,national examination,INEP ENEM provas e gabaritos,https://www.gov.br/inep/pt-br/areas-de-atuacao/avaliacao-e-exames-educacionais/enem/provas-e-gabaritos,Avaliações e Exames Educacionais,https://www.gov.br/inep/pt-br/centrais-de-conteudo/apresentacoes/avaliacoes-e-exames-educacionais,HTML paper/problem/practice,Portuguese,Official ENEM year-wise papers and answer keys from 1998 onward
Brazil,GA/EM,GA/EM,B,national examination,INEP ENEM provas e gabaritos,https://www.gov.br/inep/pt-br/areas-de-atuacao/avaliacao-e-exames-educacionais/enem/provas-e-gabaritos,BNI,https://www.gov.br/inep/pt-br/areas-de-atuacao/avaliacao-e-exames-educacionais/bni,HTML paper/problem/practice,Portuguese,Official ENEM year-wise papers and answer keys from 1998 onward
Brazil,GA/EM,GA/EM,B,national examination,INEP ENEM provas e gabaritos,https://www.gov.br/inep/pt-br/areas-de-atuacao/avaliacao-e-exames-educacionais/enem/provas-e-gabaritos,Celpe-Bras,https://www.gov.br/inep/pt-br/areas-de-atuacao/avaliacao-e-exames-educacionais/celpe-bras,HTML paper/problem/practice,Portuguese,Official ENEM year-wise papers and answer keys from 1998 onward
Brazil,GA/EM,GA/EM,B,national examination,INEP ENEM provas e gabaritos,https://www.gov.br/inep/pt-br/areas-de-atuacao/avaliacao-e-exames-educacionais/enem/provas-e-gabaritos,Coordenação-Geral de Exames e Certificações da EPT,https://www.gov.br/inep/pt-br/composicao/diretoria-de-avaliacao-da-educacao-profissional-e-tecnologica/coordenacao-geral-de-exames-e-certificacoes-da-ept,HTML paper/problem/practice,Portuguese,Official ENEM year-wise papers and answer keys from 1998 onward
Brazil,GA/EM,GA/EM,B,national examination,INEP ENEM provas e gabaritos,https://www.gov.br/inep/pt-br/areas-de-atuacao/avaliacao-e-exames-educacionais/enem/provas-e-gabaritos,Coordenação-Geral do Exame Nacional do Ensino Médio,https://www.gov.br/inep/pt-br/composicao/diretoria-de-avaliacao-da-educacao-basica/coordenacao-geral-de-exames-para-certificacao-1,HTML paper/problem/practice,Portuguese,Official ENEM year-wise papers and answer keys from 1998 onward
Brazil,GA/EM,GA/EM,B,national examination,INEP ENEM provas e gabaritos,https://www.gov.br/inep/pt-br/areas-de-atuacao/avaliacao-e-exames-educacionais/enem/provas-e-gabaritos,Enade,https://www.gov.br/inep/pt-br/areas-de-atuacao/avaliacao-e-exames-educacionais/enade,HTML paper/problem/practice,Portuguese,Official ENEM year-wise papers and answer keys from 1998 onward
Brazil,GA/EM,GA/EM,B,national examination,INEP ENEM provas e gabaritos,https://www.gov.br/inep/pt-br/areas-de-atuacao/avaliacao-e-exames-educacionais/enem/provas-e-gabaritos,Enade Bacharelado e Superiores de Tecnologia,https://www.gov.br/inep/pt-br/areas-de-atuacao/avaliacao-e-exames-educacionais/enade-bacharelado-e-superiores-de-tecnologia,HTML paper/problem/practice,Portuguese,Official ENEM year-wise papers and answer keys from 1998 onward
Brazil,GA/EM,GA/EM,B,national examination,INEP ENEM provas e gabaritos,https://www.gov.br/inep/pt-br/areas-de-atuacao/avaliacao-e-exames-educacionais/enem/provas-e-gabaritos,Enade das licenciaturas,https://www.gov.br/inep/pt-br/areas-de-atuacao/avaliacao-e-exames-educacionais/enade-das-licenciaturas,HTML paper/problem/practice,Portuguese,Official ENEM year-wise papers and answer keys from 1998 onward
Brazil,GA/EM,GA/EM,B,national examination,INEP ENEM provas e gabaritos,https://www.gov.br/inep/pt-br/areas-de-atuacao/avaliacao-e-exames-educacionais/enem/provas-e-gabaritos,Enamed,https://www.gov.br/inep/pt-br/areas-de-atuacao/avaliacao-e-exames-educacionais/enamed,HTML paper/problem/practice,Portuguese,Official ENEM year-wise papers and answer keys from 1998 onward
Brazil,GA/EM,GA/EM,B,national examination,INEP ENEM provas e gabaritos,https://www.gov.br/inep/pt-br/areas-de-atuacao/avaliacao-e-exames-educacionais/enem/provas-e-gabaritos,Encceja,https://www.gov.br/inep/pt-br/areas-de-atuacao/avaliacao-e-exames-educacionais/encceja,HTML paper/problem/practice,Portuguese,Official ENEM year-wise papers and answer keys from 1998 onward
Brazil,GA/EM,GA/EM,B,national examination,INEP ENEM provas e gabaritos,https://www.gov.br/inep/pt-br/areas-de-atuacao/avaliacao-e-exames-educacionais/enem/provas-e-gabaritos,Enem,https://www.gov.br/inep/pt-br/areas-de-atuacao/avaliacao-e-exames-educacionais/enem,HTML paper/problem/practice,Portuguese,Official ENEM year-wise papers and answer keys from 1998 onward
Brazil,GA/EM,GA/EM,B,national examination,INEP ENEM provas e gabaritos,https://www.gov.br/inep/pt-br/areas-de-atuacao/avaliacao-e-exames-educacionais/enem/provas-e-gabaritos,Erce,https://www.gov.br/inep/pt-br/areas-de-atuacao/avaliacao-e-exames-educacionais/erce,HTML paper/problem/practice,Portuguese,Official ENEM year-wise papers and answer keys from 1998 onward
Brazil,GA/EM,GA/EM,B,national examination,INEP ENEM provas e gabaritos,https://www.gov.br/inep/pt-br/areas-de-atuacao/avaliacao-e-exames-educacionais/enem/provas-e-gabaritos,Exame Nacional de Avaliação da Formação Médica (Enamed),https://www.gov.br/inep/pt-br/acesso-a-informacao/perguntas-frequentes/exame-nacional-de-avaliacao-da-formacao-medica-enamed,HTML paper/problem/practice,Portuguese,Official ENEM year-wise papers and answer keys from 1998 onward
Brazil,GA/EM,GA/EM,B,national examination,INEP ENEM provas e gabaritos,https://www.gov.br/inep/pt-br/areas-de-atuacao/avaliacao-e-exames-educacionais/enem/provas-e-gabaritos,Exame Nacional de Cursos (Provão),https://www.gov.br/inep/pt-br/assuntos/iniciativas-descontinuadas/provao,HTML paper/problem/practice,Portuguese,Official ENEM year-wise papers and answer keys from 1998 onward
Brazil,GA/EM,GA/EM,B,national examination,INEP ENEM provas e gabaritos,https://www.gov.br/inep/pt-br/areas-de-atuacao/avaliacao-e-exames-educacionais/enem/provas-e-gabaritos,Exame Nacional de Desempenho dos Estudantes (Enade),https://www.gov.br/inep/pt-br/acesso-a-informacao/perguntas-frequentes/exame-nacional-de-desempenho-dos-estudantes-enade,HTML paper/problem/practice,Portuguese,Official ENEM year-wise papers and answer keys from 1998 onward
Brazil,GA/EM,GA/EM,B,national examination,INEP ENEM provas e gabaritos,https://www.gov.br/inep/pt-br/areas-de-atuacao/avaliacao-e-exames-educacionais/enem/provas-e-gabaritos,Exame Nacional de Revalidação de Diplomas Médicos Expedidos por Instituições de Educação Superior Estrangeira (Revalida),https://www.gov.br/inep/pt-br/acesso-a-informacao/perguntas-frequentes/exame-nacional-de-revalidacao-de-diplomas-medicos-expedidos-por-instituicoes-de-educacao-superior-estrangeira-revalida,HTML paper/problem/practice,Portuguese,Official ENEM year-wise papers and answer keys from 1998 onward
Brazil,GA/EM,GA/EM,B,national examination,INEP ENEM provas e gabaritos,https://www.gov.br/inep/pt-br/areas-de-atuacao/avaliacao-e-exames-educacionais/enem/provas-e-gabaritos,Exame Nacional do Ensino Médio (Enem),https://www.gov.br/inep/pt-br/acesso-a-informacao/perguntas-frequentes/exame-nacional-do-ensino-medio-enem,HTML paper/problem/practice,Portuguese,Official ENEM year-wise papers and answer keys from 1998 onward
Brazil,GA/EM,GA/EM,B,national examination,INEP ENEM provas e gabaritos,https://www.gov.br/inep/pt-br/areas-de-atuacao/avaliacao-e-exames-educacionais/enem/provas-e-gabaritos,Exame Nacional para Certificação de Competências de Jovens e Adultos (Encceja),https://www.gov.br/inep/pt-br/acesso-a-informacao/perguntas-frequentes/exame-nacional-para-certificacao-de-competencias-de-jovens-e-adultos-encceja,HTML paper/problem/practice,Portuguese,Official ENEM year-wise papers and answer keys from 1998 onward
Brazil,GA/EM,GA/EM,B,national examination,INEP ENEM provas e gabaritos,https://www.gov.br/inep/pt-br/areas-de-atuacao/avaliacao-e-exames-educacionais/enem/provas-e-gabaritos,ICCS,https://www.gov.br/inep/pt-br/areas-de-atuacao/avaliacao-e-exames-educacionais/iccs,HTML paper/problem/practice,Portuguese,Official ENEM year-wise papers and answer keys from 1998 onward
Brazil,GA/EM,GA/EM,A,national examination,INEP ENEM provas e gabaritos,https://www.gov.br/inep/pt-br/areas-de-atuacao/avaliacao-e-exames-educacionais/enem/provas-e-gabaritos,INEP ENEM provas e gabaritos — official gateway,https://www.gov.br/inep/pt-br/areas-de-atuacao/avaliacao-e-exames-educacionais/enem/provas-e-gabaritos,Official gateway,Portuguese,Official ENEM year-wise papers and answer keys from 1998 onward
Brazil,GA/EM,GA/EM,B,national examination,INEP ENEM provas e gabaritos,https://www.gov.br/inep/pt-br/areas-de-atuacao/avaliacao-e-exames-educacionais/enem/provas-e-gabaritos,Ir para a Busca 4,https://www.gov.br/inep/pt-br/areas-de-atuacao/avaliacao-e-exames-educacionais/enem/provas-e-gabaritos#govbr-busca-input,HTML solution/answer,Portuguese,Official ENEM year-wise papers and answer keys from 1998 onward
Brazil,GA/EM,GA/EM,B,national examination,INEP ENEM provas e gabaritos,https://www.gov.br/inep/pt-br/areas-de-atuacao/avaliacao-e-exames-educacionais/enem/provas-e-gabaritos,Ir para o Conteúdo 1,https://www.gov.br/inep/pt-br/areas-de-atuacao/avaliacao-e-exames-educacionais/enem/provas-e-gabaritos#wrapper,HTML solution/answer,Portuguese,Official ENEM year-wise papers and answer keys from 1998 onward
Brazil,GA/EM,GA/EM,B,national examination,INEP ENEM provas e gabaritos,https://www.gov.br/inep/pt-br/areas-de-atuacao/avaliacao-e-exames-educacionais/enem/provas-e-gabaritos,Ir para o Mapa do site 5,https://www.gov.br/inep/pt-br/areas-de-atuacao/avaliacao-e-exames-educacionais/enem/provas-e-gabaritos#portal-footer,HTML solution/answer,Portuguese,Official ENEM year-wise papers and answer keys from 1998 onward
Brazil,GA/EM,GA/EM,B,national examination,INEP ENEM provas e gabaritos,https://www.gov.br/inep/pt-br/areas-de-atuacao/avaliacao-e-exames-educacionais/enem/provas-e-gabaritos,Ir para o menu de Navegação 3,https://www.gov.br/inep/pt-br/areas-de-atuacao/avaliacao-e-exames-educacionais/enem/provas-e-gabaritos#main-navigation,HTML solution/answer,Portuguese,Official ENEM year-wise papers and answer keys from 1998 onward
Brazil,GA/EM,GA/EM,B,national examination,INEP ENEM provas e gabaritos,https://www.gov.br/inep/pt-br/areas-de-atuacao/avaliacao-e-exames-educacionais/enem/provas-e-gabaritos,PIRLS,https://www.gov.br/inep/pt-br/areas-de-atuacao/avaliacao-e-exames-educacionais/pirls,HTML paper/problem/practice,Portuguese,Official ENEM year-wise papers and answer keys from 1998 onward
Brazil,GA/EM,GA/EM,B,national examination,INEP ENEM provas e gabaritos,https://www.gov.br/inep/pt-br/areas-de-atuacao/avaliacao-e-exames-educacionais/enem/provas-e-gabaritos,Pisa,https://www.gov.br/inep/pt-br/areas-de-atuacao/avaliacao-e-exames-educacionais/pisa,HTML paper/problem/practice,Portuguese,Official ENEM year-wise papers and answer keys from 1998 onward
Brazil,GA/EM,GA/EM,B,national examination,INEP ENEM provas e gabaritos,https://www.gov.br/inep/pt-br/areas-de-atuacao/avaliacao-e-exames-educacionais/enem/provas-e-gabaritos,Prova Nacional Docente,https://www.gov.br/inep/pt-br/acesso-a-informacao/perguntas-frequentes/prova-nacional-docente,HTML paper/problem/practice,Portuguese,Official ENEM year-wise papers and answer keys from 1998 onward
Brazil,GA/EM,GA/EM,B,national examination,INEP ENEM provas e gabaritos,https://www.gov.br/inep/pt-br/areas-de-atuacao/avaliacao-e-exames-educacionais/enem/provas-e-gabaritos,Prova Nacional Docente,https://www.gov.br/inep/pt-br/areas-de-atuacao/avaliacao-e-exames-educacionais/prova-nacional-docente,HTML paper/problem/practice,Portuguese,Official ENEM year-wise papers and answer keys from 1998 onward
Brazil,GA/EM,GA/EM,B,national examination,INEP ENEM provas e gabaritos,https://www.gov.br/inep/pt-br/areas-de-atuacao/avaliacao-e-exames-educacionais/enem/provas-e-gabaritos,Prova Nacional Docente,https://www.gov.br/inep/pt-br/centrais-de-conteudo/legislacao/prova-nacional-docente,HTML paper/problem/practice,Portuguese,Official ENEM year-wise papers and answer keys from 1998 onward
Brazil,GA/EM,GA/EM,B,national examination,INEP ENEM provas e gabaritos,https://www.gov.br/inep/pt-br/areas-de-atuacao/avaliacao-e-exames-educacionais/enem/provas-e-gabaritos,Prova Nacional Docente,https://www.gov.br/inep/pt-br/centrais-de-conteudo/noticias/prova-nacional-docente,HTML paper/problem/practice,Portuguese,Official ENEM year-wise papers and answer keys from 1998 onward
Brazil,GA/EM,GA/EM,B,national examination,INEP ENEM provas e gabaritos,https://www.gov.br/inep/pt-br/areas-de-atuacao/avaliacao-e-exames-educacionais/enem/provas-e-gabaritos,Revalida,https://www.gov.br/inep/pt-br/areas-de-atuacao/avaliacao-e-exames-educacionais/revalida,HTML paper/problem/practice,Portuguese,Official ENEM year-wise papers and answer keys from 1998 onward
Brazil,GA/EM,GA/EM,B,national examination,INEP ENEM provas e gabaritos,https://www.gov.br/inep/pt-br/areas-de-atuacao/avaliacao-e-exames-educacionais/enem/provas-e-gabaritos,Riaces,https://www.gov.br/inep/pt-br/areas-de-atuacao/avaliacao-e-exames-educacionais/riaces,HTML paper/problem/practice,Portuguese,Official ENEM year-wise papers and answer keys from 1998 onward
Brazil,GA/EM,GA/EM,B,national examination,INEP ENEM provas e gabaritos,https://www.gov.br/inep/pt-br/areas-de-atuacao/avaliacao-e-exames-educacionais/enem/provas-e-gabaritos,Saeb,https://www.gov.br/inep/pt-br/areas-de-atuacao/avaliacao-e-exames-educacionais/saeb,HTML paper/problem/practice,Portuguese,Official ENEM year-wise papers and answer keys from 1998 onward
Brazil,GA/EM,GA/EM,B,national examination,INEP ENEM provas e gabaritos,https://www.gov.br/inep/pt-br/areas-de-atuacao/avaliacao-e-exames-educacionais/enem/provas-e-gabaritos,TIMSS,https://www.gov.br/inep/pt-br/areas-de-atuacao/avaliacao-e-exames-educacionais/timms,HTML paper/problem/practice,Portuguese,Official ENEM year-wise papers and answer keys from 1998 onward
Canada,EM/DM,EM/DM,B,contest archive,Canadian Open Mathematics Challenge,https://cms.math.ca/competitions/comc/comc2022/getting-ready/,2011,https://cms.math.ca/competitions/comc/comc2011/,HTML source/link,English/French,Official year archive with exam papers and solutions
Canada,EM/DM,EM/DM,B,contest archive,Canadian Open Mathematics Challenge,https://cms.math.ca/competitions/comc/comc2022/getting-ready/,2012,https://cms.math.ca/competitions/comc/comc2012/,HTML source/link,English/French,Official year archive with exam papers and solutions
Canada,EM/DM,EM/DM,B,contest archive,Canadian Open Mathematics Challenge,https://cms.math.ca/competitions/comc/comc2022/getting-ready/,2013,https://cms.math.ca/competitions/comc/comc2013/,HTML source/link,English/French,Official year archive with exam papers and solutions
Canada,EM/DM,EM/DM,B,contest archive,Canadian Open Mathematics Challenge,https://cms.math.ca/competitions/comc/comc2022/getting-ready/,2014,https://cms.math.ca/competitions/comc/comc2014/,HTML source/link,English/French,Official year archive with exam papers and solutions
Canada,EM/DM,EM/DM,B,contest archive,Canadian Open Mathematics Challenge,https://cms.math.ca/competitions/comc/comc2022/getting-ready/,2015,https://cms.math.ca/competitions/comc/comc2015/,HTML source/link,English/French,Official year archive with exam papers and solutions
Canada,EM/DM,EM/DM,B,contest archive,Canadian Open Mathematics Challenge,https://cms.math.ca/competitions/comc/comc2022/getting-ready/,2016,https://cms.math.ca/competitions/comc/comc2016/,HTML source/link,English/French,Official year archive with exam papers and solutions
Canada,EM/DM,EM/DM,B,contest archive,Canadian Open Mathematics Challenge,https://cms.math.ca/competitions/comc/comc2022/getting-ready/,2017,https://cms.math.ca/competitions/comc/comc2017/,HTML source/link,English/French,Official year archive with exam papers and solutions
Canada,EM/DM,EM/DM,B,contest archive,Canadian Open Mathematics Challenge,https://cms.math.ca/competitions/comc/comc2022/getting-ready/,2018,https://cms.math.ca/competitions/comc/comc2018/,HTML source/link,English/French,Official year archive with exam papers and solutions
Canada,EM/DM,EM/DM,B,contest archive,Canadian Open Mathematics Challenge,https://cms.math.ca/competitions/comc/comc2022/getting-ready/,2019,https://cms.math.ca/competitions/comc/comc2019/,HTML source/link,English/French,Official year archive with exam papers and solutions
Canada,EM/DM,EM/DM,B,contest archive,Canadian Open Mathematics Challenge,https://cms.math.ca/competitions/comc/comc2022/getting-ready/,2020,https://cms.math.ca/competitions/comc/comc2020/,HTML source/link,English/French,Official year archive with exam papers and solutions
Canada,EM/DM,EM/DM,B,contest archive,Canadian Open Mathematics Challenge,https://cms.math.ca/competitions/comc/comc2022/getting-ready/,2021,https://cms.math.ca/competitions/comc/comc2021/,HTML source/link,English/French,Official year archive with exam papers and solutions
Canada,EM/DM,EM/DM,B,contest archive,Canadian Open Mathematics Challenge,https://cms.math.ca/competitions/comc/comc2022/getting-ready/,2022,https://cms.math.ca/competitions/comc/comc2022/,HTML source/link,English/French,Official year archive with exam papers and solutions
Canada,EM/DM,EM/DM,B,contest archive,Canadian Open Mathematics Challenge,https://cms.math.ca/competitions/comc/comc2022/getting-ready/,2023,https://cms.math.ca/competitions/comc/comc2023/,HTML source/link,English/French,Official year archive with exam papers and solutions
Canada,EM/DM,EM/DM,B,contest archive,Canadian Open Mathematics Challenge,https://cms.math.ca/competitions/comc/comc2022/getting-ready/,2024,https://cms.math.ca/competitions/comc/comc2024/,HTML source/link,English/French,Official year archive with exam papers and solutions
Canada,EM/DM,EM/DM,B,contest archive,Canadian Open Mathematics Challenge,https://cms.math.ca/competitions/comc/comc2022/getting-ready/,2025,https://cms.math.ca/competitions/comc/comc2025/,HTML source/link,English/French,Official year archive with exam papers and solutions
Canada,EM/DM,EM/DM,B,contest archive,Canadian Open Mathematics Challenge,https://cms.math.ca/competitions/comc/comc2022/getting-ready/,2026,https://cms.math.ca/competitions/comc/comc2026/,HTML source/link,English/French,Official year archive with exam papers and solutions
Canada,EM/DM,EM/DM,B,contest archive,Canadian Open Mathematics Challenge,https://cms.math.ca/competitions/comc/comc2022/getting-ready/,APMO: Asian Pacific Mathematics Olympiad,https://cms.math.ca/competitions/apmo/,HTML source/link,English/French,Official year archive with exam papers and solutions
Canada,EM/DM,EM/DM,B,contest archive,Canadian Open Mathematics Challenge,https://cms.math.ca/competitions/comc/comc2022/getting-ready/,Advancing,https://cms.math.ca/competitions/comc/comc2022/advancing/,HTML source/link,English/French,Official year archive with exam papers and solutions
Canada,EM/DM,EM/DM,B,contest archive,Canadian Open Mathematics Challenge,https://cms.math.ca/competitions/comc/comc2022/getting-ready/,Awards,https://cms.math.ca/competitions/comc/comc2022/award-winners/,HTML source/link,English/French,Official year archive with exam papers and solutions
Canada,EM/DM,EM/DM,B,contest archive,Canadian Open Mathematics Challenge,https://cms.math.ca/competitions/comc/comc2022/getting-ready/,Awards and Prizes,https://cms.math.ca/competitions/comc/comc2022/awards-and-prizes/,HTML source/link,English/French,Official year archive with exam papers and solutions
Canada,EM/DM,EM/DM,B,contest archive,Canadian Open Mathematics Challenge,https://cms.math.ca/competitions/comc/comc2022/getting-ready/,CJMC: Canada Jay Mathematics Competition,https://cms.math.ca/competitions/cjmc/,HTML source/link,English/French,Official year archive with exam papers and solutions
Canada,EM/DM,EM/DM,B,contest archive,Canadian Open Mathematics Challenge,https://cms.math.ca/competitions/comc/comc2022/getting-ready/,CLMC: Canada Lynx Competition,https://cms.math.ca/competitions/clmc/,HTML source/link,English/French,Official year archive with exam papers and solutions
Canada,EM/DM,EM/DM,B,contest archive,Canadian Open Mathematics Challenge,https://cms.math.ca/competitions/comc/comc2022/getting-ready/,CMO/CJMO: Canadian Mathematics Olympiads,https://cms.math.ca/competitions/cmo/,HTML source/link,English/French,Official year archive with exam papers and solutions
Canada,EM/DM,EM/DM,B,contest archive,Canadian Open Mathematics Challenge,https://cms.math.ca/competitions/comc/comc2022/getting-ready/,CMOQR: CMO Qualifying Repêchage,https://cms.math.ca/competitions/repechage/,HTML source/link,English/French,Official year archive with exam papers and solutions
Canada,EM/DM,EM/DM,B,contest archive,Canadian Open Mathematics Challenge,https://cms.math.ca/competitions/comc/comc2022/getting-ready/,COMC: Canadian Open Mathematics Challenge,https://cms.math.ca/competitions/comc/,HTML source/link,English/French,Official year archive with exam papers and solutions
Canada,EM/DM,EM/DM,A,contest archive,Canadian Open Mathematics Challenge,https://cms.math.ca/competitions/comc/comc2022/getting-ready/,Canadian Open Mathematics Challenge — official gateway,https://cms.math.ca/competitions/comc/comc2022/getting-ready/,Official gateway,English/French,Official year archive with exam papers and solutions
Canada,EM/DM,EM/DM,B,contest archive,Canadian Open Mathematics Challenge,https://cms.math.ca/competitions/comc/comc2022/getting-ready/,Closing the Gap – CMS Inclusion Initiative,https://cms.math.ca/competitions/inclusion-initiative/,HTML source/link,English/French,Official year archive with exam papers and solutions
Canada,EM/DM,EM/DM,B,contest archive,Canadian Open Mathematics Challenge,https://cms.math.ca/competitions/comc/comc2022/getting-ready/,Competition Grants,https://cms.math.ca/education/competition-grants/,HTML source/link,English/French,Official year archive with exam papers and solutions
Canada,EM/DM,EM/DM,B,contest archive,Canadian Open Mathematics Challenge,https://cms.math.ca/competitions/comc/comc2022/getting-ready/,Competitions,https://cms.math.ca/competitions/,HTML source/link,English/French,Official year archive with exam papers and solutions
Canada,EM/DM,EM/DM,B,contest archive,Canadian Open Mathematics Challenge,https://cms.math.ca/competitions/comc/comc2022/getting-ready/,Copyright & Permissions,https://cms.math.ca/competitions/comc/comc2022/getting-ready/#copyrightpermissions,HTML source/link,English/French,Official year archive with exam papers and solutions
Canada,EM/DM,EM/DM,B,contest archive,Canadian Open Mathematics Challenge,https://cms.math.ca/competitions/comc/comc2022/getting-ready/,EGMO: European Girls Mathematics Olympiad,https://cms.math.ca/competitions/egmo/,HTML source/link,English/French,Official year archive with exam papers and solutions
Canada,EM/DM,EM/DM,B,contest archive,Canadian Open Mathematics Challenge,https://cms.math.ca/competitions/comc/comc2022/getting-ready/,Eligibility,https://cms.math.ca/competitions/comc/comc2022/eligibility/,HTML source/link,English/French,Official year archive with exam papers and solutions
Canada,EM/DM,EM/DM,B,contest archive,Canadian Open Mathematics Challenge,https://cms.math.ca/competitions/comc/comc2022/getting-ready/,Frequently Asked Questions,https://cms.math.ca/membership/faq/,HTML paper/problem/practice,English/French,Official year archive with exam papers and solutions
Canada,EM/DM,EM/DM,B,contest archive,Canadian Open Mathematics Challenge,https://cms.math.ca/competitions/comc/comc2022/getting-ready/,IMO: International Mathematics Olympiad,https://cms.math.ca/competitions/imo/,HTML source/link,English/French,Official year archive with exam papers and solutions
Canada,EM/DM,EM/DM,B,contest archive,Canadian Open Mathematics Challenge,https://cms.math.ca/competitions/comc/comc2022/getting-ready/,More,https://cms.math.ca/competitions/comc/comc2022/more/,HTML source/link,English/French,Official year archive with exam papers and solutions
Canada,EM/DM,EM/DM,B,contest archive,Canadian Open Mathematics Challenge,https://cms.math.ca/competitions/comc/comc2022/getting-ready/,Other Math Competitions,https://cms.math.ca/competitions/other-mathematical-competitions/,HTML source/link,English/French,Official year archive with exam papers and solutions
Canada,EM/DM,EM/DM,B,contest archive,Canadian Open Mathematics Challenge,https://cms.math.ca/competitions/comc/comc2022/getting-ready/,Posters,https://cms.math.ca/competitions/comc/comc2022/posters/,HTML source/link,English/French,Official year archive with exam papers and solutions
Canada,EM/DM,EM/DM,B,contest archive,Canadian Open Mathematics Challenge,https://cms.math.ca/competitions/comc/comc2022/getting-ready/,Prize Draw,https://cms.math.ca/competitions/comc/comc2022/prize-draw/,HTML source/link,English/French,Official year archive with exam papers and solutions
Canada,EM/DM,EM/DM,A,contest archive,Canadian Open Mathematics Challenge,https://cms.math.ca/competitions/comc/comc2022/getting-ready/,Problem Set,https://cms.math.ca/wp-content/uploads/2023/01/COMC2022-Problem-Set.pdf,PDF paper/problem,English/French,Official year archive with exam papers and solutions
Canada,EM/DM,EM/DM,B,contest archive,Canadian Open Mathematics Challenge,https://cms.math.ca/competitions/comc/comc2022/getting-ready/,Problem Solving Resources,https://cms.math.ca/competitions/problem-solving-resources/,HTML paper/problem/practice,English/French,Official year archive with exam papers and solutions
Canada,EM/DM,EM/DM,B,contest archive,Canadian Open Mathematics Challenge,https://cms.math.ca/competitions/comc/comc2022/getting-ready/,Problem of the Week,https://www2.cms.math.ca/Competitions/COMC/2022/potw.html,HTML paper/problem/practice,English/French,Official year archive with exam papers and solutions
Canada,EM/DM,EM/DM,B,contest archive,Canadian Open Mathematics Challenge,https://cms.math.ca/competitions/comc/comc2022/getting-ready/,Scholarship Opportunities,https://cms.math.ca/competitions/scholarship-opportunities/,HTML source/link,English/French,Official year archive with exam papers and solutions
Canada,EM/DM,EM/DM,A,contest archive,Canadian Open Mathematics Challenge,https://cms.math.ca/competitions/comc/comc2022/getting-ready/,Solutions,https://cms.math.ca/wp-content/uploads/2023/01/COMC2022-official-solutions-en.pdf,PDF solution/answer,English/French,Official year archive with exam papers and solutions
Canada,EM/DM,EM/DM,B,contest archive,Waterloo CEMC past contests,https://cemc.uwaterloo.ca/resources/past-contests,BCC,https://cemc.uwaterloo.ca/resources/past-contests?contest_category=26,HTML paper/problem/practice,English/French,"Official problems, solutions, results, generators"
Canada,EM/DM,EM/DM,B,contest archive,Waterloo CEMC past contests,https://cemc.uwaterloo.ca/resources/past-contests,CCC,https://cemc.uwaterloo.ca/resources/past-contests?contest_category=29,HTML paper/problem/practice,English/French,"Official problems, solutions, results, generators"
Canada,EM/DM,EM/DM,B,contest archive,Waterloo CEMC past contests,https://cemc.uwaterloo.ca/resources/past-contests,CCO/CIW,https://cemc.uwaterloo.ca/resources/past-contests?contest_category=80,HTML paper/problem/practice,English/French,"Official problems, solutions, results, generators"
Canada,EM/DM,EM/DM,B,contest archive,Waterloo CEMC past contests,https://cemc.uwaterloo.ca/resources/past-contests,CSIMC,https://cemc.uwaterloo.ca/resources/past-contests?contest_category=23,HTML paper/problem/practice,English/French,"Official problems, solutions, results, generators"
Canada,EM/DM,EM/DM,B,contest archive,Waterloo CEMC past contests,https://cemc.uwaterloo.ca/resources/past-contests,CTMC,https://cemc.uwaterloo.ca/resources/past-contests?contest_category=28,HTML paper/problem/practice,English/French,"Official problems, solutions, results, generators"
Canada,EM/DM,EM/DM,B,contest archive,Waterloo CEMC past contests,https://cemc.uwaterloo.ca/resources/past-contests,Computer Science Contests,https://cemc.uwaterloo.ca/contests?field_format_value=All&exposed_month=All&subject_area=4,HTML paper/problem/practice,English/French,"Official problems, solutions, results, generators"
Canada,EM/DM,EM/DM,B,contest archive,Waterloo CEMC past contests,https://cemc.uwaterloo.ca/resources/past-contests,Contest Supervisor Portal,https://cemc2.math.uwaterloo.ca/contest/Sigma/school/supervisorPortalLogin.php,HTML paper/problem/practice,English/French,"Official problems, solutions, results, generators"
Canada,EM/DM,EM/DM,B,contest archive,Waterloo CEMC past contests,https://cemc.uwaterloo.ca/resources/past-contests,Contests Overview,https://cemc.uwaterloo.ca/contests,HTML paper/problem/practice,English/French,"Official problems, solutions, results, generators"
Canada,EM/DM,EM/DM,B,contest archive,Waterloo CEMC past contests,https://cemc.uwaterloo.ca/resources/past-contests,Current page 1,https://cemc.uwaterloo.ca/resources/past-contests?block_config_key=past_contest%3A1srMgUG8ZWnN5_Mx6CmP5HeP-aleHwL0jgxyVUuVYE4&page=0,HTML paper/problem/practice,English/French,"Official problems, solutions, results, generators"
Canada,EM/DM,EM/DM,B,contest archive,Waterloo CEMC past contests,https://cemc.uwaterloo.ca/resources/past-contests,EN / FR,https://cemc.uwaterloo.ca/fr/resources/past-contests,HTML paper/problem/practice,English/French,"Official problems, solutions, results, generators"
Canada,EM/DM,EM/DM,B,contest archive,Waterloo CEMC past contests,https://cemc.uwaterloo.ca/resources/past-contests,Euclid,https://cemc.uwaterloo.ca/resources/past-contests?contest_category=24,HTML paper/problem/practice,English/French,"Official problems, solutions, results, generators"
Canada,EM/DM,EM/DM,B,contest archive,Waterloo CEMC past contests,https://cemc.uwaterloo.ca/resources/past-contests,FGH,https://cemc.uwaterloo.ca/resources/past-contests?contest_category=25,HTML paper/problem/practice,English/French,"Official problems, solutions, results, generators"
Canada,EM/DM,EM/DM,B,contest archive,Waterloo CEMC past contests,https://cemc.uwaterloo.ca/resources/past-contests,Gauss,https://cemc.uwaterloo.ca/contests/gauss,HTML paper/problem/practice,English/French,"Official problems, solutions, results, generators"
Canada,EM/DM,EM/DM,B,contest archive,Waterloo CEMC past contests,https://cemc.uwaterloo.ca/resources/past-contests,Gauss,https://cemc.uwaterloo.ca/resources/past-contests?contest_category=13,HTML paper/problem/practice,English/French,"Official problems, solutions, results, generators"
Canada,EM/DM,EM/DM,B,contest archive,Waterloo CEMC past contests,https://cemc.uwaterloo.ca/resources/past-contests,How Contests Work,https://cemc.uwaterloo.ca/contests/how-contests-work,HTML paper/problem/practice,English/French,"Official problems, solutions, results, generators"
Canada,EM/DM,EM/DM,B,contest archive,Waterloo CEMC past contests,https://cemc.uwaterloo.ca/resources/past-contests,Mathematics Contests,https://cemc.uwaterloo.ca/contests?field_format_value=All&exposed_month=All&subject_area=3,HTML paper/problem/practice,English/French,"Official problems, solutions, results, generators"
Canada,EM/DM,EM/DM,B,contest archive,Waterloo CEMC past contests,https://cemc.uwaterloo.ca/resources/past-contests,PCF,https://cemc.uwaterloo.ca/resources/past-contests?contest_category=14,HTML paper/problem/practice,English/French,"Official problems, solutions, results, generators"
Canada,EM/DM,EM/DM,B,contest archive,Waterloo CEMC past contests,https://cemc.uwaterloo.ca/resources/past-contests,Page 2,https://cemc.uwaterloo.ca/resources/past-contests?block_config_key=past_contest%3A1srMgUG8ZWnN5_Mx6CmP5HeP-aleHwL0jgxyVUuVYE4&page=1,HTML paper/problem/practice,English/French,"Official problems, solutions, results, generators"
Canada,EM/DM,EM/DM,B,contest archive,Waterloo CEMC past contests,https://cemc.uwaterloo.ca/resources/past-contests,Page 3,https://cemc.uwaterloo.ca/resources/past-contests?block_config_key=past_contest%3A1srMgUG8ZWnN5_Mx6CmP5HeP-aleHwL0jgxyVUuVYE4&page=2,HTML paper/problem/practice,English/French,"Official problems, solutions, results, generators"
Canada,EM/DM,EM/DM,B,contest archive,Waterloo CEMC past contests,https://cemc.uwaterloo.ca/resources/past-contests,"Pascal, Cayley, and Fermat",https://cemc.uwaterloo.ca/contests/pcf,HTML paper/problem/practice,English/French,"Official problems, solutions, results, generators"
Canada,EM/DM,EM/DM,B,contest archive,Waterloo CEMC past contests,https://cemc.uwaterloo.ca/resources/past-contests,Problem Set Generator,https://cemc.uwaterloo.ca/resources/problem-set-generator,HTML paper/problem/practice,English/French,"Official problems, solutions, results, generators"
Canada,EM/DM,EM/DM,B,contest archive,Waterloo CEMC past contests,https://cemc.uwaterloo.ca/resources/past-contests,Problem Set Generator,https://cemc.uwaterloo.ca/resources/psg,HTML paper/problem/practice,English/French,"Official problems, solutions, results, generators"
Canada,EM/DM,EM/DM,B,contest archive,Waterloo CEMC past contests,https://cemc.uwaterloo.ca/resources/past-contests,Problem of the Month,https://cemc.uwaterloo.ca/resources/potm,HTML paper/problem/practice,English/French,"Official problems, solutions, results, generators"
Canada,EM/DM,EM/DM,B,contest archive,Waterloo CEMC past contests,https://cemc.uwaterloo.ca/resources/past-contests,Problem of the Week,https://cemc.uwaterloo.ca/resources/potw,HTML paper/problem/practice,English/French,"Official problems, solutions, results, generators"
Canada,EM/DM,EM/DM,B,contest archive,Waterloo CEMC past contests,https://cemc.uwaterloo.ca/resources/past-contests,TUC,https://cemc.uwaterloo.ca/resources/past-contests?contest_category=27,HTML paper/problem/practice,English/French,"Official problems, solutions, results, generators"
Canada,EM/DM,EM/DM,A,contest archive,Waterloo CEMC past contests,https://cemc.uwaterloo.ca/resources/past-contests,Waterloo CEMC past contests — official gateway,https://cemc.uwaterloo.ca/resources/past-contests,Official gateway,English/French,"Official problems, solutions, results, generators"
Canada,EM/DM,EM/DM,A,contest archive,Waterloo CEMC past contests,https://cemc.uwaterloo.ca/resources/past-contests,picture_as_pdf Download download,https://cemc.uwaterloo.ca/sites/default/files/documents/2025/2025BCCContest7_8.pdf,PDF paper/problem,English/French,"Official problems, solutions, results, generators"
Canada,EM/DM,EM/DM,A,contest archive,Waterloo CEMC past contests,https://cemc.uwaterloo.ca/resources/past-contests,picture_as_pdf Download download,https://cemc.uwaterloo.ca/sites/default/files/documents/2025/2025BCCContestSolutions7_8.pdf,PDF solution/answer,English/French,"Official problems, solutions, results, generators"
Canada,EM/DM,EM/DM,A,contest archive,Waterloo CEMC past contests,https://cemc.uwaterloo.ca/resources/past-contests,picture_as_pdf Download download,https://cemc.uwaterloo.ca/sites/default/files/documents/2025/2025BCCResults.pdf,PDF resource,English/French,"Official problems, solutions, results, generators"
Canada,EM/DM,EM/DM,A,contest archive,Waterloo CEMC past contests,https://cemc.uwaterloo.ca/resources/past-contests,picture_as_pdf Download download,https://cemc.uwaterloo.ca/sites/default/files/documents/2025/2025BCCContest9_10.pdf,PDF paper/problem,English/French,"Official problems, solutions, results, generators"
Canada,EM/DM,EM/DM,A,contest archive,Waterloo CEMC past contests,https://cemc.uwaterloo.ca/resources/past-contests,picture_as_pdf Download download,https://cemc.uwaterloo.ca/sites/default/files/documents/2025/2025BCCContestSolutions9_10.pdf,PDF solution/answer,English/French,"Official problems, solutions, results, generators"
Canada,EM/DM,EM/DM,A,contest archive,Waterloo CEMC past contests,https://cemc.uwaterloo.ca/resources/past-contests,picture_as_pdf Download download,https://cemc.uwaterloo.ca/sites/default/files/documents/2025/2025BCCContest5_6.pdf,PDF paper/problem,English/French,"Official problems, solutions, results, generators"
Canada,EM/DM,EM/DM,A,contest archive,Waterloo CEMC past contests,https://cemc.uwaterloo.ca/resources/past-contests,picture_as_pdf Download download,https://cemc.uwaterloo.ca/sites/default/files/documents/2025/2025BCCContestSolutions5_6.pdf,PDF solution/answer,English/French,"Official problems, solutions, results, generators"
Canada,EM/DM,EM/DM,A,contest archive,Waterloo CEMC past contests,https://cemc.uwaterloo.ca/resources/past-contests,picture_as_pdf Download download,https://cemc.uwaterloo.ca/sites/default/files/documents/2024/2024BCCContest5_6.pdf,PDF paper/problem,English/French,"Official problems, solutions, results, generators"
Canada,EM/DM,EM/DM,A,contest archive,Waterloo CEMC past contests,https://cemc.uwaterloo.ca/resources/past-contests,picture_as_pdf Download download,https://cemc.uwaterloo.ca/sites/default/files/documents/2024/2024BCCContestSolutions5_6.pdf,PDF solution/answer,English/French,"Official problems, solutions, results, generators"
Canada,EM/DM,EM/DM,A,contest archive,Waterloo CEMC past contests,https://cemc.uwaterloo.ca/resources/past-contests,picture_as_pdf Download download,https://cemc.uwaterloo.ca/sites/default/files/documents/2024/2024BCCResults.pdf,PDF resource,English/French,"Official problems, solutions, results, generators"
Canada,EM/DM,EM/DM,A,contest archive,Waterloo CEMC past contests,https://cemc.uwaterloo.ca/resources/past-contests,picture_as_pdf Download download,https://cemc.uwaterloo.ca/sites/default/files/documents/2024/2024BCCContest7_8.pdf,PDF paper/problem,English/French,"Official problems, solutions, results, generators"
Canada,EM/DM,EM/DM,A,contest archive,Waterloo CEMC past contests,https://cemc.uwaterloo.ca/resources/past-contests,picture_as_pdf Download download,https://cemc.uwaterloo.ca/sites/default/files/documents/2024/2024BCCContestSolutions7_8.pdf,PDF solution/answer,English/French,"Official problems, solutions, results, generators"
Canada,EM/DM,EM/DM,A,contest archive,Waterloo CEMC past contests,https://cemc.uwaterloo.ca/resources/past-contests,picture_as_pdf Download download,https://cemc.uwaterloo.ca/sites/default/files/documents/2024/2024BCCContest9_10.pdf,PDF paper/problem,English/French,"Official problems, solutions, results, generators"
Canada,EM/DM,EM/DM,A,contest archive,Waterloo CEMC past contests,https://cemc.uwaterloo.ca/resources/past-contests,picture_as_pdf Download download,https://cemc.uwaterloo.ca/sites/default/files/documents/2025/2024BCCContestSolutions9_10.pdf,PDF solution/answer,English/French,"Official problems, solutions, results, generators"
Canada,EM/DM,EM/DM,A,contest archive,Waterloo CEMC past contests,https://cemc.uwaterloo.ca/resources/past-contests,picture_as_pdf Download download,https://cemc.uwaterloo.ca/sites/default/files/documents/2023/2023BCCContest7_8.pdf,PDF paper/problem,English/French,"Official problems, solutions, results, generators"
Canada,EM/DM,EM/DM,A,contest archive,Waterloo CEMC past contests,https://cemc.uwaterloo.ca/resources/past-contests,picture_as_pdf Download download,https://cemc.uwaterloo.ca/sites/default/files/documents/2023/2023BCCContestSolutions7_8.pdf,PDF solution/answer,English/French,"Official problems, solutions, results, generators"
Canada,EM/DM,EM/DM,A,contest archive,Waterloo CEMC past contests,https://cemc.uwaterloo.ca/resources/past-contests,picture_as_pdf Download download,https://cemc.uwaterloo.ca/sites/default/files/documents/2023/2023BCCResults.pdf,PDF resource,English/French,"Official problems, solutions, results, generators"
Canada,EM/DM,EM/DM,A,contest archive,Waterloo CEMC past contests,https://cemc.uwaterloo.ca/resources/past-contests,picture_as_pdf Download download,https://cemc.uwaterloo.ca/sites/default/files/documents/2023/2023BCCContest5_6.pdf,PDF paper/problem,English/French,"Official problems, solutions, results, generators"
Canada,EM/DM,EM/DM,A,contest archive,Waterloo CEMC past contests,https://cemc.uwaterloo.ca/resources/past-contests,picture_as_pdf Download download,https://cemc.uwaterloo.ca/sites/default/files/documents/2023/2023BCCContestSolutions5_6.pdf,PDF solution/answer,English/French,"Official problems, solutions, results, generators"
Canada,EM/DM,EM/DM,A,contest archive,Waterloo CEMC past contests,https://cemc.uwaterloo.ca/resources/past-contests,picture_as_pdf Download download,https://cemc.uwaterloo.ca/sites/default/files/documents/2023/2023BCCContest9_10.pdf,PDF paper/problem,English/French,"Official problems, solutions, results, generators"
Canada,EM/DM,EM/DM,A,contest archive,Waterloo CEMC past contests,https://cemc.uwaterloo.ca/resources/past-contests,picture_as_pdf Download download,https://cemc.uwaterloo.ca/sites/default/files/documents/2023/2023BCCContestSolutions9_10.pdf,PDF solution/answer,English/French,"Official problems, solutions, results, generators"
Canada,EM/DM,EM/DM,A,contest archive,Waterloo CEMC past contests,https://cemc.uwaterloo.ca/resources/past-contests,picture_as_pdf Download download,https://cemc.uwaterloo.ca/sites/default/files/documents/2022/2022BCCContest7_8.pdf,PDF paper/problem,English/French,"Official problems, solutions, results, generators"
Canada,EM/DM,EM/DM,A,contest archive,Waterloo CEMC past contests,https://cemc.uwaterloo.ca/resources/past-contests,picture_as_pdf Download download,https://cemc.uwaterloo.ca/sites/default/files/documents/2022/2022BCCContestSolutions7_8.pdf,PDF solution/answer,English/French,"Official problems, solutions, results, generators"
Canada,EM/DM,EM/DM,A,contest archive,Waterloo CEMC past contests,https://cemc.uwaterloo.ca/resources/past-contests,picture_as_pdf Download download,https://cemc.uwaterloo.ca/sites/default/files/documents/2022/2022BCCResults.pdf,PDF resource,English/French,"Official problems, solutions, results, generators"
Canada,EM/DM,EM/DM,B,contest archive,Waterloo CEMC past contests,https://cemc.uwaterloo.ca/resources/past-contests,preview View Contest arrow_forward,https://cemc.uwaterloo.ca/sites/default/files/documents/2026/2025BCCContest7_8.html,HTML paper/problem/practice,English/French,"Official problems, solutions, results, generators"
Canada,EM/DM,EM/DM,B,contest archive,Waterloo CEMC past contests,https://cemc.uwaterloo.ca/resources/past-contests,preview View Contest arrow_forward,https://cemc.uwaterloo.ca/sites/default/files/documents/2026/2025BCCContest9_10.html,HTML paper/problem/practice,English/French,"Official problems, solutions, results, generators"
Canada,EM/DM,EM/DM,B,contest archive,Waterloo CEMC past contests,https://cemc.uwaterloo.ca/resources/past-contests,preview View Contest arrow_forward,https://cemc.uwaterloo.ca/sites/default/files/documents/2026/2025BCCContest5_6.html,HTML paper/problem/practice,English/French,"Official problems, solutions, results, generators"
Canada,EM/DM,EM/DM,B,contest archive,Waterloo CEMC past contests,https://cemc.uwaterloo.ca/resources/past-contests,preview View Contest arrow_forward,https://cemc.uwaterloo.ca/sites/default/files/documents/2025/2024BCCContest5_6.html,HTML paper/problem/practice,English/French,"Official problems, solutions, results, generators"
Canada,EM/DM,EM/DM,B,contest archive,Waterloo CEMC past contests,https://cemc.uwaterloo.ca/resources/past-contests,preview View Contest arrow_forward,https://cemc.uwaterloo.ca/sites/default/files/documents/2025/2024BCCContest7_8.html,HTML paper/problem/practice,English/French,"Official problems, solutions, results, generators"
Canada,EM/DM,EM/DM,B,contest archive,Waterloo CEMC past contests,https://cemc.uwaterloo.ca/resources/past-contests,preview View Contest arrow_forward,https://cemc.uwaterloo.ca/sites/default/files/documents/2025/2024BCCContest9_10.html,HTML paper/problem/practice,English/French,"Official problems, solutions, results, generators"
Canada,EM/DM,EM/DM,B,contest archive,Waterloo CEMC past contests,https://cemc.uwaterloo.ca/resources/past-contests,preview View Contest arrow_forward,https://cemc.uwaterloo.ca/sites/default/files/documents/2024/2023BCCContest7_8.html,HTML paper/problem/practice,English/French,"Official problems, solutions, results, generators"
Canada,EM/DM,EM/DM,B,contest archive,Waterloo CEMC past contests,https://cemc.uwaterloo.ca/resources/past-contests,preview View Contest arrow_forward,https://cemc.uwaterloo.ca/sites/default/files/documents/2024/2023BCCContest5_6.html,HTML paper/problem/practice,English/French,"Official problems, solutions, results, generators"
Canada,EM/DM,EM/DM,B,contest archive,Waterloo CEMC past contests,https://cemc.uwaterloo.ca/resources/past-contests,preview View Contest arrow_forward,https://cemc.uwaterloo.ca/sites/default/files/documents/2024/2023BCCContest9_10.html,HTML paper/problem/practice,English/French,"Official problems, solutions, results, generators"
Canada,EM/DM,EM/DM,B,contest archive,Waterloo CEMC past contests,https://cemc.uwaterloo.ca/resources/past-contests,preview View Contest arrow_forward,https://cemc.uwaterloo.ca/sites/default/files/documents/2024/2022BCCContest7_8.html,HTML paper/problem/practice,English/French,"Official problems, solutions, results, generators"
Canada,EM/DM,EM/DM,B,contest archive,Waterloo CEMC past contests,https://cemc.uwaterloo.ca/resources/past-contests,preview View Solution arrow_forward,https://cemc.uwaterloo.ca/sites/default/files/documents/2026/2025BCCContestSolutions7_8.html,HTML solution/answer,English/French,"Official problems, solutions, results, generators"
Canada,EM/DM,EM/DM,B,contest archive,Waterloo CEMC past contests,https://cemc.uwaterloo.ca/resources/past-contests,preview View Solution arrow_forward,https://cemc.uwaterloo.ca/sites/default/files/documents/2026/2025BCCContestSolutions9_10.html,HTML solution/answer,English/French,"Official problems, solutions, results, generators"
Canada,EM/DM,EM/DM,B,contest archive,Waterloo CEMC past contests,https://cemc.uwaterloo.ca/resources/past-contests,preview View Solution arrow_forward,https://cemc.uwaterloo.ca/sites/default/files/documents/2026/2025BCCContestSolutions5_6.html,HTML solution/answer,English/French,"Official problems, solutions, results, generators"
Canada,EM/DM,EM/DM,B,contest archive,Waterloo CEMC past contests,https://cemc.uwaterloo.ca/resources/past-contests,preview View Solution arrow_forward,https://cemc.uwaterloo.ca/sites/default/files/documents/2025/2024BCCContestSolutions5_6.html,HTML solution/answer,English/French,"Official problems, solutions, results, generators"
Canada,EM/DM,EM/DM,B,contest archive,Waterloo CEMC past contests,https://cemc.uwaterloo.ca/resources/past-contests,preview View Solution arrow_forward,https://cemc.uwaterloo.ca/sites/default/files/documents/2025/2024BCCContestSolutions7_8.html,HTML solution/answer,English/French,"Official problems, solutions, results, generators"
Canada,EM/DM,EM/DM,B,contest archive,Waterloo CEMC past contests,https://cemc.uwaterloo.ca/resources/past-contests,preview View Solution arrow_forward,https://cemc.uwaterloo.ca/sites/default/files/documents/2025/2024BCCContestSolutions9_10.html,HTML solution/answer,English/French,"Official problems, solutions, results, generators"
Canada,EM/DM,EM/DM,B,contest archive,Waterloo CEMC past contests,https://cemc.uwaterloo.ca/resources/past-contests,preview View Solution arrow_forward,https://cemc.uwaterloo.ca/sites/default/files/documents/2024/2023BCCContestSolutions7_8.html,HTML solution/answer,English/French,"Official problems, solutions, results, generators"
Canada,EM/DM,EM/DM,B,contest archive,Waterloo CEMC past contests,https://cemc.uwaterloo.ca/resources/past-contests,preview View Solution arrow_forward,https://cemc.uwaterloo.ca/sites/default/files/documents/2024/2023BCCContestSolutions5_6.html,HTML solution/answer,English/French,"Official problems, solutions, results, generators"
Canada,EM/DM,EM/DM,B,contest archive,Waterloo CEMC past contests,https://cemc.uwaterloo.ca/resources/past-contests,preview View Solution arrow_forward,https://cemc.uwaterloo.ca/sites/default/files/documents/2024/2023BCCContestSolutions9_10.html,HTML solution/answer,English/French,"Official problems, solutions, results, generators"
Canada,EM/DM,EM/DM,B,contest archive,Waterloo CEMC past contests,https://cemc.uwaterloo.ca/resources/past-contests,preview View Solution arrow_forward,https://cemc.uwaterloo.ca/sites/default/files/documents/2024/2022BCCContestSolutions7_8.html,HTML solution/answer,English/French,"Official problems, solutions, results, generators"
China,DM,DM,A,contest organizer,Chinese National Olympiad in Informatics candidate,https://www.noi.cn/,Chinese National Olympiad in Informatics candidate — official gateway,https://www.noi.cn/,Official gateway,Chinese,Primary-source candidate; page was not extractable in this pass
China,DM,DM,B,contest organizer,Chinese National Olympiad in Informatics candidate,https://www.noi.cn/,NOIæ¥å,https://cspsjtest.noi.cn/,HTML paper/problem/practice,Chinese,Primary-source candidate; page was not extractable in this pass
France,EM/DM,EM/DM,A,national examination,Eduscol baccalaureate annals,https://eduscol.education.gouv.fr/5199/annales-des-epreuves-du-baccalaureat-des-voies-generale-et-technologique,Eduscol baccalaureate annals — official gateway,https://eduscol.education.gouv.fr/5199/annales-des-epreuves-du-baccalaureat-des-voies-generale-et-technologique,Official gateway,French,Official subject-filtered annals for sessions 2021–2026
France,EM/DM,EM/DM,B,contest archive,POFM/Animath resources,https://maths-olympiques.fr/,Archives,https://maths-olympiques.fr/?page_id=41,HTML source/link,French,"Official preparation, tests, stages, contests, archives"
France,EM/DM,EM/DM,B,contest archive,POFM/Animath resources,https://maths-olympiques.fr/,Envois et tests,https://maths-olympiques.fr/?cat=4,HTML paper/problem/practice,French,"Official preparation, tests, stages, contests, archives"
France,EM/DM,EM/DM,A,contest archive,POFM/Animath resources,https://maths-olympiques.fr/,POFM/Animath resources — official gateway,https://maths-olympiques.fr/,Official gateway,French,"Official preparation, tests, stages, contests, archives"
France,EM/DM,EM/DM,B,contest archive,POFM/Animath resources,https://maths-olympiques.fr/,Résultats du test du 13 mai et sélection IMO et JBMO,https://maths-olympiques.fr/?p=21139,HTML paper/problem/practice,French,"Official preparation, tests, stages, contests, archives"
France,EM/DM,EM/DM,B,contest archive,POFM/Animath resources,https://maths-olympiques.fr/,Tests passés,https://maths-olympiques.fr/?page_id=479,HTML paper/problem/practice,French,"Official preparation, tests, stages, contests, archives"
France,EM/DM,EM/DM,B,contest archive,POFM/Animath resources,https://maths-olympiques.fr/,archives,http://maths-olympiques.fr/?page_id=41,HTML source/link,French,"Official preparation, tests, stages, contests, archives"
Germany,DM,DM,B,contest archive,BWINF task collection,https://bwinf.de/bundeswettbewerb/aufgaben/,Archiv,https://bwinf.de/olympiade/vergangene-olympiaden/,HTML source/link,German,Official tasks and solution hints across editions
Germany,DM,DM,B,contest archive,BWINF task collection,https://bwinf.de/bundeswettbewerb/aufgaben/,Aufgaben,https://bwinf.de/informatik-biber/aufgaben/,HTML paper/problem/practice,German,Official tasks and solution hints across editions
Germany,DM,DM,B,contest archive,BWINF task collection,https://bwinf.de/bundeswettbewerb/aufgaben/,Aufgaben,https://bwinf.de/jugendwettbewerb/aufgaben/,HTML paper/problem/practice,German,Official tasks and solution hints across editions
Germany,DM,DM,B,contest archive,BWINF task collection,https://bwinf.de/bundeswettbewerb/aufgaben/,Aufgaben,https://bwinf.de/olympiade/aufgaben/,HTML paper/problem/practice,German,Official tasks and solution hints across editions
Germany,DM,DM,A,contest archive,BWINF task collection,https://bwinf.de/bundeswettbewerb/aufgaben/,Aufgaben,https://bwinf.de/fileadmin/wettbewerbe/bundeswettbewerb/41/1_runde/Bundeswettbewerb_41_Aufgabenblatt_WEB.pdf,PDF paper/problem,German,Official tasks and solution hints across editions
Germany,DM,DM,A,contest archive,BWINF task collection,https://bwinf.de/bundeswettbewerb/aufgaben/,Aufgaben,https://bwinf.de/fileadmin/wettbewerbe/bundeswettbewerb/40/1_runde/Bundeswettbewerb-Aufgabenblatt.pdf,PDF paper/problem,German,Official tasks and solution hints across editions
Germany,DM,DM,A,contest archive,BWINF task collection,https://bwinf.de/bundeswettbewerb/aufgaben/,Aufgaben,https://bwinf.de/fileadmin/wettbewerbe/bundeswettbewerb/39/1_runde/Bundeswettbewerb-Aufgabenblatt.pdf,PDF paper/problem,German,Official tasks and solution hints across editions
Germany,DM,DM,A,contest archive,BWINF task collection,https://bwinf.de/bundeswettbewerb/aufgaben/,Aufgaben,https://bwinf.de/fileadmin/wettbewerbe/bundeswettbewerb/38/1_runde/BwInf38-Aufgabenblatt.pdf,PDF paper/problem,German,Official tasks and solution hints across editions
Germany,DM,DM,A,contest archive,BWINF task collection,https://bwinf.de/bundeswettbewerb/aufgaben/,Aufgaben (Original),https://bwinf.de/fileadmin/wettbewerbe/bundeswettbewerb/37/1_runde/BWINF_37_Aufgaben_WEB.pdf,PDF paper/problem,German,Official tasks and solution hints across editions
Germany,DM,DM,A,contest archive,BWINF task collection,https://bwinf.de/bundeswettbewerb/aufgaben/,Aufgaben (Original),https://bwinf.de/fileadmin/wettbewerbe/bundeswettbewerb/36/1_runde/BWINF_36_Aufgaben_WEB.pdf,PDF paper/problem,German,Official tasks and solution hints across editions
Germany,DM,DM,A,contest archive,BWINF task collection,https://bwinf.de/bundeswettbewerb/aufgaben/,Aufgaben (Original),https://bwinf.de/fileadmin/wettbewerbe/bundeswettbewerb/35/1_runde/BWINF_35_Aufgaben_WEB.pdf,PDF paper/problem,German,Official tasks and solution hints across editions
Germany,DM,DM,A,contest archive,BWINF task collection,https://bwinf.de/bundeswettbewerb/aufgaben/,Aufgaben (Original),https://bwinf.de/fileadmin/wettbewerbe/bundeswettbewerb/34/1_runde/34_Aufgaben.pdf,PDF paper/problem,German,Official tasks and solution hints across editions
Germany,DM,DM,A,contest archive,BWINF task collection,https://bwinf.de/bundeswettbewerb/aufgaben/,Aufgaben (Original),https://bwinf.de/fileadmin/wettbewerbe/bundeswettbewerb/33/1_runde/Aufgabenblatt331_Aufgaben.pdf,PDF paper/problem,German,Official tasks and solution hints across editions
Germany,DM,DM,A,contest archive,BWINF task collection,https://bwinf.de/bundeswettbewerb/aufgaben/,Aufgaben (Original),https://bwinf.de/fileadmin/wettbewerbe/bundeswettbewerb/32/1_runde/Aufgabenblatt321_Aufgaben.pdf,PDF paper/problem,German,Official tasks and solution hints across editions
Germany,DM,DM,A,contest archive,BWINF task collection,https://bwinf.de/bundeswettbewerb/aufgaben/,Aufgaben (Original),https://bwinf.de/fileadmin/wettbewerbe/bundeswettbewerb/31/1_runde/Aufgabenblatt311_Aufgaben.pdf,PDF paper/problem,German,Official tasks and solution hints across editions
Germany,DM,DM,A,contest archive,BWINF task collection,https://bwinf.de/bundeswettbewerb/aufgaben/,Aufgaben Endrunde,https://bwinf.de/fileadmin/wettbewerbe/bundeswettbewerb/34/aufgaben343.pdf,PDF paper/problem,German,Official tasks and solution hints across editions
Germany,DM,DM,A,contest archive,BWINF task collection,https://bwinf.de/bundeswettbewerb/aufgaben/,Aufgabenblatt 1. Runde,https://bwinf.de/fileadmin/wettbewerbe/bundeswettbewerb/43/1_runde/Aufgaben431.pdf,PDF paper/problem,German,Official tasks and solution hints across editions
Germany,DM,DM,A,contest archive,BWINF task collection,https://bwinf.de/bundeswettbewerb/aufgaben/,Aufgabenblatt 1. Runde,https://bwinf.de/fileadmin/wettbewerbe/bundeswettbewerb/42/1_runde/BwInf_42_Aufgaben_WEB.pdf,PDF paper/problem,German,Official tasks and solution hints across editions
Germany,DM,DM,A,contest archive,BWINF task collection,https://bwinf.de/bundeswettbewerb/aufgaben/,Aufgabenblatt 1. Runde (PDF),https://bwinf.de/fileadmin/wettbewerbe/bundeswettbewerb/44/1_Runde/Aufgaben441.pdf,PDF paper/problem,German,Official tasks and solution hints across editions
Germany,DM,DM,A,contest archive,BWINF task collection,https://bwinf.de/bundeswettbewerb/aufgaben/,"Aufgabenblatt 1. Runde: ""Mantelbogen"" mit allgemeinen Infos (Original)",https://bwinf.de/fileadmin/wettbewerbe/bundeswettbewerb/40/1_runde/Bundeswettbewerb40-Mantel.pdf,PDF paper/problem,German,Official tasks and solution hints across editions
Germany,DM,DM,A,contest archive,BWINF task collection,https://bwinf.de/bundeswettbewerb/aufgaben/,"Aufgabenblatt 1. Runde: ""Mantelbogen"" mit allgemeinen Infos (Original)",https://bwinf.de/fileadmin/wettbewerbe/bundeswettbewerb/39/1_runde/Bundeswettbewerb39-Mantel.pdf,PDF paper/problem,German,Official tasks and solution hints across editions
Germany,DM,DM,A,contest archive,BWINF task collection,https://bwinf.de/bundeswettbewerb/aufgaben/,"Aufgabenblatt 1. Runde: ""Mantelbogen"" mit allgemeinen Infos (Original)",https://bwinf.de/fileadmin/wettbewerbe/bundeswettbewerb/38/1_runde/BwInf38-Mantel.pdf,PDF paper/problem,German,Official tasks and solution hints across editions
Germany,DM,DM,A,contest archive,BWINF task collection,https://bwinf.de/bundeswettbewerb/aufgaben/,"Aufgabenblatt 1. Runde: ""Mantelbogen"" mit allgemeinen Infos (Original)",https://bwinf.de/fileadmin/wettbewerbe/bundeswettbewerb/37/1_runde/BWINF_37_Mantel_2018_WEB.pdf,PDF paper/problem,German,Official tasks and solution hints across editions
Germany,DM,DM,A,contest archive,BWINF task collection,https://bwinf.de/bundeswettbewerb/aufgaben/,"Aufgabenblatt 1. Runde: ""Mantelbogen"" mit allgemeinen Infos (Original)",https://bwinf.de/fileadmin/wettbewerbe/bundeswettbewerb/36/1_runde/BwInf_36_Mantel_WEB.pdf,PDF paper/problem,German,Official tasks and solution hints across editions
Germany,DM,DM,A,contest archive,BWINF task collection,https://bwinf.de/bundeswettbewerb/aufgaben/,"Aufgabenblatt 1. Runde: ""Mantelbogen"" mit allgemeinen Infos (Original)",https://bwinf.de/fileadmin/wettbewerbe/bundeswettbewerb/35/1_runde/BWINF_35_Mantel_WEB.pdf,PDF paper/problem,German,Official tasks and solution hints across editions
Germany,DM,DM,A,contest archive,BWINF task collection,https://bwinf.de/bundeswettbewerb/aufgaben/,"Aufgabenblatt 1. Runde: ""Mantelbogen"" mit allgemeinen Infos (Original)",https://bwinf.de/fileadmin/wettbewerbe/bundeswettbewerb/34/1_runde/34_Mantel.pdf,PDF paper/problem,German,Official tasks and solution hints across editions
Germany,DM,DM,A,contest archive,BWINF task collection,https://bwinf.de/bundeswettbewerb/aufgaben/,"Aufgabenblatt 1. Runde: ""Mantelbogen"" mit allgemeinen Infos (Original)",https://bwinf.de/fileadmin/wettbewerbe/bundeswettbewerb/33/1_runde/Aufgabenblatt331_Mantel.pdf,PDF paper/problem,German,Official tasks and solution hints across editions
Germany,DM,DM,A,contest archive,BWINF task collection,https://bwinf.de/bundeswettbewerb/aufgaben/,"Aufgabenblatt 1. Runde: ""Mantelbogen"" mit allgemeinen Infos (Original)",https://bwinf.de/fileadmin/wettbewerbe/bundeswettbewerb/32/1_runde/Aufgabenblatt321_Mantel.pdf,PDF paper/problem,German,Official tasks and solution hints across editions
Germany,DM,DM,A,contest archive,BWINF task collection,https://bwinf.de/bundeswettbewerb/aufgaben/,"Aufgabenblatt 1. Runde: ""Mantelbogen"" mit allgemeinen Infos (Original)",https://bwinf.de/fileadmin/wettbewerbe/bundeswettbewerb/31/1_runde/Aufgabenblatt311_Mantel.pdf,PDF paper/problem,German,Official tasks and solution hints across editions
Germany,DM,DM,A,contest archive,BWINF task collection,https://bwinf.de/bundeswettbewerb/aufgaben/,Aufgabenblatt 1. Runde: Aufgaben (Original),https://bwinf.de/fileadmin/wettbewerbe/bundeswettbewerb/30/1_runde/Aufgabenblatt301.pdf,PDF paper/problem,German,Official tasks and solution hints across editions
Germany,DM,DM,A,contest archive,BWINF task collection,https://bwinf.de/bundeswettbewerb/aufgaben/,Aufgabenblatt 2. Runde,https://bwinf.de/fileadmin/wettbewerbe/bundeswettbewerb/43/2_runde/Aufgaben432.pdf,PDF paper/problem,German,Official tasks and solution hints across editions
Germany,DM,DM,A,contest archive,BWINF task collection,https://bwinf.de/bundeswettbewerb/aufgaben/,Aufgabenblatt 2. Runde,https://bwinf.de/fileadmin/wettbewerbe/bundeswettbewerb/42/2_runde/aufgaben422.pdf,PDF paper/problem,German,Official tasks and solution hints across editions
Germany,DM,DM,A,contest archive,BWINF task collection,https://bwinf.de/bundeswettbewerb/aufgaben/,Aufgabenblatt 2. Runde,https://bwinf.de/fileadmin/wettbewerbe/bundeswettbewerb/41/2_runde/aufgaben412.pdf,PDF paper/problem,German,Official tasks and solution hints across editions
Germany,DM,DM,A,contest archive,BWINF task collection,https://bwinf.de/bundeswettbewerb/aufgaben/,Aufgabenblatt 2. Runde,https://bwinf.de/fileadmin/wettbewerbe/bundeswettbewerb/40/2_runde/aufgaben402.pdf,PDF paper/problem,German,Official tasks and solution hints across editions
Germany,DM,DM,A,contest archive,BWINF task collection,https://bwinf.de/bundeswettbewerb/aufgaben/,Aufgabenblatt 2. Runde,https://bwinf.de/fileadmin/wettbewerbe/bundeswettbewerb/39/2_runde/aufgaben392.pdf,PDF paper/problem,German,Official tasks and solution hints across editions
Germany,DM,DM,A,contest archive,BWINF task collection,https://bwinf.de/bundeswettbewerb/aufgaben/,Aufgabenblatt 2. Runde,https://bwinf.de/fileadmin/wettbewerbe/bundeswettbewerb/38/2_runde/aufgaben382.pdf,PDF paper/problem,German,Official tasks and solution hints across editions
Germany,DM,DM,A,contest archive,BWINF task collection,https://bwinf.de/bundeswettbewerb/aufgaben/,Aufgabenblatt 2. Runde,https://bwinf.de/fileadmin/wettbewerbe/bundeswettbewerb/37/2_runde/aufgaben372.pdf,PDF paper/problem,German,Official tasks and solution hints across editions
Germany,DM,DM,A,contest archive,BWINF task collection,https://bwinf.de/bundeswettbewerb/aufgaben/,Aufgabenblatt 2. Runde,https://bwinf.de/fileadmin/wettbewerbe/bundeswettbewerb/36/2_runde/aufgaben362.pdf,PDF paper/problem,German,Official tasks and solution hints across editions
Germany,DM,DM,A,contest archive,BWINF task collection,https://bwinf.de/bundeswettbewerb/aufgaben/,Aufgabenblatt 2. Runde,https://bwinf.de/fileadmin/wettbewerbe/bundeswettbewerb/35/2_runde/aufgaben352.pdf,PDF paper/problem,German,Official tasks and solution hints across editions
Germany,DM,DM,A,contest archive,BWINF task collection,https://bwinf.de/bundeswettbewerb/aufgaben/,Aufgabenblatt 2. Runde,https://bwinf.de/fileadmin/wettbewerbe/bundeswettbewerb/34/2_runde/aufgaben342.pdf,PDF paper/problem,German,Official tasks and solution hints across editions
Germany,DM,DM,A,contest archive,BWINF task collection,https://bwinf.de/bundeswettbewerb/aufgaben/,Aufgabenblatt 2. Runde,https://bwinf.de/fileadmin/wettbewerbe/bundeswettbewerb/33/2_runde/aufgaben332.pdf,PDF paper/problem,German,Official tasks and solution hints across editions
Germany,DM,DM,A,contest archive,BWINF task collection,https://bwinf.de/bundeswettbewerb/aufgaben/,Aufgabenblatt 2. Runde,https://bwinf.de/fileadmin/wettbewerbe/bundeswettbewerb/32/2_runde/aufgaben322.pdf,PDF paper/problem,German,Official tasks and solution hints across editions
Germany,DM,DM,A,contest archive,BWINF task collection,https://bwinf.de/bundeswettbewerb/aufgaben/,Aufgabenblatt 2. Runde,https://bwinf.de/fileadmin/wettbewerbe/bundeswettbewerb/31/2_runde/aufgaben312.pdf,PDF paper/problem,German,Official tasks and solution hints across editions
Germany,DM,DM,A,contest archive,BWINF task collection,https://bwinf.de/bundeswettbewerb/aufgaben/,Aufgabenblatt 2. Runde,https://bwinf.de/fileadmin/wettbewerbe/bundeswettbewerb/30/2_runde/aufgaben302.pdf,PDF paper/problem,German,Official tasks and solution hints across editions
Germany,DM,DM,A,contest archive,BWINF task collection,https://bwinf.de/bundeswettbewerb/aufgaben/,Aufgabenblatt 2. Runde (PDF),https://bwinf.de/fileadmin/wettbewerbe/bundeswettbewerb/44/2_Runde/Aufgaben442.pdf,PDF paper/problem,German,Official tasks and solution hints across editions
Germany,DM,DM,A,contest archive,BWINF task collection,https://bwinf.de/bundeswettbewerb/aufgaben/,BWINF task collection — official gateway,https://bwinf.de/bundeswettbewerb/aufgaben/,Official gateway,German,Official tasks and solution hints across editions
Germany,DM,DM,A,contest archive,BWINF task collection,https://bwinf.de/bundeswettbewerb/aufgaben/,"Beispiellösung ""Buffet-Lotterie"" vom 34. Bundeswettbewerb",https://bwinf.de/fileadmin/wettbewerbe/bundeswettbewerb/34/1_runde/34_Beispielloesung.pdf,PDF solution/answer,German,Official tasks and solution hints across editions
Germany,DM,DM,A,contest archive,BWINF task collection,https://bwinf.de/bundeswettbewerb/aufgaben/,"Beispiellösung ""Der Geschäftsführer und sein Handy"" vom 19. Bundeswettbewerb",https://bwinf.de/fileadmin/wettbewerbe/bundeswettbewerb/19/Beispielloesung_19.pdf,PDF solution/answer,German,Official tasks and solution hints across editions
Germany,DM,DM,A,contest archive,BWINF task collection,https://bwinf.de/bundeswettbewerb/aufgaben/,"Beispiellösung ""Flaschenzug"" vom 35. Bundeswettbewerb",https://bwinf.de/fileadmin/wettbewerbe/bundeswettbewerb/35/1_runde/BWINF_35_Beispielloesung_WEB.pdf,PDF solution/answer,German,Official tasks and solution hints across editions
Germany,DM,DM,A,contest archive,BWINF task collection,https://bwinf.de/bundeswettbewerb/aufgaben/,"Beispiellösung ""Graf Rüdeger"" vom 22. Bundeswettbewerb",https://bwinf.de/fileadmin/wettbewerbe/bundeswettbewerb/22/Beispielloesung_22.pdf,PDF solution/answer,German,Official tasks and solution hints across editions
Germany,DM,DM,A,contest archive,BWINF task collection,https://bwinf.de/bundeswettbewerb/aufgaben/,"Beispiellösung ""Raff"" vom 23. Bundeswettbewerb",https://bwinf.de/fileadmin/wettbewerbe/bundeswettbewerb/23/Beispielloesung_23.pdf,PDF solution/answer,German,Official tasks and solution hints across editions
Germany,DM,DM,A,contest archive,BWINF task collection,https://bwinf.de/bundeswettbewerb/aufgaben/,"Beispiellösung ""Rechteckschoner"" vom 31. Bundeswettbewerb",https://bwinf.de/fileadmin/wettbewerbe/bundeswettbewerb/31/1_runde/Beispiell%C3%B6sung_31.pdf,PDF resource,German,Official tasks and solution hints across editions
Germany,DM,DM,A,contest archive,BWINF task collection,https://bwinf.de/bundeswettbewerb/aufgaben/,"Beispiellösung ""Rhinozelfant"" vom 36. Bundeswettbewerb",https://bwinf.de/fileadmin/wettbewerbe/bundeswettbewerb/36/1_runde/BwInf_36_Beispielloesung_WEB.pdf,PDF solution/answer,German,Official tasks and solution hints across editions
Germany,DM,DM,A,contest archive,BWINF task collection,https://bwinf.de/bundeswettbewerb/aufgaben/,"Beispiellösung ""Ribo-Natter"" vom 21. Bundeswettbewerb",https://bwinf.de/fileadmin/wettbewerbe/bundeswettbewerb/21/Beispielloesung_21.pdf,PDF solution/answer,German,Official tasks and solution hints across editions
Germany,DM,DM,A,contest archive,BWINF task collection,https://bwinf.de/bundeswettbewerb/aufgaben/,"Beispiellösung ""Skyline"" vom 32. Bundeswettbewerb",https://bwinf.de/fileadmin/wettbewerbe/bundeswettbewerb/32/1_runde/Aufgabenblatt321_Beispielloesung.pdf,PDF solution/answer,German,Official tasks and solution hints across editions
Germany,DM,DM,A,contest archive,BWINF task collection,https://bwinf.de/bundeswettbewerb/aufgaben/,"Beispiellösung ""Songwriter"" vom 33. Bundeswettbewerb",https://bwinf.de/fileadmin/wettbewerbe/bundeswettbewerb/33/1_runde/Aufgabenblatt331_Beispielloesung.pdf,PDF solution/answer,German,Official tasks and solution hints across editions
Germany,DM,DM,A,contest archive,BWINF task collection,https://bwinf.de/bundeswettbewerb/aufgaben/,"Beispiellösung ""tratsCH trATsch"" vom 24. Bundeswettbewerb",https://bwinf.de/fileadmin/wettbewerbe/bundeswettbewerb/24/Beispielloesung_24.pdf,PDF solution/answer,German,Official tasks and solution hints across editions
Germany,DM,DM,B,contest archive,BWINF task collection,https://bwinf.de/bundeswettbewerb/aufgaben/,Bibertests,https://bwinf.de/biber/bibertests/,HTML paper/problem/practice,German,Official tasks and solution hints across editions
Germany,DM,DM,B,contest archive,BWINF task collection,https://bwinf.de/bundeswettbewerb/aufgaben/,EGOI - European Girls' Olympiad in Informatics,https://bwinf.de/girls/egoi/,HTML source/link,German,Official tasks and solution hints across editions
Germany,DM,DM,B,contest archive,BWINF task collection,https://bwinf.de/bundeswettbewerb/aufgaben/,Informatik-Olympiade,https://bwinf.de/olympiade/,HTML source/link,German,Official tasks and solution hints across editions
Germany,DM,DM,A,contest archive,BWINF task collection,https://bwinf.de/bundeswettbewerb/aufgaben/,Lösungshinweise 1. Runde,https://bwinf.de/fileadmin/wettbewerbe/bundeswettbewerb/44/1_Runde/Loesungshinweise441.pdf,PDF solution/answer,German,Official tasks and solution hints across editions
Germany,DM,DM,A,contest archive,BWINF task collection,https://bwinf.de/bundeswettbewerb/aufgaben/,Lösungshinweise 1. Runde,https://bwinf.de/fileadmin/wettbewerbe/bundeswettbewerb/43/1_runde/Loesungshinweise431.pdf,PDF solution/answer,German,Official tasks and solution hints across editions
Germany,DM,DM,A,contest archive,BWINF task collection,https://bwinf.de/bundeswettbewerb/aufgaben/,Lösungshinweise 1. Runde,https://bwinf.de/fileadmin/wettbewerbe/bundeswettbewerb/42/1_runde/Loesungshinweise421.pdf,PDF solution/answer,German,Official tasks and solution hints across editions
Germany,DM,DM,A,contest archive,BWINF task collection,https://bwinf.de/bundeswettbewerb/aufgaben/,Lösungshinweise 1. Runde,https://bwinf.de/fileadmin/wettbewerbe/bundeswettbewerb/41/1_runde/Loesungshinweise411.pdf,PDF solution/answer,German,Official tasks and solution hints across editions
Germany,DM,DM,A,contest archive,BWINF task collection,https://bwinf.de/bundeswettbewerb/aufgaben/,Lösungshinweise 1. Runde,https://bwinf.de/fileadmin/wettbewerbe/bundeswettbewerb/40/1_runde/loesungshinweise401.pdf,PDF solution/answer,German,Official tasks and solution hints across editions
Germany,DM,DM,A,contest archive,BWINF task collection,https://bwinf.de/bundeswettbewerb/aufgaben/,Lösungshinweise 1. Runde,https://bwinf.de/fileadmin/wettbewerbe/bundeswettbewerb/39/1_runde/loesungshinweise391.pdf,PDF solution/answer,German,Official tasks and solution hints across editions
Germany,DM,DM,A,contest archive,BWINF task collection,https://bwinf.de/bundeswettbewerb/aufgaben/,Lösungshinweise 1. Runde,https://bwinf.de/fileadmin/wettbewerbe/bundeswettbewerb/38/1_runde/loesungshinweise381.pdf,PDF solution/answer,German,Official tasks and solution hints across editions
Germany,DM,DM,A,contest archive,BWINF task collection,https://bwinf.de/bundeswettbewerb/aufgaben/,Lösungshinweise 1. Runde,https://bwinf.de/fileadmin/wettbewerbe/bundeswettbewerb/37/1_runde/loesungshinweise371.pdf,PDF solution/answer,German,Official tasks and solution hints across editions
Germany,DM,DM,A,contest archive,BWINF task collection,https://bwinf.de/bundeswettbewerb/aufgaben/,Lösungshinweise 1. Runde,https://bwinf.de/fileadmin/wettbewerbe/bundeswettbewerb/36/1_runde/loesungshinweise361_2217_.pdf,PDF solution/answer,German,Official tasks and solution hints across editions
Germany,DM,DM,A,contest archive,BWINF task collection,https://bwinf.de/bundeswettbewerb/aufgaben/,Lösungshinweise 1. Runde,https://bwinf.de/fileadmin/wettbewerbe/bundeswettbewerb/35/1_runde/loesungshinweise351.pdf,PDF solution/answer,German,Official tasks and solution hints across editions
Germany,DM,DM,A,contest archive,BWINF task collection,https://bwinf.de/bundeswettbewerb/aufgaben/,Lösungshinweise 1. Runde,https://bwinf.de/fileadmin/wettbewerbe/bundeswettbewerb/34/1_runde/loesungshinweise341.pdf,PDF solution/answer,German,Official tasks and solution hints across editions
Germany,DM,DM,A,contest archive,BWINF task collection,https://bwinf.de/bundeswettbewerb/aufgaben/,Lösungshinweise 1. Runde,https://bwinf.de/fileadmin/wettbewerbe/bundeswettbewerb/33/1_runde/loesungshinweise331.pdf,PDF solution/answer,German,Official tasks and solution hints across editions
Germany,DM,DM,A,contest archive,BWINF task collection,https://bwinf.de/bundeswettbewerb/aufgaben/,Lösungshinweise 1. Runde,https://bwinf.de/fileadmin/wettbewerbe/bundeswettbewerb/32/1_runde/loesungshinweise321.pdf,PDF solution/answer,German,Official tasks and solution hints across editions
Germany,DM,DM,A,contest archive,BWINF task collection,https://bwinf.de/bundeswettbewerb/aufgaben/,Lösungshinweise 1. Runde,https://bwinf.de/fileadmin/wettbewerbe/bundeswettbewerb/31/1_runde/loesungshinweise311_01.pdf,PDF solution/answer,German,Official tasks and solution hints across editions
Germany,DM,DM,A,contest archive,BWINF task collection,https://bwinf.de/bundeswettbewerb/aufgaben/,Lösungshinweise 1. Runde,https://bwinf.de/fileadmin/wettbewerbe/bundeswettbewerb/30/1_runde/loesungshinweise301_01.pdf,PDF solution/answer,German,Official tasks and solution hints across editions
Germany,DM,DM,A,contest archive,BWINF task collection,https://bwinf.de/bundeswettbewerb/aufgaben/,Lösungshinweise 2. Runde,https://bwinf.de/fileadmin/wettbewerbe/bundeswettbewerb/44/2_Runde/L%C3%B6sungshinweise442.pdf,PDF resource,German,Official tasks and solution hints across editions
Germany,DM,DM,A,contest archive,BWINF task collection,https://bwinf.de/bundeswettbewerb/aufgaben/,Lösungshinweise 2. Runde,https://bwinf.de/fileadmin/wettbewerbe/bundeswettbewerb/42/2_runde/Loesungshinweise422.pdf,PDF solution/answer,German,Official tasks and solution hints across editions
Germany,DM,DM,A,contest archive,BWINF task collection,https://bwinf.de/bundeswettbewerb/aufgaben/,Lösungshinweise 2. Runde,https://bwinf.de/fileadmin/wettbewerbe/bundeswettbewerb/41/2_runde/loesungshinweise412.pdf,PDF solution/answer,German,Official tasks and solution hints across editions
Germany,DM,DM,A,contest archive,BWINF task collection,https://bwinf.de/bundeswettbewerb/aufgaben/,Lösungshinweise 2. Runde,https://bwinf.de/fileadmin/wettbewerbe/bundeswettbewerb/40/2_runde/loesungshinweise402.pdf,PDF solution/answer,German,Official tasks and solution hints across editions
Germany,DM,DM,A,contest archive,BWINF task collection,https://bwinf.de/bundeswettbewerb/aufgaben/,Lösungshinweise 2. Runde,https://bwinf.de/fileadmin/wettbewerbe/bundeswettbewerb/39/2_runde/loesungshinweis392.pdf,PDF solution/answer,German,Official tasks and solution hints across editions
Germany,DM,DM,A,contest archive,BWINF task collection,https://bwinf.de/bundeswettbewerb/aufgaben/,Lösungshinweise 2. Runde,https://bwinf.de/fileadmin/wettbewerbe/bundeswettbewerb/38/2_runde/loesungshinweise382.pdf,PDF solution/answer,German,Official tasks and solution hints across editions
Germany,DM,DM,A,contest archive,BWINF task collection,https://bwinf.de/bundeswettbewerb/aufgaben/,Lösungshinweise 2. Runde,https://bwinf.de/fileadmin/wettbewerbe/bundeswettbewerb/37/2_runde/loesungshinweise372.pdf,PDF solution/answer,German,Official tasks and solution hints across editions
Germany,DM,DM,A,contest archive,BWINF task collection,https://bwinf.de/bundeswettbewerb/aufgaben/,Lösungshinweise 2. Runde,https://bwinf.de/fileadmin/wettbewerbe/bundeswettbewerb/36/2_runde/loesungshinweise362.pdf,PDF solution/answer,German,Official tasks and solution hints across editions
Germany,DM,DM,A,contest archive,BWINF task collection,https://bwinf.de/bundeswettbewerb/aufgaben/,Lösungshinweise 2. Runde,https://bwinf.de/fileadmin/wettbewerbe/bundeswettbewerb/35/2_runde/loesungshinweise_352.pdf,PDF solution/answer,German,Official tasks and solution hints across editions
Germany,DM,DM,A,contest archive,BWINF task collection,https://bwinf.de/bundeswettbewerb/aufgaben/,Lösungshinweise 2. Runde,https://bwinf.de/fileadmin/wettbewerbe/bundeswettbewerb/34/2_runde/loesungshinweise342_01.pdf,PDF solution/answer,German,Official tasks and solution hints across editions
Germany,DM,DM,A,contest archive,BWINF task collection,https://bwinf.de/bundeswettbewerb/aufgaben/,Lösungshinweise 2. Runde,https://bwinf.de/fileadmin/wettbewerbe/bundeswettbewerb/33/2_runde/loesungshinweise332_01.pdf,PDF solution/answer,German,Official tasks and solution hints across editions
Germany,DM,DM,A,contest archive,BWINF task collection,https://bwinf.de/bundeswettbewerb/aufgaben/,Lösungshinweise 2. Runde,https://bwinf.de/fileadmin/wettbewerbe/bundeswettbewerb/32/2_runde/loesungshinweise322.pdf,PDF solution/answer,German,Official tasks and solution hints across editions
Germany,DM,DM,A,contest archive,BWINF task collection,https://bwinf.de/bundeswettbewerb/aufgaben/,Lösungshinweise 2. Runde,https://bwinf.de/fileadmin/wettbewerbe/bundeswettbewerb/31/2_runde/loesungshinweise312_01.pdf,PDF solution/answer,German,Official tasks and solution hints across editions
Germany,DM,DM,A,contest archive,BWINF task collection,https://bwinf.de/bundeswettbewerb/aufgaben/,Lösungshinweise 2. Runde,https://bwinf.de/fileadmin/wettbewerbe/bundeswettbewerb/30/2_runde/loesungshinweise_302.pdf,PDF solution/answer,German,Official tasks and solution hints across editions
Germany,DM,DM,A,contest archive,BWINF task collection,https://bwinf.de/bundeswettbewerb/aufgaben/,Lösungshinweise 2. Runde (PDF),https://bwinf.de/fileadmin/wettbewerbe/bundeswettbewerb/43/2_runde/Loesungshinweise432.pdf,PDF solution/answer,German,Official tasks and solution hints across editions
Germany,DM,DM,B,contest archive,BWINF task collection,https://bwinf.de/bundeswettbewerb/aufgaben/,Olympiaden 2026,https://bwinf.de/olympiade/2026/,HTML source/link,German,Official tasks and solution hints across editions
Germany,DM,DM,B,contest archive,BWINF task collection,https://bwinf.de/bundeswettbewerb/aufgaben/,Teilnehmen,https://bwinf.de/olympiade/teilnehmen/,HTML source/link,German,Official tasks and solution hints across editions
Germany,DM,DM,B,contest archive,BWINF task collection,https://bwinf.de/bundeswettbewerb/aufgaben/,besonders beliebte Aufgaben,https://bwinf.de/bundeswettbewerb/aufgaben/#c2902,HTML paper/problem/practice,German,Official tasks and solution hints across editions
Germany,DM,DM,A,contest archive,BWINF task collection,https://bwinf.de/bundeswettbewerb/aufgaben/,einfach,https://bwinf.de/fileadmin/wettbewerbe/bundeswettbewerb/35/1_runde/aufgabenblatt351_simple.pdf,PDF paper/problem,German,Official tasks and solution hints across editions
Germany,DM,DM,A,contest archive,BWINF task collection,https://bwinf.de/bundeswettbewerb/aufgaben/,einfach,https://bwinf.de/fileadmin/wettbewerbe/bundeswettbewerb/34/1_runde/aufgabenblatt341_simple.pdf,PDF paper/problem,German,Official tasks and solution hints across editions
Germany,DM,DM,A,contest archive,BWINF task collection,https://bwinf.de/bundeswettbewerb/aufgaben/,einfach,https://bwinf.de/fileadmin/wettbewerbe/bundeswettbewerb/33/1_runde/aufgabenblatt331_simple.pdf,PDF paper/problem,German,Official tasks and solution hints across editions
Germany,DM,DM,A,contest archive,BWINF task collection,https://bwinf.de/bundeswettbewerb/aufgaben/,einfach,https://bwinf.de/fileadmin/wettbewerbe/bundeswettbewerb/32/1_runde/Aufgabenblatt321_Einfach.pdf,PDF paper/problem,German,Official tasks and solution hints across editions
Germany,DM,DM,A,contest archive,BWINF task collection,https://bwinf.de/bundeswettbewerb/aufgaben/,einfach,https://bwinf.de/fileadmin/wettbewerbe/bundeswettbewerb/31/1_runde/Aufgabenblatt311_simple.pdf,PDF paper/problem,German,Official tasks and solution hints across editions
Germany,DM,DM,A,contest archive,BWINF task collection,https://bwinf.de/bundeswettbewerb/aufgaben/,einfach,https://bwinf.de/fileadmin/wettbewerbe/bundeswettbewerb/30/1_runde/Aufgabenblatt301_simple.pdf,PDF paper/problem,German,Official tasks and solution hints across editions
Germany,DM,DM,B,contest archive,BWINF task collection,https://bwinf.de/bundeswettbewerb/aufgaben/,einige Beispiellösungen,https://bwinf.de/bundeswettbewerb/aufgaben/#c2899,HTML paper/problem/practice,German,Official tasks and solution hints across editions
Germany,DM,DM,A,contest archive,BWINF task collection,https://bwinf.de/bundeswettbewerb/aufgaben/,vom 29. Bundeswettbewerb (Druckfassung),https://bwinf.de/fileadmin/wettbewerbe/bundeswettbewerb/29/Beispielloesung_29.pdf,PDF solution/answer,German,Official tasks and solution hints across editions
Germany,GA/EM,GA/EM,A,admissions practice,TestAS model questions,https://www.testas.de/fileadmin/bilder/4_pdf-video/1-teilnehmende/testas_modellaufgaben_englisch_2017_kl.pdf,TestAS model questions — official gateway,https://www.testas.de/fileadmin/bilder/4_pdf-video/1-teilnehmende/testas_modellaufgaben_englisch_2017_kl.pdf,Official gateway,English,Official 72-page admissions aptitude PDF
Global,DM,DM,A,contest archive,ICPC World Finals past problems,https://icpc.global/worldfinals/past-problems,ICPC World Finals past problems — official gateway,https://icpc.global/worldfinals/past-problems,Official gateway,English,Official past-problem gateway
Global,DM,DM,B,Olympiad archive,International Olympiad in Informatics tasks,https://ioinformatics.org/page/ioi-2025/60,Editions,https://ioinformatics.org/page/contests/10,HTML paper/problem/practice,English,"Official tasks, test data, solutions, practice"
Global,DM,DM,A,Olympiad archive,International Olympiad in Informatics tasks,https://ioinformatics.org/page/ioi-2025/60,Festival,https://ioinformatics.org/files/ioi2025problem4.pdf,PDF paper/problem,English,"Official tasks, test data, solutions, practice"
Global,DM,DM,A,Olympiad archive,International Olympiad in Informatics tasks,https://ioinformatics.org/page/ioi-2025/60,International Olympiad in Informatics tasks — official gateway,https://ioinformatics.org/page/ioi-2025/60,Official gateway,English,"Official tasks, test data, solutions, practice"
Global,DM,DM,A,Olympiad archive,International Olympiad in Informatics tasks,https://ioinformatics.org/page/ioi-2025/60,Migrations,https://ioinformatics.org/files/ioi2025problem5.pdf,PDF paper/problem,English,"Official tasks, test data, solutions, practice"
Global,DM,DM,A,Olympiad archive,International Olympiad in Informatics tasks,https://ioinformatics.org/page/ioi-2025/60,Obstacles for a Llama,https://ioinformatics.org/files/ioi2025problem6.pdf,PDF paper/problem,English,"Official tasks, test data, solutions, practice"
Global,DM,DM,B,Olympiad archive,International Olympiad in Informatics tasks,https://ioinformatics.org/page/ioi-2025/60,Practice problems,https://ioinformatics.org/files/ioi2025practice.zip,HTML paper/problem/practice,English,"Official tasks, test data, solutions, practice"
Global,DM,DM,B,Olympiad archive,International Olympiad in Informatics tasks,https://ioinformatics.org/page/ioi-2025/60,Solutions to all problems,https://ioinformatics.org/files/ioi2025solutions.zip,HTML solution/answer,English,"Official tasks, test data, solutions, practice"
Global,DM,DM,A,Olympiad archive,International Olympiad in Informatics tasks,https://ioinformatics.org/page/ioi-2025/60,Souvenirs,https://ioinformatics.org/files/ioi2025problem1.pdf,PDF paper/problem,English,"Official tasks, test data, solutions, practice"
Global,DM,DM,B,Olympiad archive,International Olympiad in Informatics tasks,https://ioinformatics.org/page/ioi-2025/60,Test cases,https://ioinformatics.org/files/ioi2025tests.zip,HTML paper/problem/practice,English,"Official tasks, test data, solutions, practice"
Global,DM,DM,A,Olympiad archive,International Olympiad in Informatics tasks,https://ioinformatics.org/page/ioi-2025/60,Triple Peaks,https://ioinformatics.org/files/ioi2025problem2.pdf,PDF paper/problem,English,"Official tasks, test data, solutions, practice"
Global,DM,DM,A,Olympiad archive,International Olympiad in Informatics tasks,https://ioinformatics.org/page/ioi-2025/60,World Map,https://ioinformatics.org/files/ioi2025problem3.pdf,PDF paper/problem,English,"Official tasks, test data, solutions, practice"
Global,DM,DM,B,Olympiad archive,International Olympiad in Informatics tasks,https://ioinformatics.org/page/ioi-2025/60,» Paper Index,https://ioinformatics.org/page/ioi-journal-index/44,HTML paper/problem/practice,English,"Official tasks, test data, solutions, practice"
Global,EM/DM,EM/DM,A,Olympiad archive,International Mathematical Olympiad problems,https://www.imo-official.org/problems/,Download PDF,https://www.imo-official.org/assets/documents/problems/2026/2026_eng.pdf,PDF paper/problem,Multiple,Official annual problem archive
Global,EM/DM,EM/DM,B,Olympiad archive,International Mathematical Olympiad problems,https://www.imo-official.org/problems/,IMO Competitions,https://www.imo-official.org/editions/,HTML source/link,Multiple,Official annual problem archive
Global,EM/DM,EM/DM,A,Olympiad archive,International Mathematical Olympiad problems,https://www.imo-official.org/problems/,International Mathematical Olympiad problems — official gateway,https://www.imo-official.org/problems/,Official gateway,Multiple,Official annual problem archive
India,EM/DM,EM/DM,A,Olympiad archive,HBCSE Olympiad past papers,https://olympiads.hbcse.tifr.res.in/how-to-prepare/past-papers/,.Hindi Version,https://olympiads.hbcse.tifr.res.in/olympiads/wp-content/uploads/2016/09/INMO-2016-hindi-version.pdf,PDF resource,English/Hindi,Official mathematics and science Olympiad papers and solutions
India,EM/DM,EM/DM,A,Olympiad archive,HBCSE Olympiad past papers,https://olympiads.hbcse.tifr.res.in/how-to-prepare/past-papers/,1.,https://olympiads.hbcse.tifr.res.in/wp-content/uploads/2024/03/INMO2024-Q.-Paper.pdf,PDF paper/problem,English/Hindi,Official mathematics and science Olympiad papers and solutions
India,EM/DM,EM/DM,A,Olympiad archive,HBCSE Olympiad past papers,https://olympiads.hbcse.tifr.res.in/how-to-prepare/past-papers/,1. Question Paper,https://olympiads.hbcse.tifr.res.in/wp-content/uploads/2025/01/INMO2025_Hindi_English.pdf,PDF paper/problem,English/Hindi,Official mathematics and science Olympiad papers and solutions
India,EM/DM,EM/DM,A,Olympiad archive,HBCSE Olympiad past papers,https://olympiads.hbcse.tifr.res.in/how-to-prepare/past-papers/,1. Question Paper,https://olympiads.hbcse.tifr.res.in/wp-content/uploads/2023/01/INMO23_qp.pdf,PDF paper/problem,English/Hindi,Official mathematics and science Olympiad papers and solutions
India,EM/DM,EM/DM,A,Olympiad archive,HBCSE Olympiad past papers,https://olympiads.hbcse.tifr.res.in/how-to-prepare/past-papers/,1.PRMO 2015 set a,https://olympiads.hbcse.tifr.res.in/olympiads/wp-content/uploads/2016/09/prermo2015-1-a.pdf,PDF resource,English/Hindi,Official mathematics and science Olympiad papers and solutions
India,EM/DM,EM/DM,A,Olympiad archive,HBCSE Olympiad past papers,https://olympiads.hbcse.tifr.res.in/how-to-prepare/past-papers/,2. Solutions,https://olympiads.hbcse.tifr.res.in/wp-content/uploads/2024/02/INMO_2024_final_solutions.pdf,PDF solution/answer,English/Hindi,Official mathematics and science Olympiad papers and solutions
India,EM/DM,EM/DM,A,Olympiad archive,HBCSE Olympiad past papers,https://olympiads.hbcse.tifr.res.in/how-to-prepare/past-papers/,2. Solutions,https://olympiads.hbcse.tifr.res.in/wp-content/uploads/2023/03/solutions.pdf,PDF solution/answer,English/Hindi,Official mathematics and science Olympiad papers and solutions
India,EM/DM,EM/DM,A,Olympiad archive,HBCSE Olympiad past papers,https://olympiads.hbcse.tifr.res.in/how-to-prepare/past-papers/,2.PRMO 2015 set b,https://olympiads.hbcse.tifr.res.in/olympiads/wp-content/uploads/2016/09/prermo2015-1-b.pdf,PDF resource,English/Hindi,Official mathematics and science Olympiad papers and solutions
India,EM/DM,EM/DM,A,Olympiad archive,HBCSE Olympiad past papers,https://olympiads.hbcse.tifr.res.in/how-to-prepare/past-papers/,Answer Booklet,https://olympiads.hbcse.tifr.res.in/wp-content/uploads/2026/01/INAO2025-Answerbooklet.pdf,PDF solution/answer,English/Hindi,Official mathematics and science Olympiad papers and solutions
India,EM/DM,EM/DM,A,Olympiad archive,HBCSE Olympiad past papers,https://olympiads.hbcse.tifr.res.in/how-to-prepare/past-papers/,Answer Booklet,https://olympiads.hbcse.tifr.res.in/wp-content/uploads/2026/01/INAO2024-Answerbooklet.pdf,PDF solution/answer,English/Hindi,Official mathematics and science Olympiad papers and solutions
India,EM/DM,EM/DM,A,Olympiad archive,HBCSE Olympiad past papers,https://olympiads.hbcse.tifr.res.in/how-to-prepare/past-papers/,Answer Booklet,https://olympiads.hbcse.tifr.res.in/wp-content/uploads/2026/01/INBO2025-Answerbooklet.pdf,PDF solution/answer,English/Hindi,Official mathematics and science Olympiad papers and solutions
India,EM/DM,EM/DM,A,Olympiad archive,HBCSE Olympiad past papers,https://olympiads.hbcse.tifr.res.in/how-to-prepare/past-papers/,Answer Booklet,https://olympiads.hbcse.tifr.res.in/wp-content/uploads/2026/01/INBO2024-Answerbooklet.pdf,PDF solution/answer,English/Hindi,Official mathematics and science Olympiad papers and solutions
India,EM/DM,EM/DM,A,Olympiad archive,HBCSE Olympiad past papers,https://olympiads.hbcse.tifr.res.in/how-to-prepare/past-papers/,Answer Booklet,https://olympiads.hbcse.tifr.res.in/wp-content/uploads/2026/01/INCHO2025-Answerbooklet.pdf,PDF solution/answer,English/Hindi,Official mathematics and science Olympiad papers and solutions
India,EM/DM,EM/DM,A,Olympiad archive,HBCSE Olympiad past papers,https://olympiads.hbcse.tifr.res.in/how-to-prepare/past-papers/,Answer Booklet,https://olympiads.hbcse.tifr.res.in/wp-content/uploads/2026/01/INPHO2025-Answerbooklet.pdf,PDF solution/answer,English/Hindi,Official mathematics and science Olympiad papers and solutions
India,EM/DM,EM/DM,A,Olympiad archive,HBCSE Olympiad past papers,https://olympiads.hbcse.tifr.res.in/how-to-prepare/past-papers/,Answer Booklet,https://olympiads.hbcse.tifr.res.in/wp-content/uploads/2026/01/INPHO2024-Answerbooklet.pdf,PDF solution/answer,English/Hindi,Official mathematics and science Olympiad papers and solutions
India,EM/DM,EM/DM,A,Olympiad archive,HBCSE Olympiad past papers,https://olympiads.hbcse.tifr.res.in/how-to-prepare/past-papers/,Answer Key,https://olympiads.hbcse.tifr.res.in/wp-content/uploads/2025/10/final-key-7th-September.pdf,PDF solution/answer,English/Hindi,Official mathematics and science Olympiad papers and solutions
India,EM/DM,EM/DM,A,Olympiad archive,HBCSE Olympiad past papers,https://olympiads.hbcse.tifr.res.in/how-to-prepare/past-papers/,Answer Key,https://olympiads.hbcse.tifr.res.in/wp-content/uploads/2025/10/final-key-28th-September.pdf,PDF solution/answer,English/Hindi,Official mathematics and science Olympiad papers and solutions
India,EM/DM,EM/DM,A,Olympiad archive,HBCSE Olympiad past papers,https://olympiads.hbcse.tifr.res.in/how-to-prepare/past-papers/,Answer Key,https://olympiads.hbcse.tifr.res.in/wp-content/uploads/2025/04/ioqm2024-answerkey.pdf,PDF solution/answer,English/Hindi,Official mathematics and science Olympiad papers and solutions
India,EM/DM,EM/DM,A,Olympiad archive,HBCSE Olympiad past papers,https://olympiads.hbcse.tifr.res.in/how-to-prepare/past-papers/,Answer Key for RMO 2018 (KL-TN),https://olympiads.hbcse.tifr.res.in/olympiads/wp-content/uploads/2018/05/solutions-KL-TN-18.pdf,PDF solution/answer,English/Hindi,Official mathematics and science Olympiad papers and solutions
India,EM/DM,EM/DM,A,Olympiad archive,HBCSE Olympiad past papers,https://olympiads.hbcse.tifr.res.in/how-to-prepare/past-papers/,Answer Key to INMO 2019,https://olympiads.hbcse.tifr.res.in/olympiads/wp-content/uploads/2019/02/Inmo-2019-Solutions.pdf,PDF solution/answer,English/Hindi,Official mathematics and science Olympiad papers and solutions
India,EM/DM,EM/DM,B,Olympiad archive,HBCSE Olympiad past papers,https://olympiads.hbcse.tifr.res.in/how-to-prepare/past-papers/,Answer Key to PRMO 2018,https://olympiads.hbcse.tifr.res.in/answer-key-to-prmo-2018/,HTML solution/answer,English/Hindi,Official mathematics and science Olympiad papers and solutions
India,EM/DM,EM/DM,A,Olympiad archive,HBCSE Olympiad past papers,https://olympiads.hbcse.tifr.res.in/how-to-prepare/past-papers/,Answer Key to PRMO 2019,https://olympiads.hbcse.tifr.res.in/wp-content/uploads/2019/08/PRMO-2019-ans-key-19.pdf,PDF solution/answer,English/Hindi,Official mathematics and science Olympiad papers and solutions
India,EM/DM,EM/DM,A,Olympiad archive,HBCSE Olympiad past papers,https://olympiads.hbcse.tifr.res.in/how-to-prepare/past-papers/,Answer Key to RMO 2018,https://olympiads.hbcse.tifr.res.in/olympiads/wp-content/uploads/2018/05/solutions-crmo-18.pdf,PDF solution/answer,English/Hindi,Official mathematics and science Olympiad papers and solutions
India,EM/DM,EM/DM,A,Olympiad archive,HBCSE Olympiad past papers,https://olympiads.hbcse.tifr.res.in/how-to-prepare/past-papers/,Answer Key to RMO 2019,https://olympiads.hbcse.tifr.res.in/wp-content/uploads/2019/10/rmosolutions2019.pdf,PDF solution/answer,English/Hindi,Official mathematics and science Olympiad papers and solutions
India,EM/DM,EM/DM,A,Olympiad archive,HBCSE Olympiad past papers,https://olympiads.hbcse.tifr.res.in/how-to-prepare/past-papers/,CRMO 2012 Paper & Solution 1,https://olympiads.hbcse.tifr.res.in/olympiads/wp-content/uploads/2016/09/crmosol-12-1.pdf,PDF solution/answer,English/Hindi,Official mathematics and science Olympiad papers and solutions
India,EM/DM,EM/DM,A,Olympiad archive,HBCSE Olympiad past papers,https://olympiads.hbcse.tifr.res.in/how-to-prepare/past-papers/,CRMO 2012 Paper & Solution 2,https://olympiads.hbcse.tifr.res.in/olympiads/wp-content/uploads/2016/09/crmosol-12-2.pdf,PDF solution/answer,English/Hindi,Official mathematics and science Olympiad papers and solutions
India,EM/DM,EM/DM,A,Olympiad archive,HBCSE Olympiad past papers,https://olympiads.hbcse.tifr.res.in/how-to-prepare/past-papers/,CRMO 2012 Paper & Solution 3,https://olympiads.hbcse.tifr.res.in/olympiads/wp-content/uploads/2016/09/crmosol-12-3.pdf,PDF solution/answer,English/Hindi,Official mathematics and science Olympiad papers and solutions
India,EM/DM,EM/DM,A,Olympiad archive,HBCSE Olympiad past papers,https://olympiads.hbcse.tifr.res.in/how-to-prepare/past-papers/,CRMO 2012 Paper & Solution 4,https://olympiads.hbcse.tifr.res.in/olympiads/wp-content/uploads/2016/09/crmosol-12-4.pdf,PDF solution/answer,English/Hindi,Official mathematics and science Olympiad papers and solutions
India,EM/DM,EM/DM,A,Olympiad archive,HBCSE Olympiad past papers,https://olympiads.hbcse.tifr.res.in/how-to-prepare/past-papers/,CRMO 2013 Paper 1,https://olympiads.hbcse.tifr.res.in/olympiads/wp-content/uploads/2016/09/crmo-2013-paper-1.pdf,PDF paper/problem,English/Hindi,Official mathematics and science Olympiad papers and solutions
India,EM/DM,EM/DM,A,Olympiad archive,HBCSE Olympiad past papers,https://olympiads.hbcse.tifr.res.in/how-to-prepare/past-papers/,CRMO 2013 Paper 2,https://olympiads.hbcse.tifr.res.in/olympiads/wp-content/uploads/2016/09/crmo-2013-paper-2.pdf,PDF paper/problem,English/Hindi,Official mathematics and science Olympiad papers and solutions
India,EM/DM,EM/DM,A,Olympiad archive,HBCSE Olympiad past papers,https://olympiads.hbcse.tifr.res.in/how-to-prepare/past-papers/,CRMO 2013 Paper 3,https://olympiads.hbcse.tifr.res.in/olympiads/wp-content/uploads/2016/09/crmo-2013-paper-3.pdf,PDF paper/problem,English/Hindi,Official mathematics and science Olympiad papers and solutions
India,EM/DM,EM/DM,A,Olympiad archive,HBCSE Olympiad past papers,https://olympiads.hbcse.tifr.res.in/how-to-prepare/past-papers/,CRMO 2013 Paper 4,https://olympiads.hbcse.tifr.res.in/olympiads/wp-content/uploads/2016/09/crmo-2013-paper-4.pdf,PDF paper/problem,English/Hindi,Official mathematics and science Olympiad papers and solutions
India,EM/DM,EM/DM,A,Olympiad archive,HBCSE Olympiad past papers,https://olympiads.hbcse.tifr.res.in/how-to-prepare/past-papers/,CRMO 2014 Paper 1,https://olympiads.hbcse.tifr.res.in/wp-content/uploads/2022/05/sol_crmo_14_1.pdf,PDF paper/problem,English/Hindi,Official mathematics and science Olympiad papers and solutions
India,EM/DM,EM/DM,A,Olympiad archive,HBCSE Olympiad past papers,https://olympiads.hbcse.tifr.res.in/how-to-prepare/past-papers/,CRMO 2014 Paper 2,https://olympiads.hbcse.tifr.res.in/olympiads/wp-content/uploads/2016/09/crmo-14-2.pdf,PDF paper/problem,English/Hindi,Official mathematics and science Olympiad papers and solutions
India,EM/DM,EM/DM,A,Olympiad archive,HBCSE Olympiad past papers,https://olympiads.hbcse.tifr.res.in/how-to-prepare/past-papers/,CRMO 2014 Paper 3,https://olympiads.hbcse.tifr.res.in/olympiads/wp-content/uploads/2016/09/crmo-14-3.pdf,PDF paper/problem,English/Hindi,Official mathematics and science Olympiad papers and solutions
India,EM/DM,EM/DM,A,Olympiad archive,HBCSE Olympiad past papers,https://olympiads.hbcse.tifr.res.in/how-to-prepare/past-papers/,CRMO 2014 Paper 4,https://olympiads.hbcse.tifr.res.in/olympiads/wp-content/uploads/2016/09/crmo-14-4.pdf,PDF paper/problem,English/Hindi,Official mathematics and science Olympiad papers and solutions
India,EM/DM,EM/DM,A,Olympiad archive,HBCSE Olympiad past papers,https://olympiads.hbcse.tifr.res.in/how-to-prepare/past-papers/,CRMO 2015 Paper 1,https://olympiads.hbcse.tifr.res.in/olympiads/wp-content/uploads/2016/09/crmo-15-1.pdf,PDF paper/problem,English/Hindi,Official mathematics and science Olympiad papers and solutions
India,EM/DM,EM/DM,A,Olympiad archive,HBCSE Olympiad past papers,https://olympiads.hbcse.tifr.res.in/how-to-prepare/past-papers/,CRMO 2015 Paper 2,https://olympiads.hbcse.tifr.res.in/olympiads/wp-content/uploads/2016/09/crmo-15-2.pdf,PDF paper/problem,English/Hindi,Official mathematics and science Olympiad papers and solutions
India,EM/DM,EM/DM,A,Olympiad archive,HBCSE Olympiad past papers,https://olympiads.hbcse.tifr.res.in/how-to-prepare/past-papers/,CRMO 2015 Paper 3,https://olympiads.hbcse.tifr.res.in/olympiads/wp-content/uploads/2016/09/crmo-15-3.pdf,PDF paper/problem,English/Hindi,Official mathematics and science Olympiad papers and solutions
India,EM/DM,EM/DM,A,Olympiad archive,HBCSE Olympiad past papers,https://olympiads.hbcse.tifr.res.in/how-to-prepare/past-papers/,CRMO 2015 Paper 4,https://olympiads.hbcse.tifr.res.in/olympiads/wp-content/uploads/2016/09/crmo-15-4.pdf,PDF paper/problem,English/Hindi,Official mathematics and science Olympiad papers and solutions
India,EM/DM,EM/DM,A,Olympiad archive,HBCSE Olympiad past papers,https://olympiads.hbcse.tifr.res.in/how-to-prepare/past-papers/,CRMO 2016 Paper 1,https://olympiads.hbcse.tifr.res.in/olympiads/wp-content/uploads/2016/11/QPcrmo-16_1.pdf,PDF paper/problem,English/Hindi,Official mathematics and science Olympiad papers and solutions
India,EM/DM,EM/DM,A,Olympiad archive,HBCSE Olympiad past papers,https://olympiads.hbcse.tifr.res.in/how-to-prepare/past-papers/,CRMO 2016 Paper 2,https://olympiads.hbcse.tifr.res.in/olympiads/wp-content/uploads/2016/11/QPcrmo-16_2.pdf,PDF paper/problem,English/Hindi,Official mathematics and science Olympiad papers and solutions
India,EM/DM,EM/DM,A,Olympiad archive,HBCSE Olympiad past papers,https://olympiads.hbcse.tifr.res.in/how-to-prepare/past-papers/,CRMO 2016 Paper 3,https://olympiads.hbcse.tifr.res.in/olympiads/wp-content/uploads/2016/11/QPcrmo-16_3.pdf,PDF paper/problem,English/Hindi,Official mathematics and science Olympiad papers and solutions
India,EM/DM,EM/DM,A,Olympiad archive,HBCSE Olympiad past papers,https://olympiads.hbcse.tifr.res.in/how-to-prepare/past-papers/,CRMO 2016 Paper 4,https://olympiads.hbcse.tifr.res.in/olympiads/wp-content/uploads/2016/11/crmo-16_4.pdf,PDF paper/problem,English/Hindi,Official mathematics and science Olympiad papers and solutions
India,EM/DM,EM/DM,B,Olympiad archive,HBCSE Olympiad past papers,https://olympiads.hbcse.tifr.res.in/how-to-prepare/past-papers/,Eligibility,https://olympiads.hbcse.tifr.res.in/how-to-participate/eligibility/,HTML source/link,English/Hindi,Official mathematics and science Olympiad papers and solutions
India,EM/DM,EM/DM,A,Olympiad archive,HBCSE Olympiad past papers,https://olympiads.hbcse.tifr.res.in/how-to-prepare/past-papers/,English,https://olympiads.hbcse.tifr.res.in/wp-content/uploads/2025/10/en.M1.pdf,PDF resource,English/Hindi,Official mathematics and science Olympiad papers and solutions
India,EM/DM,EM/DM,A,Olympiad archive,HBCSE Olympiad past papers,https://olympiads.hbcse.tifr.res.in/how-to-prepare/past-papers/,English,https://olympiads.hbcse.tifr.res.in/wp-content/uploads/2025/10/en.ver1_.pdf,PDF resource,English/Hindi,Official mathematics and science Olympiad papers and solutions
India,EM/DM,EM/DM,A,Olympiad archive,HBCSE Olympiad past papers,https://olympiads.hbcse.tifr.res.in/how-to-prepare/past-papers/,English,https://olympiads.hbcse.tifr.res.in/wp-content/uploads/2025/11/RMO-2025-Paper-1.pdf,PDF paper/problem,English/Hindi,Official mathematics and science Olympiad papers and solutions
India,EM/DM,EM/DM,A,Olympiad archive,HBCSE Olympiad past papers,https://olympiads.hbcse.tifr.res.in/how-to-prepare/past-papers/,English,https://olympiads.hbcse.tifr.res.in/wp-content/uploads/2025/11/RMO-2025-Paper-2.pdf,PDF paper/problem,English/Hindi,Official mathematics and science Olympiad papers and solutions
India,EM/DM,EM/DM,A,Olympiad archive,HBCSE Olympiad past papers,https://olympiads.hbcse.tifr.res.in/how-to-prepare/past-papers/,English,https://olympiads.hbcse.tifr.res.in/wp-content/uploads/2026/01/INMO-2026.pdf,PDF resource,English/Hindi,Official mathematics and science Olympiad papers and solutions
India,EM/DM,EM/DM,A,Olympiad archive,HBCSE Olympiad past papers,https://olympiads.hbcse.tifr.res.in/how-to-prepare/past-papers/,English,https://olympiads.hbcse.tifr.res.in/wp-content/uploads/2025/04/ioqm-2024-english.pdf,PDF resource,English/Hindi,Official mathematics and science Olympiad papers and solutions
India,EM/DM,EM/DM,A,Olympiad archive,HBCSE Olympiad past papers,https://olympiads.hbcse.tifr.res.in/how-to-prepare/past-papers/,English Version,https://olympiads.hbcse.tifr.res.in/olympiads/wp-content/uploads/2016/09/INMO-2016-English-Version.pdf,PDF resource,English/Hindi,Official mathematics and science Olympiad papers and solutions
India,EM/DM,EM/DM,B,Olympiad archive,HBCSE Olympiad past papers,https://olympiads.hbcse.tifr.res.in/how-to-prepare/past-papers/,Enrollment,https://olympiads.hbcse.tifr.res.in/how-to-participate/enrollment/,HTML source/link,English/Hindi,Official mathematics and science Olympiad papers and solutions
India,EM/DM,EM/DM,B,Olympiad archive,HBCSE Olympiad past papers,https://olympiads.hbcse.tifr.res.in/how-to-prepare/past-papers/,For Teachers,https://olympiads.hbcse.tifr.res.in/for-teachers/,HTML source/link,English/Hindi,Official mathematics and science Olympiad papers and solutions
India,EM/DM,EM/DM,B,Olympiad archive,HBCSE Olympiad past papers,https://olympiads.hbcse.tifr.res.in/how-to-prepare/past-papers/,Funding,https://olympiads.hbcse.tifr.res.in/about-olympiads/funding/,HTML source/link,English/Hindi,Official mathematics and science Olympiad papers and solutions
India,EM/DM,EM/DM,A,Olympiad archive,HBCSE Olympiad past papers,https://olympiads.hbcse.tifr.res.in/how-to-prepare/past-papers/,HBCSE Olympiad past papers — official gateway,https://olympiads.hbcse.tifr.res.in/how-to-prepare/past-papers/,Official gateway,English/Hindi,Official mathematics and science Olympiad papers and solutions
India,EM/DM,EM/DM,A,Olympiad archive,HBCSE Olympiad past papers,https://olympiads.hbcse.tifr.res.in/how-to-prepare/past-papers/,Hindi,https://olympiads.hbcse.tifr.res.in/wp-content/uploads/2025/10/hi.M1.pdf,PDF resource,English/Hindi,Official mathematics and science Olympiad papers and solutions
India,EM/DM,EM/DM,A,Olympiad archive,HBCSE Olympiad past papers,https://olympiads.hbcse.tifr.res.in/how-to-prepare/past-papers/,Hindi,https://olympiads.hbcse.tifr.res.in/wp-content/uploads/2025/10/hi.ver1_.pdf,PDF resource,English/Hindi,Official mathematics and science Olympiad papers and solutions
India,EM/DM,EM/DM,A,Olympiad archive,HBCSE Olympiad past papers,https://olympiads.hbcse.tifr.res.in/how-to-prepare/past-papers/,Hindi,https://olympiads.hbcse.tifr.res.in/wp-content/uploads/2025/11/rmo_nov_2025_paper-1_hindi.pdf,PDF paper/problem,English/Hindi,Official mathematics and science Olympiad papers and solutions
India,EM/DM,EM/DM,A,Olympiad archive,HBCSE Olympiad past papers,https://olympiads.hbcse.tifr.res.in/how-to-prepare/past-papers/,Hindi,https://olympiads.hbcse.tifr.res.in/wp-content/uploads/2025/11/rmo_nov_2025_paper-2_hindi.pdf,PDF paper/problem,English/Hindi,Official mathematics and science Olympiad papers and solutions
India,EM/DM,EM/DM,A,Olympiad archive,HBCSE Olympiad past papers,https://olympiads.hbcse.tifr.res.in/how-to-prepare/past-papers/,Hindi,https://olympiads.hbcse.tifr.res.in/wp-content/uploads/2026/01/INMO_2025_hindi_correct.pdf,PDF resource,English/Hindi,Official mathematics and science Olympiad papers and solutions
India,EM/DM,EM/DM,A,Olympiad archive,HBCSE Olympiad past papers,https://olympiads.hbcse.tifr.res.in/how-to-prepare/past-papers/,Hindi,https://olympiads.hbcse.tifr.res.in/wp-content/uploads/2025/04/ioqm2024-hindi.pdf,PDF resource,English/Hindi,Official mathematics and science Olympiad papers and solutions
India,EM/DM,EM/DM,B,Olympiad archive,HBCSE Olympiad past papers,https://olympiads.hbcse.tifr.res.in/how-to-prepare/past-papers/,How To Prepare,https://olympiads.hbcse.tifr.res.in/how-to-prepare/past-papers/#%20,HTML paper/problem/practice,English/Hindi,Official mathematics and science Olympiad papers and solutions
India,EM/DM,EM/DM,A,Olympiad archive,HBCSE Olympiad past papers,https://olympiads.hbcse.tifr.res.in/how-to-prepare/past-papers/,INMO 2000,https://olympiads.hbcse.tifr.res.in/olympiads/wp-content/uploads/2016/09/inmo-sol-2000.pdf,PDF resource,English/Hindi,Official mathematics and science Olympiad papers and solutions
India,EM/DM,EM/DM,A,Olympiad archive,HBCSE Olympiad past papers,https://olympiads.hbcse.tifr.res.in/how-to-prepare/past-papers/,INMO 2001,https://olympiads.hbcse.tifr.res.in/olympiads/wp-content/uploads/2016/09/inmo-sol-2001.pdf,PDF resource,English/Hindi,Official mathematics and science Olympiad papers and solutions
India,EM/DM,EM/DM,A,Olympiad archive,HBCSE Olympiad past papers,https://olympiads.hbcse.tifr.res.in/how-to-prepare/past-papers/,INMO 2002,https://olympiads.hbcse.tifr.res.in/olympiads/wp-content/uploads/2016/09/inmo-2002.pdf,PDF resource,English/Hindi,Official mathematics and science Olympiad papers and solutions
India,EM/DM,EM/DM,A,Olympiad archive,HBCSE Olympiad past papers,https://olympiads.hbcse.tifr.res.in/how-to-prepare/past-papers/,INMO 2003,https://olympiads.hbcse.tifr.res.in/olympiads/wp-content/uploads/2016/09/inmo-2003.pdf,PDF resource,English/Hindi,Official mathematics and science Olympiad papers and solutions
India,EM/DM,EM/DM,A,Olympiad archive,HBCSE Olympiad past papers,https://olympiads.hbcse.tifr.res.in/how-to-prepare/past-papers/,INMO 2004,https://olympiads.hbcse.tifr.res.in/olympiads/wp-content/uploads/2016/09/inmo-2004.pdf,PDF resource,English/Hindi,Official mathematics and science Olympiad papers and solutions
India,EM/DM,EM/DM,A,Olympiad archive,HBCSE Olympiad past papers,https://olympiads.hbcse.tifr.res.in/how-to-prepare/past-papers/,INMO 2005,https://olympiads.hbcse.tifr.res.in/olympiads/wp-content/uploads/2016/09/inmo-2005.pdf,PDF resource,English/Hindi,Official mathematics and science Olympiad papers and solutions
India,EM/DM,EM/DM,A,Olympiad archive,HBCSE Olympiad past papers,https://olympiads.hbcse.tifr.res.in/how-to-prepare/past-papers/,INMO 2006,https://olympiads.hbcse.tifr.res.in/olympiads/wp-content/uploads/2016/09/inmo-2006.pdf,PDF resource,English/Hindi,Official mathematics and science Olympiad papers and solutions
India,EM/DM,EM/DM,A,Olympiad archive,HBCSE Olympiad past papers,https://olympiads.hbcse.tifr.res.in/how-to-prepare/past-papers/,INMO 2007,https://olympiads.hbcse.tifr.res.in/olympiads/wp-content/uploads/2016/09/inmo-2007.pdf,PDF resource,English/Hindi,Official mathematics and science Olympiad papers and solutions
India,EM/DM,EM/DM,A,Olympiad archive,HBCSE Olympiad past papers,https://olympiads.hbcse.tifr.res.in/how-to-prepare/past-papers/,INMO 2008,https://olympiads.hbcse.tifr.res.in/olympiads/wp-content/uploads/2016/09/inmo-2008.pdf,PDF resource,English/Hindi,Official mathematics and science Olympiad papers and solutions
India,EM/DM,EM/DM,A,Olympiad archive,HBCSE Olympiad past papers,https://olympiads.hbcse.tifr.res.in/how-to-prepare/past-papers/,INMO 2009,https://olympiads.hbcse.tifr.res.in/olympiads/wp-content/uploads/2016/09/inmo-2009-1.pdf,PDF resource,English/Hindi,Official mathematics and science Olympiad papers and solutions
India,EM/DM,EM/DM,A,Olympiad archive,HBCSE Olympiad past papers,https://olympiads.hbcse.tifr.res.in/how-to-prepare/past-papers/,INMO 2010,https://olympiads.hbcse.tifr.res.in/wp-content/uploads/2022/12/INMO2010.pdf,PDF resource,English/Hindi,Official mathematics and science Olympiad papers and solutions
India,EM/DM,EM/DM,A,Olympiad archive,HBCSE Olympiad past papers,https://olympiads.hbcse.tifr.res.in/how-to-prepare/past-papers/,INMO 2011,https://olympiads.hbcse.tifr.res.in/olympiads/wp-content/uploads/2016/09/inmo-sol-2011.pdf,PDF resource,English/Hindi,Official mathematics and science Olympiad papers and solutions
India,EM/DM,EM/DM,A,Olympiad archive,HBCSE Olympiad past papers,https://olympiads.hbcse.tifr.res.in/how-to-prepare/past-papers/,INMO 2012,https://olympiads.hbcse.tifr.res.in/olympiads/wp-content/uploads/2016/09/inmo-2012.pdf,PDF resource,English/Hindi,Official mathematics and science Olympiad papers and solutions
India,EM/DM,EM/DM,A,Olympiad archive,HBCSE Olympiad past papers,https://olympiads.hbcse.tifr.res.in/how-to-prepare/past-papers/,INMO 2013,https://olympiads.hbcse.tifr.res.in/olympiads/wp-content/uploads/2016/09/inmo2013-solutions.pdf,PDF solution/answer,English/Hindi,Official mathematics and science Olympiad papers and solutions
India,EM/DM,EM/DM,A,Olympiad archive,HBCSE Olympiad past papers,https://olympiads.hbcse.tifr.res.in/how-to-prepare/past-papers/,INMO 2014,https://olympiads.hbcse.tifr.res.in/olympiads/wp-content/uploads/2016/09/inmo-2014.pdf,PDF resource,English/Hindi,Official mathematics and science Olympiad papers and solutions
India,EM/DM,EM/DM,A,Olympiad archive,HBCSE Olympiad past papers,https://olympiads.hbcse.tifr.res.in/how-to-prepare/past-papers/,INMO 2015,https://olympiads.hbcse.tifr.res.in/olympiads/wp-content/uploads/2016/09/inmosol-15.pdf,PDF resource,English/Hindi,Official mathematics and science Olympiad papers and solutions
India,EM/DM,EM/DM,A,Olympiad archive,HBCSE Olympiad past papers,https://olympiads.hbcse.tifr.res.in/how-to-prepare/past-papers/,INMO 2017,https://olympiads.hbcse.tifr.res.in/olympiads/wp-content/uploads/2017/01/inmo2017.pdf,PDF resource,English/Hindi,Official mathematics and science Olympiad papers and solutions
India,EM/DM,EM/DM,A,Olympiad archive,HBCSE Olympiad past papers,https://olympiads.hbcse.tifr.res.in/how-to-prepare/past-papers/,INMO 2020 – Questions,https://olympiads.hbcse.tifr.res.in/wp-content/uploads/2020/04/inmo-20-QP-4_0.pdf,PDF paper/problem,English/Hindi,Official mathematics and science Olympiad papers and solutions
India,EM/DM,EM/DM,A,Olympiad archive,HBCSE Olympiad past papers,https://olympiads.hbcse.tifr.res.in/how-to-prepare/past-papers/,INMO 2020 – Solutions,https://olympiads.hbcse.tifr.res.in/wp-content/uploads/2020/02/sol-inmo-20.pdf,PDF solution/answer,English/Hindi,Official mathematics and science Olympiad papers and solutions
India,EM/DM,EM/DM,A,Olympiad archive,HBCSE Olympiad past papers,https://olympiads.hbcse.tifr.res.in/how-to-prepare/past-papers/,INMO 2021 – Questions,https://olympiads.hbcse.tifr.res.in/wp-content/uploads/2021/03/INMO21FINAL.pdf,PDF paper/problem,English/Hindi,Official mathematics and science Olympiad papers and solutions
India,EM/DM,EM/DM,A,Olympiad archive,HBCSE Olympiad past papers,https://olympiads.hbcse.tifr.res.in/how-to-prepare/past-papers/,INMO 2021 – Solution,https://olympiads.hbcse.tifr.res.in/wp-content/uploads/2021/04/INMO_2021_solutions.pdf,PDF solution/answer,English/Hindi,Official mathematics and science Olympiad papers and solutions
India,EM/DM,EM/DM,A,Olympiad archive,HBCSE Olympiad past papers,https://olympiads.hbcse.tifr.res.in/how-to-prepare/past-papers/,IOQM 2020 -Questions,https://olympiads.hbcse.tifr.res.in/wp-content/uploads/2021/03/IOQM-question-paper.pdf,PDF paper/problem,English/Hindi,Official mathematics and science Olympiad papers and solutions
India,EM/DM,EM/DM,A,Olympiad archive,HBCSE Olympiad past papers,https://olympiads.hbcse.tifr.res.in/how-to-prepare/past-papers/,IOQM 2020 – Answer Key,https://olympiads.hbcse.tifr.res.in/wp-content/uploads/2021/03/IOQM2021Anskey.pdf,PDF solution/answer,English/Hindi,Official mathematics and science Olympiad papers and solutions
India,EM/DM,EM/DM,A,Olympiad archive,HBCSE Olympiad past papers,https://olympiads.hbcse.tifr.res.in/how-to-prepare/past-papers/,IOQM2021-22 Part A -Answer Key,https://olympiads.hbcse.tifr.res.in/wp-content/uploads/2022/07/IOQM-Part-A-answer-key-.pdf,PDF solution/answer,English/Hindi,Official mathematics and science Olympiad papers and solutions
India,EM/DM,EM/DM,A,Olympiad archive,HBCSE Olympiad past papers,https://olympiads.hbcse.tifr.res.in/how-to-prepare/past-papers/,IOQM2021-22 Part A -Question Paper,https://olympiads.hbcse.tifr.res.in/wp-content/uploads/2022/07/IOQM2021_partA_final.pdf,PDF paper/problem,English/Hindi,Official mathematics and science Olympiad papers and solutions
India,EM/DM,EM/DM,A,Olympiad archive,HBCSE Olympiad past papers,https://olympiads.hbcse.tifr.res.in/how-to-prepare/past-papers/,IOQM2021-22 Part B Questions & Solutions,https://olympiads.hbcse.tifr.res.in/wp-content/uploads/2022/07/Part_B_2022_Solutions_revised.pdf,PDF solution/answer,English/Hindi,Official mathematics and science Olympiad papers and solutions
India,EM/DM,EM/DM,A,Olympiad archive,HBCSE Olympiad past papers,https://olympiads.hbcse.tifr.res.in/how-to-prepare/past-papers/,IOQM2022-23 Question Paper & Answer Key,https://olympiads.hbcse.tifr.res.in/wp-content/uploads/2022/12/IOQM_22_finalversion_for_publish.pdf,PDF solution/answer,English/Hindi,Official mathematics and science Olympiad papers and solutions
India,EM/DM,EM/DM,B,Olympiad archive,HBCSE Olympiad past papers,https://olympiads.hbcse.tifr.res.in/how-to-prepare/past-papers/,Information Brochures,https://olympiads.hbcse.tifr.res.in/information-brochures/,HTML source/link,English/Hindi,Official mathematics and science Olympiad papers and solutions
India,EM/DM,EM/DM,B,Olympiad archive,HBCSE Olympiad past papers,https://olympiads.hbcse.tifr.res.in/how-to-prepare/past-papers/,Infosys Award Function,https://olympiads.hbcse.tifr.res.in/about-olympiads/infosys-award-function/,HTML source/link,English/Hindi,Official mathematics and science Olympiad papers and solutions
India,EM/DM,EM/DM,B,Olympiad archive,HBCSE Olympiad past papers,https://olympiads.hbcse.tifr.res.in/how-to-prepare/past-papers/,Infosys Award Function 2018,https://olympiads.hbcse.tifr.res.in/about-olympiads/infosys-award-function/infosys-award-function-2018/,HTML source/link,English/Hindi,Official mathematics and science Olympiad papers and solutions
India,EM/DM,EM/DM,A,Olympiad archive,HBCSE Olympiad past papers,https://olympiads.hbcse.tifr.res.in/how-to-prepare/past-papers/,Infosys Award Function 2019,https://olympiads.hbcse.tifr.res.in/wp-content/uploads/2021/12/infosys_broch_2019.pdf,PDF resource,English/Hindi,Official mathematics and science Olympiad papers and solutions
India,EM/DM,EM/DM,B,Olympiad archive,HBCSE Olympiad past papers,https://olympiads.hbcse.tifr.res.in/how-to-prepare/past-papers/,Infosys Award Function 2021,https://olympiads.hbcse.tifr.res.in/about-olympiads/infosys-award-function/infosys-award-function-2021/,HTML source/link,English/Hindi,Official mathematics and science Olympiad papers and solutions
India,EM/DM,EM/DM,B,Olympiad archive,HBCSE Olympiad past papers,https://olympiads.hbcse.tifr.res.in/how-to-prepare/past-papers/,Infosys Award Function 2022,https://olympiads.hbcse.tifr.res.in/about-olympiads/infosys-award-function/infosys-award-function-2022/,HTML source/link,English/Hindi,Official mathematics and science Olympiad papers and solutions
India,EM/DM,EM/DM,B,Olympiad archive,HBCSE Olympiad past papers,https://olympiads.hbcse.tifr.res.in/how-to-prepare/past-papers/,Infosys Award Function 2023,https://olympiads.hbcse.tifr.res.in/about-olympiads/infosys-award-function/infosys-award-function-2023/,HTML source/link,English/Hindi,Official mathematics and science Olympiad papers and solutions
India,EM/DM,EM/DM,B,Olympiad archive,HBCSE Olympiad past papers,https://olympiads.hbcse.tifr.res.in/how-to-prepare/past-papers/,Infosys Award Function 2024,https://olympiads.hbcse.tifr.res.in/about-olympiads/infosys-award-function/infosys-award-function-2024/,HTML source/link,English/Hindi,Official mathematics and science Olympiad papers and solutions
India,EM/DM,EM/DM,B,Olympiad archive,HBCSE Olympiad past papers,https://olympiads.hbcse.tifr.res.in/how-to-prepare/past-papers/,Infosys Award Function 2025,https://olympiads.hbcse.tifr.res.in/about-olympiads/infosys-award-function/infosys-award-function-2025/,HTML source/link,English/Hindi,Official mathematics and science Olympiad papers and solutions
India,EM/DM,EM/DM,B,Olympiad archive,HBCSE Olympiad past papers,https://olympiads.hbcse.tifr.res.in/how-to-prepare/past-papers/,Infosys Awards Function 2017,https://olympiads.hbcse.tifr.res.in/about-olympiads/infosys-award-function/infosys-award-function-2017/,HTML source/link,English/Hindi,Official mathematics and science Olympiad papers and solutions
India,EM/DM,EM/DM,B,Olympiad archive,HBCSE Olympiad past papers,https://olympiads.hbcse.tifr.res.in/how-to-prepare/past-papers/,KEY for PRMO 2017,https://olympiads.hbcse.tifr.res.in/key-for-prmo-2017/,HTML source/link,English/Hindi,Official mathematics and science Olympiad papers and solutions
India,EM/DM,EM/DM,A,Olympiad archive,HBCSE Olympiad past papers,https://olympiads.hbcse.tifr.res.in/how-to-prepare/past-papers/,KV & JNV – Answer Key,https://olympiads.hbcse.tifr.res.in/wp-content/uploads/2023/11/KV-n-JNV.pdf,PDF solution/answer,English/Hindi,Official mathematics and science Olympiad papers and solutions
India,EM/DM,EM/DM,A,Olympiad archive,HBCSE Olympiad past papers,https://olympiads.hbcse.tifr.res.in/how-to-prepare/past-papers/,KV-NVS RMO 2025 Solutions,https://olympiads.hbcse.tifr.res.in/wp-content/uploads/2025/12/KV-RMO-2025-solutions.pdf,PDF solution/answer,English/Hindi,Official mathematics and science Olympiad papers and solutions
India,EM/DM,EM/DM,B,Olympiad archive,HBCSE Olympiad past papers,https://olympiads.hbcse.tifr.res.in/how-to-prepare/past-papers/,Mathematical Olympiad 2025-2026,https://olympiads.hbcse.tifr.res.in/mathematical-olympiad-2025-2026/,HTML source/link,English/Hindi,Official mathematics and science Olympiad papers and solutions
India,EM/DM,EM/DM,B,Olympiad archive,HBCSE Olympiad past papers,https://olympiads.hbcse.tifr.res.in/how-to-prepare/past-papers/,Mathematical Olympiad 2026-2027,https://olympiads.hbcse.tifr.res.in/mathematical-olympiad-2026-2027/,HTML source/link,English/Hindi,Official mathematics and science Olympiad papers and solutions
India,EM/DM,EM/DM,A,Olympiad archive,HBCSE Olympiad past papers,https://olympiads.hbcse.tifr.res.in/how-to-prepare/past-papers/,Model Solutions,https://olympiads.hbcse.tifr.res.in/wp-content/uploads/2025/02/INAO-Solutions-20250221.pdf,PDF solution/answer,English/Hindi,Official mathematics and science Olympiad papers and solutions
India,EM/DM,EM/DM,A,Olympiad archive,HBCSE Olympiad past papers,https://olympiads.hbcse.tifr.res.in/how-to-prepare/past-papers/,Model Solutions,https://olympiads.hbcse.tifr.res.in/wp-content/uploads/2024/02/INAO2024-Solution-20240220.pdf,PDF solution/answer,English/Hindi,Official mathematics and science Olympiad papers and solutions
India,EM/DM,EM/DM,A,Olympiad archive,HBCSE Olympiad past papers,https://olympiads.hbcse.tifr.res.in/how-to-prepare/past-papers/,Model Solutions,https://olympiads.hbcse.tifr.res.in/wp-content/uploads/2023/02/INAO2023-Solution-20230215.pdf,PDF solution/answer,English/Hindi,Official mathematics and science Olympiad papers and solutions
India,EM/DM,EM/DM,A,Olympiad archive,HBCSE Olympiad past papers,https://olympiads.hbcse.tifr.res.in/how-to-prepare/past-papers/,Model Solutions,https://olympiads.hbcse.tifr.res.in/wp-content/uploads/2022/03/IOQA2022-PartII-Solutions-20220503.pdf,PDF solution/answer,English/Hindi,Official mathematics and science Olympiad papers and solutions
India,EM/DM,EM/DM,A,Olympiad archive,HBCSE Olympiad past papers,https://olympiads.hbcse.tifr.res.in/how-to-prepare/past-papers/,Model Solutions,https://olympiads.hbcse.tifr.res.in/wp-content/uploads/2021/02/IOQA2021-PartII-Solutions-20210217.pdf,PDF solution/answer,English/Hindi,Official mathematics and science Olympiad papers and solutions
India,EM/DM,EM/DM,A,Olympiad archive,HBCSE Olympiad past papers,https://olympiads.hbcse.tifr.res.in/how-to-prepare/past-papers/,Model Solutions,https://olympiads.hbcse.tifr.res.in/wp-content/uploads/2020/02/INAO2020-Solutions-20200220.pdf,PDF solution/answer,English/Hindi,Official mathematics and science Olympiad papers and solutions
India,EM/DM,EM/DM,A,Olympiad archive,HBCSE Olympiad past papers,https://olympiads.hbcse.tifr.res.in/how-to-prepare/past-papers/,Model Solutions,https://olympiads.hbcse.tifr.res.in/olympiads/wp-content/uploads/2018/05/INAO2019-Solution-20190219.pdf,PDF solution/answer,English/Hindi,Official mathematics and science Olympiad papers and solutions
India,EM/DM,EM/DM,A,Olympiad archive,HBCSE Olympiad past papers,https://olympiads.hbcse.tifr.res.in/how-to-prepare/past-papers/,Model Solutions,https://olympiads.hbcse.tifr.res.in/olympiads/wp-content/uploads/2017/09/INAO2018-Solution-20180213.pdf,PDF solution/answer,English/Hindi,Official mathematics and science Olympiad papers and solutions
India,EM/DM,EM/DM,A,Olympiad archive,HBCSE Olympiad past papers,https://olympiads.hbcse.tifr.res.in/how-to-prepare/past-papers/,Model Solutions,https://olympiads.hbcse.tifr.res.in/olympiads/wp-content/uploads/2017/02/INAO2017-Solution-20170215.pdf,PDF solution/answer,English/Hindi,Official mathematics and science Olympiad papers and solutions
India,EM/DM,EM/DM,A,Olympiad archive,HBCSE Olympiad past papers,https://olympiads.hbcse.tifr.res.in/how-to-prepare/past-papers/,Model Solutions,https://olympiads.hbcse.tifr.res.in/olympiads/wp-content/uploads/2016/09/inao2016-Q-S.pdf,PDF solution/answer,English/Hindi,Official mathematics and science Olympiad papers and solutions
India,EM/DM,EM/DM,A,Olympiad archive,HBCSE Olympiad past papers,https://olympiads.hbcse.tifr.res.in/how-to-prepare/past-papers/,Model Solutions,https://olympiads.hbcse.tifr.res.in/olympiads/wp-content/uploads/2016/09/inao2015-Q-S.pdf,PDF solution/answer,English/Hindi,Official mathematics and science Olympiad papers and solutions
India,EM/DM,EM/DM,A,Olympiad archive,HBCSE Olympiad past papers,https://olympiads.hbcse.tifr.res.in/how-to-prepare/past-papers/,Model Solutions,https://olympiads.hbcse.tifr.res.in/olympiads/wp-content/uploads/2016/09/inao2014-Q-S.pdf,PDF solution/answer,English/Hindi,Official mathematics and science Olympiad papers and solutions
India,EM/DM,EM/DM,A,Olympiad archive,HBCSE Olympiad past papers,https://olympiads.hbcse.tifr.res.in/how-to-prepare/past-papers/,Model Solutions,https://olympiads.hbcse.tifr.res.in/olympiads/wp-content/uploads/2016/09/inao2012-Q-S.pdf,PDF solution/answer,English/Hindi,Official mathematics and science Olympiad papers and solutions
India,EM/DM,EM/DM,A,Olympiad archive,HBCSE Olympiad past papers,https://olympiads.hbcse.tifr.res.in/how-to-prepare/past-papers/,Model Solutions,https://olympiads.hbcse.tifr.res.in/olympiads/wp-content/uploads/2016/09/inao2011-Q-S.pdf,PDF solution/answer,English/Hindi,Official mathematics and science Olympiad papers and solutions
India,EM/DM,EM/DM,A,Olympiad archive,HBCSE Olympiad past papers,https://olympiads.hbcse.tifr.res.in/how-to-prepare/past-papers/,Model Solutions,https://olympiads.hbcse.tifr.res.in/olympiads/wp-content/uploads/2016/09/inaoSr2010-S.pdf,PDF solution/answer,English/Hindi,Official mathematics and science Olympiad papers and solutions
India,EM/DM,EM/DM,A,Olympiad archive,HBCSE Olympiad past papers,https://olympiads.hbcse.tifr.res.in/how-to-prepare/past-papers/,Model Solutions,https://olympiads.hbcse.tifr.res.in/olympiads/wp-content/uploads/2016/09/inaoJr2010-S.pdf,PDF solution/answer,English/Hindi,Official mathematics and science Olympiad papers and solutions
India,EM/DM,EM/DM,A,Olympiad archive,HBCSE Olympiad past papers,https://olympiads.hbcse.tifr.res.in/how-to-prepare/past-papers/,Model Solutions,https://olympiads.hbcse.tifr.res.in/olympiads/wp-content/uploads/2016/09/inaoSr2009-S.pdf,PDF solution/answer,English/Hindi,Official mathematics and science Olympiad papers and solutions
India,EM/DM,EM/DM,A,Olympiad archive,HBCSE Olympiad past papers,https://olympiads.hbcse.tifr.res.in/how-to-prepare/past-papers/,Model Solutions,https://olympiads.hbcse.tifr.res.in/olympiads/wp-content/uploads/2016/09/inaoJr2009-S.pdf,PDF solution/answer,English/Hindi,Official mathematics and science Olympiad papers and solutions
India,EM/DM,EM/DM,A,Olympiad archive,HBCSE Olympiad past papers,https://olympiads.hbcse.tifr.res.in/how-to-prepare/past-papers/,Model Solutions,https://olympiads.hbcse.tifr.res.in/olympiads/wp-content/uploads/2016/09/inaoSr2008-Q-S.pdf,PDF solution/answer,English/Hindi,Official mathematics and science Olympiad papers and solutions
India,EM/DM,EM/DM,A,Olympiad archive,HBCSE Olympiad past papers,https://olympiads.hbcse.tifr.res.in/how-to-prepare/past-papers/,Model Solutions,https://olympiads.hbcse.tifr.res.in/wp-content/uploads/2025/02/INBO2025-Solution-20250219.pdf,PDF solution/answer,English/Hindi,Official mathematics and science Olympiad papers and solutions
India,EM/DM,EM/DM,A,Olympiad archive,HBCSE Olympiad past papers,https://olympiads.hbcse.tifr.res.in/how-to-prepare/past-papers/,Model Solutions,https://olympiads.hbcse.tifr.res.in/wp-content/uploads/2024/02/INBO2024-Solution-20240220.pdf,PDF solution/answer,English/Hindi,Official mathematics and science Olympiad papers and solutions
India,EM/DM,EM/DM,A,Olympiad archive,HBCSE Olympiad past papers,https://olympiads.hbcse.tifr.res.in/how-to-prepare/past-papers/,Model Solutions,https://olympiads.hbcse.tifr.res.in/wp-content/uploads/2023/02/INBO2023-Solutions-20230215.pdf,PDF solution/answer,English/Hindi,Official mathematics and science Olympiad papers and solutions
India,EM/DM,EM/DM,A,Olympiad archive,HBCSE Olympiad past papers,https://olympiads.hbcse.tifr.res.in/how-to-prepare/past-papers/,Model Solutions,https://olympiads.hbcse.tifr.res.in/wp-content/uploads/2022/03/IOQB2022-PartII-Solutions-20220503.pdf,PDF solution/answer,English/Hindi,Official mathematics and science Olympiad papers and solutions
India,EM/DM,EM/DM,A,Olympiad archive,HBCSE Olympiad past papers,https://olympiads.hbcse.tifr.res.in/how-to-prepare/past-papers/,Model Solutions,https://olympiads.hbcse.tifr.res.in/wp-content/uploads/2021/02/IOQB2021-PartII-Solutions-20210217.pdf,PDF solution/answer,English/Hindi,Official mathematics and science Olympiad papers and solutions
India,EM/DM,EM/DM,A,Olympiad archive,HBCSE Olympiad past papers,https://olympiads.hbcse.tifr.res.in/how-to-prepare/past-papers/,Model Solutions,https://olympiads.hbcse.tifr.res.in/wp-content/uploads/2020/02/INBO2020-Solutions-20200220.pdf,PDF solution/answer,English/Hindi,Official mathematics and science Olympiad papers and solutions
India,EM/DM,EM/DM,A,Olympiad archive,HBCSE Olympiad past papers,https://olympiads.hbcse.tifr.res.in/how-to-prepare/past-papers/,Model Solutions,https://olympiads.hbcse.tifr.res.in/olympiads/wp-content/uploads/2018/05/INBO-Solution-20190219.pdf,PDF solution/answer,English/Hindi,Official mathematics and science Olympiad papers and solutions
India,EM/DM,EM/DM,A,Olympiad archive,HBCSE Olympiad past papers,https://olympiads.hbcse.tifr.res.in/how-to-prepare/past-papers/,Model Solutions,https://olympiads.hbcse.tifr.res.in/olympiads/wp-content/uploads/2017/09/INBO2018-Solution-20180213.pdf,PDF solution/answer,English/Hindi,Official mathematics and science Olympiad papers and solutions
India,EM/DM,EM/DM,A,Olympiad archive,HBCSE Olympiad past papers,https://olympiads.hbcse.tifr.res.in/how-to-prepare/past-papers/,Model Solutions,https://olympiads.hbcse.tifr.res.in/olympiads/wp-content/uploads/2017/02/INBO2017-Solution-20170215.pdf,PDF solution/answer,English/Hindi,Official mathematics and science Olympiad papers and solutions
India,EM/DM,EM/DM,A,Olympiad archive,HBCSE Olympiad past papers,https://olympiads.hbcse.tifr.res.in/how-to-prepare/past-papers/,Model Solutions,https://olympiads.hbcse.tifr.res.in/olympiads/wp-content/uploads/2016/09/inbo2016-S.pdf,PDF solution/answer,English/Hindi,Official mathematics and science Olympiad papers and solutions
India,EM/DM,EM/DM,A,Olympiad archive,HBCSE Olympiad past papers,https://olympiads.hbcse.tifr.res.in/how-to-prepare/past-papers/,Model Solutions,https://olympiads.hbcse.tifr.res.in/olympiads/wp-content/uploads/2016/09/inbo2015-S.pdf,PDF solution/answer,English/Hindi,Official mathematics and science Olympiad papers and solutions
India,EM/DM,EM/DM,A,Olympiad archive,HBCSE Olympiad past papers,https://olympiads.hbcse.tifr.res.in/how-to-prepare/past-papers/,Model Solutions,https://olympiads.hbcse.tifr.res.in/olympiads/wp-content/uploads/2016/09/inbo2014-S.pdf,PDF solution/answer,English/Hindi,Official mathematics and science Olympiad papers and solutions
India,EM/DM,EM/DM,A,Olympiad archive,HBCSE Olympiad past papers,https://olympiads.hbcse.tifr.res.in/how-to-prepare/past-papers/,Model Solutions,https://olympiads.hbcse.tifr.res.in/olympiads/wp-content/uploads/2016/09/inbo2013-S.pdf,PDF solution/answer,English/Hindi,Official mathematics and science Olympiad papers and solutions
India,EM/DM,EM/DM,A,Olympiad archive,HBCSE Olympiad past papers,https://olympiads.hbcse.tifr.res.in/how-to-prepare/past-papers/,Model Solutions,https://olympiads.hbcse.tifr.res.in/olympiads/wp-content/uploads/2016/09/inbo2012-S.pdf,PDF solution/answer,English/Hindi,Official mathematics and science Olympiad papers and solutions
India,EM/DM,EM/DM,A,Olympiad archive,HBCSE Olympiad past papers,https://olympiads.hbcse.tifr.res.in/how-to-prepare/past-papers/,Model Solutions,https://olympiads.hbcse.tifr.res.in/olympiads/wp-content/uploads/2016/08/Answerkey-INBO-2011.pdf,PDF solution/answer,English/Hindi,Official mathematics and science Olympiad papers and solutions
India,EM/DM,EM/DM,A,Olympiad archive,HBCSE Olympiad past papers,https://olympiads.hbcse.tifr.res.in/how-to-prepare/past-papers/,Model Solutions,https://olympiads.hbcse.tifr.res.in/olympiads/wp-content/uploads/2016/09/inbo2010-S.pdf,PDF solution/answer,English/Hindi,Official mathematics and science Olympiad papers and solutions
India,EM/DM,EM/DM,A,Olympiad archive,HBCSE Olympiad past papers,https://olympiads.hbcse.tifr.res.in/how-to-prepare/past-papers/,Model Solutions,https://olympiads.hbcse.tifr.res.in/olympiads/wp-content/uploads/2016/09/inbo2009-S.pdf,PDF solution/answer,English/Hindi,Official mathematics and science Olympiad papers and solutions
India,EM/DM,EM/DM,A,Olympiad archive,HBCSE Olympiad past papers,https://olympiads.hbcse.tifr.res.in/how-to-prepare/past-papers/,Model Solutions,https://olympiads.hbcse.tifr.res.in/wp-content/uploads/2025/02/INChO2025-Solution-20250219.pdf,PDF solution/answer,English/Hindi,Official mathematics and science Olympiad papers and solutions
India,EM/DM,EM/DM,A,Olympiad archive,HBCSE Olympiad past papers,https://olympiads.hbcse.tifr.res.in/how-to-prepare/past-papers/,Model Solutions,https://olympiads.hbcse.tifr.res.in/wp-content/uploads/2024/02/INChO2024-Solution-20240220.pdf,PDF solution/answer,English/Hindi,Official mathematics and science Olympiad papers and solutions
India,EM/DM,EM/DM,A,Olympiad archive,HBCSE Olympiad past papers,https://olympiads.hbcse.tifr.res.in/how-to-prepare/past-papers/,Model Solutions,https://olympiads.hbcse.tifr.res.in/wp-content/uploads/2023/03/INChO2023-Solution-20230215.pdf,PDF solution/answer,English/Hindi,Official mathematics and science Olympiad papers and solutions
India,EM/DM,EM/DM,A,Olympiad archive,HBCSE Olympiad past papers,https://olympiads.hbcse.tifr.res.in/how-to-prepare/past-papers/,Model Solutions,https://olympiads.hbcse.tifr.res.in/wp-content/uploads/2022/03/IOQC2022-PartII-Solutions-20220503.pdf,PDF solution/answer,English/Hindi,Official mathematics and science Olympiad papers and solutions
India,EM/DM,EM/DM,A,Olympiad archive,HBCSE Olympiad past papers,https://olympiads.hbcse.tifr.res.in/how-to-prepare/past-papers/,Model Solutions,https://olympiads.hbcse.tifr.res.in/wp-content/uploads/2021/04/IOQC2021-PartII-Solutions-20210413.pdf,PDF solution/answer,English/Hindi,Official mathematics and science Olympiad papers and solutions
India,EM/DM,EM/DM,A,Olympiad archive,HBCSE Olympiad past papers,https://olympiads.hbcse.tifr.res.in/how-to-prepare/past-papers/,Model Solutions,https://olympiads.hbcse.tifr.res.in/wp-content/uploads/2020/02/INChO2020-Solutions-20200220.pdf,PDF solution/answer,English/Hindi,Official mathematics and science Olympiad papers and solutions
India,EM/DM,EM/DM,A,Olympiad archive,HBCSE Olympiad past papers,https://olympiads.hbcse.tifr.res.in/how-to-prepare/past-papers/,Model Solutions,https://olympiads.hbcse.tifr.res.in/olympiads/wp-content/uploads/2018/05/INChO2019-Solution-20190219.pdf,PDF solution/answer,English/Hindi,Official mathematics and science Olympiad papers and solutions
India,EM/DM,EM/DM,A,Olympiad archive,HBCSE Olympiad past papers,https://olympiads.hbcse.tifr.res.in/how-to-prepare/past-papers/,Model Solutions,https://olympiads.hbcse.tifr.res.in/olympiads/wp-content/uploads/2017/09/INChO2018-Solution-20180213.pdf,PDF solution/answer,English/Hindi,Official mathematics and science Olympiad papers and solutions
India,EM/DM,EM/DM,A,Olympiad archive,HBCSE Olympiad past papers,https://olympiads.hbcse.tifr.res.in/how-to-prepare/past-papers/,Model Solutions,https://olympiads.hbcse.tifr.res.in/olympiads/wp-content/uploads/2017/02/INChO2017-Solution-20170215.pdf,PDF solution/answer,English/Hindi,Official mathematics and science Olympiad papers and solutions
India,EM/DM,EM/DM,A,Olympiad archive,HBCSE Olympiad past papers,https://olympiads.hbcse.tifr.res.in/how-to-prepare/past-papers/,Model Solutions,https://olympiads.hbcse.tifr.res.in/olympiads/wp-content/uploads/2017/01/Frozen-solutions-INChO-2016.pdf,PDF solution/answer,English/Hindi,Official mathematics and science Olympiad papers and solutions
India,EM/DM,EM/DM,A,Olympiad archive,HBCSE Olympiad past papers,https://olympiads.hbcse.tifr.res.in/how-to-prepare/past-papers/,Model Solutions,https://olympiads.hbcse.tifr.res.in/olympiads/wp-content/uploads/2016/09/incho2015-S.pdf,PDF solution/answer,English/Hindi,Official mathematics and science Olympiad papers and solutions
India,EM/DM,EM/DM,A,Olympiad archive,HBCSE Olympiad past papers,https://olympiads.hbcse.tifr.res.in/how-to-prepare/past-papers/,Model Solutions,https://olympiads.hbcse.tifr.res.in/olympiads/wp-content/uploads/2016/09/incho2014-S.pdf,PDF solution/answer,English/Hindi,Official mathematics and science Olympiad papers and solutions
India,EM/DM,EM/DM,A,Olympiad archive,HBCSE Olympiad past papers,https://olympiads.hbcse.tifr.res.in/how-to-prepare/past-papers/,Model Solutions,https://olympiads.hbcse.tifr.res.in/olympiads/wp-content/uploads/2016/09/incho2013-S.pdf,PDF solution/answer,English/Hindi,Official mathematics and science Olympiad papers and solutions
India,EM/DM,EM/DM,A,Olympiad archive,HBCSE Olympiad past papers,https://olympiads.hbcse.tifr.res.in/how-to-prepare/past-papers/,Model Solutions,https://olympiads.hbcse.tifr.res.in/olympiads/wp-content/uploads/2016/09/incho2012-S.pdf,PDF solution/answer,English/Hindi,Official mathematics and science Olympiad papers and solutions
India,EM/DM,EM/DM,A,Olympiad archive,HBCSE Olympiad past papers,https://olympiads.hbcse.tifr.res.in/how-to-prepare/past-papers/,Model Solutions,https://olympiads.hbcse.tifr.res.in/olympiads/wp-content/uploads/2017/01/Frozen-solutions-INChO-2011.pdf,PDF solution/answer,English/Hindi,Official mathematics and science Olympiad papers and solutions
India,EM/DM,EM/DM,A,Olympiad archive,HBCSE Olympiad past papers,https://olympiads.hbcse.tifr.res.in/how-to-prepare/past-papers/,Model Solutions,https://olympiads.hbcse.tifr.res.in/olympiads/wp-content/uploads/2016/09/incho2010-S.pdf,PDF solution/answer,English/Hindi,Official mathematics and science Olympiad papers and solutions
India,EM/DM,EM/DM,A,Olympiad archive,HBCSE Olympiad past papers,https://olympiads.hbcse.tifr.res.in/how-to-prepare/past-papers/,Model Solutions,https://olympiads.hbcse.tifr.res.in/olympiads/wp-content/uploads/2016/09/incho2009-S.pdf,PDF solution/answer,English/Hindi,Official mathematics and science Olympiad papers and solutions
India,EM/DM,EM/DM,A,Olympiad archive,HBCSE Olympiad past papers,https://olympiads.hbcse.tifr.res.in/how-to-prepare/past-papers/,Model Solutions,https://olympiads.hbcse.tifr.res.in/olympiads/wp-content/uploads/2017/01/Solutions-INChO-2008.pdf,PDF solution/answer,English/Hindi,Official mathematics and science Olympiad papers and solutions
India,EM/DM,EM/DM,A,Olympiad archive,HBCSE Olympiad past papers,https://olympiads.hbcse.tifr.res.in/how-to-prepare/past-papers/,Model Solutions,https://olympiads.hbcse.tifr.res.in/wp-content/uploads/2023/02/INJSO2023-Solution-20230215.pdf,PDF solution/answer,English/Hindi,Official mathematics and science Olympiad papers and solutions
India,EM/DM,EM/DM,A,Olympiad archive,HBCSE Olympiad past papers,https://olympiads.hbcse.tifr.res.in/how-to-prepare/past-papers/,Model Solutions,https://olympiads.hbcse.tifr.res.in/wp-content/uploads/2022/03/IOQJS2022-PartII-Solutions-20220503.pdf,PDF solution/answer,English/Hindi,Official mathematics and science Olympiad papers and solutions
India,EM/DM,EM/DM,A,Olympiad archive,HBCSE Olympiad past papers,https://olympiads.hbcse.tifr.res.in/how-to-prepare/past-papers/,Model Solutions,https://olympiads.hbcse.tifr.res.in/wp-content/uploads/2021/01/IOQJS2021-PartII-Solutions-20210128.pdf,PDF solution/answer,English/Hindi,Official mathematics and science Olympiad papers and solutions
India,EM/DM,EM/DM,A,Olympiad archive,HBCSE Olympiad past papers,https://olympiads.hbcse.tifr.res.in/how-to-prepare/past-papers/,Model Solutions,https://olympiads.hbcse.tifr.res.in/wp-content/uploads/2020/02/INJSO2020-Solutions-20200220.pdf,PDF solution/answer,English/Hindi,Official mathematics and science Olympiad papers and solutions
India,EM/DM,EM/DM,A,Olympiad archive,HBCSE Olympiad past papers,https://olympiads.hbcse.tifr.res.in/how-to-prepare/past-papers/,Model Solutions,https://olympiads.hbcse.tifr.res.in/olympiads/wp-content/uploads/2018/05/INJSO-Solution-20190219.pdf,PDF solution/answer,English/Hindi,Official mathematics and science Olympiad papers and solutions
India,EM/DM,EM/DM,A,Olympiad archive,HBCSE Olympiad past papers,https://olympiads.hbcse.tifr.res.in/how-to-prepare/past-papers/,Model Solutions,https://olympiads.hbcse.tifr.res.in/olympiads/wp-content/uploads/2017/09/INJSO2018-Solution-20180228.pdf,PDF solution/answer,English/Hindi,Official mathematics and science Olympiad papers and solutions
India,EM/DM,EM/DM,A,Olympiad archive,HBCSE Olympiad past papers,https://olympiads.hbcse.tifr.res.in/how-to-prepare/past-papers/,Model Solutions,https://olympiads.hbcse.tifr.res.in/olympiads/wp-content/uploads/2017/02/INJSO2017-Solution-20170215.pdf,PDF solution/answer,English/Hindi,Official mathematics and science Olympiad papers and solutions
India,EM/DM,EM/DM,A,Olympiad archive,HBCSE Olympiad past papers,https://olympiads.hbcse.tifr.res.in/how-to-prepare/past-papers/,Model Solutions,https://olympiads.hbcse.tifr.res.in/olympiads/wp-content/uploads/2016/09/injso2016-S.pdf,PDF solution/answer,English/Hindi,Official mathematics and science Olympiad papers and solutions
India,EM/DM,EM/DM,A,Olympiad archive,HBCSE Olympiad past papers,https://olympiads.hbcse.tifr.res.in/how-to-prepare/past-papers/,Model Solutions,https://olympiads.hbcse.tifr.res.in/olympiads/wp-content/uploads/2016/09/injso2015-S.pdf,PDF solution/answer,English/Hindi,Official mathematics and science Olympiad papers and solutions
India,EM/DM,EM/DM,A,Olympiad archive,HBCSE Olympiad past papers,https://olympiads.hbcse.tifr.res.in/how-to-prepare/past-papers/,Model Solutions,https://olympiads.hbcse.tifr.res.in/olympiads/wp-content/uploads/2016/09/injso2014-S.pdf,PDF solution/answer,English/Hindi,Official mathematics and science Olympiad papers and solutions
India,EM/DM,EM/DM,A,Olympiad archive,HBCSE Olympiad past papers,https://olympiads.hbcse.tifr.res.in/how-to-prepare/past-papers/,Model Solutions,https://olympiads.hbcse.tifr.res.in/olympiads/wp-content/uploads/2016/09/injso2013-S.pdf,PDF solution/answer,English/Hindi,Official mathematics and science Olympiad papers and solutions
India,EM/DM,EM/DM,A,Olympiad archive,HBCSE Olympiad past papers,https://olympiads.hbcse.tifr.res.in/how-to-prepare/past-papers/,Model Solutions,https://olympiads.hbcse.tifr.res.in/olympiads/wp-content/uploads/2016/09/injso2012-S.pdf,PDF solution/answer,English/Hindi,Official mathematics and science Olympiad papers and solutions
India,EM/DM,EM/DM,A,Olympiad archive,HBCSE Olympiad past papers,https://olympiads.hbcse.tifr.res.in/how-to-prepare/past-papers/,Model Solutions,https://olympiads.hbcse.tifr.res.in/olympiads/wp-content/uploads/2016/09/injso2011-S.pdf,PDF solution/answer,English/Hindi,Official mathematics and science Olympiad papers and solutions
India,EM/DM,EM/DM,A,Olympiad archive,HBCSE Olympiad past papers,https://olympiads.hbcse.tifr.res.in/how-to-prepare/past-papers/,Model Solutions,https://olympiads.hbcse.tifr.res.in/olympiads/wp-content/uploads/2016/09/injso2010-S.pdf,PDF solution/answer,English/Hindi,Official mathematics and science Olympiad papers and solutions
India,EM/DM,EM/DM,A,Olympiad archive,HBCSE Olympiad past papers,https://olympiads.hbcse.tifr.res.in/how-to-prepare/past-papers/,Model Solutions,https://olympiads.hbcse.tifr.res.in/olympiads/wp-content/uploads/2016/09/injso2009-S.pdf,PDF solution/answer,English/Hindi,Official mathematics and science Olympiad papers and solutions
India,EM/DM,EM/DM,A,Olympiad archive,HBCSE Olympiad past papers,https://olympiads.hbcse.tifr.res.in/how-to-prepare/past-papers/,Model Solutions,https://olympiads.hbcse.tifr.res.in/wp-content/uploads/2025/02/INPhO2025-Solution-20250219.pdf,PDF solution/answer,English/Hindi,Official mathematics and science Olympiad papers and solutions
India,EM/DM,EM/DM,A,Olympiad archive,HBCSE Olympiad past papers,https://olympiads.hbcse.tifr.res.in/how-to-prepare/past-papers/,Model Solutions,https://olympiads.hbcse.tifr.res.in/wp-content/uploads/2024/02/INPhO2024-Solution-20240220.pdf,PDF solution/answer,English/Hindi,Official mathematics and science Olympiad papers and solutions
India,EM/DM,EM/DM,A,Olympiad archive,HBCSE Olympiad past papers,https://olympiads.hbcse.tifr.res.in/how-to-prepare/past-papers/,Model Solutions,https://olympiads.hbcse.tifr.res.in/wp-content/uploads/2023/02/INPhO2023-Solution-20230215.pdf,PDF solution/answer,English/Hindi,Official mathematics and science Olympiad papers and solutions
India,EM/DM,EM/DM,A,Olympiad archive,HBCSE Olympiad past papers,https://olympiads.hbcse.tifr.res.in/how-to-prepare/past-papers/,Model Solutions,https://olympiads.hbcse.tifr.res.in/wp-content/uploads/2022/03/IOQP2022-PartII-Solutions-20220503.pdf,PDF solution/answer,English/Hindi,Official mathematics and science Olympiad papers and solutions
India,EM/DM,EM/DM,A,Olympiad archive,HBCSE Olympiad past papers,https://olympiads.hbcse.tifr.res.in/how-to-prepare/past-papers/,Model Solutions,https://olympiads.hbcse.tifr.res.in/wp-content/uploads/2021/02/IOQP2021-PartII-Solutions-20210217.pdf,PDF solution/answer,English/Hindi,Official mathematics and science Olympiad papers and solutions
India,EM/DM,EM/DM,A,Olympiad archive,HBCSE Olympiad past papers,https://olympiads.hbcse.tifr.res.in/how-to-prepare/past-papers/,Model Solutions,https://olympiads.hbcse.tifr.res.in/wp-content/uploads/2020/03/INPHO2020-Solutions-20200220.pdf,PDF solution/answer,English/Hindi,Official mathematics and science Olympiad papers and solutions
India,EM/DM,EM/DM,A,Olympiad archive,HBCSE Olympiad past papers,https://olympiads.hbcse.tifr.res.in/how-to-prepare/past-papers/,Model Solutions,https://olympiads.hbcse.tifr.res.in/olympiads/wp-content/uploads/2018/05/INPhO2019-Solution-20190219.pdf,PDF solution/answer,English/Hindi,Official mathematics and science Olympiad papers and solutions
India,EM/DM,EM/DM,A,Olympiad archive,HBCSE Olympiad past papers,https://olympiads.hbcse.tifr.res.in/how-to-prepare/past-papers/,Model Solutions,https://olympiads.hbcse.tifr.res.in/olympiads/wp-content/uploads/2017/09/INPhO2018-Solution-20180213.pdf,PDF solution/answer,English/Hindi,Official mathematics and science Olympiad papers and solutions
India,EM/DM,EM/DM,A,Olympiad archive,HBCSE Olympiad past papers,https://olympiads.hbcse.tifr.res.in/how-to-prepare/past-papers/,Model Solutions,https://olympiads.hbcse.tifr.res.in/olympiads/wp-content/uploads/2016/09/inpho2013-S.pdf,PDF solution/answer,English/Hindi,Official mathematics and science Olympiad papers and solutions
India,EM/DM,EM/DM,A,Olympiad archive,HBCSE Olympiad past papers,https://olympiads.hbcse.tifr.res.in/how-to-prepare/past-papers/,Model Solutions,https://olympiads.hbcse.tifr.res.in/olympiads/wp-content/uploads/2016/09/inpho2012-S.pdf,PDF solution/answer,English/Hindi,Official mathematics and science Olympiad papers and solutions
India,EM/DM,EM/DM,A,Olympiad archive,HBCSE Olympiad past papers,https://olympiads.hbcse.tifr.res.in/how-to-prepare/past-papers/,Model Solutions,https://olympiads.hbcse.tifr.res.in/olympiads/wp-content/uploads/2016/09/inpho2010-S.pdf,PDF solution/answer,English/Hindi,Official mathematics and science Olympiad papers and solutions
India,EM/DM,EM/DM,A,Olympiad archive,HBCSE Olympiad past papers,https://olympiads.hbcse.tifr.res.in/how-to-prepare/past-papers/,Model Solutions,https://olympiads.hbcse.tifr.res.in/olympiads/wp-content/uploads/2016/09/inpho2009-S.pdf,PDF solution/answer,English/Hindi,Official mathematics and science Olympiad papers and solutions
India,EM/DM,EM/DM,A,Olympiad archive,HBCSE Olympiad past papers,https://olympiads.hbcse.tifr.res.in/how-to-prepare/past-papers/,Non – KV & Non JNV – Answer Key,https://olympiads.hbcse.tifr.res.in/wp-content/uploads/2023/11/NonKV-or-Non-JNV.pdf,PDF solution/answer,English/Hindi,Official mathematics and science Olympiad papers and solutions
India,EM/DM,EM/DM,B,Olympiad archive,HBCSE Olympiad past papers,https://olympiads.hbcse.tifr.res.in/how-to-prepare/past-papers/,Olympiad Books,https://olympiads.hbcse.tifr.res.in/how-to-prepare/olympiad-books/,HTML source/link,English/Hindi,Official mathematics and science Olympiad papers and solutions
India,EM/DM,EM/DM,B,Olympiad archive,HBCSE Olympiad past papers,https://olympiads.hbcse.tifr.res.in/how-to-prepare/past-papers/,Olympiads,https://olympiads.hbcse.tifr.res.in/,HTML source/link,English/Hindi,Official mathematics and science Olympiad papers and solutions
India,EM/DM,EM/DM,B,Olympiad archive,HBCSE Olympiad past papers,https://olympiads.hbcse.tifr.res.in/how-to-prepare/past-papers/,Olympiads 2025-2026,https://olympiads.hbcse.tifr.res.in/olympiads-2025-2026/,HTML source/link,English/Hindi,Official mathematics and science Olympiad papers and solutions
India,EM/DM,EM/DM,B,Olympiad archive,HBCSE Olympiad past papers,https://olympiads.hbcse.tifr.res.in/how-to-prepare/past-papers/,Olympiads 2026-2027,https://olympiads.hbcse.tifr.res.in/olympiads-2026-2027/,HTML source/link,English/Hindi,Official mathematics and science Olympiad papers and solutions
India,EM/DM,EM/DM,A,Olympiad archive,HBCSE Olympiad past papers,https://olympiads.hbcse.tifr.res.in/how-to-prepare/past-papers/,PRMO 2012,https://olympiads.hbcse.tifr.res.in/olympiads/wp-content/uploads/2016/09/prermo2012.pdf,PDF resource,English/Hindi,Official mathematics and science Olympiad papers and solutions
India,EM/DM,EM/DM,A,Olympiad archive,HBCSE Olympiad past papers,https://olympiads.hbcse.tifr.res.in/how-to-prepare/past-papers/,PRMO 2013,https://olympiads.hbcse.tifr.res.in/olympiads/wp-content/uploads/2016/09/prermo2013.pdf,PDF resource,English/Hindi,Official mathematics and science Olympiad papers and solutions
India,EM/DM,EM/DM,A,Olympiad archive,HBCSE Olympiad past papers,https://olympiads.hbcse.tifr.res.in/how-to-prepare/past-papers/,PRMO 2014,https://olympiads.hbcse.tifr.res.in/olympiads/wp-content/uploads/2016/09/prermo2014.pdf,PDF resource,English/Hindi,Official mathematics and science Olympiad papers and solutions
India,EM/DM,EM/DM,A,Olympiad archive,HBCSE Olympiad past papers,https://olympiads.hbcse.tifr.res.in/how-to-prepare/past-papers/,PRMO 2018 Question Paper,https://olympiads.hbcse.tifr.res.in/olympiads/wp-content/uploads/2018/08/PRMO18_Question_Paper.pdf,PDF paper/problem,English/Hindi,Official mathematics and science Olympiad papers and solutions
India,EM/DM,EM/DM,A,Olympiad archive,HBCSE Olympiad past papers,https://olympiads.hbcse.tifr.res.in/how-to-prepare/past-papers/,PRMO 2019 Question Paper,https://olympiads.hbcse.tifr.res.in/wp-content/uploads/2019/08/PRMO-2019-Question-Paper.pdf,PDF paper/problem,English/Hindi,Official mathematics and science Olympiad papers and solutions
India,EM/DM,EM/DM,A,Olympiad archive,HBCSE Olympiad past papers,https://olympiads.hbcse.tifr.res.in/how-to-prepare/past-papers/,PRMO question paper 2017,https://olympiads.hbcse.tifr.res.in/olympiads/wp-content/uploads/2017/08/prmo2017.pdf,PDF paper/problem,English/Hindi,Official mathematics and science Olympiad papers and solutions
India,EM/DM,EM/DM,B,Olympiad archive,HBCSE Olympiad past papers,https://olympiads.hbcse.tifr.res.in/how-to-prepare/past-papers/,People,https://olympiads.hbcse.tifr.res.in/about-olympiads/people/,HTML source/link,English/Hindi,Official mathematics and science Olympiad papers and solutions
India,EM/DM,EM/DM,B,Olympiad archive,HBCSE Olympiad past papers,https://olympiads.hbcse.tifr.res.in/how-to-prepare/past-papers/,Performance,https://olympiads.hbcse.tifr.res.in/about-olympiads/performance/,HTML source/link,English/Hindi,Official mathematics and science Olympiad papers and solutions
India,EM/DM,EM/DM,A,Olympiad archive,HBCSE Olympiad past papers,https://olympiads.hbcse.tifr.res.in/how-to-prepare/past-papers/,QP (English),https://olympiads.hbcse.tifr.res.in/wp-content/uploads/2025/02/INAO2025-Question.pdf,PDF paper/problem,English/Hindi,Official mathematics and science Olympiad papers and solutions
India,EM/DM,EM/DM,A,Olympiad archive,HBCSE Olympiad past papers,https://olympiads.hbcse.tifr.res.in/how-to-prepare/past-papers/,QP (English),https://olympiads.hbcse.tifr.res.in/wp-content/uploads/2024/02/INAO2024-Question.pdf,PDF paper/problem,English/Hindi,Official mathematics and science Olympiad papers and solutions
India,EM/DM,EM/DM,A,Olympiad archive,HBCSE Olympiad past papers,https://olympiads.hbcse.tifr.res.in/how-to-prepare/past-papers/,QP (English),https://olympiads.hbcse.tifr.res.in/wp-content/uploads/2023/01/INAO2023-Question.pdf,PDF paper/problem,English/Hindi,Official mathematics and science Olympiad papers and solutions
India,EM/DM,EM/DM,A,Olympiad archive,HBCSE Olympiad past papers,https://olympiads.hbcse.tifr.res.in/how-to-prepare/past-papers/,QP (English),https://olympiads.hbcse.tifr.res.in/wp-content/uploads/2022/03/IOQA2022-PartII-Questions-en.pdf,PDF paper/problem,English/Hindi,Official mathematics and science Olympiad papers and solutions
India,EM/DM,EM/DM,A,Olympiad archive,HBCSE Olympiad past papers,https://olympiads.hbcse.tifr.res.in/how-to-prepare/past-papers/,QP (English),https://olympiads.hbcse.tifr.res.in/wp-content/uploads/2021/02/IOQA2021-PartII-Questions-en.pdf,PDF paper/problem,English/Hindi,Official mathematics and science Olympiad papers and solutions
India,EM/DM,EM/DM,A,Olympiad archive,HBCSE Olympiad past papers,https://olympiads.hbcse.tifr.res.in/how-to-prepare/past-papers/,QP (English),https://olympiads.hbcse.tifr.res.in/wp-content/uploads/ino20/INAO2020-Questions-en.pdf,PDF paper/problem,English/Hindi,Official mathematics and science Olympiad papers and solutions
India,EM/DM,EM/DM,A,Olympiad archive,HBCSE Olympiad past papers,https://olympiads.hbcse.tifr.res.in/how-to-prepare/past-papers/,QP (English),https://olympiads.hbcse.tifr.res.in/wp-content/uploads/2025/02/INBO2025-Question.pdf,PDF paper/problem,English/Hindi,Official mathematics and science Olympiad papers and solutions
India,EM/DM,EM/DM,A,Olympiad archive,HBCSE Olympiad past papers,https://olympiads.hbcse.tifr.res.in/how-to-prepare/past-papers/,QP (English),https://olympiads.hbcse.tifr.res.in/wp-content/uploads/2024/02/INBO2024-Question-en.pdf,PDF paper/problem,English/Hindi,Official mathematics and science Olympiad papers and solutions
India,EM/DM,EM/DM,A,Olympiad archive,HBCSE Olympiad past papers,https://olympiads.hbcse.tifr.res.in/how-to-prepare/past-papers/,QP (English),https://olympiads.hbcse.tifr.res.in/wp-content/uploads/2023/01/INBO2023-Questions-en.pdf,PDF paper/problem,English/Hindi,Official mathematics and science Olympiad papers and solutions
India,EM/DM,EM/DM,A,Olympiad archive,HBCSE Olympiad past papers,https://olympiads.hbcse.tifr.res.in/how-to-prepare/past-papers/,QP (English),https://olympiads.hbcse.tifr.res.in/wp-content/uploads/2022/03/IOQB2022-PartII-Questions-en.pdf,PDF paper/problem,English/Hindi,Official mathematics and science Olympiad papers and solutions
India,EM/DM,EM/DM,A,Olympiad archive,HBCSE Olympiad past papers,https://olympiads.hbcse.tifr.res.in/how-to-prepare/past-papers/,QP (English),https://olympiads.hbcse.tifr.res.in/wp-content/uploads/2021/02/IOQB2021-PartII-Questions-en.pdf,PDF paper/problem,English/Hindi,Official mathematics and science Olympiad papers and solutions
India,EM/DM,EM/DM,A,Olympiad archive,HBCSE Olympiad past papers,https://olympiads.hbcse.tifr.res.in/how-to-prepare/past-papers/,QP (English),https://olympiads.hbcse.tifr.res.in/wp-content/uploads/ino20/INBO2020-Questions-en.pdf,PDF paper/problem,English/Hindi,Official mathematics and science Olympiad papers and solutions
India,EM/DM,EM/DM,A,Olympiad archive,HBCSE Olympiad past papers,https://olympiads.hbcse.tifr.res.in/how-to-prepare/past-papers/,QP (English),https://olympiads.hbcse.tifr.res.in/olympiads/wp-content/uploads/2018/05/INBO2019-Question.pdf,PDF paper/problem,English/Hindi,Official mathematics and science Olympiad papers and solutions
India,EM/DM,EM/DM,A,Olympiad archive,HBCSE Olympiad past papers,https://olympiads.hbcse.tifr.res.in/how-to-prepare/past-papers/,QP (English),https://olympiads.hbcse.tifr.res.in/wp-content/uploads/2025/02/INChO2025-Question.pdf,PDF paper/problem,English/Hindi,Official mathematics and science Olympiad papers and solutions
India,EM/DM,EM/DM,A,Olympiad archive,HBCSE Olympiad past papers,https://olympiads.hbcse.tifr.res.in/how-to-prepare/past-papers/,QP (English),https://olympiads.hbcse.tifr.res.in/wp-content/uploads/2024/02/INChO2024-Question-1.pdf,PDF paper/problem,English/Hindi,Official mathematics and science Olympiad papers and solutions
India,EM/DM,EM/DM,A,Olympiad archive,HBCSE Olympiad past papers,https://olympiads.hbcse.tifr.res.in/how-to-prepare/past-papers/,QP (English),https://olympiads.hbcse.tifr.res.in/wp-content/uploads/2023/01/INChO2023-Question.pdf,PDF paper/problem,English/Hindi,Official mathematics and science Olympiad papers and solutions
India,EM/DM,EM/DM,A,Olympiad archive,HBCSE Olympiad past papers,https://olympiads.hbcse.tifr.res.in/how-to-prepare/past-papers/,QP (English),https://olympiads.hbcse.tifr.res.in/wp-content/uploads/2022/03/IOQC2022-PartII-Questions-en.pdf,PDF paper/problem,English/Hindi,Official mathematics and science Olympiad papers and solutions
India,EM/DM,EM/DM,A,Olympiad archive,HBCSE Olympiad past papers,https://olympiads.hbcse.tifr.res.in/how-to-prepare/past-papers/,QP (English),https://olympiads.hbcse.tifr.res.in/wp-content/uploads/2021/02/IOQC2021-PartII-Questions-en.pdf,PDF paper/problem,English/Hindi,Official mathematics and science Olympiad papers and solutions
India,EM/DM,EM/DM,A,Olympiad archive,HBCSE Olympiad past papers,https://olympiads.hbcse.tifr.res.in/how-to-prepare/past-papers/,QP (English),https://olympiads.hbcse.tifr.res.in/wp-content/uploads/ino20/INChO2020-Questions-en.pdf,PDF paper/problem,English/Hindi,Official mathematics and science Olympiad papers and solutions
India,EM/DM,EM/DM,A,Olympiad archive,HBCSE Olympiad past papers,https://olympiads.hbcse.tifr.res.in/how-to-prepare/past-papers/,QP (English),https://olympiads.hbcse.tifr.res.in/olympiads/wp-content/uploads/2018/05/INChO2019-Question.pdf,PDF paper/problem,English/Hindi,Official mathematics and science Olympiad papers and solutions
India,EM/DM,EM/DM,A,Olympiad archive,HBCSE Olympiad past papers,https://olympiads.hbcse.tifr.res.in/how-to-prepare/past-papers/,QP (English),https://olympiads.hbcse.tifr.res.in/wp-content/uploads/2023/01/INJSO2023-Question.pdf,PDF paper/problem,English/Hindi,Official mathematics and science Olympiad papers and solutions
India,EM/DM,EM/DM,A,Olympiad archive,HBCSE Olympiad past papers,https://olympiads.hbcse.tifr.res.in/how-to-prepare/past-papers/,QP (English),https://olympiads.hbcse.tifr.res.in/wp-content/uploads/2022/03/IOQJS2022-PartII-Questions-en.pdf,PDF paper/problem,English/Hindi,Official mathematics and science Olympiad papers and solutions
India,EM/DM,EM/DM,A,Olympiad archive,HBCSE Olympiad past papers,https://olympiads.hbcse.tifr.res.in/how-to-prepare/past-papers/,QP (English),https://olympiads.hbcse.tifr.res.in/wp-content/uploads/2021/01/IOQJS2021-PartII-Questions-en.pdf,PDF paper/problem,English/Hindi,Official mathematics and science Olympiad papers and solutions
India,EM/DM,EM/DM,A,Olympiad archive,HBCSE Olympiad past papers,https://olympiads.hbcse.tifr.res.in/how-to-prepare/past-papers/,QP (English),https://olympiads.hbcse.tifr.res.in/wp-content/uploads/ino20/INJSO2020-Questions-en.pdf,PDF paper/problem,English/Hindi,Official mathematics and science Olympiad papers and solutions
India,EM/DM,EM/DM,A,Olympiad archive,HBCSE Olympiad past papers,https://olympiads.hbcse.tifr.res.in/how-to-prepare/past-papers/,QP (English),https://olympiads.hbcse.tifr.res.in/olympiads/wp-content/uploads/2018/05/INJSO2019-Question.pdf,PDF paper/problem,English/Hindi,Official mathematics and science Olympiad papers and solutions
India,EM/DM,EM/DM,A,Olympiad archive,HBCSE Olympiad past papers,https://olympiads.hbcse.tifr.res.in/how-to-prepare/past-papers/,QP (English),https://olympiads.hbcse.tifr.res.in/wp-content/uploads/2025/02/INPhO2025-Question.pdf,PDF paper/problem,English/Hindi,Official mathematics and science Olympiad papers and solutions
India,EM/DM,EM/DM,A,Olympiad archive,HBCSE Olympiad past papers,https://olympiads.hbcse.tifr.res.in/how-to-prepare/past-papers/,QP (English),https://olympiads.hbcse.tifr.res.in/wp-content/uploads/2024/02/INPHO2024-Question.pdf,PDF paper/problem,English/Hindi,Official mathematics and science Olympiad papers and solutions
India,EM/DM,EM/DM,A,Olympiad archive,HBCSE Olympiad past papers,https://olympiads.hbcse.tifr.res.in/how-to-prepare/past-papers/,QP (English),https://olympiads.hbcse.tifr.res.in/wp-content/uploads/2023/01/INPhO2023-Question.pdf,PDF paper/problem,English/Hindi,Official mathematics and science Olympiad papers and solutions
India,EM/DM,EM/DM,A,Olympiad archive,HBCSE Olympiad past papers,https://olympiads.hbcse.tifr.res.in/how-to-prepare/past-papers/,QP (English),https://olympiads.hbcse.tifr.res.in/wp-content/uploads/2022/03/IOQP2022-PartII-Questions-en.pdf,PDF paper/problem,English/Hindi,Official mathematics and science Olympiad papers and solutions
India,EM/DM,EM/DM,A,Olympiad archive,HBCSE Olympiad past papers,https://olympiads.hbcse.tifr.res.in/how-to-prepare/past-papers/,QP (English),https://olympiads.hbcse.tifr.res.in/wp-content/uploads/2021/02/IOQP2021-PartII-Questions-en.pdf,PDF paper/problem,English/Hindi,Official mathematics and science Olympiad papers and solutions
India,EM/DM,EM/DM,A,Olympiad archive,HBCSE Olympiad past papers,https://olympiads.hbcse.tifr.res.in/how-to-prepare/past-papers/,QP (English),https://olympiads.hbcse.tifr.res.in/wp-content/uploads/2020/02/INPHO2020-Questions-en.pdf,PDF paper/problem,English/Hindi,Official mathematics and science Olympiad papers and solutions
India,EM/DM,EM/DM,A,Olympiad archive,HBCSE Olympiad past papers,https://olympiads.hbcse.tifr.res.in/how-to-prepare/past-papers/,QP (English),https://olympiads.hbcse.tifr.res.in/olympiads/wp-content/uploads/2018/05/INPhO2019-Question.pdf,PDF paper/problem,English/Hindi,Official mathematics and science Olympiad papers and solutions
India,EM/DM,EM/DM,A,Olympiad archive,HBCSE Olympiad past papers,https://olympiads.hbcse.tifr.res.in/how-to-prepare/past-papers/,"QP (English) ,",https://olympiads.hbcse.tifr.res.in/olympiads/wp-content/uploads/2018/05/INAO2019-Question.pdf,PDF paper/problem,English/Hindi,Official mathematics and science Olympiad papers and solutions
India,EM/DM,EM/DM,A,Olympiad archive,HBCSE Olympiad past papers,https://olympiads.hbcse.tifr.res.in/how-to-prepare/past-papers/,QP (Hindi),https://olympiads.hbcse.tifr.res.in/wp-content/uploads/2025/02/INAO2025-Question-hi.pdf,PDF paper/problem,English/Hindi,Official mathematics and science Olympiad papers and solutions
India,EM/DM,EM/DM,A,Olympiad archive,HBCSE Olympiad past papers,https://olympiads.hbcse.tifr.res.in/how-to-prepare/past-papers/,QP (Hindi),https://olympiads.hbcse.tifr.res.in/wp-content/uploads/2024/02/INAO2024-Question-hi.pdf,PDF paper/problem,English/Hindi,Official mathematics and science Olympiad papers and solutions
India,EM/DM,EM/DM,A,Olympiad archive,HBCSE Olympiad past papers,https://olympiads.hbcse.tifr.res.in/how-to-prepare/past-papers/,QP (Hindi),https://olympiads.hbcse.tifr.res.in/wp-content/uploads/2023/01/INAO2023-Question-hi.pdf,PDF paper/problem,English/Hindi,Official mathematics and science Olympiad papers and solutions
India,EM/DM,EM/DM,A,Olympiad archive,HBCSE Olympiad past papers,https://olympiads.hbcse.tifr.res.in/how-to-prepare/past-papers/,QP (Hindi),https://olympiads.hbcse.tifr.res.in/wp-content/uploads/2022/03/IOQA2022-PartII-Questions-hi.pdf,PDF paper/problem,English/Hindi,Official mathematics and science Olympiad papers and solutions
India,EM/DM,EM/DM,A,Olympiad archive,HBCSE Olympiad past papers,https://olympiads.hbcse.tifr.res.in/how-to-prepare/past-papers/,QP (Hindi),https://olympiads.hbcse.tifr.res.in/wp-content/uploads/2021/02/IOQA2021-PartII-Questions-hi.pdf,PDF paper/problem,English/Hindi,Official mathematics and science Olympiad papers and solutions
India,EM/DM,EM/DM,A,Olympiad archive,HBCSE Olympiad past papers,https://olympiads.hbcse.tifr.res.in/how-to-prepare/past-papers/,QP (Hindi),https://olympiads.hbcse.tifr.res.in/wp-content/uploads/ino20/INAO2020-Questions-hi.pdf,PDF paper/problem,English/Hindi,Official mathematics and science Olympiad papers and solutions
India,EM/DM,EM/DM,A,Olympiad archive,HBCSE Olympiad past papers,https://olympiads.hbcse.tifr.res.in/how-to-prepare/past-papers/,QP (Hindi),https://olympiads.hbcse.tifr.res.in/olympiads/wp-content/uploads/2018/05/INAO2019-Question-hi.pdf,PDF paper/problem,English/Hindi,Official mathematics and science Olympiad papers and solutions
India,EM/DM,EM/DM,A,Olympiad archive,HBCSE Olympiad past papers,https://olympiads.hbcse.tifr.res.in/how-to-prepare/past-papers/,QP (Hindi),https://olympiads.hbcse.tifr.res.in/wp-content/uploads/2025/02/INBO2025-Question-hi.pdf,PDF paper/problem,English/Hindi,Official mathematics and science Olympiad papers and solutions
India,EM/DM,EM/DM,A,Olympiad archive,HBCSE Olympiad past papers,https://olympiads.hbcse.tifr.res.in/how-to-prepare/past-papers/,QP (Hindi),https://olympiads.hbcse.tifr.res.in/wp-content/uploads/2024/02/INBO2024-Question-hi.pdf,PDF paper/problem,English/Hindi,Official mathematics and science Olympiad papers and solutions
India,EM/DM,EM/DM,A,Olympiad archive,HBCSE Olympiad past papers,https://olympiads.hbcse.tifr.res.in/how-to-prepare/past-papers/,QP (Hindi),https://olympiads.hbcse.tifr.res.in/wp-content/uploads/2023/01/INBO2023-Questions-hi.pdf,PDF paper/problem,English/Hindi,Official mathematics and science Olympiad papers and solutions
India,EM/DM,EM/DM,A,Olympiad archive,HBCSE Olympiad past papers,https://olympiads.hbcse.tifr.res.in/how-to-prepare/past-papers/,QP (Hindi),https://olympiads.hbcse.tifr.res.in/wp-content/uploads/2022/03/IOQB2022-PartII-Questions-hi.pdf,PDF paper/problem,English/Hindi,Official mathematics and science Olympiad papers and solutions
India,EM/DM,EM/DM,A,Olympiad archive,HBCSE Olympiad past papers,https://olympiads.hbcse.tifr.res.in/how-to-prepare/past-papers/,QP (Hindi),https://olympiads.hbcse.tifr.res.in/wp-content/uploads/2021/02/IOQB2021-PartII-Questions-hi.pdf,PDF paper/problem,English/Hindi,Official mathematics and science Olympiad papers and solutions
India,EM/DM,EM/DM,A,Olympiad archive,HBCSE Olympiad past papers,https://olympiads.hbcse.tifr.res.in/how-to-prepare/past-papers/,QP (Hindi),https://olympiads.hbcse.tifr.res.in/wp-content/uploads/ino20/INBO2020-Questions-hi.pdf,PDF paper/problem,English/Hindi,Official mathematics and science Olympiad papers and solutions
India,EM/DM,EM/DM,A,Olympiad archive,HBCSE Olympiad past papers,https://olympiads.hbcse.tifr.res.in/how-to-prepare/past-papers/,QP (Hindi),https://olympiads.hbcse.tifr.res.in/olympiads/wp-content/uploads/2018/05/INBO2019-Question-hi.pdf,PDF paper/problem,English/Hindi,Official mathematics and science Olympiad papers and solutions
India,EM/DM,EM/DM,A,Olympiad archive,HBCSE Olympiad past papers,https://olympiads.hbcse.tifr.res.in/how-to-prepare/past-papers/,QP (Hindi),https://olympiads.hbcse.tifr.res.in/wp-content/uploads/2025/02/INChO2025-Question-hi.pdf,PDF paper/problem,English/Hindi,Official mathematics and science Olympiad papers and solutions
India,EM/DM,EM/DM,A,Olympiad archive,HBCSE Olympiad past papers,https://olympiads.hbcse.tifr.res.in/how-to-prepare/past-papers/,QP (Hindi),https://olympiads.hbcse.tifr.res.in/wp-content/uploads/2024/02/INChO2024-Question-hi.pdf,PDF paper/problem,English/Hindi,Official mathematics and science Olympiad papers and solutions
India,EM/DM,EM/DM,A,Olympiad archive,HBCSE Olympiad past papers,https://olympiads.hbcse.tifr.res.in/how-to-prepare/past-papers/,QP (Hindi),https://olympiads.hbcse.tifr.res.in/wp-content/uploads/2021/02/IOQC2021-PartII-Questions-hi.pdf,PDF paper/problem,English/Hindi,Official mathematics and science Olympiad papers and solutions
India,EM/DM,EM/DM,A,Olympiad archive,HBCSE Olympiad past papers,https://olympiads.hbcse.tifr.res.in/how-to-prepare/past-papers/,QP (Hindi),https://olympiads.hbcse.tifr.res.in/wp-content/uploads/2020/03/INChO2020-Questions-hi.pdf,PDF paper/problem,English/Hindi,Official mathematics and science Olympiad papers and solutions
India,EM/DM,EM/DM,A,Olympiad archive,HBCSE Olympiad past papers,https://olympiads.hbcse.tifr.res.in/how-to-prepare/past-papers/,QP (Hindi),https://olympiads.hbcse.tifr.res.in/olympiads/wp-content/uploads/2018/05/INCHO2019-Question-hi.pdf,PDF paper/problem,English/Hindi,Official mathematics and science Olympiad papers and solutions
India,EM/DM,EM/DM,A,Olympiad archive,HBCSE Olympiad past papers,https://olympiads.hbcse.tifr.res.in/how-to-prepare/past-papers/,QP (Hindi),https://olympiads.hbcse.tifr.res.in/wp-content/uploads/2023/01/INJSO2023-Question-hi.pdf,PDF paper/problem,English/Hindi,Official mathematics and science Olympiad papers and solutions
India,EM/DM,EM/DM,A,Olympiad archive,HBCSE Olympiad past papers,https://olympiads.hbcse.tifr.res.in/how-to-prepare/past-papers/,QP (Hindi),https://olympiads.hbcse.tifr.res.in/wp-content/uploads/2022/03/IOQJS2022-PartII-Questions-hi.pdf,PDF paper/problem,English/Hindi,Official mathematics and science Olympiad papers and solutions
India,EM/DM,EM/DM,A,Olympiad archive,HBCSE Olympiad past papers,https://olympiads.hbcse.tifr.res.in/how-to-prepare/past-papers/,QP (Hindi),https://olympiads.hbcse.tifr.res.in/wp-content/uploads/2021/01/IOQJS2021-PartII-Questions-hi.pdf,PDF paper/problem,English/Hindi,Official mathematics and science Olympiad papers and solutions
India,EM/DM,EM/DM,A,Olympiad archive,HBCSE Olympiad past papers,https://olympiads.hbcse.tifr.res.in/how-to-prepare/past-papers/,QP (Hindi),https://olympiads.hbcse.tifr.res.in/wp-content/uploads/ino20/INJSO2020-Questions-hi.pdf,PDF paper/problem,English/Hindi,Official mathematics and science Olympiad papers and solutions
India,EM/DM,EM/DM,A,Olympiad archive,HBCSE Olympiad past papers,https://olympiads.hbcse.tifr.res.in/how-to-prepare/past-papers/,QP (Hindi),https://olympiads.hbcse.tifr.res.in/olympiads/wp-content/uploads/2018/05/INJSO2019-Question-hi.pdf,PDF paper/problem,English/Hindi,Official mathematics and science Olympiad papers and solutions
India,EM/DM,EM/DM,A,Olympiad archive,HBCSE Olympiad past papers,https://olympiads.hbcse.tifr.res.in/how-to-prepare/past-papers/,QP (Hindi),https://olympiads.hbcse.tifr.res.in/wp-content/uploads/2025/02/INPhO2025-Question-hi.pdf,PDF paper/problem,English/Hindi,Official mathematics and science Olympiad papers and solutions
India,EM/DM,EM/DM,A,Olympiad archive,HBCSE Olympiad past papers,https://olympiads.hbcse.tifr.res.in/how-to-prepare/past-papers/,QP (Hindi),https://olympiads.hbcse.tifr.res.in/wp-content/uploads/2024/02/INPHO2024-Question-hi.pdf,PDF paper/problem,English/Hindi,Official mathematics and science Olympiad papers and solutions
India,EM/DM,EM/DM,A,Olympiad archive,HBCSE Olympiad past papers,https://olympiads.hbcse.tifr.res.in/how-to-prepare/past-papers/,QP (Hindi),https://olympiads.hbcse.tifr.res.in/wp-content/uploads/2023/01/INPhO2023-Question-hi.pdf,PDF paper/problem,English/Hindi,Official mathematics and science Olympiad papers and solutions
India,EM/DM,EM/DM,A,Olympiad archive,HBCSE Olympiad past papers,https://olympiads.hbcse.tifr.res.in/how-to-prepare/past-papers/,QP (Hindi),https://olympiads.hbcse.tifr.res.in/wp-content/uploads/2022/03/IOQP2022-PartII-Questions-en-1.pdf,PDF paper/problem,English/Hindi,Official mathematics and science Olympiad papers and solutions
India,EM/DM,EM/DM,A,Olympiad archive,HBCSE Olympiad past papers,https://olympiads.hbcse.tifr.res.in/how-to-prepare/past-papers/,QP (Hindi),https://olympiads.hbcse.tifr.res.in/wp-content/uploads/2021/02/IOQP2021-PartII-Questions-hi.pdf,PDF paper/problem,English/Hindi,Official mathematics and science Olympiad papers and solutions
India,EM/DM,EM/DM,A,Olympiad archive,HBCSE Olympiad past papers,https://olympiads.hbcse.tifr.res.in/how-to-prepare/past-papers/,QP (Hindi),https://olympiads.hbcse.tifr.res.in/wp-content/uploads/2020/02/INPhO2020-Questions-hi.pdf,PDF paper/problem,English/Hindi,Official mathematics and science Olympiad papers and solutions
India,EM/DM,EM/DM,A,Olympiad archive,HBCSE Olympiad past papers,https://olympiads.hbcse.tifr.res.in/how-to-prepare/past-papers/,QP (Hindi),https://olympiads.hbcse.tifr.res.in/olympiads/wp-content/uploads/2018/05/INPhO2019-Question-hi.pdf,PDF paper/problem,English/Hindi,Official mathematics and science Olympiad papers and solutions
India,EM/DM,EM/DM,A,Olympiad archive,HBCSE Olympiad past papers,https://olympiads.hbcse.tifr.res.in/how-to-prepare/past-papers/,QP( Hindi),https://olympiads.hbcse.tifr.res.in/wp-content/uploads/2023/01/INChO2023-Question-hi.pdf,PDF paper/problem,English/Hindi,Official mathematics and science Olympiad papers and solutions
India,EM/DM,EM/DM,A,Olympiad archive,HBCSE Olympiad past papers,https://olympiads.hbcse.tifr.res.in/how-to-prepare/past-papers/,Question Paper,https://olympiads.hbcse.tifr.res.in/olympiads/wp-content/uploads/2017/09/INAO2018-Question.pdf,PDF paper/problem,English/Hindi,Official mathematics and science Olympiad papers and solutions
India,EM/DM,EM/DM,A,Olympiad archive,HBCSE Olympiad past papers,https://olympiads.hbcse.tifr.res.in/how-to-prepare/past-papers/,Question Paper,https://olympiads.hbcse.tifr.res.in/olympiads/wp-content/uploads/2016/09/inaoSr2010-Q.pdf,PDF paper/problem,English/Hindi,Official mathematics and science Olympiad papers and solutions
India,EM/DM,EM/DM,A,Olympiad archive,HBCSE Olympiad past papers,https://olympiads.hbcse.tifr.res.in/how-to-prepare/past-papers/,Question Paper,https://olympiads.hbcse.tifr.res.in/olympiads/wp-content/uploads/2016/09/inaoJr2010-Q.pdf,PDF paper/problem,English/Hindi,Official mathematics and science Olympiad papers and solutions
India,EM/DM,EM/DM,A,Olympiad archive,HBCSE Olympiad past papers,https://olympiads.hbcse.tifr.res.in/how-to-prepare/past-papers/,Question Paper,https://olympiads.hbcse.tifr.res.in/olympiads/wp-content/uploads/2016/09/inaoSr2009-Q.pdf,PDF paper/problem,English/Hindi,Official mathematics and science Olympiad papers and solutions
India,EM/DM,EM/DM,A,Olympiad archive,HBCSE Olympiad past papers,https://olympiads.hbcse.tifr.res.in/how-to-prepare/past-papers/,Question Paper,https://olympiads.hbcse.tifr.res.in/olympiads/wp-content/uploads/2016/09/inaoJr2009-Q.pdf,PDF paper/problem,English/Hindi,Official mathematics and science Olympiad papers and solutions
India,EM/DM,EM/DM,A,Olympiad archive,HBCSE Olympiad past papers,https://olympiads.hbcse.tifr.res.in/how-to-prepare/past-papers/,Question Paper,https://olympiads.hbcse.tifr.res.in/olympiads/wp-content/uploads/2017/09/INBO2018-Question.pdf,PDF paper/problem,English/Hindi,Official mathematics and science Olympiad papers and solutions
India,EM/DM,EM/DM,A,Olympiad archive,HBCSE Olympiad past papers,https://olympiads.hbcse.tifr.res.in/how-to-prepare/past-papers/,Question Paper,https://olympiads.hbcse.tifr.res.in/olympiads/wp-content/uploads/2017/01/INBO2017-Question.pdf,PDF paper/problem,English/Hindi,Official mathematics and science Olympiad papers and solutions
India,EM/DM,EM/DM,A,Olympiad archive,HBCSE Olympiad past papers,https://olympiads.hbcse.tifr.res.in/how-to-prepare/past-papers/,Question Paper,https://olympiads.hbcse.tifr.res.in/olympiads/wp-content/uploads/2016/09/inbo2016-Q.pdf,PDF paper/problem,English/Hindi,Official mathematics and science Olympiad papers and solutions
India,EM/DM,EM/DM,A,Olympiad archive,HBCSE Olympiad past papers,https://olympiads.hbcse.tifr.res.in/how-to-prepare/past-papers/,Question Paper,https://olympiads.hbcse.tifr.res.in/olympiads/wp-content/uploads/2016/09/inbo2015-Q.pdf,PDF paper/problem,English/Hindi,Official mathematics and science Olympiad papers and solutions
India,EM/DM,EM/DM,A,Olympiad archive,HBCSE Olympiad past papers,https://olympiads.hbcse.tifr.res.in/how-to-prepare/past-papers/,Question Paper,https://olympiads.hbcse.tifr.res.in/olympiads/wp-content/uploads/2016/09/inbo2014-Q.pdf,PDF paper/problem,English/Hindi,Official mathematics and science Olympiad papers and solutions
India,EM/DM,EM/DM,A,Olympiad archive,HBCSE Olympiad past papers,https://olympiads.hbcse.tifr.res.in/how-to-prepare/past-papers/,Question Paper,https://olympiads.hbcse.tifr.res.in/olympiads/wp-content/uploads/2016/09/inbo2013-Q.pdf,PDF paper/problem,English/Hindi,Official mathematics and science Olympiad papers and solutions
India,EM/DM,EM/DM,A,Olympiad archive,HBCSE Olympiad past papers,https://olympiads.hbcse.tifr.res.in/how-to-prepare/past-papers/,Question Paper,https://olympiads.hbcse.tifr.res.in/olympiads/wp-content/uploads/2016/09/inbo2012-Q.pdf,PDF paper/problem,English/Hindi,Official mathematics and science Olympiad papers and solutions
India,EM/DM,EM/DM,A,Olympiad archive,HBCSE Olympiad past papers,https://olympiads.hbcse.tifr.res.in/how-to-prepare/past-papers/,Question Paper,https://olympiads.hbcse.tifr.res.in/wp-content/uploads/2019/08/Theory_Paper-INBO2011.pdf,PDF paper/problem,English/Hindi,Official mathematics and science Olympiad papers and solutions
India,EM/DM,EM/DM,A,Olympiad archive,HBCSE Olympiad past papers,https://olympiads.hbcse.tifr.res.in/how-to-prepare/past-papers/,Question Paper,https://olympiads.hbcse.tifr.res.in/olympiads/wp-content/uploads/2016/09/inbo2010-Q.pdf,PDF paper/problem,English/Hindi,Official mathematics and science Olympiad papers and solutions
India,EM/DM,EM/DM,A,Olympiad archive,HBCSE Olympiad past papers,https://olympiads.hbcse.tifr.res.in/how-to-prepare/past-papers/,Question Paper,https://olympiads.hbcse.tifr.res.in/olympiads/wp-content/uploads/2016/09/inbo2009-Q.pdf,PDF paper/problem,English/Hindi,Official mathematics and science Olympiad papers and solutions
India,EM/DM,EM/DM,A,Olympiad archive,HBCSE Olympiad past papers,https://olympiads.hbcse.tifr.res.in/how-to-prepare/past-papers/,Question Paper,https://olympiads.hbcse.tifr.res.in/olympiads/wp-content/uploads/2016/09/inbo2005-Q.pdf,PDF paper/problem,English/Hindi,Official mathematics and science Olympiad papers and solutions
India,EM/DM,EM/DM,A,Olympiad archive,HBCSE Olympiad past papers,https://olympiads.hbcse.tifr.res.in/how-to-prepare/past-papers/,Question Paper,https://olympiads.hbcse.tifr.res.in/olympiads/wp-content/uploads/2017/09/INChO2018-Question.pdf,PDF paper/problem,English/Hindi,Official mathematics and science Olympiad papers and solutions
India,EM/DM,EM/DM,A,Olympiad archive,HBCSE Olympiad past papers,https://olympiads.hbcse.tifr.res.in/how-to-prepare/past-papers/,Question Paper,https://olympiads.hbcse.tifr.res.in/olympiads/wp-content/uploads/2017/01/INChO2017-Question.pdf,PDF paper/problem,English/Hindi,Official mathematics and science Olympiad papers and solutions
India,EM/DM,EM/DM,A,Olympiad archive,HBCSE Olympiad past papers,https://olympiads.hbcse.tifr.res.in/how-to-prepare/past-papers/,Question Paper,https://olympiads.hbcse.tifr.res.in/olympiads/wp-content/uploads/2017/01/INChO-2016.pdf,PDF paper/problem,English/Hindi,Official mathematics and science Olympiad papers and solutions
India,EM/DM,EM/DM,A,Olympiad archive,HBCSE Olympiad past papers,https://olympiads.hbcse.tifr.res.in/how-to-prepare/past-papers/,Question Paper,https://olympiads.hbcse.tifr.res.in/olympiads/wp-content/uploads/2016/09/incho2015-Q.pdf,PDF paper/problem,English/Hindi,Official mathematics and science Olympiad papers and solutions
India,EM/DM,EM/DM,A,Olympiad archive,HBCSE Olympiad past papers,https://olympiads.hbcse.tifr.res.in/how-to-prepare/past-papers/,Question Paper,https://olympiads.hbcse.tifr.res.in/olympiads/wp-content/uploads/2016/09/incho2014-Q.pdf,PDF paper/problem,English/Hindi,Official mathematics and science Olympiad papers and solutions
India,EM/DM,EM/DM,A,Olympiad archive,HBCSE Olympiad past papers,https://olympiads.hbcse.tifr.res.in/how-to-prepare/past-papers/,Question Paper,https://olympiads.hbcse.tifr.res.in/olympiads/wp-content/uploads/2016/09/incho2013-Q.pdf,PDF paper/problem,English/Hindi,Official mathematics and science Olympiad papers and solutions
India,EM/DM,EM/DM,A,Olympiad archive,HBCSE Olympiad past papers,https://olympiads.hbcse.tifr.res.in/how-to-prepare/past-papers/,Question Paper,https://olympiads.hbcse.tifr.res.in/olympiads/wp-content/uploads/2016/09/incho2012-Q.pdf,PDF paper/problem,English/Hindi,Official mathematics and science Olympiad papers and solutions
India,EM/DM,EM/DM,A,Olympiad archive,HBCSE Olympiad past papers,https://olympiads.hbcse.tifr.res.in/how-to-prepare/past-papers/,Question Paper,https://olympiads.hbcse.tifr.res.in/olympiads/wp-content/uploads/2017/11/INChO-2011.pdf,PDF paper/problem,English/Hindi,Official mathematics and science Olympiad papers and solutions
India,EM/DM,EM/DM,A,Olympiad archive,HBCSE Olympiad past papers,https://olympiads.hbcse.tifr.res.in/how-to-prepare/past-papers/,Question Paper,https://olympiads.hbcse.tifr.res.in/olympiads/wp-content/uploads/2016/09/incho2010-Q.pdf,PDF paper/problem,English/Hindi,Official mathematics and science Olympiad papers and solutions
India,EM/DM,EM/DM,A,Olympiad archive,HBCSE Olympiad past papers,https://olympiads.hbcse.tifr.res.in/how-to-prepare/past-papers/,Question Paper,https://olympiads.hbcse.tifr.res.in/olympiads/wp-content/uploads/2018/03/INCHO-2009-paper.pdf,PDF paper/problem,English/Hindi,Official mathematics and science Olympiad papers and solutions
India,EM/DM,EM/DM,A,Olympiad archive,HBCSE Olympiad past papers,https://olympiads.hbcse.tifr.res.in/how-to-prepare/past-papers/,Question Paper,https://olympiads.hbcse.tifr.res.in/olympiads/wp-content/uploads/2018/03/INChO-2008.pdf,PDF paper/problem,English/Hindi,Official mathematics and science Olympiad papers and solutions
India,EM/DM,EM/DM,A,Olympiad archive,HBCSE Olympiad past papers,https://olympiads.hbcse.tifr.res.in/how-to-prepare/past-papers/,Question Paper,https://olympiads.hbcse.tifr.res.in/olympiads/wp-content/uploads/2017/09/INJSO2018-Question.pdf,PDF paper/problem,English/Hindi,Official mathematics and science Olympiad papers and solutions
India,EM/DM,EM/DM,A,Olympiad archive,HBCSE Olympiad past papers,https://olympiads.hbcse.tifr.res.in/how-to-prepare/past-papers/,Question Paper,https://olympiads.hbcse.tifr.res.in/olympiads/wp-content/uploads/2017/01/INJSO2017-Question.pdf,PDF paper/problem,English/Hindi,Official mathematics and science Olympiad papers and solutions
India,EM/DM,EM/DM,A,Olympiad archive,HBCSE Olympiad past papers,https://olympiads.hbcse.tifr.res.in/how-to-prepare/past-papers/,Question Paper,https://olympiads.hbcse.tifr.res.in/olympiads/wp-content/uploads/2016/09/injso2016-Q.pdf,PDF paper/problem,English/Hindi,Official mathematics and science Olympiad papers and solutions
India,EM/DM,EM/DM,A,Olympiad archive,HBCSE Olympiad past papers,https://olympiads.hbcse.tifr.res.in/how-to-prepare/past-papers/,Question Paper,https://olympiads.hbcse.tifr.res.in/olympiads/wp-content/uploads/2016/09/injso2015-Q.pdf,PDF paper/problem,English/Hindi,Official mathematics and science Olympiad papers and solutions
India,EM/DM,EM/DM,A,Olympiad archive,HBCSE Olympiad past papers,https://olympiads.hbcse.tifr.res.in/how-to-prepare/past-papers/,Question Paper,https://olympiads.hbcse.tifr.res.in/olympiads/wp-content/uploads/2016/09/injso2014-Q.pdf,PDF paper/problem,English/Hindi,Official mathematics and science Olympiad papers and solutions
India,EM/DM,EM/DM,A,Olympiad archive,HBCSE Olympiad past papers,https://olympiads.hbcse.tifr.res.in/how-to-prepare/past-papers/,Question Paper,https://olympiads.hbcse.tifr.res.in/olympiads/wp-content/uploads/2016/09/injso2013-Q.pdf,PDF paper/problem,English/Hindi,Official mathematics and science Olympiad papers and solutions
India,EM/DM,EM/DM,A,Olympiad archive,HBCSE Olympiad past papers,https://olympiads.hbcse.tifr.res.in/how-to-prepare/past-papers/,Question Paper,https://olympiads.hbcse.tifr.res.in/olympiads/wp-content/uploads/2016/09/injso2012-Q.pdf,PDF paper/problem,English/Hindi,Official mathematics and science Olympiad papers and solutions
India,EM/DM,EM/DM,A,Olympiad archive,HBCSE Olympiad past papers,https://olympiads.hbcse.tifr.res.in/how-to-prepare/past-papers/,Question Paper,https://olympiads.hbcse.tifr.res.in/olympiads/wp-content/uploads/2016/09/injso2011-Q.pdf,PDF paper/problem,English/Hindi,Official mathematics and science Olympiad papers and solutions
India,EM/DM,EM/DM,A,Olympiad archive,HBCSE Olympiad past papers,https://olympiads.hbcse.tifr.res.in/how-to-prepare/past-papers/,Question Paper,https://olympiads.hbcse.tifr.res.in/olympiads/wp-content/uploads/2016/09/injso2010-Q.pdf,PDF paper/problem,English/Hindi,Official mathematics and science Olympiad papers and solutions
India,EM/DM,EM/DM,A,Olympiad archive,HBCSE Olympiad past papers,https://olympiads.hbcse.tifr.res.in/how-to-prepare/past-papers/,Question Paper,https://olympiads.hbcse.tifr.res.in/olympiads/wp-content/uploads/2016/09/injso2009-Q.pdf,PDF paper/problem,English/Hindi,Official mathematics and science Olympiad papers and solutions
India,EM/DM,EM/DM,A,Olympiad archive,HBCSE Olympiad past papers,https://olympiads.hbcse.tifr.res.in/how-to-prepare/past-papers/,Question Paper,https://olympiads.hbcse.tifr.res.in/olympiads/wp-content/uploads/2017/09/INPhO2018-Question.pdf,PDF paper/problem,English/Hindi,Official mathematics and science Olympiad papers and solutions
India,EM/DM,EM/DM,A,Olympiad archive,HBCSE Olympiad past papers,https://olympiads.hbcse.tifr.res.in/how-to-prepare/past-papers/,Question Paper,https://olympiads.hbcse.tifr.res.in/olympiads/wp-content/uploads/2016/09/inpho2013-Q.pdf,PDF paper/problem,English/Hindi,Official mathematics and science Olympiad papers and solutions
India,EM/DM,EM/DM,A,Olympiad archive,HBCSE Olympiad past papers,https://olympiads.hbcse.tifr.res.in/how-to-prepare/past-papers/,Question Paper,https://olympiads.hbcse.tifr.res.in/olympiads/wp-content/uploads/2016/09/inpho2012-Q.pdf,PDF paper/problem,English/Hindi,Official mathematics and science Olympiad papers and solutions
India,EM/DM,EM/DM,A,Olympiad archive,HBCSE Olympiad past papers,https://olympiads.hbcse.tifr.res.in/how-to-prepare/past-papers/,Question Paper,https://olympiads.hbcse.tifr.res.in/olympiads/wp-content/uploads/2016/09/inpho2011-Q.pdf,PDF paper/problem,English/Hindi,Official mathematics and science Olympiad papers and solutions
India,EM/DM,EM/DM,A,Olympiad archive,HBCSE Olympiad past papers,https://olympiads.hbcse.tifr.res.in/how-to-prepare/past-papers/,Question Paper,https://olympiads.hbcse.tifr.res.in/olympiads/wp-content/uploads/2016/09/inpho2010-Q.pdf,PDF paper/problem,English/Hindi,Official mathematics and science Olympiad papers and solutions
India,EM/DM,EM/DM,A,Olympiad archive,HBCSE Olympiad past papers,https://olympiads.hbcse.tifr.res.in/how-to-prepare/past-papers/,Question Paper,https://olympiads.hbcse.tifr.res.in/olympiads/wp-content/uploads/2016/09/inpho2009-Q.pdf,PDF paper/problem,English/Hindi,Official mathematics and science Olympiad papers and solutions
India,EM/DM,EM/DM,A,Olympiad archive,HBCSE Olympiad past papers,https://olympiads.hbcse.tifr.res.in/how-to-prepare/past-papers/,Question Paper,https://olympiads.hbcse.tifr.res.in/olympiads/wp-content/uploads/2016/09/inpho2008-Q.pdf,PDF paper/problem,English/Hindi,Official mathematics and science Olympiad papers and solutions
India,EM/DM,EM/DM,A,Olympiad archive,HBCSE Olympiad past papers,https://olympiads.hbcse.tifr.res.in/how-to-prepare/past-papers/,Question Paper & Model Solutions,https://olympiads.hbcse.tifr.res.in/olympiads/wp-content/uploads/2017/02/INPhO2017-Solution-20170215.pdf,PDF solution/answer,English/Hindi,Official mathematics and science Olympiad papers and solutions
India,EM/DM,EM/DM,A,Olympiad archive,HBCSE Olympiad past papers,https://olympiads.hbcse.tifr.res.in/how-to-prepare/past-papers/,Question Paper & Model Solutions,https://olympiads.hbcse.tifr.res.in/olympiads/wp-content/uploads/2016/09/inpho2016-Q-S.pdf,PDF solution/answer,English/Hindi,Official mathematics and science Olympiad papers and solutions
India,EM/DM,EM/DM,A,Olympiad archive,HBCSE Olympiad past papers,https://olympiads.hbcse.tifr.res.in/how-to-prepare/past-papers/,Question Paper & Model Solutions,https://olympiads.hbcse.tifr.res.in/olympiads/wp-content/uploads/2016/09/inpho2015-Q-S.pdf,PDF solution/answer,English/Hindi,Official mathematics and science Olympiad papers and solutions
India,EM/DM,EM/DM,A,Olympiad archive,HBCSE Olympiad past papers,https://olympiads.hbcse.tifr.res.in/how-to-prepare/past-papers/,Question Paper & Model Solutions,https://olympiads.hbcse.tifr.res.in/olympiads/wp-content/uploads/2016/09/inpho2014-Q-S.pdf,PDF solution/answer,English/Hindi,Official mathematics and science Olympiad papers and solutions
India,EM/DM,EM/DM,A,Olympiad archive,HBCSE Olympiad past papers,https://olympiads.hbcse.tifr.res.in/how-to-prepare/past-papers/,RMO 2000,https://olympiads.hbcse.tifr.res.in/olympiads/wp-content/uploads/2016/09/rmo-sol-2000.pdf,PDF resource,English/Hindi,Official mathematics and science Olympiad papers and solutions
India,EM/DM,EM/DM,A,Olympiad archive,HBCSE Olympiad past papers,https://olympiads.hbcse.tifr.res.in/how-to-prepare/past-papers/,RMO 2001,https://olympiads.hbcse.tifr.res.in/olympiads/wp-content/uploads/2016/09/rmo2001.pdf,PDF resource,English/Hindi,Official mathematics and science Olympiad papers and solutions
India,EM/DM,EM/DM,A,Olympiad archive,HBCSE Olympiad past papers,https://olympiads.hbcse.tifr.res.in/how-to-prepare/past-papers/,RMO 2002,https://olympiads.hbcse.tifr.res.in/olympiads/wp-content/uploads/2016/09/rmo-sol-2002.pdf,PDF resource,English/Hindi,Official mathematics and science Olympiad papers and solutions
India,EM/DM,EM/DM,A,Olympiad archive,HBCSE Olympiad past papers,https://olympiads.hbcse.tifr.res.in/how-to-prepare/past-papers/,RMO 2004,https://olympiads.hbcse.tifr.res.in/olympiads/wp-content/uploads/2016/09/rmo-2004.pdf,PDF resource,English/Hindi,Official mathematics and science Olympiad papers and solutions
India,EM/DM,EM/DM,A,Olympiad archive,HBCSE Olympiad past papers,https://olympiads.hbcse.tifr.res.in/how-to-prepare/past-papers/,RMO 2005,https://olympiads.hbcse.tifr.res.in/olympiads/wp-content/uploads/2016/09/rmo-2005.pdf,PDF resource,English/Hindi,Official mathematics and science Olympiad papers and solutions
India,EM/DM,EM/DM,A,Olympiad archive,HBCSE Olympiad past papers,https://olympiads.hbcse.tifr.res.in/how-to-prepare/past-papers/,RMO 2006,https://olympiads.hbcse.tifr.res.in/olympiads/wp-content/uploads/2016/09/rmo-2006.pdf,PDF resource,English/Hindi,Official mathematics and science Olympiad papers and solutions
India,EM/DM,EM/DM,A,Olympiad archive,HBCSE Olympiad past papers,https://olympiads.hbcse.tifr.res.in/how-to-prepare/past-papers/,RMO 2007,https://olympiads.hbcse.tifr.res.in/olympiads/wp-content/uploads/2016/09/rmo-2007.pdf,PDF resource,English/Hindi,Official mathematics and science Olympiad papers and solutions
India,EM/DM,EM/DM,A,Olympiad archive,HBCSE Olympiad past papers,https://olympiads.hbcse.tifr.res.in/how-to-prepare/past-papers/,RMO 2008,https://olympiads.hbcse.tifr.res.in/olympiads/wp-content/uploads/2016/09/rmo-2008.pdf,PDF resource,English/Hindi,Official mathematics and science Olympiad papers and solutions
India,EM/DM,EM/DM,A,Olympiad archive,HBCSE Olympiad past papers,https://olympiads.hbcse.tifr.res.in/how-to-prepare/past-papers/,RMO 2009,https://olympiads.hbcse.tifr.res.in/olympiads/wp-content/uploads/2016/09/rmo-2009.pdf,PDF resource,English/Hindi,Official mathematics and science Olympiad papers and solutions
India,EM/DM,EM/DM,A,Olympiad archive,HBCSE Olympiad past papers,https://olympiads.hbcse.tifr.res.in/how-to-prepare/past-papers/,RMO 2010,https://olympiads.hbcse.tifr.res.in/olympiads/wp-content/uploads/2016/09/rmo-2010.pdf,PDF resource,English/Hindi,Official mathematics and science Olympiad papers and solutions
India,EM/DM,EM/DM,A,Olympiad archive,HBCSE Olympiad past papers,https://olympiads.hbcse.tifr.res.in/how-to-prepare/past-papers/,RMO 2011,https://olympiads.hbcse.tifr.res.in/olympiads/wp-content/uploads/2016/09/rmo-2011-solutions.pdf,PDF solution/answer,English/Hindi,Official mathematics and science Olympiad papers and solutions
India,EM/DM,EM/DM,A,Olympiad archive,HBCSE Olympiad past papers,https://olympiads.hbcse.tifr.res.in/how-to-prepare/past-papers/,RMO 2012 (Mumbai region) Paper & Solution,https://olympiads.hbcse.tifr.res.in/olympiads/wp-content/uploads/2016/09/rmo-2012-mumbai-region.pdf,PDF solution/answer,English/Hindi,Official mathematics and science Olympiad papers and solutions
India,EM/DM,EM/DM,A,Olympiad archive,HBCSE Olympiad past papers,https://olympiads.hbcse.tifr.res.in/how-to-prepare/past-papers/,RMO 2013 (Mumbai region),https://olympiads.hbcse.tifr.res.in/olympiads/wp-content/uploads/2016/09/rmo-2013-mumbai-region.pdf,PDF resource,English/Hindi,Official mathematics and science Olympiad papers and solutions
India,EM/DM,EM/DM,A,Olympiad archive,HBCSE Olympiad past papers,https://olympiads.hbcse.tifr.res.in/how-to-prepare/past-papers/,RMO 2014 (Mumbai region),https://olympiads.hbcse.tifr.res.in/olympiads/wp-content/uploads/2016/09/crmo-14-5.pdf,PDF resource,English/Hindi,Official mathematics and science Olympiad papers and solutions
India,EM/DM,EM/DM,A,Olympiad archive,HBCSE Olympiad past papers,https://olympiads.hbcse.tifr.res.in/how-to-prepare/past-papers/,RMO 2017,https://olympiads.hbcse.tifr.res.in/olympiads/wp-content/uploads/2017/10/rmo2017.pdf,PDF resource,English/Hindi,Official mathematics and science Olympiad papers and solutions
India,EM/DM,EM/DM,A,Olympiad archive,HBCSE Olympiad past papers,https://olympiads.hbcse.tifr.res.in/how-to-prepare/past-papers/,RMO 2025 Solutions,https://olympiads.hbcse.tifr.res.in/wp-content/uploads/2025/12/RMO-2025-solutions.pdf,PDF solution/answer,English/Hindi,Official mathematics and science Olympiad papers and solutions
India,EM/DM,EM/DM,A,Olympiad archive,HBCSE Olympiad past papers,https://olympiads.hbcse.tifr.res.in/how-to-prepare/past-papers/,RMO Paper 2015 (Mumbai region),https://olympiads.hbcse.tifr.res.in/olympiads/wp-content/uploads/2016/09/crmo-15-5.pdf,PDF paper/problem,English/Hindi,Official mathematics and science Olympiad papers and solutions
India,EM/DM,EM/DM,A,Olympiad archive,HBCSE Olympiad past papers,https://olympiads.hbcse.tifr.res.in/how-to-prepare/past-papers/,RMO Question Paper 2019,https://olympiads.hbcse.tifr.res.in/wp-content/uploads/2019/10/rmoengfirst2019.pdf,PDF paper/problem,English/Hindi,Official mathematics and science Olympiad papers and solutions
India,EM/DM,EM/DM,A,Olympiad archive,HBCSE Olympiad past papers,https://olympiads.hbcse.tifr.res.in/how-to-prepare/past-papers/,RMO2023-24-Non KV & Non JNV Question Paper,https://olympiads.hbcse.tifr.res.in/wp-content/uploads/2023/10/rmo-combined.pdf,PDF paper/problem,English/Hindi,Official mathematics and science Olympiad papers and solutions
India,EM/DM,EM/DM,A,Olympiad archive,HBCSE Olympiad past papers,https://olympiads.hbcse.tifr.res.in/how-to-prepare/past-papers/,RMO2024 Problem with Solutions,https://olympiads.hbcse.tifr.res.in/wp-content/uploads/2024/11/Official-Solutions-for-RMO-2024.pdf,PDF solution/answer,English/Hindi,Official mathematics and science Olympiad papers and solutions
India,EM/DM,EM/DM,A,Olympiad archive,HBCSE Olympiad past papers,https://olympiads.hbcse.tifr.res.in/how-to-prepare/past-papers/,RMO23-24 KV & JNV Question Paper,https://olympiads.hbcse.tifr.res.in/wp-content/uploads/2023/10/KVJNV_Bilingual.pdf,PDF paper/problem,English/Hindi,Official mathematics and science Olympiad papers and solutions
India,EM/DM,EM/DM,A,Olympiad archive,HBCSE Olympiad past papers,https://olympiads.hbcse.tifr.res.in/how-to-prepare/past-papers/,Sample OMR sheet showing marked answers,https://olympiads.hbcse.tifr.res.in/olympiads/wp-content/uploads/2016/08/sample-OMR-sheet-marking.pdf,PDF solution/answer,English/Hindi,Official mathematics and science Olympiad papers and solutions
India,EM/DM,EM/DM,A,Olympiad archive,HBCSE Olympiad past papers,https://olympiads.hbcse.tifr.res.in/how-to-prepare/past-papers/,Sample PRMO questions,https://olympiads.hbcse.tifr.res.in/olympiads/wp-content/uploads/2016/08/sample-prmo-questions.pdf,PDF paper/problem,English/Hindi,Official mathematics and science Olympiad papers and solutions
India,EM/DM,EM/DM,B,Olympiad archive,HBCSE Olympiad past papers,https://olympiads.hbcse.tifr.res.in/how-to-prepare/past-papers/,Science Olympiad 2025-2026,https://olympiads.hbcse.tifr.res.in/science-olympiad-2025-2026/,HTML source/link,English/Hindi,Official mathematics and science Olympiad papers and solutions
India,EM/DM,EM/DM,B,Olympiad archive,HBCSE Olympiad past papers,https://olympiads.hbcse.tifr.res.in/how-to-prepare/past-papers/,Science Olympiad 2026-2027,https://olympiads.hbcse.tifr.res.in/science-olympiad-2026-2027/,HTML source/link,English/Hindi,Official mathematics and science Olympiad papers and solutions
India,EM/DM,EM/DM,A,Olympiad archive,HBCSE Olympiad past papers,https://olympiads.hbcse.tifr.res.in/how-to-prepare/past-papers/,Solution,https://olympiads.hbcse.tifr.res.in/olympiads/wp-content/uploads/2017/10/sol-crmo-20171.pdf,PDF solution/answer,English/Hindi,Official mathematics and science Olympiad papers and solutions
India,EM/DM,EM/DM,A,Olympiad archive,HBCSE Olympiad past papers,https://olympiads.hbcse.tifr.res.in/how-to-prepare/past-papers/,Solution,https://olympiads.hbcse.tifr.res.in/olympiads/wp-content/uploads/2017/01/sol-inmo_17.pdf,PDF solution/answer,English/Hindi,Official mathematics and science Olympiad papers and solutions
India,EM/DM,EM/DM,A,Olympiad archive,HBCSE Olympiad past papers,https://olympiads.hbcse.tifr.res.in/how-to-prepare/past-papers/,Solution,https://olympiads.hbcse.tifr.res.in/olympiads/wp-content/uploads/2016/11/1sol.pdf,PDF solution/answer,English/Hindi,Official mathematics and science Olympiad papers and solutions
India,EM/DM,EM/DM,A,Olympiad archive,HBCSE Olympiad past papers,https://olympiads.hbcse.tifr.res.in/how-to-prepare/past-papers/,Solution,https://olympiads.hbcse.tifr.res.in/olympiads/wp-content/uploads/2016/09/sol-inmo16.pdf,PDF solution/answer,English/Hindi,Official mathematics and science Olympiad papers and solutions
India,EM/DM,EM/DM,A,Olympiad archive,HBCSE Olympiad past papers,https://olympiads.hbcse.tifr.res.in/how-to-prepare/past-papers/,Solution,https://olympiads.hbcse.tifr.res.in/olympiads/wp-content/uploads/2016/11/2sol.pdf,PDF solution/answer,English/Hindi,Official mathematics and science Olympiad papers and solutions
India,EM/DM,EM/DM,A,Olympiad archive,HBCSE Olympiad past papers,https://olympiads.hbcse.tifr.res.in/how-to-prepare/past-papers/,Solution,https://olympiads.hbcse.tifr.res.in/olympiads/wp-content/uploads/2016/11/3sol.pdf,PDF solution/answer,English/Hindi,Official mathematics and science Olympiad papers and solutions
India,EM/DM,EM/DM,A,Olympiad archive,HBCSE Olympiad past papers,https://olympiads.hbcse.tifr.res.in/how-to-prepare/past-papers/,Solution,https://olympiads.hbcse.tifr.res.in/olympiads/wp-content/uploads/2016/11/4sol.pdf,PDF solution/answer,English/Hindi,Official mathematics and science Olympiad papers and solutions
India,EM/DM,EM/DM,A,Olympiad archive,HBCSE Olympiad past papers,https://olympiads.hbcse.tifr.res.in/how-to-prepare/past-papers/,Solution,https://olympiads.hbcse.tifr.res.in/olympiads/wp-content/uploads/2016/09/sol-crmo15-1.pdf,PDF solution/answer,English/Hindi,Official mathematics and science Olympiad papers and solutions
India,EM/DM,EM/DM,A,Olympiad archive,HBCSE Olympiad past papers,https://olympiads.hbcse.tifr.res.in/how-to-prepare/past-papers/,Solution,https://olympiads.hbcse.tifr.res.in/olympiads/wp-content/uploads/2016/09/sol-crmo15-2.pdf,PDF solution/answer,English/Hindi,Official mathematics and science Olympiad papers and solutions
India,EM/DM,EM/DM,A,Olympiad archive,HBCSE Olympiad past papers,https://olympiads.hbcse.tifr.res.in/how-to-prepare/past-papers/,Solution,https://olympiads.hbcse.tifr.res.in/olympiads/wp-content/uploads/2016/09/sol-crmo15-3.pdf,PDF solution/answer,English/Hindi,Official mathematics and science Olympiad papers and solutions
India,EM/DM,EM/DM,A,Olympiad archive,HBCSE Olympiad past papers,https://olympiads.hbcse.tifr.res.in/how-to-prepare/past-papers/,Solution,https://olympiads.hbcse.tifr.res.in/olympiads/wp-content/uploads/2016/09/sol-crmo15-4.pdf,PDF solution/answer,English/Hindi,Official mathematics and science Olympiad papers and solutions
India,EM/DM,EM/DM,A,Olympiad archive,HBCSE Olympiad past papers,https://olympiads.hbcse.tifr.res.in/how-to-prepare/past-papers/,Solution,https://olympiads.hbcse.tifr.res.in/olympiads/wp-content/uploads/2016/09/sol-crmo15-5.pdf,PDF solution/answer,English/Hindi,Official mathematics and science Olympiad papers and solutions
India,EM/DM,EM/DM,A,Olympiad archive,HBCSE Olympiad past papers,https://olympiads.hbcse.tifr.res.in/how-to-prepare/past-papers/,Solution,https://olympiads.hbcse.tifr.res.in/olympiads/wp-content/uploads/2016/09/sol-crmo-14-1.pdf,PDF solution/answer,English/Hindi,Official mathematics and science Olympiad papers and solutions
India,EM/DM,EM/DM,A,Olympiad archive,HBCSE Olympiad past papers,https://olympiads.hbcse.tifr.res.in/how-to-prepare/past-papers/,Solution,https://olympiads.hbcse.tifr.res.in/olympiads/wp-content/uploads/2016/09/sol-crmo-14-2.pdf,PDF solution/answer,English/Hindi,Official mathematics and science Olympiad papers and solutions
India,EM/DM,EM/DM,A,Olympiad archive,HBCSE Olympiad past papers,https://olympiads.hbcse.tifr.res.in/how-to-prepare/past-papers/,Solution,https://olympiads.hbcse.tifr.res.in/olympiads/wp-content/uploads/2016/09/sol-crmo-14-3.pdf,PDF solution/answer,English/Hindi,Official mathematics and science Olympiad papers and solutions
India,EM/DM,EM/DM,A,Olympiad archive,HBCSE Olympiad past papers,https://olympiads.hbcse.tifr.res.in/how-to-prepare/past-papers/,Solution,https://olympiads.hbcse.tifr.res.in/olympiads/wp-content/uploads/2016/09/sol-crmo-14-4.pdf,PDF solution/answer,English/Hindi,Official mathematics and science Olympiad papers and solutions
India,EM/DM,EM/DM,A,Olympiad archive,HBCSE Olympiad past papers,https://olympiads.hbcse.tifr.res.in/how-to-prepare/past-papers/,Solution,https://olympiads.hbcse.tifr.res.in/olympiads/wp-content/uploads/2016/09/sol-crmo-14-5.pdf,PDF solution/answer,English/Hindi,Official mathematics and science Olympiad papers and solutions
India,EM/DM,EM/DM,A,Olympiad archive,HBCSE Olympiad past papers,https://olympiads.hbcse.tifr.res.in/how-to-prepare/past-papers/,Solution,https://olympiads.hbcse.tifr.res.in/olympiads/wp-content/uploads/2016/09/crmo-2013-solutions-1.pdf,PDF solution/answer,English/Hindi,Official mathematics and science Olympiad papers and solutions
India,EM/DM,EM/DM,A,Olympiad archive,HBCSE Olympiad past papers,https://olympiads.hbcse.tifr.res.in/how-to-prepare/past-papers/,Solution,https://olympiads.hbcse.tifr.res.in/olympiads/wp-content/uploads/2016/09/crmo-2013-solutions-2.pdf,PDF solution/answer,English/Hindi,Official mathematics and science Olympiad papers and solutions
India,EM/DM,EM/DM,A,Olympiad archive,HBCSE Olympiad past papers,https://olympiads.hbcse.tifr.res.in/how-to-prepare/past-papers/,Solution,https://olympiads.hbcse.tifr.res.in/olympiads/wp-content/uploads/2016/09/crmo-2013-solutions-4.pdf,PDF solution/answer,English/Hindi,Official mathematics and science Olympiad papers and solutions
India,EM/DM,EM/DM,A,Olympiad archive,HBCSE Olympiad past papers,https://olympiads.hbcse.tifr.res.in/how-to-prepare/past-papers/,Solution,https://olympiads.hbcse.tifr.res.in/olympiads/wp-content/uploads/2016/09/solutions-to-rmo-2013-mumbai-region.pdf,PDF solution/answer,English/Hindi,Official mathematics and science Olympiad papers and solutions
India,EM/DM,EM/DM,B,Olympiad archive,HBCSE Olympiad past papers,https://olympiads.hbcse.tifr.res.in/how-to-prepare/past-papers/,Stages,https://olympiads.hbcse.tifr.res.in/about-olympiads/stages/,HTML source/link,English/Hindi,Official mathematics and science Olympiad papers and solutions
India,EM/DM,EM/DM,B,Olympiad archive,HBCSE Olympiad past papers,https://olympiads.hbcse.tifr.res.in/how-to-prepare/past-papers/,Syllabus,https://olympiads.hbcse.tifr.res.in/how-to-prepare/syllabus/,HTML source/link,English/Hindi,Official mathematics and science Olympiad papers and solutions
India,EM/DM,EM/DM,A,exam archive,TIFR past question papers,https://www.tifr.res.in/academics/past_question_papers.php,Academic Council,https://ccweb.tifr.res.in/AppAdmin/NewCommitteeOrder/docs/Standing%20Order%20D-3-2023-24_Academic%20Council%20of%20TIFR.pdf,PDF resource,English,Official graduate entrance papers
India,EM/DM,EM/DM,A,exam archive,TIFR past question papers,https://www.tifr.res.in/academics/past_question_papers.php,Advertisement,https://www.tifr.res.in/academics/docs/GS-2026_Advertisement.pdf,PDF resource,English,Official graduate entrance papers
India,EM/DM,EM/DM,A,exam archive,TIFR past question papers,https://www.tifr.res.in/academics/past_question_papers.php,Biology,https://www.tifr.res.in/academics/docs/past_QP/GS2026_QP_Biology.pdf,PDF resource,English,Official graduate entrance papers
India,EM/DM,EM/DM,A,exam archive,TIFR past question papers,https://www.tifr.res.in/academics/past_question_papers.php,Biology,https://www.tifr.res.in/academics/docs/past_QP/GS2025_QP_Biology.pdf,PDF resource,English,Official graduate entrance papers
India,EM/DM,EM/DM,A,exam archive,TIFR past question papers,https://www.tifr.res.in/academics/past_question_papers.php,Biology,https://www.tifr.res.in/academics/docs/past_QP/GS2024_QP_Bio_JGEEBILS.pdf,PDF resource,English,Official graduate entrance papers
India,EM/DM,EM/DM,A,exam archive,TIFR past question papers,https://www.tifr.res.in/academics/past_question_papers.php,Biology,https://www.tifr.res.in/academics/docs/past_QP/GS2023_QP_BIO.pdf,PDF resource,English,Official graduate entrance papers
India,EM/DM,EM/DM,A,exam archive,TIFR past question papers,https://www.tifr.res.in/academics/past_question_papers.php,Biology,https://www.tifr.res.in/academics/docs/past_QP/GS2022_QP_BIO.pdf,PDF resource,English,Official graduate entrance papers
India,EM/DM,EM/DM,A,exam archive,TIFR past question papers,https://www.tifr.res.in/academics/past_question_papers.php,Biology,https://www.tifr.res.in/academics/docs/past_QP/GS2021_QP_BIO.pdf,PDF resource,English,Official graduate entrance papers
India,EM/DM,EM/DM,A,exam archive,TIFR past question papers,https://www.tifr.res.in/academics/past_question_papers.php,Biology,https://www.tifr.res.in/academics/docs/past_QP/GS2020_QP_BIO.pdf,PDF resource,English,Official graduate entrance papers
India,EM/DM,EM/DM,A,exam archive,TIFR past question papers,https://www.tifr.res.in/academics/past_question_papers.php,Biology,https://www.tifr.res.in/academics/docs/past_QP/GS2019_QP_BIO.pdf,PDF resource,English,Official graduate entrance papers
India,EM/DM,EM/DM,A,exam archive,TIFR past question papers,https://www.tifr.res.in/academics/past_question_papers.php,Biology,https://www.tifr.res.in/academics/docs/past_QP/GS2018_QP_BIO.pdf,PDF resource,English,Official graduate entrance papers
India,EM/DM,EM/DM,A,exam archive,TIFR past question papers,https://www.tifr.res.in/academics/past_question_papers.php,Biology,https://www.tifr.res.in/academics/docs/past_QP/GS2017_QP_BIO.pdf,PDF resource,English,Official graduate entrance papers
India,EM/DM,EM/DM,A,exam archive,TIFR past question papers,https://www.tifr.res.in/academics/past_question_papers.php,Biology,https://www.tifr.res.in/academics/docs/past_QP/GS2016_QP_BIO.pdf,PDF resource,English,Official graduate entrance papers
India,EM/DM,EM/DM,A,exam archive,TIFR past question papers,https://www.tifr.res.in/academics/past_question_papers.php,Biology,https://www.tifr.res.in/academics/docs/past_QP/GS2015_QP_BIO.pdf,PDF resource,English,Official graduate entrance papers
India,EM/DM,EM/DM,A,exam archive,TIFR past question papers,https://www.tifr.res.in/academics/past_question_papers.php,Biology,https://www.tifr.res.in/academics/docs/past_QP/GS2014_QP_BIO.pdf,PDF resource,English,Official graduate entrance papers
India,EM/DM,EM/DM,A,exam archive,TIFR past question papers,https://www.tifr.res.in/academics/past_question_papers.php,Biology,https://www.tifr.res.in/academics/docs/past_QP/GS2013_QP_BIO.pdf,PDF resource,English,Official graduate entrance papers
India,EM/DM,EM/DM,A,exam archive,TIFR past question papers,https://www.tifr.res.in/academics/past_question_papers.php,Biology,https://www.tifr.res.in/academics/docs/past_QP/GS2012_QP_BIO.pdf,PDF resource,English,Official graduate entrance papers
India,EM/DM,EM/DM,A,exam archive,TIFR past question papers,https://www.tifr.res.in/academics/past_question_papers.php,Biology,https://www.tifr.res.in/academics/docs/past_QP/GS2011_QP_Biology.pdf,PDF resource,English,Official graduate entrance papers
India,EM/DM,EM/DM,A,exam archive,TIFR past question papers,https://www.tifr.res.in/academics/past_question_papers.php,Biology,https://www.tifr.res.in/academics/docs/past_QP/GS2010-QP-BIO.pdf,PDF resource,English,Official graduate entrance papers
India,EM/DM,EM/DM,A,exam archive,TIFR past question papers,https://www.tifr.res.in/academics/past_question_papers.php,Chemistry,https://www.tifr.res.in/academics/docs/past_QP/GS2026_QP_Chemistry.pdf,PDF resource,English,Official graduate entrance papers
India,EM/DM,EM/DM,A,exam archive,TIFR past question papers,https://www.tifr.res.in/academics/past_question_papers.php,Chemistry,https://www.tifr.res.in/academics/docs/past_QP/GS2025_QP_Chemistry.pdf,PDF resource,English,Official graduate entrance papers
India,EM/DM,EM/DM,A,exam archive,TIFR past question papers,https://www.tifr.res.in/academics/past_question_papers.php,Chemistry,https://www.tifr.res.in/academics/docs/past_QP/GS2024_QP_Chemistry.pdf,PDF resource,English,Official graduate entrance papers
India,EM/DM,EM/DM,A,exam archive,TIFR past question papers,https://www.tifr.res.in/academics/past_question_papers.php,Chemistry,https://www.tifr.res.in/academics/docs/past_QP/GS2023_QP_CHM.pdf,PDF resource,English,Official graduate entrance papers
India,EM/DM,EM/DM,A,exam archive,TIFR past question papers,https://www.tifr.res.in/academics/past_question_papers.php,Chemistry,https://www.tifr.res.in/academics/docs/past_QP/GS2022_QP_CHM.pdf,PDF resource,English,Official graduate entrance papers
India,EM/DM,EM/DM,A,exam archive,TIFR past question papers,https://www.tifr.res.in/academics/past_question_papers.php,Chemistry,https://www.tifr.res.in/academics/docs/past_QP/GS2021_QP_CHM.pdf,PDF resource,English,Official graduate entrance papers
India,EM/DM,EM/DM,A,exam archive,TIFR past question papers,https://www.tifr.res.in/academics/past_question_papers.php,Chemistry,https://www.tifr.res.in/academics/docs/past_QP/GS2020_QP_CHM.pdf,PDF resource,English,Official graduate entrance papers
India,EM/DM,EM/DM,A,exam archive,TIFR past question papers,https://www.tifr.res.in/academics/past_question_papers.php,Chemistry,https://www.tifr.res.in/academics/docs/past_QP/GS2019_QP_CHM.pdf,PDF resource,English,Official graduate entrance papers
India,EM/DM,EM/DM,A,exam archive,TIFR past question papers,https://www.tifr.res.in/academics/past_question_papers.php,Chemistry,https://www.tifr.res.in/academics/docs/past_QP/GS2011_QP_Chemistry.pdf,PDF resource,English,Official graduate entrance papers
India,EM/DM,EM/DM,A,exam archive,TIFR past question papers,https://www.tifr.res.in/academics/past_question_papers.php,Chemistry,https://www.tifr.res.in/academics/docs/past_QP/GS2010-QP-CHM.PDF,PDF resource,English,Official graduate entrance papers
India,EM/DM,EM/DM,A,exam archive,TIFR past question papers,https://www.tifr.res.in/academics/past_question_papers.php,Chemistry-X,https://www.tifr.res.in/academics/docs/past_QP/GS2018_QP_CHM_X.pdf,PDF resource,English,Official graduate entrance papers
India,EM/DM,EM/DM,A,exam archive,TIFR past question papers,https://www.tifr.res.in/academics/past_question_papers.php,Chemistry-X,https://www.tifr.res.in/academics/docs/past_QP/GS2017_QP_CHM_X.pdf,PDF resource,English,Official graduate entrance papers
India,EM/DM,EM/DM,A,exam archive,TIFR past question papers,https://www.tifr.res.in/academics/past_question_papers.php,Chemistry-X,https://www.tifr.res.in/academics/docs/past_QP/GS2016_QP_CHM_X.pdf,PDF resource,English,Official graduate entrance papers
India,EM/DM,EM/DM,A,exam archive,TIFR past question papers,https://www.tifr.res.in/academics/past_question_papers.php,Chemistry-X,https://www.tifr.res.in/academics/docs/past_QP/GS2015_QP_CHM_X.pdf,PDF resource,English,Official graduate entrance papers
India,EM/DM,EM/DM,A,exam archive,TIFR past question papers,https://www.tifr.res.in/academics/past_question_papers.php,Chemistry-X,https://www.tifr.res.in/academics/docs/past_QP/GS2014_QP_CHM_X.pdf,PDF resource,English,Official graduate entrance papers
India,EM/DM,EM/DM,A,exam archive,TIFR past question papers,https://www.tifr.res.in/academics/past_question_papers.php,Chemistry-X,https://www.tifr.res.in/academics/docs/past_QP/GS2013_QP_CHM_X.pdf,PDF resource,English,Official graduate entrance papers
India,EM/DM,EM/DM,A,exam archive,TIFR past question papers,https://www.tifr.res.in/academics/past_question_papers.php,Chemistry-X,https://www.tifr.res.in/academics/docs/past_QP/GS2012_QP_CHM_X.pdf,PDF resource,English,Official graduate entrance papers
India,EM/DM,EM/DM,A,exam archive,TIFR past question papers,https://www.tifr.res.in/academics/past_question_papers.php,Chemistry-Y,https://www.tifr.res.in/academics/docs/past_QP/GS2018_QP_CHM_Y.pdf,PDF resource,English,Official graduate entrance papers
India,EM/DM,EM/DM,A,exam archive,TIFR past question papers,https://www.tifr.res.in/academics/past_question_papers.php,Chemistry-Y,https://www.tifr.res.in/academics/docs/past_QP/GS2017_QP_CHM_Y.pdf,PDF resource,English,Official graduate entrance papers
India,EM/DM,EM/DM,A,exam archive,TIFR past question papers,https://www.tifr.res.in/academics/past_question_papers.php,Chemistry-Y,https://www.tifr.res.in/academics/docs/past_QP/GS2016_QP_CHM_Y.pdf,PDF resource,English,Official graduate entrance papers
India,EM/DM,EM/DM,A,exam archive,TIFR past question papers,https://www.tifr.res.in/academics/past_question_papers.php,Chemistry-Y,https://www.tifr.res.in/academics/docs/past_QP/GS2015_QP_CHM_Y.pdf,PDF resource,English,Official graduate entrance papers
India,EM/DM,EM/DM,A,exam archive,TIFR past question papers,https://www.tifr.res.in/academics/past_question_papers.php,Chemistry-Y,https://www.tifr.res.in/academics/docs/past_QP/GS2014_QP_CHM_Y.pdf,PDF resource,English,Official graduate entrance papers
India,EM/DM,EM/DM,A,exam archive,TIFR past question papers,https://www.tifr.res.in/academics/past_question_papers.php,Chemistry-Y,https://www.tifr.res.in/academics/docs/past_QP/GS2013_QP_CHM_Y.pdf,PDF resource,English,Official graduate entrance papers
India,EM/DM,EM/DM,A,exam archive,TIFR past question papers,https://www.tifr.res.in/academics/past_question_papers.php,Chemistry-Y,https://www.tifr.res.in/academics/docs/past_QP/GS2012_QP_CHM_Y.pdf,PDF resource,English,Official graduate entrance papers
India,EM/DM,EM/DM,A,exam archive,TIFR past question papers,https://www.tifr.res.in/academics/past_question_papers.php,Computer & Systems Sciences,https://www.tifr.res.in/academics/docs/past_QP/GS2023_QP_CSS.pdf,PDF resource,English,Official graduate entrance papers
India,EM/DM,EM/DM,A,exam archive,TIFR past question papers,https://www.tifr.res.in/academics/past_question_papers.php,Computer & Systems Sciences,https://www.tifr.res.in/academics/docs/past_QP/GS2022_QP_CSS.pdf,PDF resource,English,Official graduate entrance papers
India,EM/DM,EM/DM,A,exam archive,TIFR past question papers,https://www.tifr.res.in/academics/past_question_papers.php,Computer & Systems Sciences,https://www.tifr.res.in/academics/docs/past_QP/GS2021_QP_CSS.pdf,PDF resource,English,Official graduate entrance papers
India,EM/DM,EM/DM,A,exam archive,TIFR past question papers,https://www.tifr.res.in/academics/past_question_papers.php,Computer & Systems Sciences,https://www.tifr.res.in/academics/docs/past_QP/GS2020_QP_CSS.pdf,PDF resource,English,Official graduate entrance papers
India,EM/DM,EM/DM,A,exam archive,TIFR past question papers,https://www.tifr.res.in/academics/past_question_papers.php,Computer & Systems Sciences,https://www.tifr.res.in/academics/docs/past_QP/GS2019_QP_CS.pdf,PDF resource,English,Official graduate entrance papers
India,EM/DM,EM/DM,A,exam archive,TIFR past question papers,https://www.tifr.res.in/academics/past_question_papers.php,Computer & Systems Sciences,https://www.tifr.res.in/academics/docs/past_QP/GS2018_QP_CSS.pdf,PDF resource,English,Official graduate entrance papers
India,EM/DM,EM/DM,A,exam archive,TIFR past question papers,https://www.tifr.res.in/academics/past_question_papers.php,Computer & Systems Sciences,https://www.tifr.res.in/academics/docs/past_QP/GS2017_QP_CSS.pdf,PDF resource,English,Official graduate entrance papers
India,EM/DM,EM/DM,A,exam archive,TIFR past question papers,https://www.tifr.res.in/academics/past_question_papers.php,Computer & Systems Sciences,https://www.tifr.res.in/academics/docs/past_QP/GS2016_QP_CSS.pdf,PDF resource,English,Official graduate entrance papers
India,EM/DM,EM/DM,A,exam archive,TIFR past question papers,https://www.tifr.res.in/academics/past_question_papers.php,Computer & Systems Sciences,https://www.tifr.res.in/academics/docs/past_QP/GS2015_QP_CSS.pdf,PDF resource,English,Official graduate entrance papers
India,EM/DM,EM/DM,A,exam archive,TIFR past question papers,https://www.tifr.res.in/academics/past_question_papers.php,Computer & Systems Sciences,https://www.tifr.res.in/academics/docs/past_QP/GS2014_QP_CSS.pdf,PDF resource,English,Official graduate entrance papers
India,EM/DM,EM/DM,A,exam archive,TIFR past question papers,https://www.tifr.res.in/academics/past_question_papers.php,Computer & Systems Sciences,https://www.tifr.res.in/academics/docs/past_QP/GS2013_QP_CSS.pdf,PDF resource,English,Official graduate entrance papers
India,EM/DM,EM/DM,A,exam archive,TIFR past question papers,https://www.tifr.res.in/academics/past_question_papers.php,Computer & Systems Sciences,https://www.tifr.res.in/academics/docs/past_QP/GS2012_QP_CSS.pdf,PDF resource,English,Official graduate entrance papers
India,EM/DM,EM/DM,A,exam archive,TIFR past question papers,https://www.tifr.res.in/academics/past_question_papers.php,Computer & Systems Sciences,https://www.tifr.res.in/academics/docs/past_QP/GS2011_QP_Computer.pdf,PDF resource,English,Official graduate entrance papers
India,EM/DM,EM/DM,A,exam archive,TIFR past question papers,https://www.tifr.res.in/academics/past_question_papers.php,Computer & Systems Sciences,https://www.tifr.res.in/academics/docs/past_QP/GS2010-QP-CSS.PDF,PDF resource,English,Official graduate entrance papers
India,EM/DM,EM/DM,A,exam archive,TIFR past question papers,https://www.tifr.res.in/academics/past_question_papers.php,Computer Science,https://www.tifr.res.in/academics/docs/past_QP/GS2026_QP_CS_LIDS.pdf,PDF resource,English,Official graduate entrance papers
India,EM/DM,EM/DM,A,exam archive,TIFR past question papers,https://www.tifr.res.in/academics/past_question_papers.php,Computer Science,https://www.tifr.res.in/academics/docs/past_QP/GS2025_QP_CS_LIDS.pdf,PDF resource,English,Official graduate entrance papers
India,EM/DM,EM/DM,A,exam archive,TIFR past question papers,https://www.tifr.res.in/academics/past_question_papers.php,Computer Science,https://www.tifr.res.in/academics/docs/past_QP/GS2024_QP_CS.pdf,PDF resource,English,Official graduate entrance papers
India,EM/DM,EM/DM,A,exam archive,TIFR past question papers,https://www.tifr.res.in/academics/past_question_papers.php,Examination Board,https://www.tifr.res.in/academics/docs/D-8-2025-26_Constitutio_of_Examination_Board_TIFR_GS_Programme.pdf,PDF paper/problem,English,Official graduate entrance papers
India,EM/DM,EM/DM,B,exam archive,TIFR past question papers,https://www.tifr.res.in/academics/past_question_papers.php,Final Answer Keys,https://www.tifr.res.in/academics/gs_final_keys.php,HTML solution/answer,English,Official graduate entrance papers
India,EM/DM,EM/DM,A,exam archive,TIFR past question papers,https://www.tifr.res.in/academics/past_question_papers.php,Finance,"https://ccweb.tifr.res.in/AppAdmin/NewCommitteeOrder/docs/OD-R15-2023-24,%20FC.pdf",PDF resource,English,Official graduate entrance papers
India,EM/DM,EM/DM,B,exam archive,TIFR past question papers,https://www.tifr.res.in/academics/past_question_papers.php,GATE/JEST/CSIR/Other Exams,https://www.tifr.res.in/academics/gate_jest_csir.php,HTML paper/problem/practice,English,Official graduate entrance papers
India,EM/DM,EM/DM,A,exam archive,TIFR past question papers,https://www.tifr.res.in/academics/past_question_papers.php,Gender Harmony/ Womens' Cell,"https://ccweb.tifr.res.in/AppAdmin/NewCommitteeOrder/docs/OD-R37-2023-24,%20TCGH.pdf",PDF resource,English,Official graduate entrance papers
India,EM/DM,EM/DM,A,exam archive,TIFR past question papers,https://www.tifr.res.in/academics/past_question_papers.php,Learning Information & Data Sciences,https://www.tifr.res.in/academics/docs/past_QP/GS2024_QP_LIDS.pdf,PDF resource,English,Official graduate entrance papers
India,EM/DM,EM/DM,A,exam archive,TIFR past question papers,https://www.tifr.res.in/academics/past_question_papers.php,MSc Wildlife Biology and Conservation,https://www.tifr.res.in/academics/docs/past_QP/GS2022_QP_WLBIO.pdf,PDF resource,English,Official graduate entrance papers
India,EM/DM,EM/DM,A,exam archive,TIFR past question papers,https://www.tifr.res.in/academics/past_question_papers.php,MSc Wildlife Biology and Conservation,https://www.tifr.res.in/academics/docs/past_QP/GS2020_QP_WLBIO.pdf,PDF resource,English,Official graduate entrance papers
India,EM/DM,EM/DM,A,exam archive,TIFR past question papers,https://www.tifr.res.in/academics/past_question_papers.php,MSc Wildlife Biology and Conservation,https://www.tifr.res.in/academics/docs/past_QP/GS2018_QP_WLBIO.pdf,PDF resource,English,Official graduate entrance papers
India,EM/DM,EM/DM,A,exam archive,TIFR past question papers,https://www.tifr.res.in/academics/past_question_papers.php,MSc Wildlife Biology and Conservation,https://www.tifr.res.in/academics/docs/past_QP/GS2016_QP_WLBIO.pdf,PDF resource,English,Official graduate entrance papers
India,EM/DM,EM/DM,A,exam archive,TIFR past question papers,https://www.tifr.res.in/academics/past_question_papers.php,MSc Wildlife Biology and Conservation,https://www.tifr.res.in/academics/docs/past_QP/GS2014_QP_WLBIO.pdf,PDF resource,English,Official graduate entrance papers
India,EM/DM,EM/DM,A,exam archive,TIFR past question papers,https://www.tifr.res.in/academics/past_question_papers.php,MSc Wildlife Biology and Conservation,https://www.tifr.res.in/academics/docs/past_QP/GS2012_QP_WLBIO.pdf,PDF resource,English,Official graduate entrance papers
India,EM/DM,EM/DM,A,exam archive,TIFR past question papers,https://www.tifr.res.in/academics/past_question_papers.php,MSc Wildlife Biology and Conservation,https://www.tifr.res.in/academics/docs/past_QP/GS2010-QP-BIO-M.SC.-WILDLIFE.pdf,PDF resource,English,Official graduate entrance papers
India,EM/DM,EM/DM,A,exam archive,TIFR past question papers,https://www.tifr.res.in/academics/past_question_papers.php,Mathematics,https://www.tifr.res.in/academics/docs/past_QP/GS2026_QP_Mathematics.pdf,PDF resource,English,Official graduate entrance papers
India,EM/DM,EM/DM,A,exam archive,TIFR past question papers,https://www.tifr.res.in/academics/past_question_papers.php,Mathematics,https://www.tifr.res.in/academics/docs/past_QP/GS2025_QP_Mathematics.pdf,PDF resource,English,Official graduate entrance papers
India,EM/DM,EM/DM,A,exam archive,TIFR past question papers,https://www.tifr.res.in/academics/past_question_papers.php,Mathematics,https://www.tifr.res.in/academics/docs/past_QP/GS2024_QP_Maths.pdf,PDF resource,English,Official graduate entrance papers
India,EM/DM,EM/DM,A,exam archive,TIFR past question papers,https://www.tifr.res.in/academics/past_question_papers.php,Mathematics,https://www.tifr.res.in/academics/docs/past_QP/GS2023_QP_MTH.pdf,PDF resource,English,Official graduate entrance papers
India,EM/DM,EM/DM,A,exam archive,TIFR past question papers,https://www.tifr.res.in/academics/past_question_papers.php,Mathematics,https://www.tifr.res.in/academics/docs/past_QP/GS2022_QP_MTH.pdf,PDF resource,English,Official graduate entrance papers
India,EM/DM,EM/DM,A,exam archive,TIFR past question papers,https://www.tifr.res.in/academics/past_question_papers.php,Mathematics,https://www.tifr.res.in/academics/docs/past_QP/GS2021_QP_MTH.pdf,PDF resource,English,Official graduate entrance papers
India,EM/DM,EM/DM,A,exam archive,TIFR past question papers,https://www.tifr.res.in/academics/past_question_papers.php,Mathematics,https://www.tifr.res.in/academics/docs/past_QP/GS2020_QP_MTH.pdf,PDF resource,English,Official graduate entrance papers
India,EM/DM,EM/DM,A,exam archive,TIFR past question papers,https://www.tifr.res.in/academics/past_question_papers.php,Mathematics,https://www.tifr.res.in/academics/docs/past_QP/GS2019_QP_MTH.pdf,PDF resource,English,Official graduate entrance papers
India,EM/DM,EM/DM,A,exam archive,TIFR past question papers,https://www.tifr.res.in/academics/past_question_papers.php,Mathematics,https://www.tifr.res.in/academics/docs/past_QP/GS2018_QP_MTH.pdf,PDF resource,English,Official graduate entrance papers
India,EM/DM,EM/DM,A,exam archive,TIFR past question papers,https://www.tifr.res.in/academics/past_question_papers.php,Mathematics,https://www.tifr.res.in/academics/docs/past_QP/GS2017_QP_MTH.pdf,PDF resource,English,Official graduate entrance papers
India,EM/DM,EM/DM,A,exam archive,TIFR past question papers,https://www.tifr.res.in/academics/past_question_papers.php,Mathematics,https://www.tifr.res.in/academics/docs/past_QP/GS2016_QP_MTH.pdf,PDF resource,English,Official graduate entrance papers
India,EM/DM,EM/DM,A,exam archive,TIFR past question papers,https://www.tifr.res.in/academics/past_question_papers.php,Mathematics,https://www.tifr.res.in/academics/docs/past_QP/GS2015_QP_MTH.pdf,PDF resource,English,Official graduate entrance papers
India,EM/DM,EM/DM,A,exam archive,TIFR past question papers,https://www.tifr.res.in/academics/past_question_papers.php,Mathematics,https://www.tifr.res.in/academics/docs/past_QP/GS2014_QP_MTH.pdf,PDF resource,English,Official graduate entrance papers
India,EM/DM,EM/DM,A,exam archive,TIFR past question papers,https://www.tifr.res.in/academics/past_question_papers.php,Mathematics,https://www.tifr.res.in/academics/docs/past_QP/GS2013_QP_MTH.pdf,PDF resource,English,Official graduate entrance papers
India,EM/DM,EM/DM,A,exam archive,TIFR past question papers,https://www.tifr.res.in/academics/past_question_papers.php,Mathematics,https://www.tifr.res.in/academics/docs/past_QP/GS2012_QP_MTH.pdf,PDF resource,English,Official graduate entrance papers
India,EM/DM,EM/DM,A,exam archive,TIFR past question papers,https://www.tifr.res.in/academics/past_question_papers.php,Mathematics,https://www.tifr.res.in/academics/docs/past_QP/GS2011_QP_Maths.pdf,PDF resource,English,Official graduate entrance papers
India,EM/DM,EM/DM,A,exam archive,TIFR past question papers,https://www.tifr.res.in/academics/past_question_papers.php,Mathematics,https://www.tifr.res.in/academics/docs/past_QP/GS2010-QP-MTH.PDF,PDF resource,English,Official graduate entrance papers
India,EM/DM,EM/DM,A,exam archive,TIFR past question papers,https://www.tifr.res.in/academics/past_question_papers.php,Mathematics-PhD at CAM,https://www.tifr.res.in/academics/docs/past_QP/GS2026_QP_Mathematics_PhD_CAM.pdf,PDF resource,English,Official graduate entrance papers
India,EM/DM,EM/DM,A,exam archive,TIFR past question papers,https://www.tifr.res.in/academics/past_question_papers.php,Mathematics-PhD at CAM,https://www.tifr.res.in/academics/docs/past_QP/GS2025_QP_Mathematics_PhD_CAM.pdf,PDF resource,English,Official graduate entrance papers
India,EM/DM,EM/DM,A,exam archive,TIFR past question papers,https://www.tifr.res.in/academics/past_question_papers.php,NEP,"https://ccweb.tifr.res.in/AppAdmin/NewCommitteeOrder/docs/OFFICE%20ORDER%20OD%20%EF%BF%BD%20C2%20%EF%BF%BD%202021-22,%20TIFR-NEP%20discussion%20committee.pdf",PDF resource,English,Official graduate entrance papers
India,EM/DM,EM/DM,A,exam archive,TIFR past question papers,https://www.tifr.res.in/academics/past_question_papers.php,Physics,https://www.tifr.res.in/academics/docs/past_QP/GS2023_QP_PHY.pdf,PDF resource,English,Official graduate entrance papers
India,EM/DM,EM/DM,A,exam archive,TIFR past question papers,https://www.tifr.res.in/academics/past_question_papers.php,Physics,https://www.tifr.res.in/academics/docs/past_QP/GS2022_QP_PHY.pdf,PDF resource,English,Official graduate entrance papers
India,EM/DM,EM/DM,A,exam archive,TIFR past question papers,https://www.tifr.res.in/academics/past_question_papers.php,Physics,https://www.tifr.res.in/academics/docs/past_QP/GS2021_QP_PHY.pdf,PDF resource,English,Official graduate entrance papers
India,EM/DM,EM/DM,A,exam archive,TIFR past question papers,https://www.tifr.res.in/academics/past_question_papers.php,Physics,https://www.tifr.res.in/academics/docs/past_QP/GS2020_QP_PHY.pdf,PDF resource,English,Official graduate entrance papers
India,EM/DM,EM/DM,A,exam archive,TIFR past question papers,https://www.tifr.res.in/academics/past_question_papers.php,Physics,https://www.tifr.res.in/academics/docs/past_QP/GS2011_QP_Physics.pdf,PDF resource,English,Official graduate entrance papers
India,EM/DM,EM/DM,A,exam archive,TIFR past question papers,https://www.tifr.res.in/academics/past_question_papers.php,Physics,https://www.tifr.res.in/academics/docs/past_QP/GS2010-QP-PHY.PDF,PDF resource,English,Official graduate entrance papers
India,EM/DM,EM/DM,A,exam archive,TIFR past question papers,https://www.tifr.res.in/academics/past_question_papers.php,Physics (IPhD),https://www.tifr.res.in/academics/docs/past_QP/GS2026_QP_Physics_I-PhD.pdf,PDF resource,English,Official graduate entrance papers
India,EM/DM,EM/DM,A,exam archive,TIFR past question papers,https://www.tifr.res.in/academics/past_question_papers.php,Physics (IPhD),https://www.tifr.res.in/academics/docs/past_QP/GS2025_QP_Physics_IPhd.pdf,PDF resource,English,Official graduate entrance papers
India,EM/DM,EM/DM,A,exam archive,TIFR past question papers,https://www.tifr.res.in/academics/past_question_papers.php,Physics (IPhD),https://www.tifr.res.in/academics/docs/past_QP/GS2024_QP_Phys_IPhD.pdf,PDF resource,English,Official graduate entrance papers
India,EM/DM,EM/DM,A,exam archive,TIFR past question papers,https://www.tifr.res.in/academics/past_question_papers.php,Physics (PhD),https://www.tifr.res.in/academics/docs/past_QP/GS2026_QP_Physics_PhD.pdf,PDF resource,English,Official graduate entrance papers
India,EM/DM,EM/DM,A,exam archive,TIFR past question papers,https://www.tifr.res.in/academics/past_question_papers.php,Physics (PhD),https://www.tifr.res.in/academics/docs/past_QP/GS2025_QP_Physics_PhD.pdf,PDF resource,English,Official graduate entrance papers
India,EM/DM,EM/DM,A,exam archive,TIFR past question papers,https://www.tifr.res.in/academics/past_question_papers.php,Physics (PhD),https://www.tifr.res.in/academics/docs/past_QP/GS2024_QP_Phys_PhD.pdf,PDF resource,English,Official graduate entrance papers
India,EM/DM,EM/DM,A,exam archive,TIFR past question papers,https://www.tifr.res.in/academics/past_question_papers.php,Physics-IPHD,https://www.tifr.res.in/academics/docs/past_QP/GS2019_QP_PHY_IPHD.pdf,PDF resource,English,Official graduate entrance papers
India,EM/DM,EM/DM,A,exam archive,TIFR past question papers,https://www.tifr.res.in/academics/past_question_papers.php,Physics-PHD,https://www.tifr.res.in/academics/docs/past_QP/GS2019_QP_PHY_PHD.pdf,PDF resource,English,Official graduate entrance papers
India,EM/DM,EM/DM,A,exam archive,TIFR past question papers,https://www.tifr.res.in/academics/past_question_papers.php,Physics-X,https://www.tifr.res.in/academics/docs/past_QP/GS2018_PHY_X.pdf,PDF resource,English,Official graduate entrance papers
India,EM/DM,EM/DM,A,exam archive,TIFR past question papers,https://www.tifr.res.in/academics/past_question_papers.php,Physics-X,https://www.tifr.res.in/academics/docs/past_QP/GS2017_QP_PHY_X.pdf,PDF resource,English,Official graduate entrance papers
India,EM/DM,EM/DM,A,exam archive,TIFR past question papers,https://www.tifr.res.in/academics/past_question_papers.php,Physics-X,https://www.tifr.res.in/academics/docs/past_QP/GS2016_QP_PHY_X.pdf,PDF resource,English,Official graduate entrance papers
India,EM/DM,EM/DM,A,exam archive,TIFR past question papers,https://www.tifr.res.in/academics/past_question_papers.php,Physics-X,https://www.tifr.res.in/academics/docs/past_QP/GS2015_QP_PHY_X.pdf,PDF resource,English,Official graduate entrance papers
India,EM/DM,EM/DM,A,exam archive,TIFR past question papers,https://www.tifr.res.in/academics/past_question_papers.php,Physics-X,https://www.tifr.res.in/academics/docs/past_QP/GS2014_QP_PHY_X.pdf,PDF resource,English,Official graduate entrance papers
India,EM/DM,EM/DM,A,exam archive,TIFR past question papers,https://www.tifr.res.in/academics/past_question_papers.php,Physics-X,https://www.tifr.res.in/academics/docs/past_QP/GS2013_QP_PHY_X.pdf,PDF resource,English,Official graduate entrance papers
India,EM/DM,EM/DM,A,exam archive,TIFR past question papers,https://www.tifr.res.in/academics/past_question_papers.php,Physics-X,https://www.tifr.res.in/academics/docs/past_QP/GS2012_QP_PHY_X.pdf,PDF resource,English,Official graduate entrance papers
India,EM/DM,EM/DM,A,exam archive,TIFR past question papers,https://www.tifr.res.in/academics/past_question_papers.php,Physics-Y,https://www.tifr.res.in/academics/docs/past_QP/GS2018_PHY_Y.pdf,PDF resource,English,Official graduate entrance papers
India,EM/DM,EM/DM,A,exam archive,TIFR past question papers,https://www.tifr.res.in/academics/past_question_papers.php,Physics-Y,https://www.tifr.res.in/academics/docs/past_QP/GS2017_QP_PHY_Y.pdf,PDF resource,English,Official graduate entrance papers
India,EM/DM,EM/DM,A,exam archive,TIFR past question papers,https://www.tifr.res.in/academics/past_question_papers.php,Physics-Y,https://www.tifr.res.in/academics/docs/past_QP/GS2016_QP_PHY_Y.pdf,PDF resource,English,Official graduate entrance papers
India,EM/DM,EM/DM,A,exam archive,TIFR past question papers,https://www.tifr.res.in/academics/past_question_papers.php,Physics-Y,https://www.tifr.res.in/academics/docs/past_QP/GS2015_QP_PHY_Y.pdf,PDF resource,English,Official graduate entrance papers
India,EM/DM,EM/DM,A,exam archive,TIFR past question papers,https://www.tifr.res.in/academics/past_question_papers.php,Physics-Y,https://www.tifr.res.in/academics/docs/past_QP/GS2014_QP_PHY_Y.pdf,PDF resource,English,Official graduate entrance papers
India,EM/DM,EM/DM,A,exam archive,TIFR past question papers,https://www.tifr.res.in/academics/past_question_papers.php,Physics-Y,https://www.tifr.res.in/academics/docs/past_QP/GS2013_QP_PHY_Y.pdf,PDF resource,English,Official graduate entrance papers
India,EM/DM,EM/DM,A,exam archive,TIFR past question papers,https://www.tifr.res.in/academics/past_question_papers.php,Physics-Y,https://www.tifr.res.in/academics/docs/past_QP/GS2012_QP_PHY_Y.pdf,PDF resource,English,Official graduate entrance papers
India,EM/DM,EM/DM,A,exam archive,TIFR past question papers,https://www.tifr.res.in/academics/past_question_papers.php,Poster,https://www.tifr.res.in/academics/docs/GS-2026_Poster.pdf,PDF resource,English,Official graduate entrance papers
India,EM/DM,EM/DM,B,exam archive,TIFR past question papers,https://www.tifr.res.in/academics/past_question_papers.php,Questions,https://www.tifr.res.in/academics/gs_questions.php,HTML paper/problem/practice,English,Official graduate entrance papers
India,EM/DM,EM/DM,A,exam archive,TIFR past question papers,https://www.tifr.res.in/academics/past_question_papers.php,Research & Development,"https://ccweb.tifr.res.in/AppAdmin/NewCommitteeOrder/docs/OFFICE%20ORDER%20OD-P5-2022-23,%20TIFR%20R&D%20Cell.pdf",PDF resource,English,Official graduate entrance papers
India,EM/DM,EM/DM,A,exam archive,TIFR past question papers,https://www.tifr.res.in/academics/past_question_papers.php,Science Education,https://www.tifr.res.in/academics/docs/past_QP/GS2026_QP_Science_Education.pdf,PDF resource,English,Official graduate entrance papers
India,EM/DM,EM/DM,A,exam archive,TIFR past question papers,https://www.tifr.res.in/academics/past_question_papers.php,Science Education,https://www.tifr.res.in/academics/docs/past_QP/GS2025_QP_Science_Education.pdf,PDF resource,English,Official graduate entrance papers
India,EM/DM,EM/DM,A,exam archive,TIFR past question papers,https://www.tifr.res.in/academics/past_question_papers.php,Science Education,https://www.tifr.res.in/academics/docs/past_QP/GS2024_QP_SE.pdf,PDF resource,English,Official graduate entrance papers
India,EM/DM,EM/DM,A,exam archive,TIFR past question papers,https://www.tifr.res.in/academics/past_question_papers.php,Science Education,https://www.tifr.res.in/academics/docs/past_QP/GS2023_QP_SED.pdf,PDF resource,English,Official graduate entrance papers
India,EM/DM,EM/DM,B,exam archive,TIFR past question papers,https://www.tifr.res.in/academics/past_question_papers.php,Syllabus and Exam instructions,https://www.tifr.res.in/academics/syllabus.php,HTML paper/problem/practice,English,Official graduate entrance papers
India,EM/DM,EM/DM,B,exam archive,TIFR past question papers,https://www.tifr.res.in/academics/past_question_papers.php,TIFR External GS Exam,https://www.tifr.res.in/academics/gs_external_exam.php,HTML paper/problem/practice,English,Official graduate entrance papers
India,EM/DM,EM/DM,B,exam archive,TIFR past question papers,https://www.tifr.res.in/academics/past_question_papers.php,TIFR External GS Exam,https://www.tifr.res.in/academics/gs_advertisement.php,HTML paper/problem/practice,English,Official graduate entrance papers
India,EM/DM,EM/DM,A,exam archive,TIFR past question papers,https://www.tifr.res.in/academics/past_question_papers.php,TIFR past question papers — official gateway,https://www.tifr.res.in/academics/past_question_papers.php,Official gateway,English,Official graduate entrance papers
India,EM/DM,EM/DM,A,exam archive,TIFR past question papers,https://www.tifr.res.in/academics/past_question_papers.php,Wildlife Biology & Conservation,https://www.tifr.res.in/academics/docs/past_QP/GS2026_QP_WL_Biology.pdf,PDF resource,English,Official graduate entrance papers
India,EM/DM,EM/DM,A,exam archive,TIFR past question papers,https://www.tifr.res.in/academics/past_question_papers.php,Wildlife Biology & Conservation,https://www.tifr.res.in/academics/docs/past_QP/GS2024_QP_WLBIO.pdf,PDF resource,English,Official graduate entrance papers
India,EM/GA,EM/GA,A,exam archive,JEE Advanced archive,https://jeeadv.ac.in/archive.html,Download,https://jeeadv.ac.in/past_qps/2007_1.pdf,PDF resource,English,Official engineering entrance archive and AAT
India,EM/GA,EM/GA,A,exam archive,JEE Advanced archive,https://jeeadv.ac.in/archive.html,Download,https://jeeadv.ac.in/past_qps/2007_2.pdf,PDF resource,English,Official engineering entrance archive and AAT
India,EM/GA,EM/GA,A,exam archive,JEE Advanced archive,https://jeeadv.ac.in/archive.html,Download,https://jeeadv.ac.in/past_qps/2008_1.pdf,PDF resource,English,Official engineering entrance archive and AAT
India,EM/GA,EM/GA,A,exam archive,JEE Advanced archive,https://jeeadv.ac.in/archive.html,Download,https://jeeadv.ac.in/past_qps/2008_2.pdf,PDF resource,English,Official engineering entrance archive and AAT
India,EM/GA,EM/GA,A,exam archive,JEE Advanced archive,https://jeeadv.ac.in/archive.html,Download,https://jeeadv.ac.in/past_qps/2009_1.pdf,PDF resource,English,Official engineering entrance archive and AAT
India,EM/GA,EM/GA,A,exam archive,JEE Advanced archive,https://jeeadv.ac.in/archive.html,Download,https://jeeadv.ac.in/past_qps/2009_2.pdf,PDF resource,English,Official engineering entrance archive and AAT
India,EM/GA,EM/GA,A,exam archive,JEE Advanced archive,https://jeeadv.ac.in/archive.html,Download,https://jeeadv.ac.in/past_qps/2010_1.pdf,PDF resource,English,Official engineering entrance archive and AAT
India,EM/GA,EM/GA,A,exam archive,JEE Advanced archive,https://jeeadv.ac.in/archive.html,Download,https://jeeadv.ac.in/past_qps/2010_2.pdf,PDF resource,English,Official engineering entrance archive and AAT
India,EM/GA,EM/GA,A,exam archive,JEE Advanced archive,https://jeeadv.ac.in/archive.html,Download,https://jeeadv.ac.in/past_qps/2011_1.pdf,PDF resource,English,Official engineering entrance archive and AAT
India,EM/GA,EM/GA,A,exam archive,JEE Advanced archive,https://jeeadv.ac.in/archive.html,Download,https://jeeadv.ac.in/past_qps/2011_2.pdf,PDF resource,English,Official engineering entrance archive and AAT
India,EM/GA,EM/GA,A,exam archive,JEE Advanced archive,https://jeeadv.ac.in/archive.html,Download,https://jeeadv.ac.in/past_qps/2012_1.pdf,PDF resource,English,Official engineering entrance archive and AAT
India,EM/GA,EM/GA,A,exam archive,JEE Advanced archive,https://jeeadv.ac.in/archive.html,Download,https://jeeadv.ac.in/past_qps/2012_2.pdf,PDF resource,English,Official engineering entrance archive and AAT
India,EM/GA,EM/GA,A,exam archive,JEE Advanced archive,https://jeeadv.ac.in/archive.html,Download,https://jeeadv.ac.in/past_qps/2013_1.pdf,PDF resource,English,Official engineering entrance archive and AAT
India,EM/GA,EM/GA,A,exam archive,JEE Advanced archive,https://jeeadv.ac.in/archive.html,Download,https://jeeadv.ac.in/past_qps/2013_2.pdf,PDF resource,English,Official engineering entrance archive and AAT
India,EM/GA,EM/GA,A,exam archive,JEE Advanced archive,https://jeeadv.ac.in/archive.html,Download,https://jeeadv.ac.in/past_qps/2014_1.pdf,PDF resource,English,Official engineering entrance archive and AAT
India,EM/GA,EM/GA,A,exam archive,JEE Advanced archive,https://jeeadv.ac.in/archive.html,Download,https://jeeadv.ac.in/past_qps/2014_2.pdf,PDF resource,English,Official engineering entrance archive and AAT
India,EM/GA,EM/GA,A,exam archive,JEE Advanced archive,https://jeeadv.ac.in/archive.html,Download,https://jeeadv.ac.in/past_qps/2015_1.pdf,PDF resource,English,Official engineering entrance archive and AAT
India,EM/GA,EM/GA,A,exam archive,JEE Advanced archive,https://jeeadv.ac.in/archive.html,Download,https://jeeadv.ac.in/past_qps/2015_2.pdf,PDF resource,English,Official engineering entrance archive and AAT
India,EM/GA,EM/GA,A,exam archive,JEE Advanced archive,https://jeeadv.ac.in/archive.html,Download,https://jeeadv.ac.in/past_qps/2016_1.pdf,PDF resource,English,Official engineering entrance archive and AAT
India,EM/GA,EM/GA,A,exam archive,JEE Advanced archive,https://jeeadv.ac.in/archive.html,Download,https://jeeadv.ac.in/past_qps/2016_2.pdf,PDF resource,English,Official engineering entrance archive and AAT
India,EM/GA,EM/GA,A,exam archive,JEE Advanced archive,https://jeeadv.ac.in/archive.html,Download,https://jeeadv.ac.in/past_qps/2017_1.pdf,PDF resource,English,Official engineering entrance archive and AAT
India,EM/GA,EM/GA,A,exam archive,JEE Advanced archive,https://jeeadv.ac.in/archive.html,Download,https://jeeadv.ac.in/past_qps/2017_2.pdf,PDF resource,English,Official engineering entrance archive and AAT
India,EM/GA,EM/GA,A,exam archive,JEE Advanced archive,https://jeeadv.ac.in/archive.html,Download,https://jeeadv.ac.in/past_qps/2018_1.pdf,PDF resource,English,Official engineering entrance archive and AAT
India,EM/GA,EM/GA,A,exam archive,JEE Advanced archive,https://jeeadv.ac.in/archive.html,Download,https://jeeadv.ac.in/past_qps/2018_2.pdf,PDF resource,English,Official engineering entrance archive and AAT
India,EM/GA,EM/GA,A,exam archive,JEE Advanced archive,https://jeeadv.ac.in/archive.html,Download,https://jeeadv.ac.in/past_qps/2019_1_English.pdf,PDF resource,English,Official engineering entrance archive and AAT
India,EM/GA,EM/GA,A,exam archive,JEE Advanced archive,https://jeeadv.ac.in/archive.html,Download,https://jeeadv.ac.in/past_qps/2019_2_English.pdf,PDF resource,English,Official engineering entrance archive and AAT
India,EM/GA,EM/GA,A,exam archive,JEE Advanced archive,https://jeeadv.ac.in/archive.html,Download,https://jeeadv.ac.in/past_qps/2019_1_Hindi.pdf,PDF resource,English,Official engineering entrance archive and AAT
India,EM/GA,EM/GA,A,exam archive,JEE Advanced archive,https://jeeadv.ac.in/archive.html,Download,https://jeeadv.ac.in/past_qps/2019_2_Hindi.pdf,PDF resource,English,Official engineering entrance archive and AAT
India,EM/GA,EM/GA,A,exam archive,JEE Advanced archive,https://jeeadv.ac.in/archive.html,Download,https://jeeadv.ac.in/past_qps/2020_1_English.pdf,PDF resource,English,Official engineering entrance archive and AAT
India,EM/GA,EM/GA,A,exam archive,JEE Advanced archive,https://jeeadv.ac.in/archive.html,Download,https://jeeadv.ac.in/past_qps/2020_2_English.pdf,PDF resource,English,Official engineering entrance archive and AAT
India,EM/GA,EM/GA,A,exam archive,JEE Advanced archive,https://jeeadv.ac.in/archive.html,Download,https://jeeadv.ac.in/past_qps/2020_1_Hindi.pdf,PDF resource,English,Official engineering entrance archive and AAT
India,EM/GA,EM/GA,A,exam archive,JEE Advanced archive,https://jeeadv.ac.in/archive.html,Download,https://jeeadv.ac.in/past_qps/2020_2_Hindi.pdf,PDF resource,English,Official engineering entrance archive and AAT
India,EM/GA,EM/GA,A,exam archive,JEE Advanced archive,https://jeeadv.ac.in/archive.html,Download,https://jeeadv.ac.in/past_qps/2021_1_English.pdf,PDF resource,English,Official engineering entrance archive and AAT
India,EM/GA,EM/GA,A,exam archive,JEE Advanced archive,https://jeeadv.ac.in/archive.html,Download,https://jeeadv.ac.in/past_qps/2021_2_English.pdf,PDF resource,English,Official engineering entrance archive and AAT
India,EM/GA,EM/GA,A,exam archive,JEE Advanced archive,https://jeeadv.ac.in/archive.html,Download,https://jeeadv.ac.in/past_qps/2021_1_Hindi.pdf,PDF resource,English,Official engineering entrance archive and AAT
India,EM/GA,EM/GA,A,exam archive,JEE Advanced archive,https://jeeadv.ac.in/archive.html,Download,https://jeeadv.ac.in/past_qps/2021_2_Hindi.pdf,PDF resource,English,Official engineering entrance archive and AAT
India,EM/GA,EM/GA,A,exam archive,JEE Advanced archive,https://jeeadv.ac.in/archive.html,Download,https://jeeadv.ac.in/past_qps/2022_1_English.pdf,PDF resource,English,Official engineering entrance archive and AAT
India,EM/GA,EM/GA,A,exam archive,JEE Advanced archive,https://jeeadv.ac.in/archive.html,Download,https://jeeadv.ac.in/past_qps/2022_2_English.pdf,PDF resource,English,Official engineering entrance archive and AAT
India,EM/GA,EM/GA,A,exam archive,JEE Advanced archive,https://jeeadv.ac.in/archive.html,Download,https://jeeadv.ac.in/past_qps/2022_1_Hindi.pdf,PDF resource,English,Official engineering entrance archive and AAT
India,EM/GA,EM/GA,A,exam archive,JEE Advanced archive,https://jeeadv.ac.in/archive.html,Download,https://jeeadv.ac.in/past_qps/2022_2_Hindi.pdf,PDF resource,English,Official engineering entrance archive and AAT
India,EM/GA,EM/GA,A,exam archive,JEE Advanced archive,https://jeeadv.ac.in/archive.html,Download,https://jeeadv.ac.in/past_qps/2023_1_English.pdf,PDF resource,English,Official engineering entrance archive and AAT
India,EM/GA,EM/GA,A,exam archive,JEE Advanced archive,https://jeeadv.ac.in/archive.html,Download,https://jeeadv.ac.in/past_qps/2023_2_English.pdf,PDF resource,English,Official engineering entrance archive and AAT
India,EM/GA,EM/GA,A,exam archive,JEE Advanced archive,https://jeeadv.ac.in/archive.html,Download,https://jeeadv.ac.in/past_qps/2023_1_Hindi.pdf,PDF resource,English,Official engineering entrance archive and AAT
India,EM/GA,EM/GA,A,exam archive,JEE Advanced archive,https://jeeadv.ac.in/archive.html,Download,https://jeeadv.ac.in/past_qps/2023_2_Hindi.pdf,PDF resource,English,Official engineering entrance archive and AAT
India,EM/GA,EM/GA,A,exam archive,JEE Advanced archive,https://jeeadv.ac.in/archive.html,Download,https://jeeadv.ac.in/past_qps/2024_1_English.pdf,PDF resource,English,Official engineering entrance archive and AAT
India,EM/GA,EM/GA,A,exam archive,JEE Advanced archive,https://jeeadv.ac.in/archive.html,Download,https://jeeadv.ac.in/past_qps/2024_2_English.pdf,PDF resource,English,Official engineering entrance archive and AAT
India,EM/GA,EM/GA,A,exam archive,JEE Advanced archive,https://jeeadv.ac.in/archive.html,Download,https://jeeadv.ac.in/past_qps/2024_1_Hindi.pdf,PDF resource,English,Official engineering entrance archive and AAT
India,EM/GA,EM/GA,A,exam archive,JEE Advanced archive,https://jeeadv.ac.in/archive.html,Download,https://jeeadv.ac.in/past_qps/2024_2_Hindi.pdf,PDF resource,English,Official engineering entrance archive and AAT
India,EM/GA,EM/GA,A,exam archive,JEE Advanced archive,https://jeeadv.ac.in/archive.html,Download,https://jeeadv.ac.in/past_qps/2025_1_English.pdf,PDF resource,English,Official engineering entrance archive and AAT
India,EM/GA,EM/GA,A,exam archive,JEE Advanced archive,https://jeeadv.ac.in/archive.html,Download,https://jeeadv.ac.in/past_qps/2025_2_English.pdf,PDF resource,English,Official engineering entrance archive and AAT
India,EM/GA,EM/GA,A,exam archive,JEE Advanced archive,https://jeeadv.ac.in/archive.html,Download,https://jeeadv.ac.in/past_qps/2025_1_Hindi.pdf,PDF resource,English,Official engineering entrance archive and AAT
India,EM/GA,EM/GA,A,exam archive,JEE Advanced archive,https://jeeadv.ac.in/archive.html,Download,https://jeeadv.ac.in/past_qps/2025_2_Hindi.pdf,PDF resource,English,Official engineering entrance archive and AAT
India,EM/GA,EM/GA,A,exam archive,JEE Advanced archive,https://jeeadv.ac.in/archive.html,Download,https://jeeadv.ac.in/past_qps/AAT-2016.pdf,PDF resource,English,Official engineering entrance archive and AAT
India,EM/GA,EM/GA,A,exam archive,JEE Advanced archive,https://jeeadv.ac.in/archive.html,Download,https://jeeadv.ac.in/past_qps/AAT-2017.pdf,PDF resource,English,Official engineering entrance archive and AAT
India,EM/GA,EM/GA,A,exam archive,JEE Advanced archive,https://jeeadv.ac.in/archive.html,Download,https://jeeadv.ac.in/past_qps/AAT-2018.pdf,PDF resource,English,Official engineering entrance archive and AAT
India,EM/GA,EM/GA,A,exam archive,JEE Advanced archive,https://jeeadv.ac.in/archive.html,Download,https://jeeadv.ac.in/past_qps/AAT-2019.pdf,PDF resource,English,Official engineering entrance archive and AAT
India,EM/GA,EM/GA,A,exam archive,JEE Advanced archive,https://jeeadv.ac.in/archive.html,Download,https://jeeadv.ac.in/past_qps/AAT-2020.pdf,PDF resource,English,Official engineering entrance archive and AAT
India,EM/GA,EM/GA,A,exam archive,JEE Advanced archive,https://jeeadv.ac.in/archive.html,Download,https://jeeadv.ac.in/past_qps/AAT-2021.pdf,PDF resource,English,Official engineering entrance archive and AAT
India,EM/GA,EM/GA,A,exam archive,JEE Advanced archive,https://jeeadv.ac.in/archive.html,Download,https://jeeadv.ac.in/past_qps/AAT-2022.pdf,PDF resource,English,Official engineering entrance archive and AAT
India,EM/GA,EM/GA,A,exam archive,JEE Advanced archive,https://jeeadv.ac.in/archive.html,Download,https://jeeadv.ac.in/past_qps/AAT-2023.pdf,PDF resource,English,Official engineering entrance archive and AAT
India,EM/GA,EM/GA,A,exam archive,JEE Advanced archive,https://jeeadv.ac.in/archive.html,Download,https://jeeadv.ac.in/past_qps/AAT-2024.pdf,PDF resource,English,Official engineering entrance archive and AAT
India,EM/GA,EM/GA,A,exam archive,JEE Advanced archive,https://jeeadv.ac.in/archive.html,Download,https://jeeadv.ac.in/past_qps/AAT-2025.pdf,PDF resource,English,Official engineering entrance archive and AAT
India,EM/GA,EM/GA,A,exam archive,JEE Advanced archive,https://jeeadv.ac.in/archive.html,JEE Advanced archive — official gateway,https://jeeadv.ac.in/archive.html,Official gateway,English,Official engineering entrance archive and AAT
India,GA,GA,A,exam archive,UPSC previous question papers,https://www.upsc.gov.in/examinations/previous-question-papers,(1.02 MB),https://www.upsc.gov.in/sites/default/files/MARATHI-LITERATURE-PAPER-II-QP-CSM-25-010925.pdf,PDF paper/problem,English,Official General Ability and Intelligence and other papers
India,GA,GA,A,exam archive,UPSC previous question papers,https://www.upsc.gov.in/examinations/previous-question-papers,(1.03 MB),https://www.upsc.gov.in/sites/default/files/QP_CSM_2024_Urdu_P_I_Lite_03102024.pdf,PDF resource,English,Official General Ability and Intelligence and other papers
India,GA,GA,A,exam archive,UPSC previous question papers,https://www.upsc.gov.in/examinations/previous-question-papers,(1.04 MB),https://www.upsc.gov.in/sites/default/files/QP-IFSM-23-BOTANY-PAPER-II-051223.pdf,PDF paper/problem,English,Official General Ability and Intelligence and other papers
India,GA,GA,A,exam archive,UPSC previous question papers,https://www.upsc.gov.in/examinations/previous-question-papers,(1.05 MB),https://www.upsc.gov.in/sites/default/files/ASSAMESE-LITERATURE-PAPER%20II-QP-CSM-25-010925.pdf,PDF paper/problem,English,Official General Ability and Intelligence and other papers
India,GA,GA,A,exam archive,UPSC previous question papers,https://www.upsc.gov.in/examinations/previous-question-papers,(1.05 MB),https://www.upsc.gov.in/sites/default/files/QP_CSM_2024_Odia_P_I_Lite_03102024.pdf,PDF resource,English,Official General Ability and Intelligence and other papers
India,GA,GA,A,exam archive,UPSC previous question papers,https://www.upsc.gov.in/examinations/previous-question-papers,(1.06 MB),https://www.upsc.gov.in/sites/default/files/BODO-LITERATURE-PAPER-I-QP-CSM-25-010925.pdf,PDF paper/problem,English,Official General Ability and Intelligence and other papers
India,GA,GA,A,exam archive,UPSC previous question papers,https://www.upsc.gov.in/examinations/previous-question-papers,(1.06 MB),https://www.upsc.gov.in/sites/default/files/QP-IFSM-23-ZOOLOGY-PAPER-I-051223.pdf,PDF paper/problem,English,Official General Ability and Intelligence and other papers
India,GA,GA,A,exam archive,UPSC previous question papers,https://www.upsc.gov.in/examinations/previous-question-papers,(1.07 MB),https://www.upsc.gov.in/sites/default/files/SINDHI-DEVANAGARI-LITERATURE-PAPER-I-QP-CSM-25-010925.pdf,PDF paper/problem,English,Official General Ability and Intelligence and other papers
India,GA,GA,A,exam archive,UPSC previous question papers,https://www.upsc.gov.in/examinations/previous-question-papers,(1.07 MB),https://www.upsc.gov.in/sites/default/files/QP-IFSM-24-ANIMAL-HUSBANDRY-VETERINARY-SCIENCE-PAPER-II-021224.pdf,PDF paper/problem,English,Official General Ability and Intelligence and other papers
India,GA,GA,A,exam archive,UPSC previous question papers,https://www.upsc.gov.in/examinations/previous-question-papers,(1.07 MB),https://www.upsc.gov.in/sites/default/files/QP-IFSM-24-ZOOLOGY-PAPER-I-021224.pdf,PDF paper/problem,English,Official General Ability and Intelligence and other papers
India,GA,GA,A,exam archive,UPSC previous question papers,https://www.upsc.gov.in/examinations/previous-question-papers,(1.08 MB),https://www.upsc.gov.in/sites/default/files/ASSAMESE-LITERATURE-PAPER%20I-QP-CSM-25-010925.pdf,PDF paper/problem,English,Official General Ability and Intelligence and other papers
India,GA,GA,A,exam archive,UPSC previous question papers,https://www.upsc.gov.in/examinations/previous-question-papers,(1.08 MB),https://www.upsc.gov.in/sites/default/files/MAITHILI-LITERATURE-PAPER-I-QP-CSM-25-010925.pdf,PDF paper/problem,English,Official General Ability and Intelligence and other papers
India,GA,GA,A,exam archive,UPSC previous question papers,https://www.upsc.gov.in/examinations/previous-question-papers,(1.08 MB),https://www.upsc.gov.in/sites/default/files/QP-IFSM-23-FORESTRY-PAPER-II-051223.pdf,PDF paper/problem,English,Official General Ability and Intelligence and other papers
India,GA,GA,A,exam archive,UPSC previous question papers,https://www.upsc.gov.in/examinations/previous-question-papers,(1.08 MB),https://www.upsc.gov.in/sites/default/files/QP-CSM-23-HINDI-LITERATURE-PAPER-I-290923.pdf,PDF paper/problem,English,Official General Ability and Intelligence and other papers
India,GA,GA,A,exam archive,UPSC previous question papers,https://www.upsc.gov.in/examinations/previous-question-papers,(1.09 MB),https://www.upsc.gov.in/sites/default/files/GUJARATI-LITERATURE-PAPER-II-QP-CSM-25-010925.pdf,PDF paper/problem,English,Official General Ability and Intelligence and other papers
India,GA,GA,A,exam archive,UPSC previous question papers,https://www.upsc.gov.in/examinations/previous-question-papers,(1.1 MB),https://www.upsc.gov.in/sites/default/files/QP-IFSM-25-BOTANY-PAPER-I-241125.pdf,PDF paper/problem,English,Official General Ability and Intelligence and other papers
India,GA,GA,A,exam archive,UPSC previous question papers,https://www.upsc.gov.in/examinations/previous-question-papers,(1.11 MB),https://www.upsc.gov.in/sites/default/files/QP_CSM_2024_Assa_P_I_Lite_03102024.pdf,PDF resource,English,Official General Ability and Intelligence and other papers
India,GA,GA,A,exam archive,UPSC previous question papers,https://www.upsc.gov.in/examinations/previous-question-papers,(1.11 MB),https://www.upsc.gov.in/sites/default/files/QP_CSM_2024_Hn_P_I_Lite_03102024.pdf,PDF resource,English,Official General Ability and Intelligence and other papers
India,GA,GA,A,exam archive,UPSC previous question papers,https://www.upsc.gov.in/examinations/previous-question-papers,(1.12 MB),https://www.upsc.gov.in/sites/default/files/MANIPURI-LITERATURE-PAPER-I-QP-CSM-25-010925.pdf,PDF paper/problem,English,Official General Ability and Intelligence and other papers
India,GA,GA,A,exam archive,UPSC previous question papers,https://www.upsc.gov.in/examinations/previous-question-papers,(1.12 MB),https://www.upsc.gov.in/sites/default/files/MANIPURI-LITERATURE-PAPER-II-QP-CSM-25-010925.pdf,PDF paper/problem,English,Official General Ability and Intelligence and other papers
India,GA,GA,A,exam archive,UPSC previous question papers,https://www.upsc.gov.in/examinations/previous-question-papers,(1.12 MB),https://www.upsc.gov.in/sites/default/files/QP-IFSM-23-AGRICULTURE-PAPER-I-051223.pdf,PDF paper/problem,English,Official General Ability and Intelligence and other papers
India,GA,GA,A,exam archive,UPSC previous question papers,https://www.upsc.gov.in/examinations/previous-question-papers,(1.12 MB),https://www.upsc.gov.in/sites/default/files/QP-CSM-23-BENGALI-LITERATURE-PAPER-I-290923.pdf,PDF paper/problem,English,Official General Ability and Intelligence and other papers
India,GA,GA,A,exam archive,UPSC previous question papers,https://www.upsc.gov.in/examinations/previous-question-papers,(1.13 MB),https://www.upsc.gov.in/sites/default/files/QP-IFSM-25-GEOLOGY-PAPER-II-241125.pdf,PDF paper/problem,English,Official General Ability and Intelligence and other papers
India,GA,GA,A,exam archive,UPSC previous question papers,https://www.upsc.gov.in/examinations/previous-question-papers,(1.13 MB),https://www.upsc.gov.in/sites/default/files/QP-IFSM-25-GENERAL-KNOWLEDGE-241125.pdf,PDF resource,English,Official General Ability and Intelligence and other papers
India,GA,GA,A,exam archive,UPSC previous question papers,https://www.upsc.gov.in/examinations/previous-question-papers,(1.13 MB),https://www.upsc.gov.in/sites/default/files/QP_CSM_2024_Mait_P_I_Lite_03102024.pdf,PDF resource,English,Official General Ability and Intelligence and other papers
India,GA,GA,A,exam archive,UPSC previous question papers,https://www.upsc.gov.in/examinations/previous-question-papers,(1.14 MB),https://www.upsc.gov.in/sites/default/files/QP_CSM_2024_Mani_P_II_Lite_03102024.pdf,PDF resource,English,Official General Ability and Intelligence and other papers
India,GA,GA,A,exam archive,UPSC previous question papers,https://www.upsc.gov.in/examinations/previous-question-papers,(1.14 MB),https://www.upsc.gov.in/sites/default/files/QP-CSM-23-URDU-LITERATURE-PAPER-I-290923.pdf,PDF paper/problem,English,Official General Ability and Intelligence and other papers
India,GA,GA,A,exam archive,UPSC previous question papers,https://www.upsc.gov.in/examinations/previous-question-papers,(1.15 MB),https://www.upsc.gov.in/sites/default/files/URDU-LITERATURE-PAPER-I-QP-CSM-25-010925.pdf,PDF paper/problem,English,Official General Ability and Intelligence and other papers
India,GA,GA,A,exam archive,UPSC previous question papers,https://www.upsc.gov.in/examinations/previous-question-papers,(1.16 MB),https://www.upsc.gov.in/sites/default/files/QP-IFSM-25-AGRICULTURE-PAPER-II-241125.pdf,PDF paper/problem,English,Official General Ability and Intelligence and other papers
India,GA,GA,A,exam archive,UPSC previous question papers,https://www.upsc.gov.in/examinations/previous-question-papers,(1.16 MB),https://www.upsc.gov.in/sites/default/files/QP-IFSM-25-GEOLOGY-PAPER-I-241125.pdf,PDF paper/problem,English,Official General Ability and Intelligence and other papers
India,GA,GA,A,exam archive,UPSC previous question papers,https://www.upsc.gov.in/examinations/previous-question-papers,(1.16 MB),https://www.upsc.gov.in/sites/default/files/QP-CSM-23-MANIPURI-LITERATURE-PAPER-II-290923.pdf,PDF paper/problem,English,Official General Ability and Intelligence and other papers
India,GA,GA,A,exam archive,UPSC previous question papers,https://www.upsc.gov.in/examinations/previous-question-papers,(1.17 MB),https://www.upsc.gov.in/sites/default/files/MAITHILI-LITERATURE-PAPER-II-QP-CSM-25-010925.pdf,PDF paper/problem,English,Official General Ability and Intelligence and other papers
India,GA,GA,A,exam archive,UPSC previous question papers,https://www.upsc.gov.in/examinations/previous-question-papers,(1.17 MB),https://www.upsc.gov.in/sites/default/files/QP_CSM_2024_Mani_P_I_Lite_03102024.pdf,PDF resource,English,Official General Ability and Intelligence and other papers
India,GA,GA,A,exam archive,UPSC previous question papers,https://www.upsc.gov.in/examinations/previous-question-papers,(1.17 MB),https://www.upsc.gov.in/sites/default/files/QP-IFSM-23-GEOLOGY-PAPER-I-051223.pdf,PDF paper/problem,English,Official General Ability and Intelligence and other papers
India,GA,GA,A,exam archive,UPSC previous question papers,https://www.upsc.gov.in/examinations/previous-question-papers,(1.17 MB),https://www.upsc.gov.in/sites/default/files/QP-CSM-23-BENGALI-LITERATURE-PAPER-II-290923.pdf,PDF paper/problem,English,Official General Ability and Intelligence and other papers
India,GA,GA,A,exam archive,UPSC previous question papers,https://www.upsc.gov.in/examinations/previous-question-papers,(1.18 MB),https://www.upsc.gov.in/sites/default/files/SINDHI-DEVANAGARI-LITERATURE-PAPER-II-QP-CSM-25-010925.pdf,PDF paper/problem,English,Official General Ability and Intelligence and other papers
India,GA,GA,A,exam archive,UPSC previous question papers,https://www.upsc.gov.in/examinations/previous-question-papers,(1.18 MB),https://www.upsc.gov.in/sites/default/files/QP-IFSM-24-AGRICULTURE-PAPER-I-021224.pdf,PDF paper/problem,English,Official General Ability and Intelligence and other papers
India,GA,GA,A,exam archive,UPSC previous question papers,https://www.upsc.gov.in/examinations/previous-question-papers,(1.19 MB),https://www.upsc.gov.in/sites/default/files/QP_CSM_2024_Beng_P_II_Lite_03102024.pdf,PDF resource,English,Official General Ability and Intelligence and other papers
India,GA,GA,A,exam archive,UPSC previous question papers,https://www.upsc.gov.in/examinations/previous-question-papers,(1.2 MB),https://www.upsc.gov.in/sites/default/files/MARATHI-LITERATURE-PAPER%20I-QP-CSM-25-010925.pdf,PDF paper/problem,English,Official General Ability and Intelligence and other papers
India,GA,GA,A,exam archive,UPSC previous question papers,https://www.upsc.gov.in/examinations/previous-question-papers,(1.2 MB),https://www.upsc.gov.in/sites/default/files/SANSKRIT-LITERATURE-PAPER-II-QP-CSM-25-010925.pdf,PDF paper/problem,English,Official General Ability and Intelligence and other papers
India,GA,GA,A,exam archive,UPSC previous question papers,https://www.upsc.gov.in/examinations/previous-question-papers,(1.2 MB),https://www.upsc.gov.in/sites/default/files/QP_CSM_2024_Mara_P_II_Lite_03102024.pdf,PDF resource,English,Official General Ability and Intelligence and other papers
India,GA,GA,A,exam archive,UPSC previous question papers,https://www.upsc.gov.in/examinations/previous-question-papers,(1.2 MB),https://www.upsc.gov.in/sites/default/files/QP_CSM_2024_Odia_P_II_Lite_03102024.pdf,PDF resource,English,Official General Ability and Intelligence and other papers
India,GA,GA,A,exam archive,UPSC previous question papers,https://www.upsc.gov.in/examinations/previous-question-papers,(1.2 MB),https://www.upsc.gov.in/sites/default/files/QP-CSM-23-KANNADA-LITERATURE-PAPER-I--290923.pdf,PDF paper/problem,English,Official General Ability and Intelligence and other papers
India,GA,GA,A,exam archive,UPSC previous question papers,https://www.upsc.gov.in/examinations/previous-question-papers,(1.2 MB),https://www.upsc.gov.in/sites/default/files/QP-CSM-23-MANIPURI-LITERATURE-PAPER-I-290923.pdf,PDF paper/problem,English,Official General Ability and Intelligence and other papers
India,GA,GA,A,exam archive,UPSC previous question papers,https://www.upsc.gov.in/examinations/previous-question-papers,(1.21 MB),https://www.upsc.gov.in/sites/default/files/GUJARATI-LITERATURE-PAPER-I-QP-CSM-25-010925.pdf,PDF paper/problem,English,Official General Ability and Intelligence and other papers
India,GA,GA,A,exam archive,UPSC previous question papers,https://www.upsc.gov.in/examinations/previous-question-papers,(1.21 MB),https://www.upsc.gov.in/sites/default/files/QP-IFSM-24-ANIMAL-HUSBANDRY-VETERINARY-SCIENCE-PAPER-I-021224.pdf,PDF paper/problem,English,Official General Ability and Intelligence and other papers
India,GA,GA,A,exam archive,UPSC previous question papers,https://www.upsc.gov.in/examinations/previous-question-papers,(1.21 MB),https://www.upsc.gov.in/sites/default/files/QP-CSM-23-SANSKRIT-LITERATURE-PAPER-II-290923.pdf,PDF paper/problem,English,Official General Ability and Intelligence and other papers
India,GA,GA,A,exam archive,UPSC previous question papers,https://www.upsc.gov.in/examinations/previous-question-papers,(1.21 MB),https://www.upsc.gov.in/sites/default/files/QP-CSM-23-SINDHI-DEVANAGARI-LITERATURE-PAPER-I-290923.pdf,PDF paper/problem,English,Official General Ability and Intelligence and other papers
India,GA,GA,A,exam archive,UPSC previous question papers,https://www.upsc.gov.in/examinations/previous-question-papers,(1.23 MB),https://www.upsc.gov.in/sites/default/files/QP_CSM_2024_Sind_P_I_Lite_03102024.pdf,PDF resource,English,Official General Ability and Intelligence and other papers
India,GA,GA,A,exam archive,UPSC previous question papers,https://www.upsc.gov.in/examinations/previous-question-papers,(1.25 MB),https://www.upsc.gov.in/sites/default/files/TELUGU%20%28LITERATURE%29%20PAPER%20I-QP-CSM-25-010925.pdf,PDF paper/problem,English,Official General Ability and Intelligence and other papers
India,GA,GA,A,exam archive,UPSC previous question papers,https://www.upsc.gov.in/examinations/previous-question-papers,(1.25 MB),https://www.upsc.gov.in/sites/default/files/QP-IES-ISS-25-INDIAN-ECONOMICS-230625.pdf,PDF resource,English,Official General Ability and Intelligence and other papers
India,GA,GA,A,exam archive,UPSC previous question papers,https://www.upsc.gov.in/examinations/previous-question-papers,(1.25 MB),https://www.upsc.gov.in/sites/default/files/QP_CSM_2024_Assa_P_II_Lite_03102024.pdf,PDF resource,English,Official General Ability and Intelligence and other papers
India,GA,GA,A,exam archive,UPSC previous question papers,https://www.upsc.gov.in/examinations/previous-question-papers,(1.26 MB),https://www.upsc.gov.in/sites/default/files/QP-IFSM-25-FORESTRY-PAPER-II-241125.pdf,PDF paper/problem,English,Official General Ability and Intelligence and other papers
India,GA,GA,A,exam archive,UPSC previous question papers,https://www.upsc.gov.in/examinations/previous-question-papers,(1.27 MB),https://www.upsc.gov.in/sites/default/files/QP-IES-ISS-26-220626-GENERAL-STUDIES.pdf,PDF resource,English,Official General Ability and Intelligence and other papers
India,GA,GA,A,exam archive,UPSC previous question papers,https://www.upsc.gov.in/examinations/previous-question-papers,(1.27 MB),https://www.upsc.gov.in/sites/default/files/ENGLISH-LITERATURE-PAPER%20II-QP-CSM-25-010925.pdf,PDF paper/problem,English,Official General Ability and Intelligence and other papers
India,GA,GA,A,exam archive,UPSC previous question papers,https://www.upsc.gov.in/examinations/previous-question-papers,(1.27 MB),https://www.upsc.gov.in/sites/default/files/QP_CSM_2024_Mara_P_I_Lite_03102024.pdf,PDF resource,English,Official General Ability and Intelligence and other papers
India,GA,GA,A,exam archive,UPSC previous question papers,https://www.upsc.gov.in/examinations/previous-question-papers,(1.27 MB),https://www.upsc.gov.in/sites/default/files/QP-CSM-23-MARATHI-LITERATURE-PAPER-II-290923.pdf,PDF paper/problem,English,Official General Ability and Intelligence and other papers
India,GA,GA,A,exam archive,UPSC previous question papers,https://www.upsc.gov.in/examinations/previous-question-papers,(1.28 MB),https://www.upsc.gov.in/sites/default/files/QP_CSM_2024_Mait_P_II_Lite_03102024.pdf,PDF resource,English,Official General Ability and Intelligence and other papers
India,GA,GA,A,exam archive,UPSC previous question papers,https://www.upsc.gov.in/examinations/previous-question-papers,(1.29 MB),https://www.upsc.gov.in/sites/default/files/QP-CGeoScnstM-26-220626-HYDROGEOLOGY.pdf,PDF resource,English,Official General Ability and Intelligence and other papers
India,GA,GA,A,exam archive,UPSC previous question papers,https://www.upsc.gov.in/examinations/previous-question-papers,(1.29 MB),https://www.upsc.gov.in/sites/default/files/QP-IFSM-24-BOTANY-PAPER-II-021224.pdf,PDF paper/problem,English,Official General Ability and Intelligence and other papers
India,GA,GA,A,exam archive,UPSC previous question papers,https://www.upsc.gov.in/examinations/previous-question-papers,(1.3 MB),https://www.upsc.gov.in/sites/default/files/QP-GeosM-25-GEOLOGY-PAPER-III-230625.pdf,PDF paper/problem,English,Official General Ability and Intelligence and other papers
India,GA,GA,A,exam archive,UPSC previous question papers,https://www.upsc.gov.in/examinations/previous-question-papers,(1.31 MB),https://www.upsc.gov.in/sites/default/files/KANNADA-LITERATURE-%28PAPER-I-QP-CSM-25-010925.pdf,PDF paper/problem,English,Official General Ability and Intelligence and other papers
India,GA,GA,A,exam archive,UPSC previous question papers,https://www.upsc.gov.in/examinations/previous-question-papers,(1.32 MB),https://www.upsc.gov.in/sites/default/files/QP-IES-ISS-26-220626-INDIAN-ECONOMICS.pdf,PDF resource,English,Official General Ability and Intelligence and other papers
India,GA,GA,A,exam archive,UPSC previous question papers,https://www.upsc.gov.in/examinations/previous-question-papers,(1.32 MB),https://www.upsc.gov.in/sites/default/files/QP-IES-ISS-24-INDIAN-ECONOMICS-240624.pdf,PDF resource,English,Official General Ability and Intelligence and other papers
India,GA,GA,A,exam archive,UPSC previous question papers,https://www.upsc.gov.in/examinations/previous-question-papers,(1.32 MB),https://www.upsc.gov.in/sites/default/files/QP-IFSM-23-ZOOLOGY-PAPER-II-051223.pdf,PDF paper/problem,English,Official General Ability and Intelligence and other papers
India,GA,GA,A,exam archive,UPSC previous question papers,https://www.upsc.gov.in/examinations/previous-question-papers,(1.33 MB),https://www.upsc.gov.in/sites/default/files/QP_CSM_2024_Eng_P_I_Lite_03102024.pdf,PDF resource,English,Official General Ability and Intelligence and other papers
India,GA,GA,A,exam archive,UPSC previous question papers,https://www.upsc.gov.in/examinations/previous-question-papers,(1.33 MB),https://www.upsc.gov.in/sites/default/files/QP_CSM_2024_Guj_P_I_Lite_03102024.pdf,PDF resource,English,Official General Ability and Intelligence and other papers
India,GA,GA,A,exam archive,UPSC previous question papers,https://www.upsc.gov.in/examinations/previous-question-papers,(1.34 MB),https://www.upsc.gov.in/sites/default/files/QP-GeosM-25-GEOLOGY-PAPER-I-230625.pdf,PDF paper/problem,English,Official General Ability and Intelligence and other papers
India,GA,GA,A,exam archive,UPSC previous question papers,https://www.upsc.gov.in/examinations/previous-question-papers,(1.35 MB),https://www.upsc.gov.in/sites/default/files/QP-IFSM-24-BOTANY-PAPER-I-021224.pdf,PDF paper/problem,English,Official General Ability and Intelligence and other papers
India,GA,GA,A,exam archive,UPSC previous question papers,https://www.upsc.gov.in/examinations/previous-question-papers,(1.35 MB),https://www.upsc.gov.in/sites/default/files/QP-IFSM-23-AGRICULTURAL-ENGINEERING-PAPER-I-051223.pdf,PDF paper/problem,English,Official General Ability and Intelligence and other papers
India,GA,GA,A,exam archive,UPSC previous question papers,https://www.upsc.gov.in/examinations/previous-question-papers,(1.35 MB),https://www.upsc.gov.in/sites/default/files/QP-CSM-23-ENGLISH-LITERATURE-PAPER-II--290923.pdf,PDF paper/problem,English,Official General Ability and Intelligence and other papers
India,GA,GA,A,exam archive,UPSC previous question papers,https://www.upsc.gov.in/examinations/previous-question-papers,(1.37 MB),https://www.upsc.gov.in/sites/default/files/QP_CSM_2024_Telu_P_I_Lite_03102024.pdf,PDF resource,English,Official General Ability and Intelligence and other papers
India,GA,GA,A,exam archive,UPSC previous question papers,https://www.upsc.gov.in/examinations/previous-question-papers,(1.38 MB),https://www.upsc.gov.in/sites/default/files/QP-IES-ISS-24-GENERAL-STUDIES-240624.pdf,PDF resource,English,Official General Ability and Intelligence and other papers
India,GA,GA,A,exam archive,UPSC previous question papers,https://www.upsc.gov.in/examinations/previous-question-papers,(1.39 MB),https://www.upsc.gov.in/sites/default/files/QP-IFSM-25-AGRICULTURAL-ENGINEERING-PAPER-I-241125.pdf,PDF paper/problem,English,Official General Ability and Intelligence and other papers
India,GA,GA,A,exam archive,UPSC previous question papers,https://www.upsc.gov.in/examinations/previous-question-papers,(1.39 MB),https://www.upsc.gov.in/sites/default/files/QP_CSM_2024_Beng_P_I_Lite_03102024.pdf,PDF resource,English,Official General Ability and Intelligence and other papers
India,GA,GA,A,exam archive,UPSC previous question papers,https://www.upsc.gov.in/examinations/previous-question-papers,(1.39 MB),https://www.upsc.gov.in/sites/default/files/QP-CSM-23-ENGLISH-LITERATURE-PAPER-I-290923.pdf,PDF paper/problem,English,Official General Ability and Intelligence and other papers
India,GA,GA,A,exam archive,UPSC previous question papers,https://www.upsc.gov.in/examinations/previous-question-papers,(1.4 MB),https://www.upsc.gov.in/sites/default/files/QP-IES-ISS-26-220626-GENERAL-ECONOMICS-PAPER-III.pdf,PDF paper/problem,English,Official General Ability and Intelligence and other papers
India,GA,GA,A,exam archive,UPSC previous question papers,https://www.upsc.gov.in/examinations/previous-question-papers,(1.4 MB),https://www.upsc.gov.in/sites/default/files/KANNADA-LITERATURE-PAPER%20II-QP-CSM-25-010925.pdf,PDF paper/problem,English,Official General Ability and Intelligence and other papers
India,GA,GA,A,exam archive,UPSC previous question papers,https://www.upsc.gov.in/examinations/previous-question-papers,(1.4 MB),https://www.upsc.gov.in/sites/default/files/QP-IES-ISS-25-GENERAL-STUDIES-230625.pdf,PDF resource,English,Official General Ability and Intelligence and other papers
India,GA,GA,A,exam archive,UPSC previous question papers,https://www.upsc.gov.in/examinations/previous-question-papers,(1.4 MB),https://www.upsc.gov.in/sites/default/files/QP-CSM-23-AH-VS-PAPER-II-29092023.pdf,PDF paper/problem,English,Official General Ability and Intelligence and other papers
India,GA,GA,A,exam archive,UPSC previous question papers,https://www.upsc.gov.in/examinations/previous-question-papers,(1.42 MB),https://www.upsc.gov.in/sites/default/files/HINDI-LITERATURE-PAPER-I-QP-CSM-25-010925.pdf,PDF paper/problem,English,Official General Ability and Intelligence and other papers
India,GA,GA,A,exam archive,UPSC previous question papers,https://www.upsc.gov.in/examinations/previous-question-papers,(1.42 MB),https://www.upsc.gov.in/sites/default/files/QP-IFSM-24-FORESTRY-PAPER-II-021224.pdf,PDF paper/problem,English,Official General Ability and Intelligence and other papers
India,GA,GA,A,exam archive,UPSC previous question papers,https://www.upsc.gov.in/examinations/previous-question-papers,(1.42 MB),https://www.upsc.gov.in/sites/default/files/QP-CSM-23-KANNADA-LITERATURE-PAPER-II-290923.pdf,PDF paper/problem,English,Official General Ability and Intelligence and other papers
India,GA,GA,A,exam archive,UPSC previous question papers,https://www.upsc.gov.in/examinations/previous-question-papers,(1.43 MB),https://www.upsc.gov.in/sites/default/files/QP-CGeoScnstM-26-220626-GEOLOGY-PAPER-I.pdf,PDF paper/problem,English,Official General Ability and Intelligence and other papers
India,GA,GA,A,exam archive,UPSC previous question papers,https://www.upsc.gov.in/examinations/previous-question-papers,(1.44 MB),https://www.upsc.gov.in/sites/default/files/TAMIL-LITERATURE-PAPER-I-QP-CSM-25-010925.pdf,PDF paper/problem,English,Official General Ability and Intelligence and other papers
India,GA,GA,A,exam archive,UPSC previous question papers,https://www.upsc.gov.in/examinations/previous-question-papers,(1.45 MB),https://www.upsc.gov.in/sites/default/files/QP-IES-ISS-26-220626-GENERAL-ECONOMICS-PAPER-II.pdf,PDF paper/problem,English,Official General Ability and Intelligence and other papers
India,GA,GA,A,exam archive,UPSC previous question papers,https://www.upsc.gov.in/examinations/previous-question-papers,(1.45 MB),https://www.upsc.gov.in/sites/default/files/QP-CGeoScnstM-26-220626-GEOLOGY-PAPER-III.pdf,PDF paper/problem,English,Official General Ability and Intelligence and other papers
India,GA,GA,A,exam archive,UPSC previous question papers,https://www.upsc.gov.in/examinations/previous-question-papers,(1.47 MB),https://www.upsc.gov.in/sites/default/files/QP-CSM-23-SINDHI-DEVANAGARI-LITERATURE-PAPER-II-290923.pdf,PDF paper/problem,English,Official General Ability and Intelligence and other papers
India,GA,GA,A,exam archive,UPSC previous question papers,https://www.upsc.gov.in/examinations/previous-question-papers,(1.49 MB),https://www.upsc.gov.in/sites/default/files/QP-CSM-24-ANIM-HUSB-VET-SCIENCE-PAPER-II-031024.pdf,PDF paper/problem,English,Official General Ability and Intelligence and other papers
India,GA,GA,A,exam archive,UPSC previous question papers,https://www.upsc.gov.in/examinations/previous-question-papers,(1.49 MB),https://www.upsc.gov.in/sites/default/files/QP_CSM_2024_Snk_P_II_Lite_03102024.pdf,PDF resource,English,Official General Ability and Intelligence and other papers
India,GA,GA,A,exam archive,UPSC previous question papers,https://www.upsc.gov.in/examinations/previous-question-papers,(1.49 MB),https://www.upsc.gov.in/sites/default/files/QP_CSM_2024_Tam_P_I_Lite_03102024.pdf,PDF resource,English,Official General Ability and Intelligence and other papers
India,GA,GA,A,exam archive,UPSC previous question papers,https://www.upsc.gov.in/examinations/previous-question-papers,(1.49 MB),https://www.upsc.gov.in/sites/default/files/QP-CSM-23-HINDI-LITERATURE-PAPER-II-290923.pdf,PDF paper/problem,English,Official General Ability and Intelligence and other papers
India,GA,GA,A,exam archive,UPSC previous question papers,https://www.upsc.gov.in/examinations/previous-question-papers,(1.5 MB),https://www.upsc.gov.in/sites/default/files/QP-CGSMain-24-GEOLOGY-PAPER-II-240624.pdf,PDF paper/problem,English,Official General Ability and Intelligence and other papers
India,GA,GA,A,exam archive,UPSC previous question papers,https://www.upsc.gov.in/examinations/previous-question-papers,(1.5 MB),https://www.upsc.gov.in/sites/default/files/QP-CSM-23-ZOOLOGY-PAPER-I-29092023.pdf,PDF paper/problem,English,Official General Ability and Intelligence and other papers
India,GA,GA,A,exam archive,UPSC previous question papers,https://www.upsc.gov.in/examinations/previous-question-papers,(1.52 MB),https://www.upsc.gov.in/sites/default/files/ENGLISH-LITERATURE-PAPER%20I-QP-CSM-25-010925.pdf,PDF paper/problem,English,Official General Ability and Intelligence and other papers
India,GA,GA,A,exam archive,UPSC previous question papers,https://www.upsc.gov.in/examinations/previous-question-papers,(1.52 MB),https://www.upsc.gov.in/sites/default/files/QP-IES-ISS-24-GENERAL-ECONOMICS-PAPER-III-240624.pdf,PDF paper/problem,English,Official General Ability and Intelligence and other papers
India,GA,GA,A,exam archive,UPSC previous question papers,https://www.upsc.gov.in/examinations/previous-question-papers,(1.52 MB),https://www.upsc.gov.in/sites/default/files/QP-CGSMain-24-HYDROGEOLOGY-240624.pdf,PDF resource,English,Official General Ability and Intelligence and other papers
India,GA,GA,A,exam archive,UPSC previous question papers,https://www.upsc.gov.in/examinations/previous-question-papers,(1.53 MB),https://www.upsc.gov.in/sites/default/files/QP-IFSM-24-AGRICULTURE-PAPER-II-021224.pdf,PDF paper/problem,English,Official General Ability and Intelligence and other papers
India,GA,GA,A,exam archive,UPSC previous question papers,https://www.upsc.gov.in/examinations/previous-question-papers,(1.54 MB),https://www.upsc.gov.in/sites/default/files/ZOOLOGY-PAPER-I-QP-CSM-25-010925.pdf,PDF paper/problem,English,Official General Ability and Intelligence and other papers
India,GA,GA,A,exam archive,UPSC previous question papers,https://www.upsc.gov.in/examinations/previous-question-papers,(1.56 MB),https://www.upsc.gov.in/sites/default/files/QP-IFSM-24-GENERAL-KNOWLEDGE-021224.pdf,PDF resource,English,Official General Ability and Intelligence and other papers
India,GA,GA,A,exam archive,UPSC previous question papers,https://www.upsc.gov.in/examinations/previous-question-papers,(1.56 MB),https://www.upsc.gov.in/sites/default/files/QP-IFSM-23-GENERAL-KNOWLEDGE-051223.pdf,PDF resource,English,Official General Ability and Intelligence and other papers
India,GA,GA,A,exam archive,UPSC previous question papers,https://www.upsc.gov.in/examinations/previous-question-papers,(1.57 MB),https://www.upsc.gov.in/sites/default/files/QP_CSM_2024_Guj_P_II_Lite_03102024.pdf,PDF resource,English,Official General Ability and Intelligence and other papers
India,GA,GA,A,exam archive,UPSC previous question papers,https://www.upsc.gov.in/examinations/previous-question-papers,(1.59 MB),https://www.upsc.gov.in/sites/default/files/QP-IFSM-23-FORESTRY-PAPER-1-051223.pdf,PDF paper/problem,English,Official General Ability and Intelligence and other papers
India,GA,GA,A,exam archive,UPSC previous question papers,https://www.upsc.gov.in/examinations/previous-question-papers,(1.6 MB),https://www.upsc.gov.in/sites/default/files/QP-CSM-24-POLITICAL-SCIENCE-INTERNL%20-REL-PAPER-I-031024.pdf,PDF paper/problem,English,Official General Ability and Intelligence and other papers
India,GA,GA,A,exam archive,UPSC previous question papers,https://www.upsc.gov.in/examinations/previous-question-papers,(1.61 MB),https://www.upsc.gov.in/sites/default/files/TAMIL-LITERATURE-PAPER%20II-QP-CSM-25-010925.pdf,PDF paper/problem,English,Official General Ability and Intelligence and other papers
India,GA,GA,A,exam archive,UPSC previous question papers,https://www.upsc.gov.in/examinations/previous-question-papers,(1.62 MB),https://www.upsc.gov.in/sites/default/files/QP-CSM-24-ANTHROPOLOGY-PAPER-I-031024.pdf,PDF paper/problem,English,Official General Ability and Intelligence and other papers
India,GA,GA,A,exam archive,UPSC previous question papers,https://www.upsc.gov.in/examinations/previous-question-papers,(1.63 MB),https://www.upsc.gov.in/sites/default/files/QP-IFSM-24-GEOLOGY-PAPER-II-021224.pdf,PDF paper/problem,English,Official General Ability and Intelligence and other papers
India,GA,GA,A,exam archive,UPSC previous question papers,https://www.upsc.gov.in/examinations/previous-question-papers,(1.63 MB),https://www.upsc.gov.in/sites/default/files/QP-CSM-24-ZOOLOGY-PAPER-II-031024.pdf,PDF paper/problem,English,Official General Ability and Intelligence and other papers
India,GA,GA,A,exam archive,UPSC previous question papers,https://www.upsc.gov.in/examinations/previous-question-papers,(1.63 MB),https://www.upsc.gov.in/sites/default/files/QP-IES-ISS-24-GENERAL-ENGLISH-240624.pdf,PDF resource,English,Official General Ability and Intelligence and other papers
India,GA,GA,A,exam archive,UPSC previous question papers,https://www.upsc.gov.in/examinations/previous-question-papers,(1.63 MB),https://www.upsc.gov.in/sites/default/files/QP-CSM-23-GUJARATI-LITERATURE-PAPER-I-290923.pdf,PDF paper/problem,English,Official General Ability and Intelligence and other papers
India,GA,GA,A,exam archive,UPSC previous question papers,https://www.upsc.gov.in/examinations/previous-question-papers,(1.64 MB),https://www.upsc.gov.in/sites/default/files/ZOOLOGY-PAPER-II-QP-CSM-25-010925.pdf,PDF paper/problem,English,Official General Ability and Intelligence and other papers
India,GA,GA,A,exam archive,UPSC previous question papers,https://www.upsc.gov.in/examinations/previous-question-papers,(1.64 MB),https://www.upsc.gov.in/sites/default/files/QP-CSM-23-POL-SC-IR-PAPER-I-29092023.pdf,PDF paper/problem,English,Official General Ability and Intelligence and other papers
India,GA,GA,A,exam archive,UPSC previous question papers,https://www.upsc.gov.in/examinations/previous-question-papers,(1.64 MB),https://www.upsc.gov.in/sites/default/files/QP-CSM-23-GENERAL-STUDIES-PAPER-I-180923.pdf,PDF paper/problem,English,Official General Ability and Intelligence and other papers
India,GA,GA,A,exam archive,UPSC previous question papers,https://www.upsc.gov.in/examinations/previous-question-papers,(1.65 MB),https://www.upsc.gov.in/sites/default/files/QP-CGeoScnstM-26-220626-GEOLOGY-PAPER-II.pdf,PDF paper/problem,English,Official General Ability and Intelligence and other papers
India,GA,GA,A,exam archive,UPSC previous question papers,https://www.upsc.gov.in/examinations/previous-question-papers,(1.65 MB),https://www.upsc.gov.in/sites/default/files/QP-IES-ISS-25-GENERAL-ECONOMICS-PAPER-II-230625.pdf,PDF paper/problem,English,Official General Ability and Intelligence and other papers
India,GA,GA,A,exam archive,UPSC previous question papers,https://www.upsc.gov.in/examinations/previous-question-papers,(1.66 MB),https://www.upsc.gov.in/sites/default/files/QP_CSM_2024_Kann_P_I_Lite_03102024.pdf,PDF resource,English,Official General Ability and Intelligence and other papers
India,GA,GA,A,exam archive,UPSC previous question papers,https://www.upsc.gov.in/examinations/previous-question-papers,(1.67 MB),https://www.upsc.gov.in/sites/default/files/PUNJABI-LITERATURE-PAPER-I-QP-CSM-25-010925.pdf,PDF paper/problem,English,Official General Ability and Intelligence and other papers
India,GA,GA,A,exam archive,UPSC previous question papers,https://www.upsc.gov.in/examinations/previous-question-papers,(1.69 MB),https://www.upsc.gov.in/sites/default/files/QP-IES-ISS-26-220626-GENERAL-ENGLISH.pdf,PDF resource,English,Official General Ability and Intelligence and other papers
India,GA,GA,A,exam archive,UPSC previous question papers,https://www.upsc.gov.in/examinations/previous-question-papers,(1.69 MB),https://www.upsc.gov.in/sites/default/files/QP_CSM_2024_Eng_P_II_Lite_03102024.pdf,PDF resource,English,Official General Ability and Intelligence and other papers
India,GA,GA,A,exam archive,UPSC previous question papers,https://www.upsc.gov.in/examinations/previous-question-papers,(1.69 MB),https://www.upsc.gov.in/sites/default/files/QP_CSM_2024_Hn_P_II_Lite_03102024.pdf,PDF resource,English,Official General Ability and Intelligence and other papers
India,GA,GA,A,exam archive,UPSC previous question papers,https://www.upsc.gov.in/examinations/previous-question-papers,(1.69 MB),https://www.upsc.gov.in/sites/default/files/QP_CSM_2024_Sind_P_II_Lite_03102024.pdf,PDF resource,English,Official General Ability and Intelligence and other papers
India,GA,GA,A,exam archive,UPSC previous question papers,https://www.upsc.gov.in/examinations/previous-question-papers,(1.69 MB),https://www.upsc.gov.in/sites/default/files/QP-CSM-23-ANTHROPOLOGY-PAPER-II-29092023.pdf,PDF paper/problem,English,Official General Ability and Intelligence and other papers
India,GA,GA,A,exam archive,UPSC previous question papers,https://www.upsc.gov.in/examinations/previous-question-papers,(1.72 MB),https://www.upsc.gov.in/sites/default/files/PSYCHOLOGY-PAPER-II-QP-CSM-25-010925.pdf,PDF paper/problem,English,Official General Ability and Intelligence and other papers
India,GA,GA,A,exam archive,UPSC previous question papers,https://www.upsc.gov.in/examinations/previous-question-papers,(1.72 MB),https://www.upsc.gov.in/sites/default/files/QP-CSM-23-TAMIL-LITERATURE-PAPER-I-290923.pdf,PDF paper/problem,English,Official General Ability and Intelligence and other papers
India,GA,GA,A,exam archive,UPSC previous question papers,https://www.upsc.gov.in/examinations/previous-question-papers,(1.73 MB),https://www.upsc.gov.in/sites/default/files/QP-IFSM-23-GEOLOGY-PAPER-II-051223.pdf,PDF paper/problem,English,Official General Ability and Intelligence and other papers
India,GA,GA,A,exam archive,UPSC previous question papers,https://www.upsc.gov.in/examinations/previous-question-papers,(1.74 MB),https://www.upsc.gov.in/sites/default/files/URDU-LITERATURE-PAPER-II-QP-CSM-25-010925.pdf,PDF paper/problem,English,Official General Ability and Intelligence and other papers
India,GA,GA,A,exam archive,UPSC previous question papers,https://www.upsc.gov.in/examinations/previous-question-papers,(1.74 MB),https://www.upsc.gov.in/sites/default/files/QP-CSM-24-AGRICULTURE-PAPER-II-031024.pdf,PDF paper/problem,English,Official General Ability and Intelligence and other papers
India,GA,GA,A,exam archive,UPSC previous question papers,https://www.upsc.gov.in/examinations/previous-question-papers,(1.74 MB),https://www.upsc.gov.in/sites/default/files/QP_CSM_2024_GenStud_I_03102024.pdf,PDF resource,English,Official General Ability and Intelligence and other papers
India,GA,GA,A,exam archive,UPSC previous question papers,https://www.upsc.gov.in/examinations/previous-question-papers,(1.75 MB),https://www.upsc.gov.in/sites/default/files/GENERAL-STUDIES-PAPER%20I-QP-CSM-25-010925.pdf,PDF paper/problem,English,Official General Ability and Intelligence and other papers
India,GA,GA,A,exam archive,UPSC previous question papers,https://www.upsc.gov.in/examinations/previous-question-papers,(1.76 MB),https://www.upsc.gov.in/sites/default/files/QP-IFSM-25-MATHEMATICS-PAPER-II-241125.pdf,PDF paper/problem,English,Official General Ability and Intelligence and other papers
India,GA,GA,A,exam archive,UPSC previous question papers,https://www.upsc.gov.in/examinations/previous-question-papers,(1.76 MB),https://www.upsc.gov.in/sites/default/files/QP-CSM-23-ESSAY-180923.pdf,PDF resource,English,Official General Ability and Intelligence and other papers
India,GA,GA,A,exam archive,UPSC previous question papers,https://www.upsc.gov.in/examinations/previous-question-papers,(1.77 MB),https://www.upsc.gov.in/sites/default/files/ANTHROPOLOGY-PAPER%20I-QP-CSM-25-010925.pdf,PDF paper/problem,English,Official General Ability and Intelligence and other papers
India,GA,GA,A,exam archive,UPSC previous question papers,https://www.upsc.gov.in/examinations/previous-question-papers,(1.77 MB),https://www.upsc.gov.in/sites/default/files/GEOGRAPHY-PAPER-I-QP-CSM-25-010925.pdf,PDF paper/problem,English,Official General Ability and Intelligence and other papers
India,GA,GA,A,exam archive,UPSC previous question papers,https://www.upsc.gov.in/examinations/previous-question-papers,(1.77 MB),https://www.upsc.gov.in/sites/default/files/QP-IFSM-24-AGRICULTURAL-ENGINEERING-PAPER-II-021224.pdf,PDF paper/problem,English,Official General Ability and Intelligence and other papers
India,GA,GA,A,exam archive,UPSC previous question papers,https://www.upsc.gov.in/examinations/previous-question-papers,(1.79 MB),https://www.upsc.gov.in/sites/default/files/BOTANY-PAPER-II-QP-CSM-25-010925.pdf,PDF paper/problem,English,Official General Ability and Intelligence and other papers
India,GA,GA,A,exam archive,UPSC previous question papers,https://www.upsc.gov.in/examinations/previous-question-papers,(1.8 MB),https://www.upsc.gov.in/sites/default/files/PUBLIC-ADMINISTRATION-PAPER-II-QP-CSM-25-010925.pdf,PDF paper/problem,English,Official General Ability and Intelligence and other papers
India,GA,GA,A,exam archive,UPSC previous question papers,https://www.upsc.gov.in/examinations/previous-question-papers,(1.8 MB),https://www.upsc.gov.in/sites/default/files/QP-CSM-24-COMMERCE-AND-ACCOUNTANCY-PAPER-II-031024.pdf,PDF paper/problem,English,Official General Ability and Intelligence and other papers
India,GA,GA,A,exam archive,UPSC previous question papers,https://www.upsc.gov.in/examinations/previous-question-papers,(1.8 MB),https://www.upsc.gov.in/sites/default/files/QP-CSM-23-PSYCHOLOGY-PAPER-II-29092023.pdf,PDF paper/problem,English,Official General Ability and Intelligence and other papers
India,GA,GA,A,exam archive,UPSC previous question papers,https://www.upsc.gov.in/examinations/previous-question-papers,(1.8 MB),https://www.upsc.gov.in/sites/default/files/QP-CSM-23-MAITHILI-LITERATURE-PAPER-II-290923.pdf,PDF paper/problem,English,Official General Ability and Intelligence and other papers
India,GA,GA,A,exam archive,UPSC previous question papers,https://www.upsc.gov.in/examinations/previous-question-papers,(1.82 MB),https://www.upsc.gov.in/sites/default/files/QP-CSM-24-PHILOSOPHY-PAPER-II-031024.pdf,PDF paper/problem,English,Official General Ability and Intelligence and other papers
India,GA,GA,A,exam archive,UPSC previous question papers,https://www.upsc.gov.in/examinations/previous-question-papers,(1.82 MB),https://www.upsc.gov.in/sites/default/files/QP-CSM-24-SOCIOLOGY-PAPER-II-031024.pdf,PDF paper/problem,English,Official General Ability and Intelligence and other papers
India,GA,GA,A,exam archive,UPSC previous question papers,https://www.upsc.gov.in/examinations/previous-question-papers,(1.82 MB),https://www.upsc.gov.in/sites/default/files/QP_CSM_2024_Pun_P_I_Lite_03102024.pdf,PDF resource,English,Official General Ability and Intelligence and other papers
India,GA,GA,A,exam archive,UPSC previous question papers,https://www.upsc.gov.in/examinations/previous-question-papers,(1.82 MB),https://www.upsc.gov.in/sites/default/files/QP-CSM-23-TAMIL-LITERATURE-PAPER-II-290923.pdf,PDF paper/problem,English,Official General Ability and Intelligence and other papers
India,GA,GA,A,exam archive,UPSC previous question papers,https://www.upsc.gov.in/examinations/previous-question-papers,(1.83 MB),https://www.upsc.gov.in/sites/default/files/QP-CSM-24-ANIM-HUSB-VET-SCIENCE-PAPER-I-031024.pdf,PDF paper/problem,English,Official General Ability and Intelligence and other papers
India,GA,GA,A,exam archive,UPSC previous question papers,https://www.upsc.gov.in/examinations/previous-question-papers,(1.84 MB),https://www.upsc.gov.in/sites/default/files/QP-IFSM-25-PHYSICS-PAPER-II-241125.pdf,PDF paper/problem,English,Official General Ability and Intelligence and other papers
India,GA,GA,A,exam archive,UPSC previous question papers,https://www.upsc.gov.in/examinations/previous-question-papers,(1.84 MB),https://www.upsc.gov.in/sites/default/files/QP-IFSM-23-ANIMAL-HUSBANDRY-VETERINARY-SCIENCE-PAPER-I-051223.pdf,PDF paper/problem,English,Official General Ability and Intelligence and other papers
India,GA,GA,A,exam archive,UPSC previous question papers,https://www.upsc.gov.in/examinations/previous-question-papers,(1.85 MB),https://www.upsc.gov.in/sites/default/files/QP-CSM-23-SOCIOLOGY-PAPER-I-29092023.pdf,PDF paper/problem,English,Official General Ability and Intelligence and other papers
India,GA,GA,A,exam archive,UPSC previous question papers,https://www.upsc.gov.in/examinations/previous-question-papers,(1.86 MB),https://www.upsc.gov.in/sites/default/files/QP-CSM-24-HISTORY-PAPER-II-031024.pdf,PDF paper/problem,English,Official General Ability and Intelligence and other papers
India,GA,GA,A,exam archive,UPSC previous question papers,https://www.upsc.gov.in/examinations/previous-question-papers,(1.86 MB),https://www.upsc.gov.in/sites/default/files/QP-CSM-24-PUBLIC-ADMINISTRATION-PAPER-II-031024.pdf,PDF paper/problem,English,Official General Ability and Intelligence and other papers
India,GA,GA,A,exam archive,UPSC previous question papers,https://www.upsc.gov.in/examinations/previous-question-papers,(1.86 MB),https://www.upsc.gov.in/sites/default/files/QP_CSM_2024_Kann_P_II_Lite_03102024.pdf,PDF resource,English,Official General Ability and Intelligence and other papers
India,GA,GA,A,exam archive,UPSC previous question papers,https://www.upsc.gov.in/examinations/previous-question-papers,(1.86 MB),https://www.upsc.gov.in/sites/default/files/QP-CSM-23-BOTANY-PAPER-I-29092023.pdf,PDF paper/problem,English,Official General Ability and Intelligence and other papers
India,GA,GA,A,exam archive,UPSC previous question papers,https://www.upsc.gov.in/examinations/previous-question-papers,(1.86 MB),https://www.upsc.gov.in/sites/default/files/QP-CSM-23-MALAYALAM-LITERATURE-PAPER-I-290923.pdf,PDF paper/problem,English,Official General Ability and Intelligence and other papers
India,GA,GA,A,exam archive,UPSC previous question papers,https://www.upsc.gov.in/examinations/previous-question-papers,(1.87 MB),https://www.upsc.gov.in/sites/default/files/QP-CSM-23-GEOLOGY-PAPER-II-29092023.pdf,PDF paper/problem,English,Official General Ability and Intelligence and other papers
India,GA,GA,A,exam archive,UPSC previous question papers,https://www.upsc.gov.in/examinations/previous-question-papers,(1.88 MB),https://www.upsc.gov.in/sites/default/files/QP-IFSM-25-MATHEMATICS-PAPER-I-241125.pdf,PDF paper/problem,English,Official General Ability and Intelligence and other papers
India,GA,GA,A,exam archive,UPSC previous question papers,https://www.upsc.gov.in/examinations/previous-question-papers,(1.88 MB),https://www.upsc.gov.in/sites/default/files/MALAYALAM%20-LITERATURE-PAPER-I-QP-CSM-25-010925.pdf,PDF paper/problem,English,Official General Ability and Intelligence and other papers
India,GA,GA,A,exam archive,UPSC previous question papers,https://www.upsc.gov.in/examinations/previous-question-papers,(1.88 MB),https://www.upsc.gov.in/sites/default/files/QP-IFSM-23-PHYSICS-PAPER-I-051223.pdf,PDF paper/problem,English,Official General Ability and Intelligence and other papers
India,GA,GA,A,exam archive,UPSC previous question papers,https://www.upsc.gov.in/examinations/previous-question-papers,(1.89 MB),https://www.upsc.gov.in/sites/default/files/QP-CSM-24-GEOLOGY-PAPER-I-031024.pdf,PDF paper/problem,English,Official General Ability and Intelligence and other papers
India,GA,GA,A,exam archive,UPSC previous question papers,https://www.upsc.gov.in/examinations/previous-question-papers,(1.89 MB),https://www.upsc.gov.in/sites/default/files/QP-CSM-23-SANSKRIT-LITERATURE-%20PAPER-I-290923.pdf,PDF paper/problem,English,Official General Ability and Intelligence and other papers
India,GA,GA,A,exam archive,UPSC previous question papers,https://www.upsc.gov.in/examinations/previous-question-papers,(1.9 MB),https://www.upsc.gov.in/sites/default/files/ANTHROPOLOGY-PAPER-II-QP-CSM-25-010925.pdf,PDF paper/problem,English,Official General Ability and Intelligence and other papers
India,GA,GA,A,exam archive,UPSC previous question papers,https://www.upsc.gov.in/examinations/previous-question-papers,(1.91 MB),https://www.upsc.gov.in/sites/default/files/QP-CSM-24-PSYCHOLOGY-PAPER-II-031024.pdf,PDF paper/problem,English,Official General Ability and Intelligence and other papers
India,GA,GA,A,exam archive,UPSC previous question papers,https://www.upsc.gov.in/examinations/previous-question-papers,(1.93 MB),https://www.upsc.gov.in/sites/default/files/PHILOSOPHY-PAPER-II-QP-CSM-25-010925.pdf,PDF paper/problem,English,Official General Ability and Intelligence and other papers
India,GA,GA,A,exam archive,UPSC previous question papers,https://www.upsc.gov.in/examinations/previous-question-papers,(1.93 MB),https://www.upsc.gov.in/sites/default/files/QP-CSM-23-TELUGU-LITERATURE-PAPER-I-290923.pdf,PDF paper/problem,English,Official General Ability and Intelligence and other papers
India,GA,GA,A,exam archive,UPSC previous question papers,https://www.upsc.gov.in/examinations/previous-question-papers,(1.94 MB),https://www.upsc.gov.in/sites/default/files/HINDI-LITERATURE-PAPER-II-QP-CSM-25-010925.pdf,PDF paper/problem,English,Official General Ability and Intelligence and other papers
India,GA,GA,A,exam archive,UPSC previous question papers,https://www.upsc.gov.in/examinations/previous-question-papers,(1.94 MB),https://www.upsc.gov.in/sites/default/files/QP-IFSM-23-CHEMISTRY-PAPER-I-051223.pdf,PDF paper/problem,English,Official General Ability and Intelligence and other papers
India,GA,GA,A,exam archive,UPSC previous question papers,https://www.upsc.gov.in/examinations/previous-question-papers,(1.94 MB),https://www.upsc.gov.in/sites/default/files/QP-CSM-23-PSYCHOLOGY-PAPER-I-29092023.pdf,PDF paper/problem,English,Official General Ability and Intelligence and other papers
India,GA,GA,A,exam archive,UPSC previous question papers,https://www.upsc.gov.in/examinations/previous-question-papers,(1.95 MB),https://www.upsc.gov.in/sites/default/files/SOCIOLOGY-PAPER-II-QP-CSM-25-010925.pdf,PDF paper/problem,English,Official General Ability and Intelligence and other papers
India,GA,GA,A,exam archive,UPSC previous question papers,https://www.upsc.gov.in/examinations/previous-question-papers,(1.95 MB),https://www.upsc.gov.in/sites/default/files/QP-GeosM-25-CHEMISTRY-PAPER-II-230625.pdf,PDF paper/problem,English,Official General Ability and Intelligence and other papers
India,GA,GA,A,exam archive,UPSC previous question papers,https://www.upsc.gov.in/examinations/previous-question-papers,(1.96 MB),https://www.upsc.gov.in/sites/default/files/COMMERCE-AND-ACCOUNTANCY-PAPER-II-QP-CSM-25-010925.pdf,PDF paper/problem,English,Official General Ability and Intelligence and other papers
India,GA,GA,A,exam archive,UPSC previous question papers,https://www.upsc.gov.in/examinations/previous-question-papers,(1.96 MB),https://www.upsc.gov.in/sites/default/files/ECONOMICS-PAPER%20II-QP-CSM-25-010925.pdf,PDF paper/problem,English,Official General Ability and Intelligence and other papers
India,GA,GA,A,exam archive,UPSC previous question papers,https://www.upsc.gov.in/examinations/previous-question-papers,(1.99 MB),https://www.upsc.gov.in/sites/default/files/QP-CSM-24-ECONOMICS-PAPER-II-031024.pdf,PDF paper/problem,English,Official General Ability and Intelligence and other papers
India,GA,GA,A,exam archive,UPSC previous question papers,https://www.upsc.gov.in/examinations/previous-question-papers,(1.99 MB),https://www.upsc.gov.in/sites/default/files/QP_CSM_2024_Snk_P_I_Lite_03102024.pdf,PDF resource,English,Official General Ability and Intelligence and other papers
India,GA,GA,A,exam archive,UPSC previous question papers,https://www.upsc.gov.in/examinations/previous-question-papers,(10.07 MB),https://www.upsc.gov.in/sites/default/files/QP-SO-LDCE-24-PAPER-III-NOTING-DRAFTING-PRECIS-WRITING-130125.pdf,PDF paper/problem,English,Official General Ability and Intelligence and other papers
India,GA,GA,A,exam archive,UPSC previous question papers,https://www.upsc.gov.in/examinations/previous-question-papers,(10.66 MB),https://www.upsc.gov.in/sites/default/files/QP-CSM-23-GENERAL-STUDIES-PAPER-IV-180923.pdf,PDF paper/problem,English,Official General Ability and Intelligence and other papers
India,GA,GA,A,exam archive,UPSC previous question papers,https://www.upsc.gov.in/examinations/previous-question-papers,(10.84 MB),https://www.upsc.gov.in/sites/default/files/QP-IES-ISS-24-STATISTICS-PAPER-IV-240624.pdf,PDF paper/problem,English,Official General Ability and Intelligence and other papers
India,GA,GA,A,exam archive,UPSC previous question papers,https://www.upsc.gov.in/examinations/previous-question-papers,(1005.42 KB),https://www.upsc.gov.in/sites/default/files/QP-IFSM-25-ANIMALHUSBANDRY-VETERINARYSCIENCE-PAPER-I-241125.pdf,PDF paper/problem,English,Official General Ability and Intelligence and other papers
India,GA,GA,A,exam archive,UPSC previous question papers,https://www.upsc.gov.in/examinations/previous-question-papers,(1022.7 KB),https://www.upsc.gov.in/sites/default/files/BODO-LITERATURE-PAPER-II-QP-CSM-25-010925.pdf,PDF paper/problem,English,Official General Ability and Intelligence and other papers
India,GA,GA,A,exam archive,UPSC previous question papers,https://www.upsc.gov.in/examinations/previous-question-papers,(11.03 MB),https://www.upsc.gov.in/sites/default/files/QP-IES-ISS-25-STATISTICS-PAPER-I-230625.pdf,PDF paper/problem,English,Official General Ability and Intelligence and other papers
India,GA,GA,A,exam archive,UPSC previous question papers,https://www.upsc.gov.in/examinations/previous-question-papers,(11.29 MB),https://www.upsc.gov.in/sites/default/files/QP-IES-ISS-25-STATISTICS-PAPER-II-230625.pdf,PDF paper/problem,English,Official General Ability and Intelligence and other papers
India,GA,GA,A,exam archive,UPSC previous question papers,https://www.upsc.gov.in/examinations/previous-question-papers,(11.47 MB),https://www.upsc.gov.in/sites/default/files/QP-IES-ISS-24-STATISTICS-PAPER-I-240624.pdf,PDF paper/problem,English,Official General Ability and Intelligence and other papers
India,GA,GA,A,exam archive,UPSC previous question papers,https://www.upsc.gov.in/examinations/previous-question-papers,(11.67 MB),https://www.upsc.gov.in/sites/default/files/QP_CGSPE26_Geophy_II_09022026.pdf,PDF resource,English,Official General Ability and Intelligence and other papers
India,GA,GA,A,exam archive,UPSC previous question papers,https://www.upsc.gov.in/examinations/previous-question-papers,(12.38 MB),https://www.upsc.gov.in/sites/default/files/CIVIL-ENGINEERING-PAPER-I-QP-ESEM-25-110825.pdf,PDF paper/problem,English,Official General Ability and Intelligence and other papers
India,GA,GA,A,exam archive,UPSC previous question papers,https://www.upsc.gov.in/examinations/previous-question-papers,(12.67 MB),https://www.upsc.gov.in/sites/default/files/QP_CGSPE26_GenStud_I_09022026.pdf,PDF resource,English,Official General Ability and Intelligence and other papers
India,GA,GA,A,exam archive,UPSC previous question papers,https://www.upsc.gov.in/examinations/previous-question-papers,(12.68 MB),https://www.upsc.gov.in/sites/default/files/QP-CGeoScnstP-25-GENERAL-STUDIES-PAPER-I-100225.pdf,PDF paper/problem,English,Official General Ability and Intelligence and other papers
India,GA,GA,A,exam archive,UPSC previous question papers,https://www.upsc.gov.in/examinations/previous-question-papers,(12.76 MB),https://www.upsc.gov.in/sites/default/files/QP-CSM-23-ELECTRICAL-ENGINEERING-PAPER-I-29092023.pdf,PDF paper/problem,English,Official General Ability and Intelligence and other papers
India,GA,GA,A,exam archive,UPSC previous question papers,https://www.upsc.gov.in/examinations/previous-question-papers,(12.87 MB),https://www.upsc.gov.in/sites/default/files/QP-IES-ISS-26-220626-STATISTICS-PAPER-II.pdf,PDF paper/problem,English,Official General Ability and Intelligence and other papers
India,GA,GA,A,exam archive,UPSC previous question papers,https://www.upsc.gov.in/examinations/previous-question-papers,(13.02 MB),https://www.upsc.gov.in/sites/default/files/QP-SO-25-Steno19-21-NOTING-AND-DRAFTING-PRECIS-WRITING-151225.pdf,PDF resource,English,Official General Ability and Intelligence and other papers
India,GA,GA,A,exam archive,UPSC previous question papers,https://www.upsc.gov.in/examinations/previous-question-papers,(13.32 MB),https://www.upsc.gov.in/sites/default/files/QP-SO-19-20-PAPER-III-NOTING-DRAFTING-PRECIS%20WRITING-280823.pdf,PDF paper/problem,English,Official General Ability and Intelligence and other papers
India,GA,GA,A,exam archive,UPSC previous question papers,https://www.upsc.gov.in/examinations/previous-question-papers,(13.57 MB),https://www.upsc.gov.in/sites/default/files/QP-CGeoScnstP-25-GEOLOGY-HYDROGEOLOGY-PAPER-II-100225.pdf,PDF paper/problem,English,Official General Ability and Intelligence and other papers
India,GA,GA,A,exam archive,UPSC previous question papers,https://www.upsc.gov.in/examinations/previous-question-papers,(13.6 MB),https://www.upsc.gov.in/sites/default/files/QP-CGeoScnstPrelExam-24-GEOLOGY_HYDROGEOLOGY-190224.pdf,PDF paper/problem,English,Official General Ability and Intelligence and other papers
India,GA,GA,A,exam archive,UPSC previous question papers,https://www.upsc.gov.in/examinations/previous-question-papers,(13.67 MB),https://www.upsc.gov.in/sites/default/files/QP-SO-LDCE-23-NOTING-DRAFTING-PRECIS-WRITING-PAPER-III-111223.pdf,PDF paper/problem,English,Official General Ability and Intelligence and other papers
India,GA,GA,A,exam archive,UPSC previous question papers,https://www.upsc.gov.in/examinations/previous-question-papers,(14.11 MB),https://www.upsc.gov.in/sites/default/files/QP-SO-21-22-PAPER-III-NOTING-DRAFTING-PRECIS-WRITING-161023.pdf,PDF paper/problem,English,Official General Ability and Intelligence and other papers
India,GA,GA,A,exam archive,UPSC previous question papers,https://www.upsc.gov.in/examinations/previous-question-papers,(14.28 MB),https://www.upsc.gov.in/sites/default/files/QP-IES-ISS-24-STATISTICS-PAPER-II-240624.pdf,PDF paper/problem,English,Official General Ability and Intelligence and other papers
India,GA,GA,A,exam archive,UPSC previous question papers,https://www.upsc.gov.in/examinations/previous-question-papers,(14.34 MB),https://www.upsc.gov.in/sites/default/files/QP-CSM-23-CIVIL-ENGINEERING-PAPER-I-29092023.pdf,PDF paper/problem,English,Official General Ability and Intelligence and other papers
India,GA,GA,A,exam archive,UPSC previous question papers,https://www.upsc.gov.in/examinations/previous-question-papers,(14.35 MB),https://www.upsc.gov.in/sites/default/files/QP-CGeoScnstP-25-GEOPHYSICS-PAPER-II-100225.pdf,PDF paper/problem,English,Official General Ability and Intelligence and other papers
India,GA,GA,A,exam archive,UPSC previous question papers,https://www.upsc.gov.in/examinations/previous-question-papers,(14.53 MB),https://www.upsc.gov.in/sites/default/files/QP-CDSE-II-25-ENGLISH-150925.pdf,PDF resource,English,Official General Ability and Intelligence and other papers
India,GA,GA,A,exam archive,UPSC previous question papers,https://www.upsc.gov.in/examinations/previous-question-papers,(14.65 MB),https://www.upsc.gov.in/sites/default/files/QP-CDS-I-26-ENGLISH-130426.pdf,PDF resource,English,Official General Ability and Intelligence and other papers
India,GA,GA,A,exam archive,UPSC previous question papers,https://www.upsc.gov.in/examinations/previous-question-papers,(14.9 MB),https://www.upsc.gov.in/sites/default/files/QP-ESEP-25-GENERAL-STUDIES-AND-ENGINEERING-APTITUDE-P-I-090625.pdf,PDF resource,English,Official General Ability and Intelligence and other papers
India,GA,GA,A,exam archive,UPSC previous question papers,https://www.upsc.gov.in/examinations/previous-question-papers,(15 MB),https://www.upsc.gov.in/sites/default/files/QP-CDSE-II-24-ENGLISH-020924.pdf,PDF resource,English,Official General Ability and Intelligence and other papers
India,GA,GA,A,exam archive,UPSC previous question papers,https://www.upsc.gov.in/examinations/previous-question-papers,(15.23 MB),https://www.upsc.gov.in/sites/default/files/QP-CGeoScnstPrelExam-24-GENERAL-STUDIES-200224r.pdf,PDF paper/problem,English,Official General Ability and Intelligence and other papers
India,GA,GA,A,exam archive,UPSC previous question papers,https://www.upsc.gov.in/examinations/previous-question-papers,(16.07 MB),https://www.upsc.gov.in/sites/default/files/QP-CMSE-26-SrgryGynaeObstPvntSclMdcnPaper-II-03082026.pdf,PDF paper/problem,English,Official General Ability and Intelligence and other papers
India,GA,GA,A,exam archive,UPSC previous question papers,https://www.upsc.gov.in/examinations/previous-question-papers,(16.25 MB),https://www.upsc.gov.in/sites/default/files/QP_CDSI2024_ENGLISH_22042024.pdf,PDF resource,English,Official General Ability and Intelligence and other papers
India,GA,GA,A,exam archive,UPSC previous question papers,https://www.upsc.gov.in/examinations/previous-question-papers,(16.35 MB),https://www.upsc.gov.in/sites/default/files/QP-CGeoScnstPrelExam-24-GEOPHYSICS-PAPER-190224.pdf,PDF paper/problem,English,Official General Ability and Intelligence and other papers
India,GA,GA,A,exam archive,UPSC previous question papers,https://www.upsc.gov.in/examinations/previous-question-papers,(16.58 MB),https://www.upsc.gov.in/sites/default/files/QP_ESPE26_CivilEngg_II_09022026.pdf,PDF resource,English,Official General Ability and Intelligence and other papers
India,GA,GA,A,exam archive,UPSC previous question papers,https://www.upsc.gov.in/examinations/previous-question-papers,(16.64 MB),https://www.upsc.gov.in/sites/default/files/QP_CBI_DSP_LDCE_2023_GAT_18032024.pdf,PDF resource,English,Official General Ability and Intelligence and other papers
India,GA,GA,A,exam archive,UPSC previous question papers,https://www.upsc.gov.in/examinations/previous-question-papers,(16.69 MB),https://www.upsc.gov.in/sites/default/files/QP-CMS_2025_PAPER_02-210725.pdf,PDF paper/problem,English,Official General Ability and Intelligence and other papers
India,GA,GA,A,exam archive,UPSC previous question papers,https://www.upsc.gov.in/examinations/previous-question-papers,(16.73 MB),https://www.upsc.gov.in/sites/default/files/QP_ESPE26_MechEngg_II_09022026.pdf,PDF resource,English,Official General Ability and Intelligence and other papers
India,GA,GA,A,exam archive,UPSC previous question papers,https://www.upsc.gov.in/examinations/previous-question-papers,(16.82 MB),https://www.upsc.gov.in/sites/default/files/QP-CGeoScnstP-25-CHEMISTRY-PAPER-II-100225.pdf,PDF paper/problem,English,Official General Ability and Intelligence and other papers
India,GA,GA,A,exam archive,UPSC previous question papers,https://www.upsc.gov.in/examinations/previous-question-papers,(17.01 MB),https://www.upsc.gov.in/sites/default/files/QP-CMSE-24-PAPER-II-SURGERY-GYAE-OBST-PREVENT-SOCIAL-MEDCN-150724.pdf,PDF paper/problem,English,Official General Ability and Intelligence and other papers
India,GA,GA,A,exam archive,UPSC previous question papers,https://www.upsc.gov.in/examinations/previous-question-papers,(17.21 MB),https://www.upsc.gov.in/sites/default/files/QP-CMSE-24-PAPER-I-GENERAL-MEDICINE-AND-PEDIATRICS-150724.pdf,PDF paper/problem,English,Official General Ability and Intelligence and other papers
India,GA,GA,A,exam archive,UPSC previous question papers,https://www.upsc.gov.in/examinations/previous-question-papers,(17.37 MB),https://www.upsc.gov.in/sites/default/files/QP-CMSE-26-GnrlMdcnPediatrc-Paper-I-030826.pdf,PDF paper/problem,English,Official General Ability and Intelligence and other papers
India,GA,GA,A,exam archive,UPSC previous question papers,https://www.upsc.gov.in/examinations/previous-question-papers,(17.53 MB),https://www.upsc.gov.in/sites/default/files/QP_ESPE26_GenStud_EnggAptit_I_09022026.pdf,PDF resource,English,Official General Ability and Intelligence and other papers
India,GA,GA,A,exam archive,UPSC previous question papers,https://www.upsc.gov.in/examinations/previous-question-papers,(17.66 MB),https://www.upsc.gov.in/sites/default/files/QP-ESEP-25-ELECTRICAL-ENGINEERING-P-II-090625.pdf,PDF resource,English,Official General Ability and Intelligence and other papers
India,GA,GA,A,exam archive,UPSC previous question papers,https://www.upsc.gov.in/examinations/previous-question-papers,(17.69 MB),https://www.upsc.gov.in/sites/default/files/QP-ESEP-25-ELECTRONICS-AND-TELECOMMUNICATION-ENGINEERING-P-II-090625.pdf,PDF resource,English,Official General Ability and Intelligence and other papers
India,GA,GA,A,exam archive,UPSC previous question papers,https://www.upsc.gov.in/examinations/previous-question-papers,(18.07 MB),https://www.upsc.gov.in/sites/default/files/QP_CGSPE26_Chem_II_09022026.pdf,PDF resource,English,Official General Ability and Intelligence and other papers
India,GA,GA,A,exam archive,UPSC previous question papers,https://www.upsc.gov.in/examinations/previous-question-papers,(18.11 MB),https://www.upsc.gov.in/sites/default/files/QP-CSM-24-MECHANICAL-ENGINEERING-PAPER-II-031024.pdf,PDF paper/problem,English,Official General Ability and Intelligence and other papers
India,GA,GA,A,exam archive,UPSC previous question papers,https://www.upsc.gov.in/examinations/previous-question-papers,(18.18 MB),https://www.upsc.gov.in/sites/default/files/QP-CDSE-II-2023-EleMath-04092023.pdf,PDF resource,English,Official General Ability and Intelligence and other papers
India,GA,GA,A,exam archive,UPSC previous question papers,https://www.upsc.gov.in/examinations/previous-question-papers,(18.3 MB),https://www.upsc.gov.in/sites/default/files/QP-ESEP-25-CIVIL-ENGINEERING-P-II-090625.pdf,PDF resource,English,Official General Ability and Intelligence and other papers
India,GA,GA,A,exam archive,UPSC previous question papers,https://www.upsc.gov.in/examinations/previous-question-papers,(18.32 MB),https://www.upsc.gov.in/sites/default/files/QP_CGSPE26_Geol-Hydrogeo_II_09022026.pdf,PDF resource,English,Official General Ability and Intelligence and other papers
India,GA,GA,A,exam archive,UPSC previous question papers,https://www.upsc.gov.in/examinations/previous-question-papers,(18.5 MB),https://www.upsc.gov.in/sites/default/files/QP_ESPE26_ElecEngg_II_09022026.pdf,PDF resource,English,Official General Ability and Intelligence and other papers
India,GA,GA,A,exam archive,UPSC previous question papers,https://www.upsc.gov.in/examinations/previous-question-papers,(18.91 MB),https://www.upsc.gov.in/sites/default/files/QP_ESPE26_ElecTelecomEngg_II_09022026.pdf,PDF resource,English,Official General Ability and Intelligence and other papers
India,GA,GA,A,exam archive,UPSC previous question papers,https://www.upsc.gov.in/examinations/previous-question-papers,(19.37 MB),https://www.upsc.gov.in/sites/default/files/QP-CDSE-I-25-ELEMENTARY-MATHEMATICS-150425.pdf,PDF resource,English,Official General Ability and Intelligence and other papers
India,GA,GA,A,exam archive,UPSC previous question papers,https://www.upsc.gov.in/examinations/previous-question-papers,(19.7 MB),https://www.upsc.gov.in/sites/default/files/QP-NDA-NA-I-25-MATHEMATICS-150425.pdf,PDF resource,English,Official General Ability and Intelligence and other papers
India,GA,GA,A,exam archive,UPSC previous question papers,https://www.upsc.gov.in/examinations/previous-question-papers,(19.87 MB),https://www.upsc.gov.in/sites/default/files/QP-NDANA-II-25-MATHEMATICS-150925.pdf,PDF resource,English,Official General Ability and Intelligence and other papers
India,GA,GA,A,exam archive,UPSC previous question papers,https://www.upsc.gov.in/examinations/previous-question-papers,(19.96 MB),https://www.upsc.gov.in/sites/default/files/QP-CDSE-I-25-ENGLISH-150425.pdf,PDF resource,English,Official General Ability and Intelligence and other papers
India,GA,GA,A,exam archive,UPSC previous question papers,https://www.upsc.gov.in/examinations/previous-question-papers,(2 MB),https://www.upsc.gov.in/sites/default/files/SANSKRIT-LITERATURE-PAPER-I-QP-CSM-25-010925.pdf,PDF paper/problem,English,Official General Ability and Intelligence and other papers
India,GA,GA,A,exam archive,UPSC previous question papers,https://www.upsc.gov.in/examinations/previous-question-papers,(2 MB),https://www.upsc.gov.in/sites/default/files/TELUGU%20%28LITERATURE%29%20PAPER%20II-QP-CSM-25-010925.pdf,PDF paper/problem,English,Official General Ability and Intelligence and other papers
India,GA,GA,A,exam archive,UPSC previous question papers,https://www.upsc.gov.in/examinations/previous-question-papers,(2 MB),https://www.upsc.gov.in/sites/default/files/QP-IFSM-24-MATHEMATICS-PAPER-II-021224.pdf,PDF paper/problem,English,Official General Ability and Intelligence and other papers
India,GA,GA,A,exam archive,UPSC previous question papers,https://www.upsc.gov.in/examinations/previous-question-papers,(2 MB),https://www.upsc.gov.in/sites/default/files/QP-CSM-24-AGRICULTURE-PAPER-I-031024.pdf,PDF paper/problem,English,Official General Ability and Intelligence and other papers
India,GA,GA,A,exam archive,UPSC previous question papers,https://www.upsc.gov.in/examinations/previous-question-papers,(2.01 MB),https://www.upsc.gov.in/sites/default/files/QP-CSM-23-GUJARATI-LITERATURE-PAPER-II-290923.pdf,PDF paper/problem,English,Official General Ability and Intelligence and other papers
India,GA,GA,A,exam archive,UPSC previous question papers,https://www.upsc.gov.in/examinations/previous-question-papers,(2.02 MB),https://www.upsc.gov.in/sites/default/files/KASHMIRI-LITERATURE-PAPER%20I-QP-CSM-25-010925.pdf,PDF paper/problem,English,Official General Ability and Intelligence and other papers
India,GA,GA,A,exam archive,UPSC previous question papers,https://www.upsc.gov.in/examinations/previous-question-papers,(2.02 MB),https://www.upsc.gov.in/sites/default/files/PUBLIC-ADMINISTRATION-PAPER-I-QP-CSM-25-010925.pdf,PDF paper/problem,English,Official General Ability and Intelligence and other papers
India,GA,GA,A,exam archive,UPSC previous question papers,https://www.upsc.gov.in/examinations/previous-question-papers,(2.02 MB),https://www.upsc.gov.in/sites/default/files/QP_CSM_2024_GenStud_II_03102024.pdf,PDF resource,English,Official General Ability and Intelligence and other papers
India,GA,GA,A,exam archive,UPSC previous question papers,https://www.upsc.gov.in/examinations/previous-question-papers,(2.03 MB),https://www.upsc.gov.in/sites/default/files/POLITICAL-SCIENCE-INTERANATIONAL-RELATIONS-PAPER-I-QP-CSM-25-010925.pdf,PDF paper/problem,English,Official General Ability and Intelligence and other papers
India,GA,GA,A,exam archive,UPSC previous question papers,https://www.upsc.gov.in/examinations/previous-question-papers,(2.04 MB),https://www.upsc.gov.in/sites/default/files/GEOLOGY-PAPER%20I-QP-CSM-25-010925.pdf,PDF paper/problem,English,Official General Ability and Intelligence and other papers
India,GA,GA,A,exam archive,UPSC previous question papers,https://www.upsc.gov.in/examinations/previous-question-papers,(2.04 MB),https://www.upsc.gov.in/sites/default/files/QP-CSM-23-GENERAL-STUDIES-PAPER-III-180923.pdf,PDF paper/problem,English,Official General Ability and Intelligence and other papers
India,GA,GA,A,exam archive,UPSC previous question papers,https://www.upsc.gov.in/examinations/previous-question-papers,(2.05 MB),https://www.upsc.gov.in/sites/default/files/QP-IFSM-23-AGRICULTURE-PAPER-II-051223.pdf,PDF paper/problem,English,Official General Ability and Intelligence and other papers
India,GA,GA,A,exam archive,UPSC previous question papers,https://www.upsc.gov.in/examinations/previous-question-papers,(2.05 MB),https://www.upsc.gov.in/sites/default/files/QP-IFSM-23-BOTANY-PAPER-I-051223.pdf,PDF paper/problem,English,Official General Ability and Intelligence and other papers
India,GA,GA,A,exam archive,UPSC previous question papers,https://www.upsc.gov.in/examinations/previous-question-papers,(2.06 MB),https://www.upsc.gov.in/sites/default/files/QP-CSM-23-ZOOLOGY-PAPER-II-29092023.pdf,PDF paper/problem,English,Official General Ability and Intelligence and other papers
India,GA,GA,A,exam archive,UPSC previous question papers,https://www.upsc.gov.in/examinations/previous-question-papers,(2.07 MB),https://www.upsc.gov.in/sites/default/files/QP-IFSM-24-GEOLOGY-PAPER-I-021224.pdf,PDF paper/problem,English,Official General Ability and Intelligence and other papers
India,GA,GA,A,exam archive,UPSC previous question papers,https://www.upsc.gov.in/examinations/previous-question-papers,(2.1 MB),https://www.upsc.gov.in/sites/default/files/ANI-HUSB-VETER-SCIENCE-PAPER%20II--QP-CSM-25-010925.pdf,PDF paper/problem,English,Official General Ability and Intelligence and other papers
India,GA,GA,A,exam archive,UPSC previous question papers,https://www.upsc.gov.in/examinations/previous-question-papers,(2.1 MB),https://www.upsc.gov.in/sites/default/files/QP-CSM-24-BOTANY-PAPER-I-031024.pdf,PDF paper/problem,English,Official General Ability and Intelligence and other papers
India,GA,GA,A,exam archive,UPSC previous question papers,https://www.upsc.gov.in/examinations/previous-question-papers,(2.1 MB),https://www.upsc.gov.in/sites/default/files/QP_CSM_2024_Mala_P_I_Lite_03102024.pdf,PDF resource,English,Official General Ability and Intelligence and other papers
India,GA,GA,A,exam archive,UPSC previous question papers,https://www.upsc.gov.in/examinations/previous-question-papers,(2.11 MB),https://www.upsc.gov.in/sites/default/files/QP-IFSM-25-CHEMISTRY-PAPER-I-241125.pdf,PDF paper/problem,English,Official General Ability and Intelligence and other papers
India,GA,GA,A,exam archive,UPSC previous question papers,https://www.upsc.gov.in/examinations/previous-question-papers,(2.11 MB),https://www.upsc.gov.in/sites/default/files/QP-GeosM-25-HYDROGEOLOGY-230625.pdf,PDF resource,English,Official General Ability and Intelligence and other papers
India,GA,GA,A,exam archive,UPSC previous question papers,https://www.upsc.gov.in/examinations/previous-question-papers,(2.13 MB),https://www.upsc.gov.in/sites/default/files/QP_CSM_2024_GenStud_III_03102024.pdf,PDF resource,English,Official General Ability and Intelligence and other papers
India,GA,GA,A,exam archive,UPSC previous question papers,https://www.upsc.gov.in/examinations/previous-question-papers,(2.14 MB),https://www.upsc.gov.in/sites/default/files/QP-IFSM-25-CHEMICAL-ENGINEERING-PAPER-I-241125.pdf,PDF paper/problem,English,Official General Ability and Intelligence and other papers
India,GA,GA,A,exam archive,UPSC previous question papers,https://www.upsc.gov.in/examinations/previous-question-papers,(2.14 MB),https://www.upsc.gov.in/sites/default/files/QP-IFSM-24-FORESTRY-PAPER-I-021224.pdf,PDF paper/problem,English,Official General Ability and Intelligence and other papers
India,GA,GA,A,exam archive,UPSC previous question papers,https://www.upsc.gov.in/examinations/previous-question-papers,(2.14 MB),https://www.upsc.gov.in/sites/default/files/QP-CSM-23-URDU-LITERATURE-PAPER-II-290923.pdf,PDF paper/problem,English,Official General Ability and Intelligence and other papers
India,GA,GA,A,exam archive,UPSC previous question papers,https://www.upsc.gov.in/examinations/previous-question-papers,(2.17 MB),https://www.upsc.gov.in/sites/default/files/AGRICULTURE-PAPER%20II-QP-CSM-25-010925.pdf,PDF paper/problem,English,Official General Ability and Intelligence and other papers
India,GA,GA,A,exam archive,UPSC previous question papers,https://www.upsc.gov.in/examinations/previous-question-papers,(2.17 MB),https://www.upsc.gov.in/sites/default/files/QP-CSM-24-PUBLIC-ADMINISTRATION-PAPER-I-031024.pdf,PDF paper/problem,English,Official General Ability and Intelligence and other papers
India,GA,GA,A,exam archive,UPSC previous question papers,https://www.upsc.gov.in/examinations/previous-question-papers,(2.18 MB),https://www.upsc.gov.in/sites/default/files/QP-CSM-24-PSYCHOLOGY-PAPER-I-031024.pdf,PDF paper/problem,English,Official General Ability and Intelligence and other papers
India,GA,GA,A,exam archive,UPSC previous question papers,https://www.upsc.gov.in/examinations/previous-question-papers,(2.19 MB),https://www.upsc.gov.in/sites/default/files/QP-IFSM-25-CIVIL-ENGINEERING-PAPER-II-241125.pdf,PDF paper/problem,English,Official General Ability and Intelligence and other papers
India,GA,GA,A,exam archive,UPSC previous question papers,https://www.upsc.gov.in/examinations/previous-question-papers,(2.19 MB),https://www.upsc.gov.in/sites/default/files/QP-IFSM-25-MECHANICAL-ENGINEERING-PAPER-I-241125.pdf,PDF paper/problem,English,Official General Ability and Intelligence and other papers
India,GA,GA,A,exam archive,UPSC previous question papers,https://www.upsc.gov.in/examinations/previous-question-papers,(2.19 MB),https://www.upsc.gov.in/sites/default/files/PHILOSOPHY-PAPER-I-QP-CSM-25-010925.pdf,PDF paper/problem,English,Official General Ability and Intelligence and other papers
India,GA,GA,A,exam archive,UPSC previous question papers,https://www.upsc.gov.in/examinations/previous-question-papers,(2.21 MB),https://www.upsc.gov.in/sites/default/files/QP-IFSM-25-PHYSICS-PAPER-I-241125.pdf,PDF paper/problem,English,Official General Ability and Intelligence and other papers
India,GA,GA,A,exam archive,UPSC previous question papers,https://www.upsc.gov.in/examinations/previous-question-papers,(2.21 MB),https://www.upsc.gov.in/sites/default/files/SOCIOLOGY-PAPER-I-QP-CSM-25-010925.pdf,PDF paper/problem,English,Official General Ability and Intelligence and other papers
India,GA,GA,A,exam archive,UPSC previous question papers,https://www.upsc.gov.in/examinations/previous-question-papers,(2.21 MB),https://www.upsc.gov.in/sites/default/files/QP-GeosM-25-GEOLOGY-PAPER-II-230625.pdf,PDF paper/problem,English,Official General Ability and Intelligence and other papers
India,GA,GA,A,exam archive,UPSC previous question papers,https://www.upsc.gov.in/examinations/previous-question-papers,(2.21 MB),https://www.upsc.gov.in/sites/default/files/QP-CSM-23-MALAYALAM-LITERATURE-PAPER-II-290923.pdf,PDF paper/problem,English,Official General Ability and Intelligence and other papers
India,GA,GA,A,exam archive,UPSC previous question papers,https://www.upsc.gov.in/examinations/previous-question-papers,(2.22 MB),https://www.upsc.gov.in/sites/default/files/QP-GeosM-25-GEOPHYSICS-PAPER-I-230625.pdf,PDF paper/problem,English,Official General Ability and Intelligence and other papers
India,GA,GA,A,exam archive,UPSC previous question papers,https://www.upsc.gov.in/examinations/previous-question-papers,(2.22 MB),https://www.upsc.gov.in/sites/default/files/QP-IES-ISS-24-GENERAL-ECONOMICS-PAPER-II-240624.pdf,PDF paper/problem,English,Official General Ability and Intelligence and other papers
India,GA,GA,A,exam archive,UPSC previous question papers,https://www.upsc.gov.in/examinations/previous-question-papers,(2.23 MB),https://www.upsc.gov.in/sites/default/files/QP-IFSM-24-PHYSICS-PAPER-II-021224.pdf,PDF paper/problem,English,Official General Ability and Intelligence and other papers
India,GA,GA,A,exam archive,UPSC previous question papers,https://www.upsc.gov.in/examinations/previous-question-papers,(2.24 MB),https://www.upsc.gov.in/sites/default/files/QP-IFSM-25-AGRICULTURAL-ENGINEERING-PAPER-II-241125.pdf,PDF paper/problem,English,Official General Ability and Intelligence and other papers
India,GA,GA,A,exam archive,UPSC previous question papers,https://www.upsc.gov.in/examinations/previous-question-papers,(2.24 MB),https://www.upsc.gov.in/sites/default/files/QP_CSM_2024_Urdu_P_II_Lite_03102024.pdf,PDF resource,English,Official General Ability and Intelligence and other papers
India,GA,GA,A,exam archive,UPSC previous question papers,https://www.upsc.gov.in/examinations/previous-question-papers,(2.25 MB),https://www.upsc.gov.in/sites/default/files/QP-IFSM-25-GENERAL-ENGLISH-241125.pdf,PDF resource,English,Official General Ability and Intelligence and other papers
India,GA,GA,A,exam archive,UPSC previous question papers,https://www.upsc.gov.in/examinations/previous-question-papers,(2.25 MB),https://www.upsc.gov.in/sites/default/files/QP-IES-ISS-25-GENERAL-ECONOMICS-PAPER-III-230625.pdf,PDF paper/problem,English,Official General Ability and Intelligence and other papers
India,GA,GA,A,exam archive,UPSC previous question papers,https://www.upsc.gov.in/examinations/previous-question-papers,(2.25 MB),https://www.upsc.gov.in/sites/default/files/QP-CSM-23-ECONOMICS-PAPER-II-29092023.pdf,PDF paper/problem,English,Official General Ability and Intelligence and other papers
India,GA,GA,A,exam archive,UPSC previous question papers,https://www.upsc.gov.in/examinations/previous-question-papers,(2.26 MB),https://www.upsc.gov.in/sites/default/files/GEOLOGY-PAPER%20II-QP-CSM-25-010925.pdf,PDF paper/problem,English,Official General Ability and Intelligence and other papers
India,GA,GA,A,exam archive,UPSC previous question papers,https://www.upsc.gov.in/examinations/previous-question-papers,(2.26 MB),https://www.upsc.gov.in/sites/default/files/QP_CSM_2024_Tam_P_II_Lite_03102024.pdf,PDF resource,English,Official General Ability and Intelligence and other papers
India,GA,GA,A,exam archive,UPSC previous question papers,https://www.upsc.gov.in/examinations/previous-question-papers,(2.26 MB),https://www.upsc.gov.in/sites/default/files/QP-IES-ISS-24-GENERAL-ECONOMICS-%20PAPER-I-240624.pdf,PDF paper/problem,English,Official General Ability and Intelligence and other papers
India,GA,GA,A,exam archive,UPSC previous question papers,https://www.upsc.gov.in/examinations/previous-question-papers,(2.26 MB),https://www.upsc.gov.in/sites/default/files/QP-CSM-23-GEOLOGY-PAPER-I-29092023.pdf,PDF paper/problem,English,Official General Ability and Intelligence and other papers
India,GA,GA,A,exam archive,UPSC previous question papers,https://www.upsc.gov.in/examinations/previous-question-papers,(2.27 MB),https://www.upsc.gov.in/sites/default/files/QP-IFSM-24-MATHEMATICS-PAPER-I-021224.pdf,PDF paper/problem,English,Official General Ability and Intelligence and other papers
India,GA,GA,A,exam archive,UPSC previous question papers,https://www.upsc.gov.in/examinations/previous-question-papers,(2.28 MB),https://www.upsc.gov.in/sites/default/files/QP-IFSM-24-PHYSICS-PAPER-I-021224.pdf,PDF paper/problem,English,Official General Ability and Intelligence and other papers
India,GA,GA,A,exam archive,UPSC previous question papers,https://www.upsc.gov.in/examinations/previous-question-papers,(2.29 MB),https://www.upsc.gov.in/sites/default/files/QP-IFSM-25-STATISTICS-PAPER-II-241125.pdf,PDF paper/problem,English,Official General Ability and Intelligence and other papers
India,GA,GA,A,exam archive,UPSC previous question papers,https://www.upsc.gov.in/examinations/previous-question-papers,(2.3 MB),https://www.upsc.gov.in/sites/default/files/POLITICAL-SCIENCE-INTERANATIONAL-RELATIONS-PAPER-II-QP-CSM-25-010925.pdf,PDF paper/problem,English,Official General Ability and Intelligence and other papers
India,GA,GA,A,exam archive,UPSC previous question papers,https://www.upsc.gov.in/examinations/previous-question-papers,(2.3 MB),https://www.upsc.gov.in/sites/default/files/QP-CSM-23-HISTORY-PAPER-I-29092023.pdf,PDF paper/problem,English,Official General Ability and Intelligence and other papers
India,GA,GA,A,exam archive,UPSC previous question papers,https://www.upsc.gov.in/examinations/previous-question-papers,(2.31 MB),https://www.upsc.gov.in/sites/default/files/QP-IES-ISS-26-220626-GENERAL-ECONOMICS-PAPER-I.pdf,PDF paper/problem,English,Official General Ability and Intelligence and other papers
India,GA,GA,A,exam archive,UPSC previous question papers,https://www.upsc.gov.in/examinations/previous-question-papers,(2.32 MB),https://www.upsc.gov.in/sites/default/files/AGRICULTURE-PAPER-I-QP-CSM-25-010925.pdf,PDF paper/problem,English,Official General Ability and Intelligence and other papers
India,GA,GA,A,exam archive,UPSC previous question papers,https://www.upsc.gov.in/examinations/previous-question-papers,(2.32 MB),https://www.upsc.gov.in/sites/default/files/PSYCHOLOGY-PAPER-I-QP-CSM-25-010925.pdf,PDF paper/problem,English,Official General Ability and Intelligence and other papers
India,GA,GA,A,exam archive,UPSC previous question papers,https://www.upsc.gov.in/examinations/previous-question-papers,(2.34 MB),https://www.upsc.gov.in/sites/default/files/QP-IFSM-24-AGRICULTURAL-ENGINEERING-PAPER-I-021224.pdf,PDF paper/problem,English,Official General Ability and Intelligence and other papers
India,GA,GA,A,exam archive,UPSC previous question papers,https://www.upsc.gov.in/examinations/previous-question-papers,(2.34 MB),https://www.upsc.gov.in/sites/default/files/QP-CSM-24-BOTANY-PAPER-II-031024.pdf,PDF paper/problem,English,Official General Ability and Intelligence and other papers
India,GA,GA,A,exam archive,UPSC previous question papers,https://www.upsc.gov.in/examinations/previous-question-papers,(2.34 MB),https://www.upsc.gov.in/sites/default/files/QP-CSM-23-AGRICULTURE-PAPER-I-29092023.pdf,PDF paper/problem,English,Official General Ability and Intelligence and other papers
India,GA,GA,A,exam archive,UPSC previous question papers,https://www.upsc.gov.in/examinations/previous-question-papers,(2.35 MB),https://www.upsc.gov.in/sites/default/files/QP-IFSM-23-AGRICULTURAL-ENGINEERING-PAPER-II-051223.pdf,PDF paper/problem,English,Official General Ability and Intelligence and other papers
India,GA,GA,A,exam archive,UPSC previous question papers,https://www.upsc.gov.in/examinations/previous-question-papers,(2.35 MB),https://www.upsc.gov.in/sites/default/files/QP-CSM-23-PUNJABI-LITERATURE-PAPER-I-290923.pdf,PDF paper/problem,English,Official General Ability and Intelligence and other papers
India,GA,GA,A,exam archive,UPSC previous question papers,https://www.upsc.gov.in/examinations/previous-question-papers,(2.36 MB),https://www.upsc.gov.in/sites/default/files/GENERAL-STUDIES-PAPER-II-QP-CSM-25-010925.pdf,PDF paper/problem,English,Official General Ability and Intelligence and other papers
India,GA,GA,A,exam archive,UPSC previous question papers,https://www.upsc.gov.in/examinations/previous-question-papers,(2.37 MB),https://www.upsc.gov.in/sites/default/files/HISTORY-PAPER-II-QP-CSM-25-010925.pdf,PDF paper/problem,English,Official General Ability and Intelligence and other papers
India,GA,GA,A,exam archive,UPSC previous question papers,https://www.upsc.gov.in/examinations/previous-question-papers,(2.37 MB),https://www.upsc.gov.in/sites/default/files/QP-IFSM-24-CHEMICAL-ENGINEERING-PAPER-II-021224.pdf,PDF paper/problem,English,Official General Ability and Intelligence and other papers
India,GA,GA,A,exam archive,UPSC previous question papers,https://www.upsc.gov.in/examinations/previous-question-papers,(2.37 MB),https://www.upsc.gov.in/sites/default/files/QP-CSM-23-GEOGRAPHY-PAPER-I-29092023.pdf,PDF paper/problem,English,Official General Ability and Intelligence and other papers
India,GA,GA,A,exam archive,UPSC previous question papers,https://www.upsc.gov.in/examinations/previous-question-papers,(2.38 MB),https://www.upsc.gov.in/sites/default/files/MALAYALAM-LITERATURE-PAPER-II-QP-CSM-25-010925.pdf,PDF paper/problem,English,Official General Ability and Intelligence and other papers
India,GA,GA,A,exam archive,UPSC previous question papers,https://www.upsc.gov.in/examinations/previous-question-papers,(2.42 MB),https://www.upsc.gov.in/sites/default/files/QP-IFSM-24-CHEMISTRY-PAPER-I-021224.pdf,PDF paper/problem,English,Official General Ability and Intelligence and other papers
India,GA,GA,A,exam archive,UPSC previous question papers,https://www.upsc.gov.in/examinations/previous-question-papers,(2.44 MB),https://www.upsc.gov.in/sites/default/files/QP-IES-ISS-26-220626-STATISTICS-PAPER-III.pdf,PDF paper/problem,English,Official General Ability and Intelligence and other papers
India,GA,GA,A,exam archive,UPSC previous question papers,https://www.upsc.gov.in/examinations/previous-question-papers,(2.44 MB),https://www.upsc.gov.in/sites/default/files/QP_CSM_2024_Urdu_Comp_03102024.pdf,PDF resource,English,Official General Ability and Intelligence and other papers
India,GA,GA,A,exam archive,UPSC previous question papers,https://www.upsc.gov.in/examinations/previous-question-papers,(2.46 MB),https://www.upsc.gov.in/sites/default/files/QP-IFSM-23-PHYSICS-PAPER-II-051223.pdf,PDF paper/problem,English,Official General Ability and Intelligence and other papers
India,GA,GA,A,exam archive,UPSC previous question papers,https://www.upsc.gov.in/examinations/previous-question-papers,(2.47 MB),https://www.upsc.gov.in/sites/default/files/QP_CSM_2024_Telu_P_II_Lite_03102024.pdf,PDF resource,English,Official General Ability and Intelligence and other papers
India,GA,GA,A,exam archive,UPSC previous question papers,https://www.upsc.gov.in/examinations/previous-question-papers,(2.47 MB),https://www.upsc.gov.in/sites/default/files/QP-CSM-23-BODO-COMPULSORY-290923.pdf,PDF resource,English,Official General Ability and Intelligence and other papers
India,GA,GA,A,exam archive,UPSC previous question papers,https://www.upsc.gov.in/examinations/previous-question-papers,(2.49 MB),https://www.upsc.gov.in/sites/default/files/QP-CSM-24-ECONOMICS-PAPER-I-031024.pdf,PDF paper/problem,English,Official General Ability and Intelligence and other papers
India,GA,GA,A,exam archive,UPSC previous question papers,https://www.upsc.gov.in/examinations/previous-question-papers,(2.49 MB),https://www.upsc.gov.in/sites/default/files/QP-CSM-23-PUBLIC%20ADMINISTRATION-PAPER-I-29092023.pdf,PDF paper/problem,English,Official General Ability and Intelligence and other papers
India,GA,GA,A,exam archive,UPSC previous question papers,https://www.upsc.gov.in/examinations/previous-question-papers,(2.51 MB),https://www.upsc.gov.in/sites/default/files/QP-CGeoScnstM-26-220626-CHEMISTRY-PAPER-II.pdf,PDF paper/problem,English,Official General Ability and Intelligence and other papers
India,GA,GA,A,exam archive,UPSC previous question papers,https://www.upsc.gov.in/examinations/previous-question-papers,(2.51 MB),https://www.upsc.gov.in/sites/default/files/QP-CSM-23-ECONOMICS-PAPER-I-29092023.pdf,PDF paper/problem,English,Official General Ability and Intelligence and other papers
India,GA,GA,A,exam archive,UPSC previous question papers,https://www.upsc.gov.in/examinations/previous-question-papers,(2.52 MB),https://www.upsc.gov.in/sites/default/files/PHYSICS-PAPER-II-QP-CSM-25-010925.pdf,PDF paper/problem,English,Official General Ability and Intelligence and other papers
India,GA,GA,A,exam archive,UPSC previous question papers,https://www.upsc.gov.in/examinations/previous-question-papers,(2.52 MB),https://www.upsc.gov.in/sites/default/files/URDU-COMPULSORY-QP-CSM-25-010925.pdf,PDF resource,English,Official General Ability and Intelligence and other papers
India,GA,GA,A,exam archive,UPSC previous question papers,https://www.upsc.gov.in/examinations/previous-question-papers,(2.53 MB),https://www.upsc.gov.in/sites/default/files/LAW-PAPER-II-QP-CSM-25-010925.pdf,PDF paper/problem,English,Official General Ability and Intelligence and other papers
India,GA,GA,A,exam archive,UPSC previous question papers,https://www.upsc.gov.in/examinations/previous-question-papers,(2.54 MB),https://www.upsc.gov.in/sites/default/files/QP-CSM-23-BOTANY-PAPER-II-29092023.pdf,PDF paper/problem,English,Official General Ability and Intelligence and other papers
India,GA,GA,A,exam archive,UPSC previous question papers,https://www.upsc.gov.in/examinations/previous-question-papers,(2.54 MB),https://www.upsc.gov.in/sites/default/files/QP-CSM-23-GEOGRAPHY-PAPER-II-29092023.pdf,PDF paper/problem,English,Official General Ability and Intelligence and other papers
India,GA,GA,A,exam archive,UPSC previous question papers,https://www.upsc.gov.in/examinations/previous-question-papers,(2.55 MB),https://www.upsc.gov.in/sites/default/files/BOTANY-PAPER-I-QP-CSM-25-010925.pdf,PDF paper/problem,English,Official General Ability and Intelligence and other papers
India,GA,GA,A,exam archive,UPSC previous question papers,https://www.upsc.gov.in/examinations/previous-question-papers,(2.55 MB),https://www.upsc.gov.in/sites/default/files/QP-CSM-23-PHILOSOPHY-PAPER-I-29092023.pdf,PDF paper/problem,English,Official General Ability and Intelligence and other papers
India,GA,GA,A,exam archive,UPSC previous question papers,https://www.upsc.gov.in/examinations/previous-question-papers,(2.56 MB),https://www.upsc.gov.in/sites/default/files/SANSKRIT-COMPULSORY-QP-CSM-25-010925.pdf,PDF resource,English,Official General Ability and Intelligence and other papers
India,GA,GA,A,exam archive,UPSC previous question papers,https://www.upsc.gov.in/examinations/previous-question-papers,(2.56 MB),https://www.upsc.gov.in/sites/default/files/QP-IFSM-23-ANIMAL-HUSBANDRY-VETERINARY-SCIENCE-PAPER-II-051223.pdf,PDF paper/problem,English,Official General Ability and Intelligence and other papers
India,GA,GA,A,exam archive,UPSC previous question papers,https://www.upsc.gov.in/examinations/previous-question-papers,(2.57 MB),https://www.upsc.gov.in/sites/default/files/ANI-HUSB-VETER-SCIENCE-PAPER%20I--QP-CSM-25-010925.pdf,PDF paper/problem,English,Official General Ability and Intelligence and other papers
India,GA,GA,A,exam archive,UPSC previous question papers,https://www.upsc.gov.in/examinations/previous-question-papers,(2.57 MB),https://www.upsc.gov.in/sites/default/files/QP-GeosM-25-CHEMISTRY-PAPER-I-230625.pdf,PDF paper/problem,English,Official General Ability and Intelligence and other papers
India,GA,GA,A,exam archive,UPSC previous question papers,https://www.upsc.gov.in/examinations/previous-question-papers,(2.58 MB),https://www.upsc.gov.in/sites/default/files/QP-IFSM-23-CIVIL-ENGINEERING-PAPER-II-051223.pdf,PDF paper/problem,English,Official General Ability and Intelligence and other papers
India,GA,GA,A,exam archive,UPSC previous question papers,https://www.upsc.gov.in/examinations/previous-question-papers,(2.6 MB),https://www.upsc.gov.in/sites/default/files/QP-CGeoScnstM-26-220626-GEOPHYSICS-PAPER-II.pdf,PDF paper/problem,English,Official General Ability and Intelligence and other papers
India,GA,GA,A,exam archive,UPSC previous question papers,https://www.upsc.gov.in/examinations/previous-question-papers,(2.6 MB),https://www.upsc.gov.in/sites/default/files/QP-CSM-24-GEOGRAPHY-PAPER-II-031024.pdf,PDF paper/problem,English,Official General Ability and Intelligence and other papers
India,GA,GA,A,exam archive,UPSC previous question papers,https://www.upsc.gov.in/examinations/previous-question-papers,(2.6 MB),https://www.upsc.gov.in/sites/default/files/QP-CSM-24-HISTORY-PAPER-I-031024.pdf,PDF paper/problem,English,Official General Ability and Intelligence and other papers
India,GA,GA,A,exam archive,UPSC previous question papers,https://www.upsc.gov.in/examinations/previous-question-papers,(2.6 MB),https://www.upsc.gov.in/sites/default/files/QP-CSM-24-ZOOLOGY-PAPER-I-031024.pdf,PDF paper/problem,English,Official General Ability and Intelligence and other papers
India,GA,GA,A,exam archive,UPSC previous question papers,https://www.upsc.gov.in/examinations/previous-question-papers,(2.6 MB),https://www.upsc.gov.in/sites/default/files/QP-CGSMain-24-CHEMISTRY-PAPER-III-240624.pdf,PDF paper/problem,English,Official General Ability and Intelligence and other papers
India,GA,GA,A,exam archive,UPSC previous question papers,https://www.upsc.gov.in/examinations/previous-question-papers,(2.61 MB),https://www.upsc.gov.in/sites/default/files/QP-IFSM-25-CHEMISTRY-PAPER-II-241125.pdf,PDF paper/problem,English,Official General Ability and Intelligence and other papers
India,GA,GA,A,exam archive,UPSC previous question papers,https://www.upsc.gov.in/examinations/previous-question-papers,(2.61 MB),https://www.upsc.gov.in/sites/default/files/QP-CSM-23-SANSKRIT-COMPULSORY-290923.pdf,PDF resource,English,Official General Ability and Intelligence and other papers
India,GA,GA,A,exam archive,UPSC previous question papers,https://www.upsc.gov.in/examinations/previous-question-papers,(2.63 MB),https://www.upsc.gov.in/sites/default/files/QP-CGeoScnstM-26-220626-CHEMISTRY-PAPER-1.pdf,PDF paper/problem,English,Official General Ability and Intelligence and other papers
India,GA,GA,A,exam archive,UPSC previous question papers,https://www.upsc.gov.in/examinations/previous-question-papers,(2.63 MB),https://www.upsc.gov.in/sites/default/files/KASHMIRI-LITERATURE-PAPER%20II-QP-CSM-25-010925.pdf,PDF paper/problem,English,Official General Ability and Intelligence and other papers
India,GA,GA,A,exam archive,UPSC previous question papers,https://www.upsc.gov.in/examinations/previous-question-papers,(2.64 MB),https://www.upsc.gov.in/sites/default/files/PUNJABI-LITERATURE-PAPER-II-QP-CSM-25-010925.pdf,PDF paper/problem,English,Official General Ability and Intelligence and other papers
India,GA,GA,A,exam archive,UPSC previous question papers,https://www.upsc.gov.in/examinations/previous-question-papers,(2.64 MB),https://www.upsc.gov.in/sites/default/files/QP-CSM-24-LAW-PAPER-I-031024.pdf,PDF paper/problem,English,Official General Ability and Intelligence and other papers
India,GA,GA,A,exam archive,UPSC previous question papers,https://www.upsc.gov.in/examinations/previous-question-papers,(2.64 MB),https://www.upsc.gov.in/sites/default/files/QP-CSM-23-SINDHI-DEVANAGARI-COMPULSORY-290923.pdf,PDF resource,English,Official General Ability and Intelligence and other papers
India,GA,GA,A,exam archive,UPSC previous question papers,https://www.upsc.gov.in/examinations/previous-question-papers,(2.66 MB),https://www.upsc.gov.in/sites/default/files/SINDHI-DEVANAGARI-COMPULSORY-QP-CSM-25-010925.pdf,PDF resource,English,Official General Ability and Intelligence and other papers
India,GA,GA,A,exam archive,UPSC previous question papers,https://www.upsc.gov.in/examinations/previous-question-papers,(2.67 MB),https://www.upsc.gov.in/sites/default/files/MEDICAL-SCIENCE-PAPER-II-QP-CSM-25-010925.pdf,PDF paper/problem,English,Official General Ability and Intelligence and other papers
India,GA,GA,A,exam archive,UPSC previous question papers,https://www.upsc.gov.in/examinations/previous-question-papers,(2.68 MB),https://www.upsc.gov.in/sites/default/files/QP-CGeoScnstM-26-220626-GEO-PHYSICS-PAPER-I.pdf,PDF paper/problem,English,Official General Ability and Intelligence and other papers
India,GA,GA,A,exam archive,UPSC previous question papers,https://www.upsc.gov.in/examinations/previous-question-papers,(2.68 MB),https://www.upsc.gov.in/sites/default/files/QP-CSM-24-ANTHROPOLOGY-PAPER-II-031024.pdf,PDF paper/problem,English,Official General Ability and Intelligence and other papers
India,GA,GA,A,exam archive,UPSC previous question papers,https://www.upsc.gov.in/examinations/previous-question-papers,(2.69 MB),https://www.upsc.gov.in/sites/default/files/QP-IFSM-23-GENERAL-%20ENGLISH-051223.pdf,PDF resource,English,Official General Ability and Intelligence and other papers
India,GA,GA,A,exam archive,UPSC previous question papers,https://www.upsc.gov.in/examinations/previous-question-papers,(2.7 MB),https://www.upsc.gov.in/sites/default/files/QP-IES-ISS-25-GENERAL-ENGLISH-230625.pdf,PDF resource,English,Official General Ability and Intelligence and other papers
India,GA,GA,A,exam archive,UPSC previous question papers,https://www.upsc.gov.in/examinations/previous-question-papers,(2.7 MB),https://www.upsc.gov.in/sites/default/files/QP_CSM_2024_Mait_Comp_03102024.pdf,PDF resource,English,Official General Ability and Intelligence and other papers
India,GA,GA,A,exam archive,UPSC previous question papers,https://www.upsc.gov.in/examinations/previous-question-papers,(2.72 MB),https://www.upsc.gov.in/sites/default/files/GENERAL-STUDIES-PAPER-III-QP-CSM-25-010925.pdf,PDF paper/problem,English,Official General Ability and Intelligence and other papers
India,GA,GA,A,exam archive,UPSC previous question papers,https://www.upsc.gov.in/examinations/previous-question-papers,(2.73 MB),https://www.upsc.gov.in/sites/default/files/QP-IFSM-24-CHEMISTRY-PAPER-II-021224.pdf,PDF paper/problem,English,Official General Ability and Intelligence and other papers
India,GA,GA,A,exam archive,UPSC previous question papers,https://www.upsc.gov.in/examinations/previous-question-papers,(2.75 MB),https://www.upsc.gov.in/sites/default/files/QP-GeosM-25-GEOPHYSICS-PAPER-III-230625.pdf,PDF paper/problem,English,Official General Ability and Intelligence and other papers
India,GA,GA,A,exam archive,UPSC previous question papers,https://www.upsc.gov.in/examinations/previous-question-papers,(2.75 MB),https://www.upsc.gov.in/sites/default/files/QP-IFSM-23-MATHEMATHICS-PAPER-I-051223.pdf,PDF paper/problem,English,Official General Ability and Intelligence and other papers
India,GA,GA,A,exam archive,UPSC previous question papers,https://www.upsc.gov.in/examinations/previous-question-papers,(2.75 MB),https://www.upsc.gov.in/sites/default/files/QP-CSM-23-AH-VS-PAPER-I-29092023.pdf,PDF paper/problem,English,Official General Ability and Intelligence and other papers
India,GA,GA,A,exam archive,UPSC previous question papers,https://www.upsc.gov.in/examinations/previous-question-papers,(2.78 MB),https://www.upsc.gov.in/sites/default/files/ECONOMICS-PAPER%20I-QP-CSM-25-010925.pdf,PDF paper/problem,English,Official General Ability and Intelligence and other papers
India,GA,GA,A,exam archive,UPSC previous question papers,https://www.upsc.gov.in/examinations/previous-question-papers,(2.81 MB),https://www.upsc.gov.in/sites/default/files/MAITHILI-COMPULSORY-QP-CSM-25-010925.pdf,PDF resource,English,Official General Ability and Intelligence and other papers
India,GA,GA,A,exam archive,UPSC previous question papers,https://www.upsc.gov.in/examinations/previous-question-papers,(2.83 MB),https://www.upsc.gov.in/sites/default/files/HISTORY-PAPER%20I-QP-CSM-25-010925.pdf,PDF paper/problem,English,Official General Ability and Intelligence and other papers
India,GA,GA,A,exam archive,UPSC previous question papers,https://www.upsc.gov.in/examinations/previous-question-papers,(2.85 MB),https://www.upsc.gov.in/sites/default/files/ELECTRO-TELECOMN-ENGINEERING%20PAPER%20II-QP-ESEM-25-110825.pdf,PDF paper/problem,English,Official General Ability and Intelligence and other papers
India,GA,GA,A,exam archive,UPSC previous question papers,https://www.upsc.gov.in/examinations/previous-question-papers,(2.85 MB),https://www.upsc.gov.in/sites/default/files/QP-IFSM-24-MECHANICAL-ENGINEERING-PAPER-I-021224.pdf,PDF paper/problem,English,Official General Ability and Intelligence and other papers
India,GA,GA,A,exam archive,UPSC previous question papers,https://www.upsc.gov.in/examinations/previous-question-papers,(2.86 MB),https://www.upsc.gov.in/sites/default/files/QP-CAPF-25-GENERAL-STUDIES-ESSAY-COMPREHENSION-040825.pdf,PDF resource,English,Official General Ability and Intelligence and other papers
India,GA,GA,A,exam archive,UPSC previous question papers,https://www.upsc.gov.in/examinations/previous-question-papers,(2.86 MB),https://www.upsc.gov.in/sites/default/files/QP-CSM-23-URDU-COMPULSORY-290923.pdf,PDF resource,English,Official General Ability and Intelligence and other papers
India,GA,GA,A,exam archive,UPSC previous question papers,https://www.upsc.gov.in/examinations/previous-question-papers,(2.87 MB),https://www.upsc.gov.in/sites/default/files/QP-CSM-23-MANAGEMENT-PAPER-I-29092023.pdf,PDF paper/problem,English,Official General Ability and Intelligence and other papers
India,GA,GA,A,exam archive,UPSC previous question papers,https://www.upsc.gov.in/examinations/previous-question-papers,(2.88 MB),https://www.upsc.gov.in/sites/default/files/QP-CSM-23-AGRICULTURE-PAPER-II-29092023.pdf,PDF paper/problem,English,Official General Ability and Intelligence and other papers
India,GA,GA,A,exam archive,UPSC previous question papers,https://www.upsc.gov.in/examinations/previous-question-papers,(2.89 MB),https://www.upsc.gov.in/sites/default/files/QP_CSM_2024_Mala_P_II_Lite_03102024.pdf,PDF resource,English,Official General Ability and Intelligence and other papers
India,GA,GA,A,exam archive,UPSC previous question papers,https://www.upsc.gov.in/examinations/previous-question-papers,(2.91 MB),https://www.upsc.gov.in/sites/default/files/BODO-COMPULSORY-QP-CSM-25-010925.pdf,PDF resource,English,Official General Ability and Intelligence and other papers
India,GA,GA,A,exam archive,UPSC previous question papers,https://www.upsc.gov.in/examinations/previous-question-papers,(2.91 MB),https://www.upsc.gov.in/sites/default/files/QP-CGSMain-24-CHEMISTRY-PAPER-I-240624.pdf,PDF paper/problem,English,Official General Ability and Intelligence and other papers
India,GA,GA,A,exam archive,UPSC previous question papers,https://www.upsc.gov.in/examinations/previous-question-papers,(2.92 MB),https://www.upsc.gov.in/sites/default/files/NEPALI-COMPULSORY-QP-CSM-25-010925.pdf,PDF resource,English,Official General Ability and Intelligence and other papers
India,GA,GA,A,exam archive,UPSC previous question papers,https://www.upsc.gov.in/examinations/previous-question-papers,(2.93 MB),https://www.upsc.gov.in/sites/default/files/GUJARATI-COMPULSORY-QP-CSM-25-010925.pdf,PDF resource,English,Official General Ability and Intelligence and other papers
India,GA,GA,A,exam archive,UPSC previous question papers,https://www.upsc.gov.in/examinations/previous-question-papers,(2.94 MB),https://www.upsc.gov.in/sites/default/files/QP_CSM_2024_Nepa_Comp_03102024.pdf,PDF resource,English,Official General Ability and Intelligence and other papers
India,GA,GA,A,exam archive,UPSC previous question papers,https://www.upsc.gov.in/examinations/previous-question-papers,(2.94 MB),https://www.upsc.gov.in/sites/default/files/QP-CSM-23-MATHEMATICS-PAPER-II-29092023.pdf,PDF paper/problem,English,Official General Ability and Intelligence and other papers
India,GA,GA,A,exam archive,UPSC previous question papers,https://www.upsc.gov.in/examinations/previous-question-papers,(2.96 MB),https://www.upsc.gov.in/sites/default/files/QP-CAPF-Exam-2026-GENERAL-STUDIES-ESSAY-AND-COMPREHENSION-200726.pdf,PDF paper/problem,English,Official General Ability and Intelligence and other papers
India,GA,GA,A,exam archive,UPSC previous question papers,https://www.upsc.gov.in/examinations/previous-question-papers,(2.96 MB),https://www.upsc.gov.in/sites/default/files/QP-CSM-24-LAW-PAPER-II-031024.pdf,PDF paper/problem,English,Official General Ability and Intelligence and other papers
India,GA,GA,A,exam archive,UPSC previous question papers,https://www.upsc.gov.in/examinations/previous-question-papers,(2.96 MB),https://www.upsc.gov.in/sites/default/files/QP-CSM-23-TELUGU-LITERATURE-PAPER-II-290923.pdf,PDF paper/problem,English,Official General Ability and Intelligence and other papers
India,GA,GA,A,exam archive,UPSC previous question papers,https://www.upsc.gov.in/examinations/previous-question-papers,(2.98 MB),https://www.upsc.gov.in/sites/default/files/QP-IFSM-24-STATISTICS-PAPER-II-021224.pdf,PDF paper/problem,English,Official General Ability and Intelligence and other papers
India,GA,GA,A,exam archive,UPSC previous question papers,https://www.upsc.gov.in/examinations/previous-question-papers,(2.99 MB),https://www.upsc.gov.in/sites/default/files/LAW-PAPER%20I-QP-CSM-25-010925.pdf,PDF paper/problem,English,Official General Ability and Intelligence and other papers
India,GA,GA,A,exam archive,UPSC previous question papers,https://www.upsc.gov.in/examinations/previous-question-papers,(2.99 MB),https://www.upsc.gov.in/sites/default/files/QP-IES-ISS-25-STATISTICS-PAPER-III-230625.pdf,PDF paper/problem,English,Official General Ability and Intelligence and other papers
India,GA,GA,A,exam archive,UPSC previous question papers,https://www.upsc.gov.in/examinations/previous-question-papers,(20.14 MB),https://www.upsc.gov.in/sites/default/files/QP-CGeoScnstPrelExam-24-CHEMISTRY-190224.pdf,PDF paper/problem,English,Official General Ability and Intelligence and other papers
India,GA,GA,A,exam archive,UPSC previous question papers,https://www.upsc.gov.in/examinations/previous-question-papers,(20.19 MB),https://www.upsc.gov.in/sites/default/files/QP-CMS_2025_PAPER_01-210725.pdf,PDF paper/problem,English,Official General Ability and Intelligence and other papers
India,GA,GA,A,exam archive,UPSC previous question papers,https://www.upsc.gov.in/examinations/previous-question-papers,(20.41 MB),https://www.upsc.gov.in/sites/default/files/QP-EnggServcPrelExam-24-ELECTRONICS-AND-TELECOMMUNICATION-ENGINEERING-200224r.pdf,PDF paper/problem,English,Official General Ability and Intelligence and other papers
India,GA,GA,A,exam archive,UPSC previous question papers,https://www.upsc.gov.in/examinations/previous-question-papers,(20.43 MB),https://www.upsc.gov.in/sites/default/files/QP-EnggServcPrelExam-24-GENERAL-STUDIES-AND-ENGINEERING-APTITUDE-190224.pdf,PDF paper/problem,English,Official General Ability and Intelligence and other papers
India,GA,GA,A,exam archive,UPSC previous question papers,https://www.upsc.gov.in/examinations/previous-question-papers,(20.49 MB),https://www.upsc.gov.in/sites/default/files/QP-CDSE-II-2023-Eng-04092023.pdf,PDF resource,English,Official General Ability and Intelligence and other papers
India,GA,GA,A,exam archive,UPSC previous question papers,https://www.upsc.gov.in/examinations/previous-question-papers,(20.63 MB),https://www.upsc.gov.in/sites/default/files/QP_CISF2026_GenAbili_Intellig_ProfessSkill_09032026.pdf,PDF resource,English,Official General Ability and Intelligence and other papers
India,GA,GA,A,exam archive,UPSC previous question papers,https://www.upsc.gov.in/examinations/previous-question-papers,(20.81 MB),https://www.upsc.gov.in/sites/default/files/QP-SO-LDCE-24-PAPER-I-130125.pdf,PDF paper/problem,English,Official General Ability and Intelligence and other papers
India,GA,GA,A,exam archive,UPSC previous question papers,https://www.upsc.gov.in/examinations/previous-question-papers,(21.61 MB),https://www.upsc.gov.in/sites/default/files/QP-NDANA-II-2023-Maths-04092023.pdf,PDF resource,English,Official General Ability and Intelligence and other papers
India,GA,GA,A,exam archive,UPSC previous question papers,https://www.upsc.gov.in/examinations/previous-question-papers,(21.99 MB),https://www.upsc.gov.in/sites/default/files/QP-SO-21-22-PAPER-I-161023.pdf,PDF paper/problem,English,Official General Ability and Intelligence and other papers
India,GA,GA,A,exam archive,UPSC previous question papers,https://www.upsc.gov.in/examinations/previous-question-papers,(22.21 MB),https://www.upsc.gov.in/sites/default/files/QP-SO-25-Steno19-21-PAPER-I-151225.pdf,PDF paper/problem,English,Official General Ability and Intelligence and other papers
India,GA,GA,A,exam archive,UPSC previous question papers,https://www.upsc.gov.in/examinations/previous-question-papers,(22.28 MB),https://www.upsc.gov.in/sites/default/files/QP-SO-25-Steno19-21-ProcedurePracticeCategory-III-and-VII-151225.pdf,PDF resource,English,Official General Ability and Intelligence and other papers
India,GA,GA,A,exam archive,UPSC previous question papers,https://www.upsc.gov.in/examinations/previous-question-papers,(22.37 MB),https://www.upsc.gov.in/sites/default/files/QP-CDSE-II-25-ELEMENTARY-MATHEMATICS-150925.pdf,PDF resource,English,Official General Ability and Intelligence and other papers
India,GA,GA,A,exam archive,UPSC previous question papers,https://www.upsc.gov.in/examinations/previous-question-papers,(22.47 MB),https://www.upsc.gov.in/sites/default/files/QP_CDSI2024_ELEMENTARY-MATHEMATICS_22042024.pdf,PDF resource,English,Official General Ability and Intelligence and other papers
India,GA,GA,A,exam archive,UPSC previous question papers,https://www.upsc.gov.in/examinations/previous-question-papers,(22.74 MB),https://www.upsc.gov.in/sites/default/files/QP-ESEP-25-MECHANICAL-ENGINEERING-P-II-090625.pdf,PDF resource,English,Official General Ability and Intelligence and other papers
India,GA,GA,A,exam archive,UPSC previous question papers,https://www.upsc.gov.in/examinations/previous-question-papers,(23.77 MB),https://www.upsc.gov.in/sites/default/files/QP-EnggServcPrelExam-24-ELECTRICAL-ENGINEERING-190224.pdf,PDF paper/problem,English,Official General Ability and Intelligence and other papers
India,GA,GA,A,exam archive,UPSC previous question papers,https://www.upsc.gov.in/examinations/previous-question-papers,(23.78 MB),https://www.upsc.gov.in/sites/default/files/QP-SO-LDCE-24-PAPER-II-Procedure-Practice-Category-III-130125.pdf,PDF paper/problem,English,Official General Ability and Intelligence and other papers
India,GA,GA,A,exam archive,UPSC previous question papers,https://www.upsc.gov.in/examinations/previous-question-papers,(23.94 MB),https://www.upsc.gov.in/sites/default/files/QP-CISF-AC-EXE-LDCE-24-GENERAL-ABILITY-INTELLIGENCE-PROFESSIONAL-SKILL-110324_0.pdf,PDF resource,English,Official General Ability and Intelligence and other papers
India,GA,GA,A,exam archive,UPSC previous question papers,https://www.upsc.gov.in/examinations/previous-question-papers,(24.23 MB),https://www.upsc.gov.in/sites/default/files/QP-CDSE-II-25-GENERAL-KNOWLEDGE-150925.pdf,PDF resource,English,Official General Ability and Intelligence and other papers
India,GA,GA,A,exam archive,UPSC previous question papers,https://www.upsc.gov.in/examinations/previous-question-papers,(24.45 MB),https://www.upsc.gov.in/sites/default/files/QP-SO-19-20-PAPER-II%20%28PROC-%20PRACTICE%2C%20CATEGORY%20III%29-280823.pdf,PDF paper/problem,English,Official General Ability and Intelligence and other papers
India,GA,GA,A,exam archive,UPSC previous question papers,https://www.upsc.gov.in/examinations/previous-question-papers,(25.08 MB),https://www.upsc.gov.in/sites/default/files/QP-EnggServcPrelExam-24-MECHANICAL-ENGINEERING-190224.pdf,PDF paper/problem,English,Official General Ability and Intelligence and other papers
India,GA,GA,A,exam archive,UPSC previous question papers,https://www.upsc.gov.in/examinations/previous-question-papers,(25.52 MB),https://www.upsc.gov.in/sites/default/files/QP-CDSE-I-25-GENERAL-KNOWLEDGE-150425.pdf,PDF resource,English,Official General Ability and Intelligence and other papers
India,GA,GA,A,exam archive,UPSC previous question papers,https://www.upsc.gov.in/examinations/previous-question-papers,(25.63 MB),https://www.upsc.gov.in/sites/default/files/QP-EnggServcPrelExam-24-CIVIL-ENGINEERING-190224.pdf,PDF paper/problem,English,Official General Ability and Intelligence and other papers
India,GA,GA,A,exam archive,UPSC previous question papers,https://www.upsc.gov.in/examinations/previous-question-papers,(25.98 MB),https://www.upsc.gov.in/sites/default/files/QP-NDA-NA-I-26-GENERAL-ABILITY-TEST-130426.pdf,PDF paper/problem,English,Official General Ability and Intelligence and other papers
India,GA,GA,A,exam archive,UPSC previous question papers,https://www.upsc.gov.in/examinations/previous-question-papers,(26.46 MB),https://www.upsc.gov.in/sites/default/files/QP_CSP_2026_GENERAL_STUDIES_PAPER-II_25052026.pdf,PDF paper/problem,English,Official General Ability and Intelligence and other papers
India,GA,GA,A,exam archive,UPSC previous question papers,https://www.upsc.gov.in/examinations/previous-question-papers,(26.56 MB),https://www.upsc.gov.in/sites/default/files/QP_CDSI2024_GENERAL-KNOWLEDGE_22042024.pdf,PDF resource,English,Official General Ability and Intelligence and other papers
India,GA,GA,A,exam archive,UPSC previous question papers,https://www.upsc.gov.in/examinations/previous-question-papers,(26.73 MB),https://www.upsc.gov.in/sites/default/files/QP-CDSE-II-24-GENERAL-KNOWLEDGE-020924.pdf,PDF resource,English,Official General Ability and Intelligence and other papers
India,GA,GA,A,exam archive,UPSC previous question papers,https://www.upsc.gov.in/examinations/previous-question-papers,(27.12 MB),https://www.upsc.gov.in/sites/default/files/QP_CAPF_2023_GAI_07082023.pdf,PDF resource,English,Official General Ability and Intelligence and other papers
India,GA,GA,A,exam archive,UPSC previous question papers,https://www.upsc.gov.in/examinations/previous-question-papers,(27.31 MB),https://www.upsc.gov.in/sites/default/files/QP-CISF-AC-EXE-LDCE-23-GENERAL-ABILITY-INTELLIGENCE-PROFESSIONAL-031023.pdf,PDF resource,English,Official General Ability and Intelligence and other papers
India,GA,GA,A,exam archive,UPSC previous question papers,https://www.upsc.gov.in/examinations/previous-question-papers,(27.52 MB),https://www.upsc.gov.in/sites/default/files/QP-SO-LDCE-23-PROCEDURE-PRACTICE-CATEGORY-III-PAPER-II-111223.pdf,PDF paper/problem,English,Official General Ability and Intelligence and other papers
India,GA,GA,A,exam archive,UPSC previous question papers,https://www.upsc.gov.in/examinations/previous-question-papers,(27.69 MB),https://www.upsc.gov.in/sites/default/files/QP-NDA-NA-II-24-MATHEMATICS-020924.pdf,PDF resource,English,Official General Ability and Intelligence and other papers
India,GA,GA,A,exam archive,UPSC previous question papers,https://www.upsc.gov.in/examinations/previous-question-papers,(27.8 MB),https://www.upsc.gov.in/sites/default/files/QP-CSP-25-GENERAL-STUDIES-PAPER-I-26052025.pdf,PDF paper/problem,English,Official General Ability and Intelligence and other papers
India,GA,GA,A,exam archive,UPSC previous question papers,https://www.upsc.gov.in/examinations/previous-question-papers,(28.54 MB),https://www.upsc.gov.in/sites/default/files/QP-CDSE-II-24-ELEMENTARY-MATHEMATICS-020924.pdf,PDF resource,English,Official General Ability and Intelligence and other papers
India,GA,GA,A,exam archive,UPSC previous question papers,https://www.upsc.gov.in/examinations/previous-question-papers,(29.02 MB),https://www.upsc.gov.in/sites/default/files/QP-SO-LDCE-23-PAPER-I-111223.pdf,PDF paper/problem,English,Official General Ability and Intelligence and other papers
India,GA,GA,A,exam archive,UPSC previous question papers,https://www.upsc.gov.in/examinations/previous-question-papers,(29.05 MB),https://www.upsc.gov.in/sites/default/files/QP-NDA-NA-II-24-GENERAL-ABILITY-TEST-020924.pdf,PDF paper/problem,English,Official General Ability and Intelligence and other papers
India,GA,GA,A,exam archive,UPSC previous question papers,https://www.upsc.gov.in/examinations/previous-question-papers,(29.11 MB),https://www.upsc.gov.in/sites/default/files/QP-CSP-24-GENERAL-STUDIES-PAPER-I-180624.pdf,PDF paper/problem,English,Official General Ability and Intelligence and other papers
India,GA,GA,A,exam archive,UPSC previous question papers,https://www.upsc.gov.in/examinations/previous-question-papers,(29.22 MB),https://www.upsc.gov.in/sites/default/files/QP-CDSE-II-2023-GK-04092023.pdf,PDF resource,English,Official General Ability and Intelligence and other papers
India,GA,GA,A,exam archive,UPSC previous question papers,https://www.upsc.gov.in/examinations/previous-question-papers,(29.23 MB),https://www.upsc.gov.in/sites/default/files/QP-NDA-NA-I-25-GENERAL-ABILITY-TEST-150425.pdf,PDF paper/problem,English,Official General Ability and Intelligence and other papers
India,GA,GA,A,exam archive,UPSC previous question papers,https://www.upsc.gov.in/examinations/previous-question-papers,(29.25 MB),https://www.upsc.gov.in/sites/default/files/QP_NDANAI2024_MATHEMATICS_22042024.pdf,PDF resource,English,Official General Ability and Intelligence and other papers
India,GA,GA,A,exam archive,UPSC previous question papers,https://www.upsc.gov.in/examinations/previous-question-papers,(29.85 MB),https://www.upsc.gov.in/sites/default/files/QP-CSP-24-GENERAL-STUDIES-PAPER-II-180624.pdf,PDF paper/problem,English,Official General Ability and Intelligence and other papers
India,GA,GA,A,exam archive,UPSC previous question papers,https://www.upsc.gov.in/examinations/previous-question-papers,(29.9 MB),https://www.upsc.gov.in/sites/default/files/QP-SO-19-20-PAPER%20-%20I-280823.pdf,PDF paper/problem,English,Official General Ability and Intelligence and other papers
India,GA,GA,A,exam archive,UPSC previous question papers,https://www.upsc.gov.in/examinations/previous-question-papers,(3.05 MB),https://www.upsc.gov.in/sites/default/files/QP-CGeoScnstM-26-220626-GEO-PHYSICS-PAPER-III.pdf,PDF paper/problem,English,Official General Ability and Intelligence and other papers
India,GA,GA,A,exam archive,UPSC previous question papers,https://www.upsc.gov.in/examinations/previous-question-papers,(3.05 MB),https://www.upsc.gov.in/sites/default/files/GEOGRAPHY-PAPER%20II-QP-CSM-25-010925.pdf,PDF paper/problem,English,Official General Ability and Intelligence and other papers
India,GA,GA,A,exam archive,UPSC previous question papers,https://www.upsc.gov.in/examinations/previous-question-papers,(3.13 MB),https://www.upsc.gov.in/sites/default/files/QP-CSM-24-GEOGRAPHY-PAPER-I-031024.pdf,PDF paper/problem,English,Official General Ability and Intelligence and other papers
India,GA,GA,A,exam archive,UPSC previous question papers,https://www.upsc.gov.in/examinations/previous-question-papers,(3.14 MB),https://www.upsc.gov.in/sites/default/files/QP-CSM-24-MATHEMATICS-PAPER-I-031024.pdf,PDF paper/problem,English,Official General Ability and Intelligence and other papers
India,GA,GA,A,exam archive,UPSC previous question papers,https://www.upsc.gov.in/examinations/previous-question-papers,(3.15 MB),https://www.upsc.gov.in/sites/default/files/BENGALI-COMPULSORY-QP-CSM-25-010925.pdf,PDF resource,English,Official General Ability and Intelligence and other papers
India,GA,GA,A,exam archive,UPSC previous question papers,https://www.upsc.gov.in/examinations/previous-question-papers,(3.16 MB),https://www.upsc.gov.in/sites/default/files/QP-CSM-23-GENERAL-STUDIES-PAPER-II-180923.pdf,PDF paper/problem,English,Official General Ability and Intelligence and other papers
India,GA,GA,A,exam archive,UPSC previous question papers,https://www.upsc.gov.in/examinations/previous-question-papers,(3.17 MB),https://www.upsc.gov.in/sites/default/files/QP-CSM-24-MEDICAL-SCIENCE-PAPER-I-031024.pdf,PDF paper/problem,English,Official General Ability and Intelligence and other papers
India,GA,GA,A,exam archive,UPSC previous question papers,https://www.upsc.gov.in/examinations/previous-question-papers,(3.18 MB),https://www.upsc.gov.in/sites/default/files/QP_CSM_2024_Pun_P_II_Lite_03102024.pdf,PDF resource,English,Official General Ability and Intelligence and other papers
India,GA,GA,A,exam archive,UPSC previous question papers,https://www.upsc.gov.in/examinations/previous-question-papers,(3.18 MB),https://www.upsc.gov.in/sites/default/files/QP-CSM-23-LAW-PAPER-II-29092023.pdf,PDF paper/problem,English,Official General Ability and Intelligence and other papers
India,GA,GA,A,exam archive,UPSC previous question papers,https://www.upsc.gov.in/examinations/previous-question-papers,(3.19 MB),https://www.upsc.gov.in/sites/default/files/QP-CSM-23-KANNADA-COMPULSORY-290923.pdf,PDF resource,English,Official General Ability and Intelligence and other papers
India,GA,GA,A,exam archive,UPSC previous question papers,https://www.upsc.gov.in/examinations/previous-question-papers,(3.2 MB),https://www.upsc.gov.in/sites/default/files/QP-IES-ISS-24-STATISTICS-PAPER-III-240624.pdf,PDF paper/problem,English,Official General Ability and Intelligence and other papers
India,GA,GA,A,exam archive,UPSC previous question papers,https://www.upsc.gov.in/examinations/previous-question-papers,(3.2 MB),https://www.upsc.gov.in/sites/default/files/QP-CSM-23-MALAYALAM-COMPULSORY-290923.pdf,PDF resource,English,Official General Ability and Intelligence and other papers
India,GA,GA,A,exam archive,UPSC previous question papers,https://www.upsc.gov.in/examinations/previous-question-papers,(3.22 MB),https://www.upsc.gov.in/sites/default/files/ASSAMESE-COMPULSORY-QP-CSM-25-010925.pdf,PDF resource,English,Official General Ability and Intelligence and other papers
India,GA,GA,A,exam archive,UPSC previous question papers,https://www.upsc.gov.in/examinations/previous-question-papers,(3.22 MB),https://www.upsc.gov.in/sites/default/files/QP-CSM-23-MEDICAL-SCIENCE-PAPER-II-29092023.pdf,PDF paper/problem,English,Official General Ability and Intelligence and other papers
India,GA,GA,A,exam archive,UPSC previous question papers,https://www.upsc.gov.in/examinations/previous-question-papers,(3.23 MB),https://www.upsc.gov.in/sites/default/files/PUNJABI-COMPULSORY-QP-CSM-25-010925.pdf,PDF resource,English,Official General Ability and Intelligence and other papers
India,GA,GA,A,exam archive,UPSC previous question papers,https://www.upsc.gov.in/examinations/previous-question-papers,(3.23 MB),https://www.upsc.gov.in/sites/default/files/QP_CSM_2024_Guj_Comp_03102024.pdf,PDF resource,English,Official General Ability and Intelligence and other papers
India,GA,GA,A,exam archive,UPSC previous question papers,https://www.upsc.gov.in/examinations/previous-question-papers,(3.24 MB),https://www.upsc.gov.in/sites/default/files/QP-IFSM-24-CIVIL-ENGINEERING-PAPER-I-021224.pdf,PDF paper/problem,English,Official General Ability and Intelligence and other papers
India,GA,GA,A,exam archive,UPSC previous question papers,https://www.upsc.gov.in/examinations/previous-question-papers,(3.25 MB),https://www.upsc.gov.in/sites/default/files/QP-CSM-23-PUNJABI-LITERATURE-PAPER-II--290923.pdf,PDF paper/problem,English,Official General Ability and Intelligence and other papers
India,GA,GA,A,exam archive,UPSC previous question papers,https://www.upsc.gov.in/examinations/previous-question-papers,(3.26 MB),https://www.upsc.gov.in/sites/default/files/QP_CSM_2024_Snk_Comp_03102024.pdf,PDF resource,English,Official General Ability and Intelligence and other papers
India,GA,GA,A,exam archive,UPSC previous question papers,https://www.upsc.gov.in/examinations/previous-question-papers,(3.26 MB),https://www.upsc.gov.in/sites/default/files/QP-CSM-23-MAITHILI-COMPULSORY-290923.pdf,PDF resource,English,Official General Ability and Intelligence and other papers
India,GA,GA,A,exam archive,UPSC previous question papers,https://www.upsc.gov.in/examinations/previous-question-papers,(3.27 MB),https://www.upsc.gov.in/sites/default/files/QP-CSM-24-SOCIOLOGY-PAPER-I-031024.pdf,PDF paper/problem,English,Official General Ability and Intelligence and other papers
India,GA,GA,A,exam archive,UPSC previous question papers,https://www.upsc.gov.in/examinations/previous-question-papers,(3.27 MB),https://www.upsc.gov.in/sites/default/files/QP-CSM-23-BENGALI-COMPULSORY%29-290923.pdf,PDF resource,English,Official General Ability and Intelligence and other papers
India,GA,GA,A,exam archive,UPSC previous question papers,https://www.upsc.gov.in/examinations/previous-question-papers,(3.28 MB),https://www.upsc.gov.in/sites/default/files/QP-IFSM-25-CHEMICAL-ENGINEERING-PAPER-II-241125.pdf,PDF paper/problem,English,Official General Ability and Intelligence and other papers
India,GA,GA,A,exam archive,UPSC previous question papers,https://www.upsc.gov.in/examinations/previous-question-papers,(3.29 MB),https://www.upsc.gov.in/sites/default/files/QP-CISF-AC-EXE-LDCE-24-ESSAY-PRECIS-WRITING-COMPREHENSION-110324.pdf,PDF resource,English,Official General Ability and Intelligence and other papers
India,GA,GA,A,exam archive,UPSC previous question papers,https://www.upsc.gov.in/examinations/previous-question-papers,(3.33 MB),https://www.upsc.gov.in/sites/default/files/QP-IFSM-25-CIVIL-ENGINEERING-PAPER-I-241125.pdf,PDF paper/problem,English,Official General Ability and Intelligence and other papers
India,GA,GA,A,exam archive,UPSC previous question papers,https://www.upsc.gov.in/examinations/previous-question-papers,(3.33 MB),https://www.upsc.gov.in/sites/default/files/QP-CSM-23-ANTHROPOLOGY-PAPER-I-29092023.pdf,PDF paper/problem,English,Official General Ability and Intelligence and other papers
India,GA,GA,A,exam archive,UPSC previous question papers,https://www.upsc.gov.in/examinations/previous-question-papers,(3.36 MB),https://www.upsc.gov.in/sites/default/files/TELUGU-COMPULSORY-QP-CSM-25-010925.pdf,PDF resource,English,Official General Ability and Intelligence and other papers
India,GA,GA,A,exam archive,UPSC previous question papers,https://www.upsc.gov.in/examinations/previous-question-papers,(3.36 MB),https://www.upsc.gov.in/sites/default/files/QP_CSM_2024_Pun_Comp_03102024.pdf,PDF resource,English,Official General Ability and Intelligence and other papers
India,GA,GA,A,exam archive,UPSC previous question papers,https://www.upsc.gov.in/examinations/previous-question-papers,(3.37 MB),https://www.upsc.gov.in/sites/default/files/QP-GeosM-25-GEOPHYSICS-PAPER-II-230625.pdf,PDF paper/problem,English,Official General Ability and Intelligence and other papers
India,GA,GA,A,exam archive,UPSC previous question papers,https://www.upsc.gov.in/examinations/previous-question-papers,(3.37 MB),https://www.upsc.gov.in/sites/default/files/QP_CSM_2024_Assa_Comp_03102024.pdf,PDF resource,English,Official General Ability and Intelligence and other papers
India,GA,GA,A,exam archive,UPSC previous question papers,https://www.upsc.gov.in/examinations/previous-question-papers,(3.37 MB),https://www.upsc.gov.in/sites/default/files/QP_CSM_2024_Beng_Comp_03102024.pdf,PDF resource,English,Official General Ability and Intelligence and other papers
India,GA,GA,A,exam archive,UPSC previous question papers,https://www.upsc.gov.in/examinations/previous-question-papers,(3.37 MB),https://www.upsc.gov.in/sites/default/files/QP-IFSM-23-MATHEMATHICS-PAPER-II-051223.pdf,PDF paper/problem,English,Official General Ability and Intelligence and other papers
India,GA,GA,A,exam archive,UPSC previous question papers,https://www.upsc.gov.in/examinations/previous-question-papers,(3.41 MB),https://www.upsc.gov.in/sites/default/files/QP_CSM_2024_Bodo_Comp_03102024.pdf,PDF resource,English,Official General Ability and Intelligence and other papers
India,GA,GA,A,exam archive,UPSC previous question papers,https://www.upsc.gov.in/examinations/previous-question-papers,(3.42 MB),https://www.upsc.gov.in/sites/default/files/QP-CSM-23-PHILOSOPHY-PAPER-II-29092023.pdf,PDF paper/problem,English,Official General Ability and Intelligence and other papers
India,GA,GA,A,exam archive,UPSC previous question papers,https://www.upsc.gov.in/examinations/previous-question-papers,(3.44 MB),https://www.upsc.gov.in/sites/default/files/QP_CSM_2024_Sind_Comp_03102024.pdf,PDF resource,English,Official General Ability and Intelligence and other papers
India,GA,GA,A,exam archive,UPSC previous question papers,https://www.upsc.gov.in/examinations/previous-question-papers,(3.44 MB),https://www.upsc.gov.in/sites/default/files/QP_CBI_DSP_LDCE_2023_CrimLaw_18032024.pdf,PDF resource,English,Official General Ability and Intelligence and other papers
India,GA,GA,A,exam archive,UPSC previous question papers,https://www.upsc.gov.in/examinations/previous-question-papers,(3.45 MB),https://www.upsc.gov.in/sites/default/files/QP-CSM-23-POL-SC-IR-PAPER-II-29092023.pdf,PDF paper/problem,English,Official General Ability and Intelligence and other papers
India,GA,GA,A,exam archive,UPSC previous question papers,https://www.upsc.gov.in/examinations/previous-question-papers,(3.46 MB),https://www.upsc.gov.in/sites/default/files/QP-CSM-24-POLITICAL-SCIENCE-INTERNL%20-REL-PAPER-II-031024.pdf,PDF paper/problem,English,Official General Ability and Intelligence and other papers
India,GA,GA,A,exam archive,UPSC previous question papers,https://www.upsc.gov.in/examinations/previous-question-papers,(3.47 MB),https://www.upsc.gov.in/sites/default/files/QP-ESEM-24-CIVIL-ENGINEERING-PAPER-II-240624.pdf,PDF paper/problem,English,Official General Ability and Intelligence and other papers
India,GA,GA,A,exam archive,UPSC previous question papers,https://www.upsc.gov.in/examinations/previous-question-papers,(3.49 MB),https://www.upsc.gov.in/sites/default/files/QP-CSM-24-GEOLOGY-PAPER-II-031024.pdf,PDF paper/problem,English,Official General Ability and Intelligence and other papers
India,GA,GA,A,exam archive,UPSC previous question papers,https://www.upsc.gov.in/examinations/previous-question-papers,(3.49 MB),https://www.upsc.gov.in/sites/default/files/QP-CSM-23-NEPALI-COMPULSORY-290923.pdf,PDF resource,English,Official General Ability and Intelligence and other papers
India,GA,GA,A,exam archive,UPSC previous question papers,https://www.upsc.gov.in/examinations/previous-question-papers,(3.52 MB),https://www.upsc.gov.in/sites/default/files/QP_CSM_2024_Telu_Comp_03102024.pdf,PDF resource,English,Official General Ability and Intelligence and other papers
India,GA,GA,A,exam archive,UPSC previous question papers,https://www.upsc.gov.in/examinations/previous-question-papers,(3.54 MB),https://www.upsc.gov.in/sites/default/files/ODIA-COMPULSORY-QP-CSM-25-010925.pdf,PDF resource,English,Official General Ability and Intelligence and other papers
India,GA,GA,A,exam archive,UPSC previous question papers,https://www.upsc.gov.in/examinations/previous-question-papers,(3.54 MB),https://www.upsc.gov.in/sites/default/files/QP-CSM-24-MANAGEMENT-PAPER-II-031024.pdf,PDF paper/problem,English,Official General Ability and Intelligence and other papers
India,GA,GA,A,exam archive,UPSC previous question papers,https://www.upsc.gov.in/examinations/previous-question-papers,(3.56 MB),https://www.upsc.gov.in/sites/default/files/QP-GeosM-25-CHEMISTRY-PAPER-III-230625.pdf,PDF paper/problem,English,Official General Ability and Intelligence and other papers
India,GA,GA,A,exam archive,UPSC previous question papers,https://www.upsc.gov.in/examinations/previous-question-papers,(3.57 MB),https://www.upsc.gov.in/sites/default/files/QP_CSM_2024_Odia_Comp_03102024.pdf,PDF resource,English,Official General Ability and Intelligence and other papers
India,GA,GA,A,exam archive,UPSC previous question papers,https://www.upsc.gov.in/examinations/previous-question-papers,(3.58 MB),https://www.upsc.gov.in/sites/default/files/QP-ESEM-26-220626-CIVIL-ENGINEERING-PAPER-II.pdf,PDF paper/problem,English,Official General Ability and Intelligence and other papers
India,GA,GA,A,exam archive,UPSC previous question papers,https://www.upsc.gov.in/examinations/previous-question-papers,(3.58 MB),https://www.upsc.gov.in/sites/default/files/QP-CSM-23-COMMERCE-ACCOUNTANCY-PAPER-II-29092023.pdf,PDF paper/problem,English,Official General Ability and Intelligence and other papers
India,GA,GA,A,exam archive,UPSC previous question papers,https://www.upsc.gov.in/examinations/previous-question-papers,(3.59 MB),https://www.upsc.gov.in/sites/default/files/QP-IFSM-23-CHEMICAL-ENGINEERING-PAPER-I-051223.pdf,PDF paper/problem,English,Official General Ability and Intelligence and other papers
India,GA,GA,A,exam archive,UPSC previous question papers,https://www.upsc.gov.in/examinations/previous-question-papers,(3.61 MB),https://www.upsc.gov.in/sites/default/files/QP-CGSMain-24-GEOLOGY-PAPER-I-240624.pdf,PDF paper/problem,English,Official General Ability and Intelligence and other papers
India,GA,GA,A,exam archive,UPSC previous question papers,https://www.upsc.gov.in/examinations/previous-question-papers,(3.63 MB),https://www.upsc.gov.in/sites/default/files/QP-CSM-24-PHILOSOPHY-PAPER-I-031024.pdf,PDF paper/problem,English,Official General Ability and Intelligence and other papers
India,GA,GA,A,exam archive,UPSC previous question papers,https://www.upsc.gov.in/examinations/previous-question-papers,(3.63 MB),https://www.upsc.gov.in/sites/default/files/QP_CAPF_2023_GS-Essay-Compre_07082023.pdf,PDF resource,English,Official General Ability and Intelligence and other papers
India,GA,GA,A,exam archive,UPSC previous question papers,https://www.upsc.gov.in/examinations/previous-question-papers,(3.65 MB),https://www.upsc.gov.in/sites/default/files/QP_CSM_2024_Hn_Comp_03102024.pdf,PDF resource,English,Official General Ability and Intelligence and other papers
India,GA,GA,A,exam archive,UPSC previous question papers,https://www.upsc.gov.in/examinations/previous-question-papers,(3.65 MB),https://www.upsc.gov.in/sites/default/files/QP-IFSM-23-CHEMISTRY-PAPER-II-051223.pdf,PDF paper/problem,English,Official General Ability and Intelligence and other papers
India,GA,GA,A,exam archive,UPSC previous question papers,https://www.upsc.gov.in/examinations/previous-question-papers,(3.65 MB),https://www.upsc.gov.in/sites/default/files/QP-CSM-23-PHYSICS-PAPER-II-29092023.pdf,PDF paper/problem,English,Official General Ability and Intelligence and other papers
India,GA,GA,A,exam archive,UPSC previous question papers,https://www.upsc.gov.in/examinations/previous-question-papers,(3.66 MB),https://www.upsc.gov.in/sites/default/files/QP-CSM-23-GUJARATI-COMPULSORY-290923.pdf,PDF resource,English,Official General Ability and Intelligence and other papers
India,GA,GA,A,exam archive,UPSC previous question papers,https://www.upsc.gov.in/examinations/previous-question-papers,(3.69 MB),https://www.upsc.gov.in/sites/default/files/QP-CSM-23-MANIPURI-COMPULSORY-290923.pdf,PDF resource,English,Official General Ability and Intelligence and other papers
India,GA,GA,A,exam archive,UPSC previous question papers,https://www.upsc.gov.in/examinations/previous-question-papers,(3.7 MB),https://www.upsc.gov.in/sites/default/files/QP-CSM-23-SOCIOLOGY-PAPER-II-29092023.pdf,PDF paper/problem,English,Official General Ability and Intelligence and other papers
India,GA,GA,A,exam archive,UPSC previous question papers,https://www.upsc.gov.in/examinations/previous-question-papers,(3.72 MB),https://www.upsc.gov.in/sites/default/files/MATHEMATICS-PAPER-II-QP-CSM-25-010925.pdf,PDF paper/problem,English,Official General Ability and Intelligence and other papers
India,GA,GA,A,exam archive,UPSC previous question papers,https://www.upsc.gov.in/examinations/previous-question-papers,(3.72 MB),https://www.upsc.gov.in/sites/default/files/QP-IFSM-23-STATISTICS-PAPER%20-II-051223.pdf,PDF paper/problem,English,Official General Ability and Intelligence and other papers
India,GA,GA,A,exam archive,UPSC previous question papers,https://www.upsc.gov.in/examinations/previous-question-papers,(3.74 MB),https://www.upsc.gov.in/sites/default/files/QP-IES-ISS-25-GENERAL-ECONOMICS-PAPER-I-230625.pdf,PDF paper/problem,English,Official General Ability and Intelligence and other papers
India,GA,GA,A,exam archive,UPSC previous question papers,https://www.upsc.gov.in/examinations/previous-question-papers,(3.75 MB),https://www.upsc.gov.in/sites/default/files/QP-ESEM-24-ELECTRONICS-TELECOMMUNICATION-ENGINEERING-PAPER-II-240624.pdf,PDF paper/problem,English,Official General Ability and Intelligence and other papers
India,GA,GA,A,exam archive,UPSC previous question papers,https://www.upsc.gov.in/examinations/previous-question-papers,(3.76 MB),https://www.upsc.gov.in/sites/default/files/QP-ESEM-24-ELECTRICAL-ENGINEERING-PAPER-II-240624.pdf,PDF paper/problem,English,Official General Ability and Intelligence and other papers
India,GA,GA,A,exam archive,UPSC previous question papers,https://www.upsc.gov.in/examinations/previous-question-papers,(3.78 MB),https://www.upsc.gov.in/sites/default/files/PHYSICS-PAPER-I-QP-CSM-25-010925.pdf,PDF paper/problem,English,Official General Ability and Intelligence and other papers
India,GA,GA,A,exam archive,UPSC previous question papers,https://www.upsc.gov.in/examinations/previous-question-papers,(3.8 MB),https://www.upsc.gov.in/sites/default/files/QP-IFSM-23-CHEMICAL-ENGINEERING-PAPER-II-051223.pdf,PDF paper/problem,English,Official General Ability and Intelligence and other papers
India,GA,GA,A,exam archive,UPSC previous question papers,https://www.upsc.gov.in/examinations/previous-question-papers,(3.81 MB),https://www.upsc.gov.in/sites/default/files/QP-ESEM-26-220626-ELECTRONICS-TELECOM-ENGINEERING-PAPER-I.pdf,PDF paper/problem,English,Official General Ability and Intelligence and other papers
India,GA,GA,A,exam archive,UPSC previous question papers,https://www.upsc.gov.in/examinations/previous-question-papers,(3.83 MB),https://www.upsc.gov.in/sites/default/files/QP_CISF2026_EssayPrecisWritCompre_09032026.pdf,PDF resource,English,Official General Ability and Intelligence and other papers
India,GA,GA,A,exam archive,UPSC previous question papers,https://www.upsc.gov.in/examinations/previous-question-papers,(3.85 MB),https://www.upsc.gov.in/sites/default/files/QP-CGeoScnstM-26-220626-CHEMISTRY-PAPER-III.pdf,PDF paper/problem,English,Official General Ability and Intelligence and other papers
India,GA,GA,A,exam archive,UPSC previous question papers,https://www.upsc.gov.in/examinations/previous-question-papers,(3.85 MB),https://www.upsc.gov.in/sites/default/files/QP-IFSM-24-STATISTICS-PAPER-I-021224.pdf,PDF paper/problem,English,Official General Ability and Intelligence and other papers
India,GA,GA,A,exam archive,UPSC previous question papers,https://www.upsc.gov.in/examinations/previous-question-papers,(3.86 MB),https://www.upsc.gov.in/sites/default/files/QP-CSM-23-LAW-PAPER-I-29092023.pdf,PDF paper/problem,English,Official General Ability and Intelligence and other papers
India,GA,GA,A,exam archive,UPSC previous question papers,https://www.upsc.gov.in/examinations/previous-question-papers,(3.89 MB),https://www.upsc.gov.in/sites/default/files/KANNADA-COMPULSORY-QP-CSM-25-010925.pdf,PDF resource,English,Official General Ability and Intelligence and other papers
India,GA,GA,A,exam archive,UPSC previous question papers,https://www.upsc.gov.in/examinations/previous-question-papers,(3.91 MB),https://www.upsc.gov.in/sites/default/files/QP-CSM-23-ODIA-COMPULSORY-290923.pdf,PDF resource,English,Official General Ability and Intelligence and other papers
India,GA,GA,A,exam archive,UPSC previous question papers,https://www.upsc.gov.in/examinations/previous-question-papers,(3.92 MB),https://www.upsc.gov.in/sites/default/files/QP-ESEM-26-220626-ELECTRONICS-TELECOM-ENGINEERING-PAPER-II.pdf,PDF paper/problem,English,Official General Ability and Intelligence and other papers
India,GA,GA,A,exam archive,UPSC previous question papers,https://www.upsc.gov.in/examinations/previous-question-papers,(3.92 MB),https://www.upsc.gov.in/sites/default/files/KASHMIRI-COMPULSORY-QP-CSM-25-010925.pdf,PDF resource,English,Official General Ability and Intelligence and other papers
India,GA,GA,A,exam archive,UPSC previous question papers,https://www.upsc.gov.in/examinations/previous-question-papers,(3.92 MB),https://www.upsc.gov.in/sites/default/files/QP_CSM_2024_Mara_Comp_03102024.pdf,PDF resource,English,Official General Ability and Intelligence and other papers
India,GA,GA,A,exam archive,UPSC previous question papers,https://www.upsc.gov.in/examinations/previous-question-papers,(3.92 MB),https://www.upsc.gov.in/sites/default/files/QP-CSM-23-MATHEMATICS-PAPER-I-29092023.pdf,PDF paper/problem,English,Official General Ability and Intelligence and other papers
India,GA,GA,A,exam archive,UPSC previous question papers,https://www.upsc.gov.in/examinations/previous-question-papers,(3.93 MB),https://www.upsc.gov.in/sites/default/files/QP-CGSMain-24-GEOLOGY-PAPER-III-240624.pdf,PDF paper/problem,English,Official General Ability and Intelligence and other papers
India,GA,GA,A,exam archive,UPSC previous question papers,https://www.upsc.gov.in/examinations/previous-question-papers,(3.96 MB),https://www.upsc.gov.in/sites/default/files/QP-IFSM-25-STATISTICS-PAPER-I-241125.pdf,PDF paper/problem,English,Official General Ability and Intelligence and other papers
India,GA,GA,A,exam archive,UPSC previous question papers,https://www.upsc.gov.in/examinations/previous-question-papers,(3.96 MB),https://www.upsc.gov.in/sites/default/files/QP-IFSM-23-MECHANICAL-ENGINEERING-PAPER-I-051223.pdf,PDF paper/problem,English,Official General Ability and Intelligence and other papers
India,GA,GA,A,exam archive,UPSC previous question papers,https://www.upsc.gov.in/examinations/previous-question-papers,(3.98 MB),https://www.upsc.gov.in/sites/default/files/QP_CSM_2024_Kann_Comp_03102024.pdf,PDF resource,English,Official General Ability and Intelligence and other papers
India,GA,GA,A,exam archive,UPSC previous question papers,https://www.upsc.gov.in/examinations/previous-question-papers,(3.98 MB),https://www.upsc.gov.in/sites/default/files/QP-ESEM-24-MECHANICAL-ENGINEERING-PAPER-II-240624.pdf,PDF paper/problem,English,Official General Ability and Intelligence and other papers
India,GA,GA,A,exam archive,UPSC previous question papers,https://www.upsc.gov.in/examinations/previous-question-papers,(3.99 MB),https://www.upsc.gov.in/sites/default/files/MANAGEMENT-PAPER-I-QP-CSM-25-010925.pdf,PDF paper/problem,English,Official General Ability and Intelligence and other papers
India,GA,GA,A,exam archive,UPSC previous question papers,https://www.upsc.gov.in/examinations/previous-question-papers,(30.05 MB),https://www.upsc.gov.in/sites/default/files/QP-CDS-I-26-ELEMENTARY-MATHEMATICS-130426.pdf,PDF resource,English,Official General Ability and Intelligence and other papers
India,GA,GA,A,exam archive,UPSC previous question papers,https://www.upsc.gov.in/examinations/previous-question-papers,(30.18 MB),https://www.upsc.gov.in/sites/default/files/QP_NDANAI2024_GENERAL-ABILITY-TEST_22042024.pdf,PDF paper/problem,English,Official General Ability and Intelligence and other papers
India,GA,GA,A,exam archive,UPSC previous question papers,https://www.upsc.gov.in/examinations/previous-question-papers,(30.43 MB),https://www.upsc.gov.in/sites/default/files/QP-NDA-NA-I-26-MATHEMATICS-130426.pdf,PDF resource,English,Official General Ability and Intelligence and other papers
India,GA,GA,A,exam archive,UPSC previous question papers,https://www.upsc.gov.in/examinations/previous-question-papers,(30.5 MB),https://www.upsc.gov.in/sites/default/files/QP-SO-21-22-PAPER-II-PROCEDURE-PRACTICE-CATEGORY-III-161023.pdf,PDF paper/problem,English,Official General Ability and Intelligence and other papers
India,GA,GA,A,exam archive,UPSC previous question papers,https://www.upsc.gov.in/examinations/previous-question-papers,(30.58 MB),https://www.upsc.gov.in/sites/default/files/QP-CSP-25-GENERAL-STUDIES-PAPER-II-26052025.pdf,PDF paper/problem,English,Official General Ability and Intelligence and other papers
India,GA,GA,A,exam archive,UPSC previous question papers,https://www.upsc.gov.in/examinations/previous-question-papers,(30.87 MB),https://www.upsc.gov.in/sites/default/files/QP-CDS-I-26-GENERAL-KNOWLEDGE-130426.pdf,PDF resource,English,Official General Ability and Intelligence and other papers
India,GA,GA,A,exam archive,UPSC previous question papers,https://www.upsc.gov.in/examinations/previous-question-papers,(30.89 MB),https://www.upsc.gov.in/sites/default/files/QP-CAPF-Exam-2026-GENERAL-ABILITY-AND-INTELLIGENCE-200726.pdf,PDF paper/problem,English,Official General Ability and Intelligence and other papers
India,GA,GA,A,exam archive,UPSC previous question papers,https://www.upsc.gov.in/examinations/previous-question-papers,(31.45 MB),https://www.upsc.gov.in/sites/default/files/QP-CISF-25-GENERAL-ABLITY-INTELLIGENCE-PROFESSIONAL-SKILL-280425.pdf,PDF resource,English,Official General Ability and Intelligence and other papers
India,GA,GA,A,exam archive,UPSC previous question papers,https://www.upsc.gov.in/examinations/previous-question-papers,(31.49 MB),https://www.upsc.gov.in/sites/default/files/QP-NDANA-II-25-GENERAL-ABILITY-TEST-150925.pdf,PDF paper/problem,English,Official General Ability and Intelligence and other papers
India,GA,GA,A,exam archive,UPSC previous question papers,https://www.upsc.gov.in/examinations/previous-question-papers,(31.62 MB),https://www.upsc.gov.in/sites/default/files/QP-NDANA-II-2023-GAT-04092023.pdf,PDF resource,English,Official General Ability and Intelligence and other papers
India,GA,GA,A,exam archive,UPSC previous question papers,https://www.upsc.gov.in/examinations/previous-question-papers,(31.76 MB),https://www.upsc.gov.in/sites/default/files/QP-CAPF-25-GENERAL-ABILITY-INTELLIGENCE-040825.pdf,PDF resource,English,Official General Ability and Intelligence and other papers
India,GA,GA,A,exam archive,UPSC previous question papers,https://www.upsc.gov.in/examinations/previous-question-papers,(32.63 MB),https://www.upsc.gov.in/sites/default/files/QP-SO-LDCE-24-PAPER-II-ProcedurePractice-Categories-I-and-VIII-130125.pdf,PDF paper/problem,English,Official General Ability and Intelligence and other papers
India,GA,GA,A,exam archive,UPSC previous question papers,https://www.upsc.gov.in/examinations/previous-question-papers,(32.87 MB),https://www.upsc.gov.in/sites/default/files/QP-SO-LDCE-24-PAPER-II-ProcedurePracticeCategory-II-130125.pdf,PDF paper/problem,English,Official General Ability and Intelligence and other papers
India,GA,GA,A,exam archive,UPSC previous question papers,https://www.upsc.gov.in/examinations/previous-question-papers,(33.35 MB),https://www.upsc.gov.in/sites/default/files/QP-SO-25-Steno19-21-ProcedurePracticeCategoriesI-IV-VIII-IX-AND-XI.pdf,PDF resource,English,Official General Ability and Intelligence and other papers
India,GA,GA,A,exam archive,UPSC previous question papers,https://www.upsc.gov.in/examinations/previous-question-papers,(33.56 MB),https://www.upsc.gov.in/sites/default/files/QP-SO-LDCE-24-PAPER-II-ProcedurePracticeCategory-X-130125.pdf,PDF paper/problem,English,Official General Ability and Intelligence and other papers
India,GA,GA,A,exam archive,UPSC previous question papers,https://www.upsc.gov.in/examinations/previous-question-papers,(34.14 MB),https://www.upsc.gov.in/sites/default/files/QP-SO-25-Steno19-21-ProcedurePracticeCategories-II-and-V-151225.pdf,PDF resource,English,Official General Ability and Intelligence and other papers
India,GA,GA,A,exam archive,UPSC previous question papers,https://www.upsc.gov.in/examinations/previous-question-papers,(34.19 MB),https://www.upsc.gov.in/sites/default/files/QP_CSP_2026_GENERAL_STUDIES_PAPER-I_25052026.pdf,PDF paper/problem,English,Official General Ability and Intelligence and other papers
India,GA,GA,A,exam archive,UPSC previous question papers,https://www.upsc.gov.in/examinations/previous-question-papers,(34.24 MB),https://www.upsc.gov.in/sites/default/files/QP-SO-25-Steno19-21-ProcedurePractice-Category-VI-and-X-151225.pdf,PDF resource,English,Official General Ability and Intelligence and other papers
India,GA,GA,A,exam archive,UPSC previous question papers,https://www.upsc.gov.in/examinations/previous-question-papers,(36.34 MB),https://www.upsc.gov.in/sites/default/files/QP-SO-19-20-PAPER-II%20%28PROC-PRACTICE%2C%20CATEGORY%20X%29-280823.pdf,PDF paper/problem,English,Official General Ability and Intelligence and other papers
India,GA,GA,A,exam archive,UPSC previous question papers,https://www.upsc.gov.in/examinations/previous-question-papers,(4.03 MB),https://www.upsc.gov.in/sites/default/files/QP-IFSM-23-MECHANICAL-ENGINEERING-PAPER-II-051223.pdf,PDF paper/problem,English,Official General Ability and Intelligence and other papers
India,GA,GA,A,exam archive,UPSC previous question papers,https://www.upsc.gov.in/examinations/previous-question-papers,(4.06 MB),https://www.upsc.gov.in/sites/default/files/QP-IFSM-24-CIVIL-ENGINEERING-PAPER-II-021224.pdf,PDF paper/problem,English,Official General Ability and Intelligence and other papers
India,GA,GA,A,exam archive,UPSC previous question papers,https://www.upsc.gov.in/examinations/previous-question-papers,(4.08 MB),https://www.upsc.gov.in/sites/default/files/QP-CSM-23-PUNJABI-COMPULSORY-290923.pdf,PDF resource,English,Official General Ability and Intelligence and other papers
India,GA,GA,A,exam archive,UPSC previous question papers,https://www.upsc.gov.in/examinations/previous-question-papers,(4.09 MB),https://www.upsc.gov.in/sites/default/files/QP-IFSM-25-MECHANICAL-ENGINEERING-PAPER-II-241125.pdf,PDF paper/problem,English,Official General Ability and Intelligence and other papers
India,GA,GA,A,exam archive,UPSC previous question papers,https://www.upsc.gov.in/examinations/previous-question-papers,(4.1 MB),https://www.upsc.gov.in/sites/default/files/QP-CSM-24-STATISTICS-PAPER-II-031024.pdf,PDF paper/problem,English,Official General Ability and Intelligence and other papers
India,GA,GA,A,exam archive,UPSC previous question papers,https://www.upsc.gov.in/examinations/previous-question-papers,(4.13 MB),https://www.upsc.gov.in/sites/default/files/QP-CGSMain-24-GEO-PHYSICS-PAPER-II-240624.pdf,PDF paper/problem,English,Official General Ability and Intelligence and other papers
India,GA,GA,A,exam archive,UPSC previous question papers,https://www.upsc.gov.in/examinations/previous-question-papers,(4.14 MB),https://www.upsc.gov.in/sites/default/files/ELECTRO-TELECOMN-ENGINEERING-PAPER-I-QP-ESEM-25-110825.pdf,PDF paper/problem,English,Official General Ability and Intelligence and other papers
India,GA,GA,A,exam archive,UPSC previous question papers,https://www.upsc.gov.in/examinations/previous-question-papers,(4.2 MB),https://www.upsc.gov.in/sites/default/files/QP-ESEM-26-220626-ELECTRICAL-ENGINEERING-PAPER-II.pdf,PDF paper/problem,English,Official General Ability and Intelligence and other papers
India,GA,GA,A,exam archive,UPSC previous question papers,https://www.upsc.gov.in/examinations/previous-question-papers,(4.21 MB),https://www.upsc.gov.in/sites/default/files/QP-ESEM-26-220626-MECHANICAL-ENGINEERING-PAPER-II.pdf,PDF paper/problem,English,Official General Ability and Intelligence and other papers
India,GA,GA,A,exam archive,UPSC previous question papers,https://www.upsc.gov.in/examinations/previous-question-papers,(4.21 MB),https://www.upsc.gov.in/sites/default/files/QP-CSM-24-PHYSICS-PAPER-II-031024.pdf,PDF paper/problem,English,Official General Ability and Intelligence and other papers
India,GA,GA,A,exam archive,UPSC previous question papers,https://www.upsc.gov.in/examinations/previous-question-papers,(4.22 MB),https://www.upsc.gov.in/sites/default/files/QP-CSM-23-HINDI-COMPULSORY-290923.pdf,PDF resource,English,Official General Ability and Intelligence and other papers
India,GA,GA,A,exam archive,UPSC previous question papers,https://www.upsc.gov.in/examinations/previous-question-papers,(4.23 MB),https://www.upsc.gov.in/sites/default/files/MATHEMATICS-PAPER%20I-QP-CSM-25-010925.pdf,PDF paper/problem,English,Official General Ability and Intelligence and other papers
India,GA,GA,A,exam archive,UPSC previous question papers,https://www.upsc.gov.in/examinations/previous-question-papers,(4.3 MB),https://www.upsc.gov.in/sites/default/files/QP-CSM-23-HISTORY-PAPER-II-29092023.pdf,PDF paper/problem,English,Official General Ability and Intelligence and other papers
India,GA,GA,A,exam archive,UPSC previous question papers,https://www.upsc.gov.in/examinations/previous-question-papers,(4.32 MB),https://www.upsc.gov.in/sites/default/files/QP-CISF-25-ESSAY-PRECIS-WRITING-COMPREHENSION-280425.pdf,PDF resource,English,Official General Ability and Intelligence and other papers
India,GA,GA,A,exam archive,UPSC previous question papers,https://www.upsc.gov.in/examinations/previous-question-papers,(4.33 MB),https://www.upsc.gov.in/sites/default/files/QP-CSM-24-STATISTICS-PAPER-I-031024.pdf,PDF paper/problem,English,Official General Ability and Intelligence and other papers
India,GA,GA,A,exam archive,UPSC previous question papers,https://www.upsc.gov.in/examinations/previous-question-papers,(4.35 MB),https://www.upsc.gov.in/sites/default/files/QP-CGSMain-24-GEO-PHYSICS-PAPER-III-240624.pdf,PDF paper/problem,English,Official General Ability and Intelligence and other papers
India,GA,GA,A,exam archive,UPSC previous question papers,https://www.upsc.gov.in/examinations/previous-question-papers,(4.37 MB),https://www.upsc.gov.in/sites/default/files/QP-CSM-23-CHEMISTRY-PAPER-I-29092023.pdf,PDF paper/problem,English,Official General Ability and Intelligence and other papers
India,GA,GA,A,exam archive,UPSC previous question papers,https://www.upsc.gov.in/examinations/previous-question-papers,(4.38 MB),https://www.upsc.gov.in/sites/default/files/STATISTICS-PAPER-II-QP-CSM-25-010925.pdf,PDF paper/problem,English,Official General Ability and Intelligence and other papers
India,GA,GA,A,exam archive,UPSC previous question papers,https://www.upsc.gov.in/examinations/previous-question-papers,(4.4 MB),https://www.upsc.gov.in/sites/default/files/QP-IFSM-24-CHEMICAL-ENGINEERING-PAPER-I-021224.pdf,PDF paper/problem,English,Official General Ability and Intelligence and other papers
India,GA,GA,A,exam archive,UPSC previous question papers,https://www.upsc.gov.in/examinations/previous-question-papers,(4.4 MB),https://www.upsc.gov.in/sites/default/files/QP-CSM-23-STATISTICS-PAPER-I-29092023.pdf,PDF paper/problem,English,Official General Ability and Intelligence and other papers
India,GA,GA,A,exam archive,UPSC previous question papers,https://www.upsc.gov.in/examinations/previous-question-papers,(4.41 MB),https://www.upsc.gov.in/sites/default/files/MEDICAL-SCIENCE-PAPER-I-QP-CSM-25-010925.pdf,PDF paper/problem,English,Official General Ability and Intelligence and other papers
India,GA,GA,A,exam archive,UPSC previous question papers,https://www.upsc.gov.in/examinations/previous-question-papers,(4.42 MB),https://www.upsc.gov.in/sites/default/files/QP-CSM-23-ELECTRICAL-ENGINEERING-PAPER-II-29092023.pdf,PDF paper/problem,English,Official General Ability and Intelligence and other papers
India,GA,GA,A,exam archive,UPSC previous question papers,https://www.upsc.gov.in/examinations/previous-question-papers,(4.43 MB),https://www.upsc.gov.in/sites/default/files/QP-CSM-24-PHYSICS-PAPER-I-031024.pdf,PDF paper/problem,English,Official General Ability and Intelligence and other papers
India,GA,GA,A,exam archive,UPSC previous question papers,https://www.upsc.gov.in/examinations/previous-question-papers,(4.46 MB),https://www.upsc.gov.in/sites/default/files/QP-CSM-23-ASSAMESE-COMPULSORY-290923.pdf,PDF resource,English,Official General Ability and Intelligence and other papers
India,GA,GA,A,exam archive,UPSC previous question papers,https://www.upsc.gov.in/examinations/previous-question-papers,(4.48 MB),https://www.upsc.gov.in/sites/default/files/QP-CSM-23-MARATHI-COMPULSORY-290923.pdf,PDF resource,English,Official General Ability and Intelligence and other papers
India,GA,GA,A,exam archive,UPSC previous question papers,https://www.upsc.gov.in/examinations/previous-question-papers,(4.5 MB),https://www.upsc.gov.in/sites/default/files/QP-IFSM-24-MECHANICAL-ENGINEERING-PAPER-II-021224.pdf,PDF paper/problem,English,Official General Ability and Intelligence and other papers
India,GA,GA,A,exam archive,UPSC previous question papers,https://www.upsc.gov.in/examinations/previous-question-papers,(4.5 MB),https://www.upsc.gov.in/sites/default/files/QP-CGSMain-24-GEO-PHYSICS-PAPER-I-240624.pdf,PDF paper/problem,English,Official General Ability and Intelligence and other papers
India,GA,GA,A,exam archive,UPSC previous question papers,https://www.upsc.gov.in/examinations/previous-question-papers,(4.51 MB),https://www.upsc.gov.in/sites/default/files/ELECTRICAL-ENGINEERING-PAPER-I-QP-ESEM-25-110825.pdf,PDF paper/problem,English,Official General Ability and Intelligence and other papers
India,GA,GA,A,exam archive,UPSC previous question papers,https://www.upsc.gov.in/examinations/previous-question-papers,(4.52 MB),https://www.upsc.gov.in/sites/default/files/QP-CSM-23-PUBLIC%20ADMINISTRATION-PAPER-II-29092023.pdf,PDF paper/problem,English,Official General Ability and Intelligence and other papers
India,GA,GA,A,exam archive,UPSC previous question papers,https://www.upsc.gov.in/examinations/previous-question-papers,(4.6 MB),https://www.upsc.gov.in/sites/default/files/COMMERCE-AND-ACCOUNTANCY-PAPER-I-QP-CSM-25-010925.pdf,PDF paper/problem,English,Official General Ability and Intelligence and other papers
India,GA,GA,A,exam archive,UPSC previous question papers,https://www.upsc.gov.in/examinations/previous-question-papers,(4.61 MB),https://www.upsc.gov.in/sites/default/files/QP-ESEM-26-220626-ELECTRICAL-ENGINEERING-PAPER-I.pdf,PDF paper/problem,English,Official General Ability and Intelligence and other papers
India,GA,GA,A,exam archive,UPSC previous question papers,https://www.upsc.gov.in/examinations/previous-question-papers,(4.65 MB),https://www.upsc.gov.in/sites/default/files/STATISTICS-PAPER-I-QP-CSM-25-010925.pdf,PDF paper/problem,English,Official General Ability and Intelligence and other papers
India,GA,GA,A,exam archive,UPSC previous question papers,https://www.upsc.gov.in/examinations/previous-question-papers,(4.66 MB),https://www.upsc.gov.in/sites/default/files/QP_CBI_DSP_LDCE_2023_Eng_18032024.pdf,PDF resource,English,Official General Ability and Intelligence and other papers
India,GA,GA,A,exam archive,UPSC previous question papers,https://www.upsc.gov.in/examinations/previous-question-papers,(4.75 MB),https://www.upsc.gov.in/sites/default/files/MARATHI-COMPULSORY-QP-CSM-25-010925.pdf,PDF resource,English,Official General Ability and Intelligence and other papers
India,GA,GA,A,exam archive,UPSC previous question papers,https://www.upsc.gov.in/examinations/previous-question-papers,(4.75 MB),https://www.upsc.gov.in/sites/default/files/QP-CSM-24-MATHEMATICS-PAPER-II-031024.pdf,PDF paper/problem,English,Official General Ability and Intelligence and other papers
India,GA,GA,A,exam archive,UPSC previous question papers,https://www.upsc.gov.in/examinations/previous-question-papers,(4.8 MB),https://www.upsc.gov.in/sites/default/files/CHEMISTRY-PAPER-II-QP-CSM-25-010925.pdf,PDF paper/problem,English,Official General Ability and Intelligence and other papers
India,GA,GA,A,exam archive,UPSC previous question papers,https://www.upsc.gov.in/examinations/previous-question-papers,(4.81 MB),https://www.upsc.gov.in/sites/default/files/HINDI-COMPULSORY-QP-CSM-25-010925.pdf,PDF resource,English,Official General Ability and Intelligence and other papers
India,GA,GA,A,exam archive,UPSC previous question papers,https://www.upsc.gov.in/examinations/previous-question-papers,(4.87 MB),https://www.upsc.gov.in/sites/default/files/QP_CAPF_2024_GS-ESSAY-AND-COMP_05082024.pdf,PDF resource,English,Official General Ability and Intelligence and other papers
India,GA,GA,A,exam archive,UPSC previous question papers,https://www.upsc.gov.in/examinations/previous-question-papers,(4.93 MB),https://www.upsc.gov.in/sites/default/files/QP-IFSM-24-GENERAL-ENGLISH-021224.pdf,PDF resource,English,Official General Ability and Intelligence and other papers
India,GA,GA,A,exam archive,UPSC previous question papers,https://www.upsc.gov.in/examinations/previous-question-papers,(4.94 MB),https://www.upsc.gov.in/sites/default/files/QP-CSM-23-TELUGU-COMPULSORY-290923.pdf,PDF resource,English,Official General Ability and Intelligence and other papers
India,GA,GA,A,exam archive,UPSC previous question papers,https://www.upsc.gov.in/examinations/previous-question-papers,(4.95 MB),https://www.upsc.gov.in/sites/default/files/MECHANICAL-ENGINEERING-PAPER-II-QP-ESEM-25-110825.pdf,PDF paper/problem,English,Official General Ability and Intelligence and other papers
India,GA,GA,A,exam archive,UPSC previous question papers,https://www.upsc.gov.in/examinations/previous-question-papers,(4.96 MB),https://www.upsc.gov.in/sites/default/files/CIVIL-ENGINEERING-PAPER%20II-QP-CSM-25-010925.pdf,PDF paper/problem,English,Official General Ability and Intelligence and other papers
India,GA,GA,A,exam archive,UPSC previous question papers,https://www.upsc.gov.in/examinations/previous-question-papers,(4.96 MB),https://www.upsc.gov.in/sites/default/files/QP-CSM-24-CHEMISTRY-PAPER-I-031024.pdf,PDF paper/problem,English,Official General Ability and Intelligence and other papers
India,GA,GA,A,exam archive,UPSC previous question papers,https://www.upsc.gov.in/examinations/previous-question-papers,(4.98 MB),https://www.upsc.gov.in/sites/default/files/MALAYALAM-COMPULSORY-QP-CSM-25-010925.pdf,PDF resource,English,Official General Ability and Intelligence and other papers
India,GA,GA,A,exam archive,UPSC previous question papers,https://www.upsc.gov.in/examinations/previous-question-papers,(41.04 MB),https://www.upsc.gov.in/sites/default/files/QP-SO-19-20-PAPER-II%20%28PROC-%20PRACTICE%2C%20CATEGORIES%20I%2C%20VIII%20AND%20XI%20%29-280823.pdf,PDF paper/problem,English,Official General Ability and Intelligence and other papers
India,GA,GA,A,exam archive,UPSC previous question papers,https://www.upsc.gov.in/examinations/previous-question-papers,(41.77 MB),https://www.upsc.gov.in/sites/default/files/QP-SO-21-22-PAPER-II-PROCEDURE-PRACTICE-CATEGORY-I-VIII-XI-161023.pdf,PDF paper/problem,English,Official General Ability and Intelligence and other papers
India,GA,GA,A,exam archive,UPSC previous question papers,https://www.upsc.gov.in/examinations/previous-question-papers,(41.95 MB),https://www.upsc.gov.in/sites/default/files/QP-SO-21-22-PAPER-II-PROCEDURE-PRACTICE-CATEGORY-II-161023.pdf,PDF paper/problem,English,Official General Ability and Intelligence and other papers
India,GA,GA,A,exam archive,UPSC previous question papers,https://www.upsc.gov.in/examinations/previous-question-papers,(42.12 MB),https://www.upsc.gov.in/sites/default/files/QP-SO-LDCE-23-PROCEDURE-PRACTICE-CATEGORY-X-PAPER-II-111223.pdf,PDF paper/problem,English,Official General Ability and Intelligence and other papers
India,GA,GA,A,exam archive,UPSC previous question papers,https://www.upsc.gov.in/examinations/previous-question-papers,(42.87 MB),https://www.upsc.gov.in/sites/default/files/QP-SO-LDCE-23-PROCEDURE-PRACTICE-CATEGORY-II-%20PAPER-II-111223.pdf,PDF paper/problem,English,Official General Ability and Intelligence and other papers
India,GA,GA,A,exam archive,UPSC previous question papers,https://www.upsc.gov.in/examinations/previous-question-papers,(43.38 MB),https://www.upsc.gov.in/sites/default/files/QP-SO-19-20-PAPER-II%20%28PROC-PRACTICE%2C%20CATEGORY%20II%20%29-280823.pdf,PDF paper/problem,English,Official General Ability and Intelligence and other papers
India,GA,GA,A,exam archive,UPSC previous question papers,https://www.upsc.gov.in/examinations/previous-question-papers,(47.97 MB),https://www.upsc.gov.in/sites/default/files/QP-SO-LDCE-23-PROCEDURE-PRACTICE-CATEGORY-I-VIII-AND-XI-PAPER-II-111223.pdf,PDF paper/problem,English,Official General Ability and Intelligence and other papers
India,GA,GA,A,exam archive,UPSC previous question papers,https://www.upsc.gov.in/examinations/previous-question-papers,(5 MB),https://www.upsc.gov.in/sites/default/files/QP-CSM-24-MANAGEMENT-PAPER-I-031024.pdf,PDF paper/problem,English,Official General Ability and Intelligence and other papers
India,GA,GA,A,exam archive,UPSC previous question papers,https://www.upsc.gov.in/examinations/previous-question-papers,(5.12 MB),https://www.upsc.gov.in/sites/default/files/ELECTRICAL-ENGINEERING-PAPER%20II-QP-CSM-25-010925.pdf,PDF paper/problem,English,Official General Ability and Intelligence and other papers
India,GA,GA,A,exam archive,UPSC previous question papers,https://www.upsc.gov.in/examinations/previous-question-papers,(5.19 MB),https://www.upsc.gov.in/sites/default/files/QP-CGSMain-24-CHEMISTRY-PAPER-II-240624.pdf,PDF paper/problem,English,Official General Ability and Intelligence and other papers
India,GA,GA,A,exam archive,UPSC previous question papers,https://www.upsc.gov.in/examinations/previous-question-papers,(5.21 MB),https://www.upsc.gov.in/sites/default/files/MECHANICAL-ENGINEERING-PAPER-I-QP-ESEM-25-110825.pdf,PDF paper/problem,English,Official General Ability and Intelligence and other papers
India,GA,GA,A,exam archive,UPSC previous question papers,https://www.upsc.gov.in/examinations/previous-question-papers,(5.22 MB),https://www.upsc.gov.in/sites/default/files/QP-CISF-AC-EXE-LDCE-23-ESSAY-PRECIS-WRITING-COMPREHENSION-031023.pdf,PDF resource,English,Official General Ability and Intelligence and other papers
India,GA,GA,A,exam archive,UPSC previous question papers,https://www.upsc.gov.in/examinations/previous-question-papers,(5.35 MB),https://www.upsc.gov.in/sites/default/files/QP-IFSM-23-CIVIL-ENGINEERING-PAPER-I-051223.pdf,PDF paper/problem,English,Official General Ability and Intelligence and other papers
India,GA,GA,A,exam archive,UPSC previous question papers,https://www.upsc.gov.in/examinations/previous-question-papers,(5.44 MB),https://www.upsc.gov.in/sites/default/files/QP_CSM_2024_Mala_Comp_03102024.pdf,PDF resource,English,Official General Ability and Intelligence and other papers
India,GA,GA,A,exam archive,UPSC previous question papers,https://www.upsc.gov.in/examinations/previous-question-papers,(5.48 MB),https://www.upsc.gov.in/sites/default/files/QP-CSM-24-CHEMISTRY-PAPER-II-031024.pdf,PDF paper/problem,English,Official General Ability and Intelligence and other papers
India,GA,GA,A,exam archive,UPSC previous question papers,https://www.upsc.gov.in/examinations/previous-question-papers,(5.56 MB),https://www.upsc.gov.in/sites/default/files/QP-CSM-24-ELECTRICAL-ENGINEERING-PAPER-I-031024.pdf,PDF paper/problem,English,Official General Ability and Intelligence and other papers
India,GA,GA,A,exam archive,UPSC previous question papers,https://www.upsc.gov.in/examinations/previous-question-papers,(5.58 MB),https://www.upsc.gov.in/sites/default/files/QP_CSM_2024_Tamil_Comp_03102024.pdf,PDF resource,English,Official General Ability and Intelligence and other papers
India,GA,GA,A,exam archive,UPSC previous question papers,https://www.upsc.gov.in/examinations/previous-question-papers,(5.67 MB),https://www.upsc.gov.in/sites/default/files/ENGLISH-COMPULSORY-QP-CSM-25-010925.pdf,PDF resource,English,Official General Ability and Intelligence and other papers
India,GA,GA,A,exam archive,UPSC previous question papers,https://www.upsc.gov.in/examinations/previous-question-papers,(5.69 MB),https://www.upsc.gov.in/sites/default/files/CIVIL-ENGINEERING-PAPER-II-QP-ESEM-25-110825.pdf,PDF paper/problem,English,Official General Ability and Intelligence and other papers
India,GA,GA,A,exam archive,UPSC previous question papers,https://www.upsc.gov.in/examinations/previous-question-papers,(5.75 MB),https://www.upsc.gov.in/sites/default/files/QP_CSM_2024_Eng_Comp_03102024.pdf,PDF resource,English,Official General Ability and Intelligence and other papers
India,GA,GA,A,exam archive,UPSC previous question papers,https://www.upsc.gov.in/examinations/previous-question-papers,(5.81 MB),https://www.upsc.gov.in/sites/default/files/QP-CSM-23-COMMERCE-ACCOUNTANCY-PAPER-I-29092023.pdf,PDF paper/problem,English,Official General Ability and Intelligence and other papers
India,GA,GA,A,exam archive,UPSC previous question papers,https://www.upsc.gov.in/examinations/previous-question-papers,(5.92 MB),https://www.upsc.gov.in/sites/default/files/QP-CSM-23-ENGLISH-COMPULSORY-290923.pdf,PDF resource,English,Official General Ability and Intelligence and other papers
India,GA,GA,A,exam archive,UPSC previous question papers,https://www.upsc.gov.in/examinations/previous-question-papers,(5.94 MB),https://www.upsc.gov.in/sites/default/files/TAMIL-COMPULSORY-QP-CSM-25-010925.pdf,PDF resource,English,Official General Ability and Intelligence and other papers
India,GA,GA,A,exam archive,UPSC previous question papers,https://www.upsc.gov.in/examinations/previous-question-papers,(5.96 MB),https://www.upsc.gov.in/sites/default/files/QP-CSM-24-MEDICAL-SCIENCE-PAPER-II-031024.pdf,PDF paper/problem,English,Official General Ability and Intelligence and other papers
India,GA,GA,A,exam archive,UPSC previous question papers,https://www.upsc.gov.in/examinations/previous-question-papers,(5.96 MB),https://www.upsc.gov.in/sites/default/files/QP-CSM-23-CHEMISTRY-PAPER-II-29092023.pdf,PDF paper/problem,English,Official General Ability and Intelligence and other papers
India,GA,GA,A,exam archive,UPSC previous question papers,https://www.upsc.gov.in/examinations/previous-question-papers,(51.99 MB),https://www.upsc.gov.in/sites/default/files/QP-SO-21-22-PAPER-II-PROCEDURE-PRACTICE-CATEGORY-X-161023.pdf,PDF paper/problem,English,Official General Ability and Intelligence and other papers
India,GA,GA,A,exam archive,UPSC previous question papers,https://www.upsc.gov.in/examinations/previous-question-papers,(6.06 MB),https://www.upsc.gov.in/sites/default/files/QP-CSM-23-MANAGEMENT-PAPER-II-29092023.pdf,PDF paper/problem,English,Official General Ability and Intelligence and other papers
India,GA,GA,A,exam archive,UPSC previous question papers,https://www.upsc.gov.in/examinations/previous-question-papers,(6.12 MB),https://www.upsc.gov.in/sites/default/files/ELECTRICAL-ENGINEERING-PAPER%20II-QP-ESEM-25-110825.pdf,PDF paper/problem,English,Official General Ability and Intelligence and other papers
India,GA,GA,A,exam archive,UPSC previous question papers,https://www.upsc.gov.in/examinations/previous-question-papers,(6.12 MB),https://www.upsc.gov.in/sites/default/files/QP-CSM-23-CIVIL-ENGINEERING-PAPER-II-29092023.pdf,PDF paper/problem,English,Official General Ability and Intelligence and other papers
India,GA,GA,A,exam archive,UPSC previous question papers,https://www.upsc.gov.in/examinations/previous-question-papers,(6.13 MB),https://www.upsc.gov.in/sites/default/files/QP-ESEM-26-220626-MECHANICAL-ENGINEERING-PAPER-I.pdf,PDF paper/problem,English,Official General Ability and Intelligence and other papers
India,GA,GA,A,exam archive,UPSC previous question papers,https://www.upsc.gov.in/examinations/previous-question-papers,(6.18 MB),https://www.upsc.gov.in/sites/default/files/QP-CSM-24-MECHANICAL-ENGINEERING-PAPER-I-031024.pdf,PDF paper/problem,English,Official General Ability and Intelligence and other papers
India,GA,GA,A,exam archive,UPSC previous question papers,https://www.upsc.gov.in/examinations/previous-question-papers,(6.27 MB),https://www.upsc.gov.in/sites/default/files/QP-ESEM-26-220626-CIVIL-ENGINEERING-PAPER-I.pdf,PDF paper/problem,English,Official General Ability and Intelligence and other papers
India,GA,GA,A,exam archive,UPSC previous question papers,https://www.upsc.gov.in/examinations/previous-question-papers,(6.3 MB),https://www.upsc.gov.in/sites/default/files/QP-IFSM-23-STATISTICS-PAPER%20-I-051223.pdf,PDF paper/problem,English,Official General Ability and Intelligence and other papers
India,GA,GA,A,exam archive,UPSC previous question papers,https://www.upsc.gov.in/examinations/previous-question-papers,(6.34 MB),https://www.upsc.gov.in/sites/default/files/CHEMISTRY-PAPER-I-QP-CSM-25-010925.pdf,PDF paper/problem,English,Official General Ability and Intelligence and other papers
India,GA,GA,A,exam archive,UPSC previous question papers,https://www.upsc.gov.in/examinations/previous-question-papers,(6.6 MB),https://www.upsc.gov.in/sites/default/files/ELECTRICAL-ENGINEERING-PAPER%20I-QP-CSM-25-010925.pdf,PDF paper/problem,English,Official General Ability and Intelligence and other papers
India,GA,GA,A,exam archive,UPSC previous question papers,https://www.upsc.gov.in/examinations/previous-question-papers,(6.62 MB),https://www.upsc.gov.in/sites/default/files/QP-IES-ISS-26-220626-STATISTICS-PAPER-IV.pdf,PDF paper/problem,English,Official General Ability and Intelligence and other papers
India,GA,GA,A,exam archive,UPSC previous question papers,https://www.upsc.gov.in/examinations/previous-question-papers,(6.62 MB),https://www.upsc.gov.in/sites/default/files/QP-CSM-23-STATISTICS-PAPER-II-29092023.pdf,PDF paper/problem,English,Official General Ability and Intelligence and other papers
India,GA,GA,A,exam archive,UPSC previous question papers,https://www.upsc.gov.in/examinations/previous-question-papers,(6.63 MB),https://www.upsc.gov.in/sites/default/files/QP-CSM-23-MECHANICAL-ENGINEERING-PAPER-II-29092023.pdf,PDF paper/problem,English,Official General Ability and Intelligence and other papers
India,GA,GA,A,exam archive,UPSC previous question papers,https://www.upsc.gov.in/examinations/previous-question-papers,(6.7 MB),https://www.upsc.gov.in/sites/default/files/QP-ESEM-24-ELECTRICAL-ENGINEERING-PAPER-I-240624.pdf,PDF paper/problem,English,Official General Ability and Intelligence and other papers
India,GA,GA,A,exam archive,UPSC previous question papers,https://www.upsc.gov.in/examinations/previous-question-papers,(6.76 MB),https://www.upsc.gov.in/sites/default/files/QP-ESEM-24-ELECTRONICS-TELECOMMUNICATION-ENGINEERING-PAPER-I-240624.pdf,PDF paper/problem,English,Official General Ability and Intelligence and other papers
India,GA,GA,A,exam archive,UPSC previous question papers,https://www.upsc.gov.in/examinations/previous-question-papers,(6.84 MB),https://www.upsc.gov.in/sites/default/files/GENERAL-STUDIES-PAPER-IV-QP-CSM-25-010925.pdf,PDF paper/problem,English,Official General Ability and Intelligence and other papers
India,GA,GA,A,exam archive,UPSC previous question papers,https://www.upsc.gov.in/examinations/previous-question-papers,(6.95 MB),https://www.upsc.gov.in/sites/default/files/QP-CSM-23-PHYSICS-PAPER-I-29092023.pdf,PDF paper/problem,English,Official General Ability and Intelligence and other papers
India,GA,GA,A,exam archive,UPSC previous question papers,https://www.upsc.gov.in/examinations/previous-question-papers,(65.81 MB),https://www.upsc.gov.in/sites/default/files/QP_CAPF_2024_GEN-ABILITY-AND-INTELLI_05082024.pdf,PDF resource,English,Official General Ability and Intelligence and other papers
India,GA,GA,A,exam archive,UPSC previous question papers,https://www.upsc.gov.in/examinations/previous-question-papers,(7.04 MB),https://www.upsc.gov.in/sites/default/files/QP-CSM-23-MECHANICAL-ENGINEERING-PAPER-I-29092023.pdf,PDF paper/problem,English,Official General Ability and Intelligence and other papers
India,GA,GA,A,exam archive,UPSC previous question papers,https://www.upsc.gov.in/examinations/previous-question-papers,(7.12 MB),https://www.upsc.gov.in/sites/default/files/QP-CSM-23-TAMIL-COMPULSORY-290923.pdf,PDF resource,English,Official General Ability and Intelligence and other papers
India,GA,GA,A,exam archive,UPSC previous question papers,https://www.upsc.gov.in/examinations/previous-question-papers,(7.17 MB),https://www.upsc.gov.in/sites/default/files/QP-CSM-23-MEDICAL-SCIENCE-PAPER-I-29092023.pdf,PDF paper/problem,English,Official General Ability and Intelligence and other papers
India,GA,GA,A,exam archive,UPSC previous question papers,https://www.upsc.gov.in/examinations/previous-question-papers,(7.32 MB),https://www.upsc.gov.in/sites/default/files/MANAGEMENT-PAPER-II-QP-CSM-25-010925.pdf,PDF paper/problem,English,Official General Ability and Intelligence and other papers
India,GA,GA,A,exam archive,UPSC previous question papers,https://www.upsc.gov.in/examinations/previous-question-papers,(7.47 MB),https://www.upsc.gov.in/sites/default/files/QP-IES-ISS-25-STATISTICS-PAPER-IV-230625.pdf,PDF paper/problem,English,Official General Ability and Intelligence and other papers
India,GA,GA,A,exam archive,UPSC previous question papers,https://www.upsc.gov.in/examinations/previous-question-papers,(7.51 MB),https://www.upsc.gov.in/sites/default/files/QP-CSM-24-CIVIL-ENGINEERING-PAPER-II-031024.pdf,PDF paper/problem,English,Official General Ability and Intelligence and other papers
India,GA,GA,A,exam archive,UPSC previous question papers,https://www.upsc.gov.in/examinations/previous-question-papers,(7.61 MB),https://www.upsc.gov.in/sites/default/files/MECHANICAL-ENGINEERING-PAPER-I-QP-CSM-25-010925.pdf,PDF paper/problem,English,Official General Ability and Intelligence and other papers
India,GA,GA,A,exam archive,UPSC previous question papers,https://www.upsc.gov.in/examinations/previous-question-papers,(7.61 MB),https://www.upsc.gov.in/sites/default/files/QP-CSM-24-CIVIL-ENGINEERING-PAPER-I-031024.pdf,PDF paper/problem,English,Official General Ability and Intelligence and other papers
India,GA,GA,A,exam archive,UPSC previous question papers,https://www.upsc.gov.in/examinations/previous-question-papers,(775.71 KB),https://www.upsc.gov.in/sites/default/files/QP-IFSM-25-BOTANY-PAPER-II-241125.pdf,PDF paper/problem,English,Official General Ability and Intelligence and other papers
India,GA,GA,A,exam archive,UPSC previous question papers,https://www.upsc.gov.in/examinations/previous-question-papers,(8.08 MB),https://www.upsc.gov.in/sites/default/files/QP-CSM-24-ELECTRICAL-ENGINEERING-PAPER-II-031024.pdf,PDF paper/problem,English,Official General Ability and Intelligence and other papers
India,GA,GA,A,exam archive,UPSC previous question papers,https://www.upsc.gov.in/examinations/previous-question-papers,(8.09 MB),https://www.upsc.gov.in/sites/default/files/QP-CSM-24-COMMERCE-AND-ACCOUNTANCY-PAPER-I-031024.pdf,PDF paper/problem,English,Official General Ability and Intelligence and other papers
India,GA,GA,A,exam archive,UPSC previous question papers,https://www.upsc.gov.in/examinations/previous-question-papers,(8.14 MB),https://www.upsc.gov.in/sites/default/files/QP-ESEM-24-MECHANICAL-ENGINEERING-PAPER-I-240624.pdf,PDF paper/problem,English,Official General Ability and Intelligence and other papers
India,GA,GA,A,exam archive,UPSC previous question papers,https://www.upsc.gov.in/examinations/previous-question-papers,(8.25 MB),https://www.upsc.gov.in/sites/default/files/MECHANICAL-ENGINEERING-PAPER-II-QP-CSM-25-010925.pdf,PDF paper/problem,English,Official General Ability and Intelligence and other papers
India,GA,GA,A,exam archive,UPSC previous question papers,https://www.upsc.gov.in/examinations/previous-question-papers,(8.26 MB),https://www.upsc.gov.in/sites/default/files/QP-IES-ISS-26-220626-STATISTICS-PAPER-I.pdf,PDF paper/problem,English,Official General Ability and Intelligence and other papers
India,GA,GA,A,exam archive,UPSC previous question papers,https://www.upsc.gov.in/examinations/previous-question-papers,(8.32 MB),https://www.upsc.gov.in/sites/default/files/CIVIL-ENGINEERING-PAPER%20I-QP-CSM-25-010925.pdf,PDF paper/problem,English,Official General Ability and Intelligence and other papers
India,GA,GA,A,exam archive,UPSC previous question papers,https://www.upsc.gov.in/examinations/previous-question-papers,(8.55 MB),https://www.upsc.gov.in/sites/default/files/QP-ESEM-24-CIVIL-ENGINEERING-PAPER-I-240624.pdf,PDF paper/problem,English,Official General Ability and Intelligence and other papers
India,GA,GA,A,exam archive,UPSC previous question papers,https://www.upsc.gov.in/examinations/previous-question-papers,(808.83 KB),https://www.upsc.gov.in/sites/default/files/QP-IFSM-25-ZOOLOGY-PAPER-I-241125.pdf,PDF paper/problem,English,Official General Ability and Intelligence and other papers
India,GA,GA,A,exam archive,UPSC previous question papers,https://www.upsc.gov.in/examinations/previous-question-papers,(9.74 MB),https://www.upsc.gov.in/sites/default/files/QP_CSM_2024_GenStud_IV_03102024.pdf,PDF resource,English,Official General Ability and Intelligence and other papers
India,GA,GA,A,exam archive,UPSC previous question papers,https://www.upsc.gov.in/examinations/previous-question-papers,(925.82 KB),https://www.upsc.gov.in/sites/default/files/QP-IFSM-25-ANIMALHUSBANDRY-VETERINARYSCIENCE-PAPER-II-241125.pdf,PDF paper/problem,English,Official General Ability and Intelligence and other papers
India,GA,GA,A,exam archive,UPSC previous question papers,https://www.upsc.gov.in/examinations/previous-question-papers,(941.98 KB),https://www.upsc.gov.in/sites/default/files/QP-CSM-23-MAITHILI-LITERATURE-PAPER-I-290923.pdf,PDF paper/problem,English,Official General Ability and Intelligence and other papers
India,GA,GA,A,exam archive,UPSC previous question papers,https://www.upsc.gov.in/examinations/previous-question-papers,(976.87 KB),https://www.upsc.gov.in/sites/default/files/QP-IFSM-25-FORESTRY-PAPER-I-241125.pdf,PDF paper/problem,English,Official General Ability and Intelligence and other papers
India,GA,GA,A,exam archive,UPSC previous question papers,https://www.upsc.gov.in/examinations/previous-question-papers,(977.44 KB),https://www.upsc.gov.in/sites/default/files/ESSAY-QP-CSM-25-010925.pdf,PDF resource,English,Official General Ability and Intelligence and other papers
India,GA,GA,A,exam archive,UPSC previous question papers,https://www.upsc.gov.in/examinations/previous-question-papers,(987.45 KB),https://www.upsc.gov.in/sites/default/files/QP-IFSM-24-ZOOLOGY-PAPER-II-021224.pdf,PDF paper/problem,English,Official General Ability and Intelligence and other papers
India,GA,GA,A,exam archive,UPSC previous question papers,https://www.upsc.gov.in/examinations/previous-question-papers,(988.24 KB),https://www.upsc.gov.in/sites/default/files/QP_CSM_2024_ESSAY_03102024.pdf,PDF resource,English,Official General Ability and Intelligence and other papers
India,GA,GA,A,exam archive,UPSC previous question papers,https://www.upsc.gov.in/examinations/previous-question-papers,(989.44 KB),https://www.upsc.gov.in/sites/default/files/QP-IFSM-25-AGRICULTURE-PAPER-I-241125.pdf,PDF paper/problem,English,Official General Ability and Intelligence and other papers
India,GA,GA,A,exam archive,UPSC previous question papers,https://www.upsc.gov.in/examinations/previous-question-papers,(990.89 KB),https://www.upsc.gov.in/sites/default/files/QP-IFSM-25-ZOOLOGY-PAPER-II-241125.pdf,PDF paper/problem,English,Official General Ability and Intelligence and other papers
India,GA,GA,A,exam archive,UPSC previous question papers,https://www.upsc.gov.in/examinations/previous-question-papers,(996.59 KB),https://www.upsc.gov.in/sites/default/files/QP-CSM-23-MARATHI-LITERATURE-PAPER-I-290923.pdf,PDF paper/problem,English,Official General Ability and Intelligence and other papers
India,GA,GA,B,exam archive,UPSC previous question papers,https://www.upsc.gov.in/examinations/previous-question-papers,Active Examinations,https://www.upsc.gov.in/examinations/active-exams,HTML paper/problem/practice,English,Official General Ability and Intelligence and other papers
India,GA,GA,B,exam archive,UPSC previous question papers,https://www.upsc.gov.in/examinations/previous-question-papers,Answer Keys,https://www.upsc.gov.in/examinations/answer-key,HTML solution/answer,English,Official General Ability and Intelligence and other papers
India,GA,GA,B,exam archive,UPSC previous question papers,https://www.upsc.gov.in/examinations/previous-question-papers,Calendar,https://www.upsc.gov.in/examinations/exam-calendar,HTML paper/problem/practice,English,Official General Ability and Intelligence and other papers
India,GA,GA,B,exam archive,UPSC previous question papers,https://www.upsc.gov.in/examinations/previous-question-papers,Common mistakes committed by the candidates in Conventional Papers,https://www.upsc.gov.in/examination/common-mistakes-committed-candidates-conventional-papers,HTML paper/problem/practice,English,Official General Ability and Intelligence and other papers
India,GA,GA,B,exam archive,UPSC previous question papers,https://www.upsc.gov.in/examinations/previous-question-papers,Cut-off Marks,https://www.upsc.gov.in/examinations/cutoff-marks--,HTML paper/problem/practice,English,Official General Ability and Intelligence and other papers
India,GA,GA,B,exam archive,UPSC previous question papers,https://www.upsc.gov.in/examinations/previous-question-papers,Demo Files,https://www.upsc.gov.in/examinations/demo-files-computer-based-combined-medical-service-examination,HTML paper/problem/practice,English,Official General Ability and Intelligence and other papers
India,GA,GA,B,exam archive,UPSC previous question papers,https://www.upsc.gov.in/examinations/previous-question-papers,Forthcoming Examinations,https://www.upsc.gov.in/examinations/forthcoming-exams,HTML paper/problem/practice,English,Official General Ability and Intelligence and other papers
India,GA,GA,B,exam archive,UPSC previous question papers,https://www.upsc.gov.in/examinations/previous-question-papers,Marks Information,https://upsconline.gov.in/marksheet/exam/marksheet_system/,HTML paper/problem/practice,English,Official General Ability and Intelligence and other papers
India,GA,GA,B,exam archive,UPSC previous question papers,https://www.upsc.gov.in/examinations/previous-question-papers,Marks of Recommended Candidates,https://www.upsc.gov.in/examinations/marks-recommended-candidates,HTML paper/problem/practice,English,Official General Ability and Intelligence and other papers
India,GA,GA,B,exam archive,UPSC previous question papers,https://www.upsc.gov.in/examinations/previous-question-papers,Marks of Recommended Candidates (Reserve List),https://www.upsc.gov.in/examinations/marks-recommended-candidates-reserve-list,HTML paper/problem/practice,English,Official General Ability and Intelligence and other papers
India,GA,GA,B,exam archive,UPSC previous question papers,https://www.upsc.gov.in/examinations/previous-question-papers,Recruitment Tests,https://www.upsc.gov.in/recruitment/recruitment-test,HTML paper/problem/practice,English,Official General Ability and Intelligence and other papers
India,GA,GA,B,exam archive,UPSC previous question papers,https://www.upsc.gov.in/examinations/previous-question-papers,Representation on Question Papers,https://www.upsc.gov.in/examinations/representation-question-papers,HTML paper/problem/practice,English,Official General Ability and Intelligence and other papers
India,GA,GA,B,exam archive,UPSC previous question papers,https://www.upsc.gov.in/examinations/previous-question-papers,Representation on Question Papers,https://www.upsc.gov.in/recruitment/time-frame-representation,HTML paper/problem/practice,English,Official General Ability and Intelligence and other papers
India,GA,GA,B,exam archive,UPSC previous question papers,https://www.upsc.gov.in/examinations/previous-question-papers,Revised Syllabus and Scheme,https://www.upsc.gov.in/examinations/revised-syllabus-scheme,HTML paper/problem/practice,English,Official General Ability and Intelligence and other papers
India,GA,GA,B,exam archive,UPSC previous question papers,https://www.upsc.gov.in/examinations/previous-question-papers,Specimen Question Cum Answer Booklet (QCAB),https://www.upsc.gov.in/examination/model-question-and-answer-booklets,HTML solution/answer,English,Official General Ability and Intelligence and other papers
India,GA,GA,A,exam archive,UPSC previous question papers,https://www.upsc.gov.in/examinations/previous-question-papers,UPSC previous question papers — official gateway,https://www.upsc.gov.in/examinations/previous-question-papers,Official gateway,English,Official General Ability and Intelligence and other papers
India,GA,GA,B,exam archive,UPSC previous question papers,https://www.upsc.gov.in/examinations/previous-question-papers,View Archives >>,https://www.upsc.gov.in/examinations/previous-question-papers/archives,HTML paper/problem/practice,English,Official General Ability and Intelligence and other papers
India,GA,GA,B,exam archive,UPSC previous question papers,https://www.upsc.gov.in/examinations/previous-question-papers,हिन्दी,https://www.upsc.gov.in/hi/examinations/previous-question-papers,HTML paper/problem/practice,English,Official General Ability and Intelligence and other papers
India,GA/DM,GA/DM,B,exam archive,UGC NET previous question papers,https://www.ugcnetonline.in/previous_question_papers.php,Archive,https://www.ugcnetonline.in/news.php,HTML source/link,English,Official UGC-NET archive
India,GA/DM,GA/DM,B,exam archive,UGC NET previous question papers,https://www.ugcnetonline.in/previous_question_papers.php,Question Papers of NET Dec. 2009,https://www.ugcnetonline.in/question_papers_dec2009.php,HTML paper/problem/practice,English,Official UGC-NET archive
India,GA/DM,GA/DM,B,exam archive,UGC NET previous question papers,https://www.ugcnetonline.in/previous_question_papers.php,Question Papers of NET Dec. 2010,https://www.ugcnetonline.in/question_papers_dec2010.php,HTML paper/problem/practice,English,Official UGC-NET archive
India,GA/DM,GA/DM,B,exam archive,UGC NET previous question papers,https://www.ugcnetonline.in/previous_question_papers.php,Question Papers of NET Dec. 2011,https://www.ugcnetonline.in/question_papers_dec2011.php,HTML paper/problem/practice,English,Official UGC-NET archive
India,GA/DM,GA/DM,B,exam archive,UGC NET previous question papers,https://www.ugcnetonline.in/previous_question_papers.php,Question Papers of NET Dec. 2012,https://www.ugcnetonline.in/question_papers_december2012.php,HTML paper/problem/practice,English,Official UGC-NET archive
India,GA/DM,GA/DM,B,exam archive,UGC NET previous question papers,https://www.ugcnetonline.in/previous_question_papers.php,Question Papers of NET Dec. 2013,https://www.ugcnetonline.in/question_papers_december2013.php,HTML paper/problem/practice,English,Official UGC-NET archive
India,GA/DM,GA/DM,B,exam archive,UGC NET previous question papers,https://www.ugcnetonline.in/previous_question_papers.php,Question Papers of NET December 2014,https://www.ugcnetonline.in/question_papers_dec2014.php,HTML paper/problem/practice,English,Official UGC-NET archive
India,GA/DM,GA/DM,B,exam archive,UGC NET previous question papers,https://www.ugcnetonline.in/previous_question_papers.php,Question Papers of NET December 2015,https://www.ugcnetonline.in/question_papers_dec2015.php,HTML paper/problem/practice,English,Official UGC-NET archive
India,GA/DM,GA/DM,B,exam archive,UGC NET previous question papers,https://www.ugcnetonline.in/previous_question_papers.php,Question Papers of NET January 2017,https://www.ugcnetonline.in/question_papers_jan2017.php,HTML paper/problem/practice,English,Official UGC-NET archive
India,GA/DM,GA/DM,B,exam archive,UGC NET previous question papers,https://www.ugcnetonline.in/previous_question_papers.php,Question Papers of NET July 2016,https://www.ugcnetonline.in/question_papers_July 2016.php,HTML paper/problem/practice,English,Official UGC-NET archive
India,GA/DM,GA/DM,B,exam archive,UGC NET previous question papers,https://www.ugcnetonline.in/previous_question_papers.php,Question Papers of NET July 2018,https://www.ugcnetonline.in/question_papers_july2018.php,HTML paper/problem/practice,English,Official UGC-NET archive
India,GA/DM,GA/DM,B,exam archive,UGC NET previous question papers,https://www.ugcnetonline.in/previous_question_papers.php,Question Papers of NET June 2009,https://www.ugcnetonline.in/question_papers_june2009.php,HTML paper/problem/practice,English,Official UGC-NET archive
India,GA/DM,GA/DM,B,exam archive,UGC NET previous question papers,https://www.ugcnetonline.in/previous_question_papers.php,Question Papers of NET June 2010,https://www.ugcnetonline.in/question_papers_june2010.php,HTML paper/problem/practice,English,Official UGC-NET archive
India,GA/DM,GA/DM,B,exam archive,UGC NET previous question papers,https://www.ugcnetonline.in/previous_question_papers.php,Question Papers of NET June 2011,https://www.ugcnetonline.in/question_papers_june2011.php,HTML paper/problem/practice,English,Official UGC-NET archive
India,GA/DM,GA/DM,B,exam archive,UGC NET previous question papers,https://www.ugcnetonline.in/previous_question_papers.php,Question Papers of NET June 2012,https://www.ugcnetonline.in/question_papers_june2012.php,HTML paper/problem/practice,English,Official UGC-NET archive
India,GA/DM,GA/DM,B,exam archive,UGC NET previous question papers,https://www.ugcnetonline.in/previous_question_papers.php,"Question Papers of NET June 2013 (UGC NET on 30th June, 2013)",https://www.ugcnetonline.in/question_papers_june2013.php,HTML paper/problem/practice,English,Official UGC-NET archive
India,GA/DM,GA/DM,B,exam archive,UGC NET previous question papers,https://www.ugcnetonline.in/previous_question_papers.php,"Question Papers of NET June 2013 (UGC NET re-conducted on 08th Sept., 2013)",https://www.ugcnetonline.in/question_papers_june2013_reconducted_08092013.php,HTML paper/problem/practice,English,Official UGC-NET archive
India,GA/DM,GA/DM,B,exam archive,UGC NET previous question papers,https://www.ugcnetonline.in/previous_question_papers.php,Question Papers of NET June 2014,https://www.ugcnetonline.in/question_papers_june2014.php,HTML paper/problem/practice,English,Official UGC-NET archive
India,GA/DM,GA/DM,B,exam archive,UGC NET previous question papers,https://www.ugcnetonline.in/previous_question_papers.php,Question Papers of NET June 2015,https://www.ugcnetonline.in/question_papers_june2015.php,HTML paper/problem/practice,English,Official UGC-NET archive
India,GA/DM,GA/DM,B,exam archive,UGC NET previous question papers,https://www.ugcnetonline.in/previous_question_papers.php,Question Papers of NET November 2017,https://www.ugcnetonline.in/question_papers_nov2017.php,HTML paper/problem/practice,English,Official UGC-NET archive
India,GA/DM,GA/DM,A,exam archive,UGC NET previous question papers,https://www.ugcnetonline.in/previous_question_papers.php,UGC NET previous question papers — official gateway,https://www.ugcnetonline.in/previous_question_papers.php,Official gateway,English,Official UGC-NET archive
India,GA/EM/DM,GA/EM/DM,A,exam archive,GATE downloads archive,https://gate2026.iitg.ac.in/download.html,AE,https://gate2026.iitg.ac.in/doc/download/2025_Key/AE_Keys.pdf,PDF resource,English,"Official GATE archive, papers and answer keys"
India,GA/EM/DM,GA/EM/DM,A,exam archive,GATE downloads archive,https://gate2026.iitg.ac.in/download.html,AE,https://gate2026.iitg.ac.in/doc/download/2024/AEFinalAnswerKey.pdf,PDF solution/answer,English,"Official GATE archive, papers and answer keys"
India,GA/EM/DM,GA/EM/DM,A,exam archive,GATE downloads archive,https://gate2026.iitg.ac.in/download.html,AE,https://gate2026.iitg.ac.in/doc/download/Answer_keys2023/AE_ANS_GATE2023.pdf,PDF solution/answer,English,"Official GATE archive, papers and answer keys"
India,GA/EM/DM,GA/EM/DM,A,exam archive,GATE downloads archive,https://gate2026.iitg.ac.in/download.html,AE,https://gate2026.iitg.ac.in/doc/download/Answer_keys2022/ae_2022.pdf,PDF solution/answer,English,"Official GATE archive, papers and answer keys"
India,GA/EM/DM,GA/EM/DM,A,exam archive,GATE downloads archive,https://gate2026.iitg.ac.in/download.html,AE,https://gate2026.iitg.ac.in/doc/download/Answer_keys2021/ae_2021.pdf,PDF solution/answer,English,"Official GATE archive, papers and answer keys"
India,GA/EM/DM,GA/EM/DM,A,exam archive,GATE downloads archive,https://gate2026.iitg.ac.in/download.html,AG,https://gate2026.iitg.ac.in/doc/download/2025_Key/AG_Keys.pdf,PDF resource,English,"Official GATE archive, papers and answer keys"
India,GA/EM/DM,GA/EM/DM,A,exam archive,GATE downloads archive,https://gate2026.iitg.ac.in/download.html,AG,https://gate2026.iitg.ac.in/doc/download/2024/AGFinalAnswerKey.pdf,PDF solution/answer,English,"Official GATE archive, papers and answer keys"
India,GA/EM/DM,GA/EM/DM,A,exam archive,GATE downloads archive,https://gate2026.iitg.ac.in/download.html,AG,https://gate2026.iitg.ac.in/doc/download/Answer_keys2023/AG_ANS_GATE2023.pdf,PDF solution/answer,English,"Official GATE archive, papers and answer keys"
India,GA/EM/DM,GA/EM/DM,A,exam archive,GATE downloads archive,https://gate2026.iitg.ac.in/download.html,AG,https://gate2026.iitg.ac.in/doc/download/Answer_keys2022/ag_2022.pdf,PDF solution/answer,English,"Official GATE archive, papers and answer keys"
India,GA/EM/DM,GA/EM/DM,A,exam archive,GATE downloads archive,https://gate2026.iitg.ac.in/download.html,AG,https://gate2026.iitg.ac.in/doc/download/Answer_keys2021/ag_2021.pdf,PDF solution/answer,English,"Official GATE archive, papers and answer keys"
India,GA/EM/DM,GA/EM/DM,A,exam archive,GATE downloads archive,https://gate2026.iitg.ac.in/download.html,AR,https://gate2026.iitg.ac.in/doc/download/2025_Key/AR_Keys.pdf,PDF resource,English,"Official GATE archive, papers and answer keys"
India,GA/EM/DM,GA/EM/DM,A,exam archive,GATE downloads archive,https://gate2026.iitg.ac.in/download.html,AR,https://gate2026.iitg.ac.in/doc/download/2024/ARFinalAnswerKey.pdf,PDF solution/answer,English,"Official GATE archive, papers and answer keys"
India,GA/EM/DM,GA/EM/DM,A,exam archive,GATE downloads archive,https://gate2026.iitg.ac.in/download.html,AR,https://gate2026.iitg.ac.in/doc/download/Answer_keys2023/AR_ANS_GATE2023.pdf,PDF solution/answer,English,"Official GATE archive, papers and answer keys"
India,GA/EM/DM,GA/EM/DM,A,exam archive,GATE downloads archive,https://gate2026.iitg.ac.in/download.html,AR,https://gate2026.iitg.ac.in/doc/download/Answer_keys2022/ar_2022.pdf,PDF solution/answer,English,"Official GATE archive, papers and answer keys"
India,GA/EM/DM,GA/EM/DM,A,exam archive,GATE downloads archive,https://gate2026.iitg.ac.in/download.html,AR,https://gate2026.iitg.ac.in/doc/download/Answer_keys2021/ar_2021.pdf,PDF solution/answer,English,"Official GATE archive, papers and answer keys"
India,GA/EM/DM,GA/EM/DM,A,exam archive,GATE downloads archive,https://gate2026.iitg.ac.in/download.html,Aerospace Engineering,https://gate2026.iitg.ac.in/doc/download/2025/AE2025.pdf,PDF resource,English,"Official GATE archive, papers and answer keys"
India,GA/EM/DM,GA/EM/DM,A,exam archive,GATE downloads archive,https://gate2026.iitg.ac.in/download.html,Aerospace Engineering,https://gate2026.iitg.ac.in/doc/download/2024/AE24S5.pdf,PDF resource,English,"Official GATE archive, papers and answer keys"
India,GA/EM/DM,GA/EM/DM,A,exam archive,GATE downloads archive,https://gate2026.iitg.ac.in/download.html,Aerospace Engineering,https://gate2026.iitg.ac.in/doc/download/2023/ae_2023.pdf,PDF resource,English,"Official GATE archive, papers and answer keys"
India,GA/EM/DM,GA/EM/DM,A,exam archive,GATE downloads archive,https://gate2026.iitg.ac.in/download.html,Aerospace Engineering,https://gate2026.iitg.ac.in/doc/download/2022/ae_2022.pdf,PDF resource,English,"Official GATE archive, papers and answer keys"
India,GA/EM/DM,GA/EM/DM,A,exam archive,GATE downloads archive,https://gate2026.iitg.ac.in/download.html,Aerospace Engineering,https://gate2026.iitg.ac.in/doc/download/2021/ae_2021.pdf,PDF resource,English,"Official GATE archive, papers and answer keys"
India,GA/EM/DM,GA/EM/DM,A,exam archive,GATE downloads archive,https://gate2026.iitg.ac.in/download.html,Aerospace Engineering,https://gate2026.iitg.ac.in/doc/download/2020/ae_2020.pdf,PDF resource,English,"Official GATE archive, papers and answer keys"
India,GA/EM/DM,GA/EM/DM,A,exam archive,GATE downloads archive,https://gate2026.iitg.ac.in/download.html,Aerospace Engineering,https://gate2026.iitg.ac.in/doc/download/2019/ae_2019.pdf,PDF resource,English,"Official GATE archive, papers and answer keys"
India,GA/EM/DM,GA/EM/DM,A,exam archive,GATE downloads archive,https://gate2026.iitg.ac.in/download.html,Agricultural Engineering,https://gate2026.iitg.ac.in/doc/download/2025/AG2025.pdf,PDF resource,English,"Official GATE archive, papers and answer keys"
India,GA/EM/DM,GA/EM/DM,A,exam archive,GATE downloads archive,https://gate2026.iitg.ac.in/download.html,Agricultural Engineering,https://gate2026.iitg.ac.in/doc/download/2024/AG24S5.pdf,PDF resource,English,"Official GATE archive, papers and answer keys"
India,GA/EM/DM,GA/EM/DM,A,exam archive,GATE downloads archive,https://gate2026.iitg.ac.in/download.html,Agricultural Engineering,https://gate2026.iitg.ac.in/doc/download/2023/ag_2023.pdf,PDF resource,English,"Official GATE archive, papers and answer keys"
India,GA/EM/DM,GA/EM/DM,A,exam archive,GATE downloads archive,https://gate2026.iitg.ac.in/download.html,Agricultural Engineering,https://gate2026.iitg.ac.in/doc/download/2022/ag_2022.pdf,PDF resource,English,"Official GATE archive, papers and answer keys"
India,GA/EM/DM,GA/EM/DM,A,exam archive,GATE downloads archive,https://gate2026.iitg.ac.in/download.html,Agricultural Engineering,https://gate2026.iitg.ac.in/doc/download/2021/ag_2021.pdf,PDF resource,English,"Official GATE archive, papers and answer keys"
India,GA/EM/DM,GA/EM/DM,A,exam archive,GATE downloads archive,https://gate2026.iitg.ac.in/download.html,Agricultural Engineering,https://gate2026.iitg.ac.in/doc/download/2020/ag_2020.pdf,PDF resource,English,"Official GATE archive, papers and answer keys"
India,GA/EM/DM,GA/EM/DM,A,exam archive,GATE downloads archive,https://gate2026.iitg.ac.in/download.html,Agricultural Engineering,https://gate2026.iitg.ac.in/doc/download/2019/ag_2019.pdf,PDF resource,English,"Official GATE archive, papers and answer keys"
India,GA/EM/DM,GA/EM/DM,A,exam archive,GATE downloads archive,https://gate2026.iitg.ac.in/download.html,Architecture and Planning,https://gate2026.iitg.ac.in/doc/download/2025/AR2025.pdf,PDF resource,English,"Official GATE archive, papers and answer keys"
India,GA/EM/DM,GA/EM/DM,A,exam archive,GATE downloads archive,https://gate2026.iitg.ac.in/download.html,Architecture and Planning,https://gate2026.iitg.ac.in/doc/download/2024/AR24S1.pdf,PDF resource,English,"Official GATE archive, papers and answer keys"
India,GA/EM/DM,GA/EM/DM,A,exam archive,GATE downloads archive,https://gate2026.iitg.ac.in/download.html,Architecture and Planning,https://gate2026.iitg.ac.in/doc/download/2023/ar_2023.pdf,PDF resource,English,"Official GATE archive, papers and answer keys"
India,GA/EM/DM,GA/EM/DM,A,exam archive,GATE downloads archive,https://gate2026.iitg.ac.in/download.html,Architecture and Planning,https://gate2026.iitg.ac.in/doc/download/2022/ar_2022.pdf,PDF resource,English,"Official GATE archive, papers and answer keys"
India,GA/EM/DM,GA/EM/DM,A,exam archive,GATE downloads archive,https://gate2026.iitg.ac.in/download.html,Architecture and Planning,https://gate2026.iitg.ac.in/doc/download/2021/ar_2021.pdf,PDF resource,English,"Official GATE archive, papers and answer keys"
India,GA/EM/DM,GA/EM/DM,A,exam archive,GATE downloads archive,https://gate2026.iitg.ac.in/download.html,Architecture and Planning,https://gate2026.iitg.ac.in/doc/download/2020/ar_2020.pdf,PDF resource,English,"Official GATE archive, papers and answer keys"
India,GA/EM/DM,GA/EM/DM,A,exam archive,GATE downloads archive,https://gate2026.iitg.ac.in/download.html,Architecture and Planning,https://gate2026.iitg.ac.in/doc/download/2019/ar_2019.pdf,PDF resource,English,"Official GATE archive, papers and answer keys"
India,GA/EM/DM,GA/EM/DM,A,exam archive,GATE downloads archive,https://gate2026.iitg.ac.in/download.html,BM,https://gate2026.iitg.ac.in/doc/download/2025_Key/BM_Keys.pdf,PDF resource,English,"Official GATE archive, papers and answer keys"
India,GA/EM/DM,GA/EM/DM,A,exam archive,GATE downloads archive,https://gate2026.iitg.ac.in/download.html,BM,https://gate2026.iitg.ac.in/doc/download/2024/BMFinalAnswerKey.pdf,PDF solution/answer,English,"Official GATE archive, papers and answer keys"
India,GA/EM/DM,GA/EM/DM,A,exam archive,GATE downloads archive,https://gate2026.iitg.ac.in/download.html,BM,https://gate2026.iitg.ac.in/doc/download/Answer_keys2023/BM_ANS_GATE2023.pdf,PDF solution/answer,English,"Official GATE archive, papers and answer keys"
India,GA/EM/DM,GA/EM/DM,A,exam archive,GATE downloads archive,https://gate2026.iitg.ac.in/download.html,BM,https://gate2026.iitg.ac.in/doc/download/Answer_keys2022/bm_2022.pdf,PDF solution/answer,English,"Official GATE archive, papers and answer keys"
India,GA/EM/DM,GA/EM/DM,A,exam archive,GATE downloads archive,https://gate2026.iitg.ac.in/download.html,BM,https://gate2026.iitg.ac.in/doc/download/Answer_keys2021/bm_2021.pdf,PDF solution/answer,English,"Official GATE archive, papers and answer keys"
India,GA/EM/DM,GA/EM/DM,A,exam archive,GATE downloads archive,https://gate2026.iitg.ac.in/download.html,BT,https://gate2026.iitg.ac.in/doc/download/2025_Key/BT_Keys.pdf,PDF resource,English,"Official GATE archive, papers and answer keys"
India,GA/EM/DM,GA/EM/DM,A,exam archive,GATE downloads archive,https://gate2026.iitg.ac.in/download.html,BT,https://gate2026.iitg.ac.in/doc/download/2024/BTFinalAnswerKey.pdf,PDF solution/answer,English,"Official GATE archive, papers and answer keys"
India,GA/EM/DM,GA/EM/DM,A,exam archive,GATE downloads archive,https://gate2026.iitg.ac.in/download.html,BT,https://gate2026.iitg.ac.in/doc/download/Answer_keys2023/BT_ANS_GATE2023.pdf,PDF solution/answer,English,"Official GATE archive, papers and answer keys"
India,GA/EM/DM,GA/EM/DM,A,exam archive,GATE downloads archive,https://gate2026.iitg.ac.in/download.html,BT,https://gate2026.iitg.ac.in/doc/download/Answer_keys2022/bt_2022.pdf,PDF solution/answer,English,"Official GATE archive, papers and answer keys"
India,GA/EM/DM,GA/EM/DM,A,exam archive,GATE downloads archive,https://gate2026.iitg.ac.in/download.html,BT,https://gate2026.iitg.ac.in/doc/download/Answer_keys2021/bt_2021.pdf,PDF solution/answer,English,"Official GATE archive, papers and answer keys"
India,GA/EM/DM,GA/EM/DM,A,exam archive,GATE downloads archive,https://gate2026.iitg.ac.in/download.html,Biomedical Engineering,https://gate2026.iitg.ac.in/doc/download/2025/BM2025.pdf,PDF resource,English,"Official GATE archive, papers and answer keys"
India,GA/EM/DM,GA/EM/DM,A,exam archive,GATE downloads archive,https://gate2026.iitg.ac.in/download.html,Biomedical Engineering,https://gate2026.iitg.ac.in/doc/download/2024/BM24S3.pdf,PDF resource,English,"Official GATE archive, papers and answer keys"
India,GA/EM/DM,GA/EM/DM,A,exam archive,GATE downloads archive,https://gate2026.iitg.ac.in/download.html,Biomedical Engineering,https://gate2026.iitg.ac.in/doc/download/2023/bm_2023.pdf,PDF resource,English,"Official GATE archive, papers and answer keys"
India,GA/EM/DM,GA/EM/DM,A,exam archive,GATE downloads archive,https://gate2026.iitg.ac.in/download.html,Biomedical Engineering,https://gate2026.iitg.ac.in/doc/download/2022/bm_2022.pdf,PDF resource,English,"Official GATE archive, papers and answer keys"
India,GA/EM/DM,GA/EM/DM,A,exam archive,GATE downloads archive,https://gate2026.iitg.ac.in/download.html,Biomedical Engineering,https://gate2026.iitg.ac.in/doc/download/2021/bm_2021.pdf,PDF resource,English,"Official GATE archive, papers and answer keys"
India,GA/EM/DM,GA/EM/DM,A,exam archive,GATE downloads archive,https://gate2026.iitg.ac.in/download.html,Biomedical Engineering,https://gate2026.iitg.ac.in/doc/download/2020/bm_2020.pdf,PDF resource,English,"Official GATE archive, papers and answer keys"
India,GA/EM/DM,GA/EM/DM,A,exam archive,GATE downloads archive,https://gate2026.iitg.ac.in/download.html,Biotechnology,https://gate2026.iitg.ac.in/doc/download/2025/BT2025.pdf,PDF resource,English,"Official GATE archive, papers and answer keys"
India,GA/EM/DM,GA/EM/DM,A,exam archive,GATE downloads archive,https://gate2026.iitg.ac.in/download.html,Biotechnology,https://gate2026.iitg.ac.in/doc/download/2024/BT24S5.pdf,PDF resource,English,"Official GATE archive, papers and answer keys"
India,GA/EM/DM,GA/EM/DM,A,exam archive,GATE downloads archive,https://gate2026.iitg.ac.in/download.html,Biotechnology,https://gate2026.iitg.ac.in/doc/download/2023/bt_2023.pdf,PDF resource,English,"Official GATE archive, papers and answer keys"
India,GA/EM/DM,GA/EM/DM,A,exam archive,GATE downloads archive,https://gate2026.iitg.ac.in/download.html,Biotechnology,https://gate2026.iitg.ac.in/doc/download/2022/bt_2022.pdf,PDF resource,English,"Official GATE archive, papers and answer keys"
India,GA/EM/DM,GA/EM/DM,A,exam archive,GATE downloads archive,https://gate2026.iitg.ac.in/download.html,Biotechnology,https://gate2026.iitg.ac.in/doc/download/2021/bt_2021.pdf,PDF resource,English,"Official GATE archive, papers and answer keys"
India,GA/EM/DM,GA/EM/DM,A,exam archive,GATE downloads archive,https://gate2026.iitg.ac.in/download.html,Biotechnology,https://gate2026.iitg.ac.in/doc/download/2020/bt_2020.pdf,PDF resource,English,"Official GATE archive, papers and answer keys"
India,GA/EM/DM,GA/EM/DM,A,exam archive,GATE downloads archive,https://gate2026.iitg.ac.in/download.html,Biotechnology,https://gate2026.iitg.ac.in/doc/download/2019/bt_2019.pdf,PDF resource,English,"Official GATE archive, papers and answer keys"
India,GA/EM/DM,GA/EM/DM,A,exam archive,GATE downloads archive,https://gate2026.iitg.ac.in/download.html,CE,https://gate2026.iitg.ac.in/doc/download/Answer_keys2022/ce_2022.pdf,PDF solution/answer,English,"Official GATE archive, papers and answer keys"
India,GA/EM/DM,GA/EM/DM,A,exam archive,GATE downloads archive,https://gate2026.iitg.ac.in/download.html,CE,https://gate2026.iitg.ac.in/doc/download/Answer_keys2021/ce_merged_2021.pdf,PDF solution/answer,English,"Official GATE archive, papers and answer keys"
India,GA/EM/DM,GA/EM/DM,A,exam archive,GATE downloads archive,https://gate2026.iitg.ac.in/download.html,CE-1,https://gate2026.iitg.ac.in/doc/download/2025_Key/CE1_Keys.pdf,PDF resource,English,"Official GATE archive, papers and answer keys"
India,GA/EM/DM,GA/EM/DM,A,exam archive,GATE downloads archive,https://gate2026.iitg.ac.in/download.html,CE-1,https://gate2026.iitg.ac.in/doc/download/2024/CE1FinalAnswerKey.pdf,PDF solution/answer,English,"Official GATE archive, papers and answer keys"
India,GA/EM/DM,GA/EM/DM,A,exam archive,GATE downloads archive,https://gate2026.iitg.ac.in/download.html,CE-1,https://gate2026.iitg.ac.in/doc/download/Answer_keys2023/CE1_ANS_GATE2023.pdf,PDF solution/answer,English,"Official GATE archive, papers and answer keys"
India,GA/EM/DM,GA/EM/DM,A,exam archive,GATE downloads archive,https://gate2026.iitg.ac.in/download.html,CE-2,https://gate2026.iitg.ac.in/doc/download/2025_Key/CE2_Keys.pdf,PDF resource,English,"Official GATE archive, papers and answer keys"
India,GA/EM/DM,GA/EM/DM,A,exam archive,GATE downloads archive,https://gate2026.iitg.ac.in/download.html,CE-2,https://gate2026.iitg.ac.in/doc/download/2024/CE2FinalAnswerKey.pdf,PDF solution/answer,English,"Official GATE archive, papers and answer keys"
India,GA/EM/DM,GA/EM/DM,A,exam archive,GATE downloads archive,https://gate2026.iitg.ac.in/download.html,CE-2,https://gate2026.iitg.ac.in/doc/download/Answer_keys2023/CE2_ANS_GATE2023.pdf,PDF solution/answer,English,"Official GATE archive, papers and answer keys"
India,GA/EM/DM,GA/EM/DM,A,exam archive,GATE downloads archive,https://gate2026.iitg.ac.in/download.html,CH,https://gate2026.iitg.ac.in/doc/download/2025_Key/CH_Keys.pdf,PDF resource,English,"Official GATE archive, papers and answer keys"
India,GA/EM/DM,GA/EM/DM,A,exam archive,GATE downloads archive,https://gate2026.iitg.ac.in/download.html,CH,https://gate2026.iitg.ac.in/doc/download/2024/CHFinalAnswerKey.pdf,PDF solution/answer,English,"Official GATE archive, papers and answer keys"
India,GA/EM/DM,GA/EM/DM,A,exam archive,GATE downloads archive,https://gate2026.iitg.ac.in/download.html,CH,https://gate2026.iitg.ac.in/doc/download/Answer_keys2023/CH_ANS_GATE2023.pdf,PDF solution/answer,English,"Official GATE archive, papers and answer keys"
India,GA/EM/DM,GA/EM/DM,A,exam archive,GATE downloads archive,https://gate2026.iitg.ac.in/download.html,CH,https://gate2026.iitg.ac.in/doc/download/Answer_keys2022/ch_2022.pdf,PDF solution/answer,English,"Official GATE archive, papers and answer keys"
India,GA/EM/DM,GA/EM/DM,A,exam archive,GATE downloads archive,https://gate2026.iitg.ac.in/download.html,CH,https://gate2026.iitg.ac.in/doc/download/Answer_keys2021/ch_2021.pdf,PDF solution/answer,English,"Official GATE archive, papers and answer keys"
India,GA/EM/DM,GA/EM/DM,A,exam archive,GATE downloads archive,https://gate2026.iitg.ac.in/download.html,CS,https://gate2026.iitg.ac.in/doc/download/Answer_keys2023/CS_ANS_GATE2023.pdf,PDF solution/answer,English,"Official GATE archive, papers and answer keys"
India,GA/EM/DM,GA/EM/DM,A,exam archive,GATE downloads archive,https://gate2026.iitg.ac.in/download.html,CS,https://gate2026.iitg.ac.in/doc/download/Answer_keys2022/cs_2022.pdf,PDF solution/answer,English,"Official GATE archive, papers and answer keys"
India,GA/EM/DM,GA/EM/DM,A,exam archive,GATE downloads archive,https://gate2026.iitg.ac.in/download.html,CS,https://gate2026.iitg.ac.in/doc/download/Answer_keys2021/cs_merged_2021.pdf,PDF solution/answer,English,"Official GATE archive, papers and answer keys"
India,GA/EM/DM,GA/EM/DM,A,exam archive,GATE downloads archive,https://gate2026.iitg.ac.in/download.html,CS-1,https://gate2026.iitg.ac.in/doc/download/2025_Key/CS1_Keys.pdf,PDF resource,English,"Official GATE archive, papers and answer keys"
India,GA/EM/DM,GA/EM/DM,A,exam archive,GATE downloads archive,https://gate2026.iitg.ac.in/download.html,CS-1,https://gate2026.iitg.ac.in/doc/download/2024/CS1FinalAnswerKey.pdf,PDF solution/answer,English,"Official GATE archive, papers and answer keys"
India,GA/EM/DM,GA/EM/DM,A,exam archive,GATE downloads archive,https://gate2026.iitg.ac.in/download.html,CS-2,https://gate2026.iitg.ac.in/doc/download/2025_Key/CS2_Keys.pdf,PDF resource,English,"Official GATE archive, papers and answer keys"
India,GA/EM/DM,GA/EM/DM,A,exam archive,GATE downloads archive,https://gate2026.iitg.ac.in/download.html,CS-2,https://gate2026.iitg.ac.in/doc/download/2024/CS2FinalAnswerKey.pdf,PDF solution/answer,English,"Official GATE archive, papers and answer keys"
India,GA/EM/DM,GA/EM/DM,A,exam archive,GATE downloads archive,https://gate2026.iitg.ac.in/download.html,CY,https://gate2026.iitg.ac.in/doc/download/2025_Key/CY_Keys.pdf,PDF resource,English,"Official GATE archive, papers and answer keys"
India,GA/EM/DM,GA/EM/DM,A,exam archive,GATE downloads archive,https://gate2026.iitg.ac.in/download.html,CY,https://gate2026.iitg.ac.in/doc/download/2024/CYFinalAnswerKey.pdf,PDF solution/answer,English,"Official GATE archive, papers and answer keys"
India,GA/EM/DM,GA/EM/DM,A,exam archive,GATE downloads archive,https://gate2026.iitg.ac.in/download.html,CY,https://gate2026.iitg.ac.in/doc/download/Answer_keys2023/CY_ANS_GATE2023.pdf,PDF solution/answer,English,"Official GATE archive, papers and answer keys"
India,GA/EM/DM,GA/EM/DM,A,exam archive,GATE downloads archive,https://gate2026.iitg.ac.in/download.html,CY,https://gate2026.iitg.ac.in/doc/download/Answer_keys2022/cy_2022.pdf,PDF solution/answer,English,"Official GATE archive, papers and answer keys"
India,GA/EM/DM,GA/EM/DM,A,exam archive,GATE downloads archive,https://gate2026.iitg.ac.in/download.html,CY,https://gate2026.iitg.ac.in/doc/download/Answer_keys2021/cy_2021.pdf,PDF solution/answer,English,"Official GATE archive, papers and answer keys"
India,GA/EM/DM,GA/EM/DM,A,exam archive,GATE downloads archive,https://gate2026.iitg.ac.in/download.html,Chemical Engineering,https://gate2026.iitg.ac.in/doc/download/2025/CH2025.pdf,PDF resource,English,"Official GATE archive, papers and answer keys"
India,GA/EM/DM,GA/EM/DM,A,exam archive,GATE downloads archive,https://gate2026.iitg.ac.in/download.html,Chemical Engineering,https://gate2026.iitg.ac.in/doc/download/2024/CH24S3.pdf,PDF resource,English,"Official GATE archive, papers and answer keys"
India,GA/EM/DM,GA/EM/DM,A,exam archive,GATE downloads archive,https://gate2026.iitg.ac.in/download.html,Chemical Engineering,https://gate2026.iitg.ac.in/doc/download/2023/ch_2023.pdf,PDF resource,English,"Official GATE archive, papers and answer keys"
India,GA/EM/DM,GA/EM/DM,A,exam archive,GATE downloads archive,https://gate2026.iitg.ac.in/download.html,Chemical Engineering,https://gate2026.iitg.ac.in/doc/download/2022/ch_2022.pdf,PDF resource,English,"Official GATE archive, papers and answer keys"
India,GA/EM/DM,GA/EM/DM,A,exam archive,GATE downloads archive,https://gate2026.iitg.ac.in/download.html,Chemical Engineering,https://gate2026.iitg.ac.in/doc/download/2021/ch_2021.pdf,PDF resource,English,"Official GATE archive, papers and answer keys"
India,GA/EM/DM,GA/EM/DM,A,exam archive,GATE downloads archive,https://gate2026.iitg.ac.in/download.html,Chemical Engineering,https://gate2026.iitg.ac.in/doc/download/2020/ch_2020.pdf,PDF resource,English,"Official GATE archive, papers and answer keys"
India,GA/EM/DM,GA/EM/DM,A,exam archive,GATE downloads archive,https://gate2026.iitg.ac.in/download.html,Chemical Engineering,https://gate2026.iitg.ac.in/doc/download/2019/ch_2019.pdf,PDF resource,English,"Official GATE archive, papers and answer keys"
India,GA/EM/DM,GA/EM/DM,A,exam archive,GATE downloads archive,https://gate2026.iitg.ac.in/download.html,Chemistry,https://gate2026.iitg.ac.in/doc/download/2025/CY2025.pdf,PDF resource,English,"Official GATE archive, papers and answer keys"
India,GA/EM/DM,GA/EM/DM,A,exam archive,GATE downloads archive,https://gate2026.iitg.ac.in/download.html,Chemistry,https://gate2026.iitg.ac.in/doc/download/2024/CY24S1.pdf,PDF resource,English,"Official GATE archive, papers and answer keys"
India,GA/EM/DM,GA/EM/DM,A,exam archive,GATE downloads archive,https://gate2026.iitg.ac.in/download.html,Chemistry,https://gate2026.iitg.ac.in/doc/download/2023/cy_2023.pdf,PDF resource,English,"Official GATE archive, papers and answer keys"
India,GA/EM/DM,GA/EM/DM,A,exam archive,GATE downloads archive,https://gate2026.iitg.ac.in/download.html,Chemistry,https://gate2026.iitg.ac.in/doc/download/2022/cy_2022.pdf,PDF resource,English,"Official GATE archive, papers and answer keys"
India,GA/EM/DM,GA/EM/DM,A,exam archive,GATE downloads archive,https://gate2026.iitg.ac.in/download.html,Chemistry,https://gate2026.iitg.ac.in/doc/download/2021/cy_2021.pdf,PDF resource,English,"Official GATE archive, papers and answer keys"
India,GA/EM/DM,GA/EM/DM,A,exam archive,GATE downloads archive,https://gate2026.iitg.ac.in/download.html,Chemistry,https://gate2026.iitg.ac.in/doc/download/2020/cy_2020.pdf,PDF resource,English,"Official GATE archive, papers and answer keys"
India,GA/EM/DM,GA/EM/DM,A,exam archive,GATE downloads archive,https://gate2026.iitg.ac.in/download.html,Chemistry,https://gate2026.iitg.ac.in/doc/download/2019/cy_2019.pdf,PDF resource,English,"Official GATE archive, papers and answer keys"
India,GA/EM/DM,GA/EM/DM,A,exam archive,GATE downloads archive,https://gate2026.iitg.ac.in/download.html,Civil Engineering,https://gate2026.iitg.ac.in/doc/download/2025/CE12025.pdf,PDF resource,English,"Official GATE archive, papers and answer keys"
India,GA/EM/DM,GA/EM/DM,A,exam archive,GATE downloads archive,https://gate2026.iitg.ac.in/download.html,Civil Engineering,https://gate2026.iitg.ac.in/doc/download/2025/CE22025.pdf,PDF resource,English,"Official GATE archive, papers and answer keys"
India,GA/EM/DM,GA/EM/DM,A,exam archive,GATE downloads archive,https://gate2026.iitg.ac.in/download.html,Civil Engineering,https://gate2026.iitg.ac.in/doc/download/2024/CE124S3.pdf,PDF resource,English,"Official GATE archive, papers and answer keys"
India,GA/EM/DM,GA/EM/DM,A,exam archive,GATE downloads archive,https://gate2026.iitg.ac.in/download.html,Civil Engineering,https://gate2026.iitg.ac.in/doc/download/2024/CE224S4.pdf,PDF resource,English,"Official GATE archive, papers and answer keys"
India,GA/EM/DM,GA/EM/DM,A,exam archive,GATE downloads archive,https://gate2026.iitg.ac.in/download.html,Civil Engineering,https://gate2026.iitg.ac.in/doc/download/2023/ce1_2023.pdf,PDF resource,English,"Official GATE archive, papers and answer keys"
India,GA/EM/DM,GA/EM/DM,A,exam archive,GATE downloads archive,https://gate2026.iitg.ac.in/download.html,Civil Engineering,https://gate2026.iitg.ac.in/doc/download/2023/ce2_2023.pdf,PDF resource,English,"Official GATE archive, papers and answer keys"
India,GA/EM/DM,GA/EM/DM,A,exam archive,GATE downloads archive,https://gate2026.iitg.ac.in/download.html,Civil Engineering,https://gate2026.iitg.ac.in/doc/download/2022/ce_2022.pdf,PDF resource,English,"Official GATE archive, papers and answer keys"
India,GA/EM/DM,GA/EM/DM,A,exam archive,GATE downloads archive,https://gate2026.iitg.ac.in/download.html,Civil Engineering,https://gate2026.iitg.ac.in/doc/download/2021/ce_2021.pdf,PDF resource,English,"Official GATE archive, papers and answer keys"
India,GA/EM/DM,GA/EM/DM,A,exam archive,GATE downloads archive,https://gate2026.iitg.ac.in/download.html,Civil Engineering,https://gate2026.iitg.ac.in/doc/download/2020/ce_2020.pdf,PDF resource,English,"Official GATE archive, papers and answer keys"
India,GA/EM/DM,GA/EM/DM,A,exam archive,GATE downloads archive,https://gate2026.iitg.ac.in/download.html,Civil Engineering,https://gate2026.iitg.ac.in/doc/download/2019/ce_2019.pdf,PDF resource,English,"Official GATE archive, papers and answer keys"
India,GA/EM/DM,GA/EM/DM,A,exam archive,GATE downloads archive,https://gate2026.iitg.ac.in/download.html,Computer Science & Information Technology,https://gate2026.iitg.ac.in/doc/download/2023/cs_2023.pdf,PDF resource,English,"Official GATE archive, papers and answer keys"
India,GA/EM/DM,GA/EM/DM,A,exam archive,GATE downloads archive,https://gate2026.iitg.ac.in/download.html,Computer Science & Information Technology,https://gate2026.iitg.ac.in/doc/download/2022/cs_2022.pdf,PDF resource,English,"Official GATE archive, papers and answer keys"
India,GA/EM/DM,GA/EM/DM,A,exam archive,GATE downloads archive,https://gate2026.iitg.ac.in/download.html,Computer Science & Information Technology,https://gate2026.iitg.ac.in/doc/download/2021/cs_2021.pdf,PDF resource,English,"Official GATE archive, papers and answer keys"
India,GA/EM/DM,GA/EM/DM,A,exam archive,GATE downloads archive,https://gate2026.iitg.ac.in/download.html,Computer Science & Information Technology,https://gate2026.iitg.ac.in/doc/download/2020/cs_2020.pdf,PDF resource,English,"Official GATE archive, papers and answer keys"
India,GA/EM/DM,GA/EM/DM,A,exam archive,GATE downloads archive,https://gate2026.iitg.ac.in/download.html,Computer Science & Information Technology,https://gate2026.iitg.ac.in/doc/download/2019/cs_2019.pdf,PDF resource,English,"Official GATE archive, papers and answer keys"
India,GA/EM/DM,GA/EM/DM,A,exam archive,GATE downloads archive,https://gate2026.iitg.ac.in/download.html,Computer Science and Information Technology,https://gate2026.iitg.ac.in/doc/download/2025/CS12025.pdf,PDF resource,English,"Official GATE archive, papers and answer keys"
India,GA/EM/DM,GA/EM/DM,A,exam archive,GATE downloads archive,https://gate2026.iitg.ac.in/download.html,Computer Science and Information Technology,https://gate2026.iitg.ac.in/doc/download/2025/CS22025.pdf,PDF resource,English,"Official GATE archive, papers and answer keys"
India,GA/EM/DM,GA/EM/DM,A,exam archive,GATE downloads archive,https://gate2026.iitg.ac.in/download.html,Computer Science and Information Technology,https://gate2026.iitg.ac.in/doc/download/2024/CS124S5.pdf,PDF resource,English,"Official GATE archive, papers and answer keys"
India,GA/EM/DM,GA/EM/DM,A,exam archive,GATE downloads archive,https://gate2026.iitg.ac.in/download.html,Computer Science and Information Technology,https://gate2026.iitg.ac.in/doc/download/2024/CS224S6.pdf,PDF resource,English,"Official GATE archive, papers and answer keys"
India,GA/EM/DM,GA/EM/DM,A,exam archive,GATE downloads archive,https://gate2026.iitg.ac.in/download.html,DA,https://gate2026.iitg.ac.in/doc/download/2025_Key/DA_Keys.pdf,PDF resource,English,"Official GATE archive, papers and answer keys"
India,GA/EM/DM,GA/EM/DM,A,exam archive,GATE downloads archive,https://gate2026.iitg.ac.in/download.html,DA,https://gate2026.iitg.ac.in/doc/download/2024/DAFinalAnswerKey.pdf,PDF solution/answer,English,"Official GATE archive, papers and answer keys"
India,GA/EM/DM,GA/EM/DM,A,exam archive,GATE downloads archive,https://gate2026.iitg.ac.in/download.html,Data Science and Artificial Intelligence,https://gate2026.iitg.ac.in/doc/download/2025/DA2025.pdf,PDF resource,English,"Official GATE archive, papers and answer keys"
India,GA/EM/DM,GA/EM/DM,A,exam archive,GATE downloads archive,https://gate2026.iitg.ac.in/download.html,Data Science and Artificial Intelligence,https://gate2026.iitg.ac.in/doc/download/2024/DA24S1.pdf,PDF resource,English,"Official GATE archive, papers and answer keys"
India,GA/EM/DM,GA/EM/DM,A,exam archive,GATE downloads archive,https://gate2026.iitg.ac.in/download.html,Download Sample Question Paper,https://gate2026.iitg.ac.in/doc/sample-question-paper/Energy Science-SampleQP-Answer Key.pdf,PDF solution/answer,English,"Official GATE archive, papers and answer keys"
India,GA/EM/DM,GA/EM/DM,A,exam archive,GATE downloads archive,https://gate2026.iitg.ac.in/download.html,EC,https://gate2026.iitg.ac.in/doc/download/2025_Key/EC_Keys.pdf,PDF resource,English,"Official GATE archive, papers and answer keys"
India,GA/EM/DM,GA/EM/DM,A,exam archive,GATE downloads archive,https://gate2026.iitg.ac.in/download.html,EC,https://gate2026.iitg.ac.in/doc/download/2024/ECFinalAnswerKey.pdf,PDF solution/answer,English,"Official GATE archive, papers and answer keys"
India,GA/EM/DM,GA/EM/DM,A,exam archive,GATE downloads archive,https://gate2026.iitg.ac.in/download.html,EC,https://gate2026.iitg.ac.in/doc/download/Answer_keys2023/EC_ANS_GATE2023.pdf,PDF solution/answer,English,"Official GATE archive, papers and answer keys"
India,GA/EM/DM,GA/EM/DM,A,exam archive,GATE downloads archive,https://gate2026.iitg.ac.in/download.html,EC,https://gate2026.iitg.ac.in/doc/download/Answer_keys2022/ec_2022.pdf,PDF solution/answer,English,"Official GATE archive, papers and answer keys"
India,GA/EM/DM,GA/EM/DM,A,exam archive,GATE downloads archive,https://gate2026.iitg.ac.in/download.html,EC,https://gate2026.iitg.ac.in/doc/download/Answer_keys2021/ec_2021.pdf,PDF solution/answer,English,"Official GATE archive, papers and answer keys"
India,GA/EM/DM,GA/EM/DM,A,exam archive,GATE downloads archive,https://gate2026.iitg.ac.in/download.html,EE,https://gate2026.iitg.ac.in/doc/download/2025_Key/EE_Keys.pdf,PDF resource,English,"Official GATE archive, papers and answer keys"
India,GA/EM/DM,GA/EM/DM,A,exam archive,GATE downloads archive,https://gate2026.iitg.ac.in/download.html,EE,https://gate2026.iitg.ac.in/doc/download/2024/EEFinalAnswerKey.pdf,PDF solution/answer,English,"Official GATE archive, papers and answer keys"
India,GA/EM/DM,GA/EM/DM,A,exam archive,GATE downloads archive,https://gate2026.iitg.ac.in/download.html,EE,https://gate2026.iitg.ac.in/doc/download/Answer_keys2023/EE_ANS_GATE2023.pdf,PDF solution/answer,English,"Official GATE archive, papers and answer keys"
India,GA/EM/DM,GA/EM/DM,A,exam archive,GATE downloads archive,https://gate2026.iitg.ac.in/download.html,EE,https://gate2026.iitg.ac.in/doc/download/Answer_keys2022/ee_2022.pdf,PDF solution/answer,English,"Official GATE archive, papers and answer keys"
India,GA/EM/DM,GA/EM/DM,A,exam archive,GATE downloads archive,https://gate2026.iitg.ac.in/download.html,EE,https://gate2026.iitg.ac.in/doc/download/Answer_keys2021/ee_2021.pdf,PDF solution/answer,English,"Official GATE archive, papers and answer keys"
India,GA/EM/DM,GA/EM/DM,A,exam archive,GATE downloads archive,https://gate2026.iitg.ac.in/download.html,ES,https://gate2026.iitg.ac.in/doc/download/2025_Key/ES_Keys.pdf,PDF resource,English,"Official GATE archive, papers and answer keys"
India,GA/EM/DM,GA/EM/DM,A,exam archive,GATE downloads archive,https://gate2026.iitg.ac.in/download.html,ES,https://gate2026.iitg.ac.in/doc/download/2024/ESFinalAnswerKey.pdf,PDF solution/answer,English,"Official GATE archive, papers and answer keys"
India,GA/EM/DM,GA/EM/DM,A,exam archive,GATE downloads archive,https://gate2026.iitg.ac.in/download.html,ES,https://gate2026.iitg.ac.in/doc/download/Answer_keys2023/ES_ANS_GATE2023.pdf,PDF solution/answer,English,"Official GATE archive, papers and answer keys"
India,GA/EM/DM,GA/EM/DM,A,exam archive,GATE downloads archive,https://gate2026.iitg.ac.in/download.html,ES,https://gate2026.iitg.ac.in/doc/download/Answer_keys2022/es_2022.pdf,PDF solution/answer,English,"Official GATE archive, papers and answer keys"
India,GA/EM/DM,GA/EM/DM,A,exam archive,GATE downloads archive,https://gate2026.iitg.ac.in/download.html,ES,https://gate2026.iitg.ac.in/doc/download/Answer_keys2021/es_2021.pdf,PDF solution/answer,English,"Official GATE archive, papers and answer keys"
India,GA/EM/DM,GA/EM/DM,A,exam archive,GATE downloads archive,https://gate2026.iitg.ac.in/download.html,EY,https://gate2026.iitg.ac.in/doc/download/2025_Key/EY_Keys.pdf,PDF resource,English,"Official GATE archive, papers and answer keys"
India,GA/EM/DM,GA/EM/DM,A,exam archive,GATE downloads archive,https://gate2026.iitg.ac.in/download.html,EY,https://gate2026.iitg.ac.in/doc/download/2024/EYFinalAnswerKey.pdf,PDF solution/answer,English,"Official GATE archive, papers and answer keys"
India,GA/EM/DM,GA/EM/DM,A,exam archive,GATE downloads archive,https://gate2026.iitg.ac.in/download.html,EY,https://gate2026.iitg.ac.in/doc/download/Answer_keys2023/EY_ANS_GATE2023.pdf,PDF solution/answer,English,"Official GATE archive, papers and answer keys"
India,GA/EM/DM,GA/EM/DM,A,exam archive,GATE downloads archive,https://gate2026.iitg.ac.in/download.html,EY,https://gate2026.iitg.ac.in/doc/download/Answer_keys2022/ey_2022.pdf,PDF solution/answer,English,"Official GATE archive, papers and answer keys"
India,GA/EM/DM,GA/EM/DM,A,exam archive,GATE downloads archive,https://gate2026.iitg.ac.in/download.html,EY,https://gate2026.iitg.ac.in/doc/download/Answer_keys2021/ey_2021.pdf,PDF solution/answer,English,"Official GATE archive, papers and answer keys"
India,GA/EM/DM,GA/EM/DM,A,exam archive,GATE downloads archive,https://gate2026.iitg.ac.in/download.html,Ecology and Evolution,https://gate2026.iitg.ac.in/doc/download/2025/EY2025.pdf,PDF resource,English,"Official GATE archive, papers and answer keys"
India,GA/EM/DM,GA/EM/DM,A,exam archive,GATE downloads archive,https://gate2026.iitg.ac.in/download.html,Ecology and Evolution,https://gate2026.iitg.ac.in/doc/download/2024/EY24S3.pdf,PDF resource,English,"Official GATE archive, papers and answer keys"
India,GA/EM/DM,GA/EM/DM,A,exam archive,GATE downloads archive,https://gate2026.iitg.ac.in/download.html,Ecology and Evolution,https://gate2026.iitg.ac.in/doc/download/2023/ey_2023.pdf,PDF resource,English,"Official GATE archive, papers and answer keys"
India,GA/EM/DM,GA/EM/DM,A,exam archive,GATE downloads archive,https://gate2026.iitg.ac.in/download.html,Ecology and Evolution,https://gate2026.iitg.ac.in/doc/download/2022/ey_2022.pdf,PDF resource,English,"Official GATE archive, papers and answer keys"
India,GA/EM/DM,GA/EM/DM,A,exam archive,GATE downloads archive,https://gate2026.iitg.ac.in/download.html,Ecology and Evolution,https://gate2026.iitg.ac.in/doc/download/2021/ey_2021.pdf,PDF resource,English,"Official GATE archive, papers and answer keys"
India,GA/EM/DM,GA/EM/DM,A,exam archive,GATE downloads archive,https://gate2026.iitg.ac.in/download.html,Ecology and Evolution,https://gate2026.iitg.ac.in/doc/download/2020/ey_2020.pdf,PDF resource,English,"Official GATE archive, papers and answer keys"
India,GA/EM/DM,GA/EM/DM,A,exam archive,GATE downloads archive,https://gate2026.iitg.ac.in/download.html,Ecology and Evolution,https://gate2026.iitg.ac.in/doc/download/2019/ey_2019.pdf,PDF resource,English,"Official GATE archive, papers and answer keys"
India,GA/EM/DM,GA/EM/DM,A,exam archive,GATE downloads archive,https://gate2026.iitg.ac.in/download.html,Electrical Engineering,https://gate2026.iitg.ac.in/doc/download/2025/EE2025.pdf,PDF resource,English,"Official GATE archive, papers and answer keys"
India,GA/EM/DM,GA/EM/DM,A,exam archive,GATE downloads archive,https://gate2026.iitg.ac.in/download.html,Electrical Engineering,https://gate2026.iitg.ac.in/doc/download/2024/EE24S8.pdf,PDF resource,English,"Official GATE archive, papers and answer keys"
India,GA/EM/DM,GA/EM/DM,A,exam archive,GATE downloads archive,https://gate2026.iitg.ac.in/download.html,Electrical Engineering,https://gate2026.iitg.ac.in/doc/download/2023/ee_2023.pdf,PDF resource,English,"Official GATE archive, papers and answer keys"
India,GA/EM/DM,GA/EM/DM,A,exam archive,GATE downloads archive,https://gate2026.iitg.ac.in/download.html,Electrical Engineering,https://gate2026.iitg.ac.in/doc/download/2022/ee_2022.pdf,PDF resource,English,"Official GATE archive, papers and answer keys"
India,GA/EM/DM,GA/EM/DM,A,exam archive,GATE downloads archive,https://gate2026.iitg.ac.in/download.html,Electrical Engineering,https://gate2026.iitg.ac.in/doc/download/2021/ee_2021.pdf,PDF resource,English,"Official GATE archive, papers and answer keys"
India,GA/EM/DM,GA/EM/DM,A,exam archive,GATE downloads archive,https://gate2026.iitg.ac.in/download.html,Electrical Engineering,https://gate2026.iitg.ac.in/doc/download/2020/ee_2020.pdf,PDF resource,English,"Official GATE archive, papers and answer keys"
India,GA/EM/DM,GA/EM/DM,A,exam archive,GATE downloads archive,https://gate2026.iitg.ac.in/download.html,Electrical Engineering,https://gate2026.iitg.ac.in/doc/download/2019/ee_2019.pdf,PDF resource,English,"Official GATE archive, papers and answer keys"
India,GA/EM/DM,GA/EM/DM,A,exam archive,GATE downloads archive,https://gate2026.iitg.ac.in/download.html,Electronics & Communication Engineering,https://gate2026.iitg.ac.in/doc/download/2023/ec_2023.pdf,PDF resource,English,"Official GATE archive, papers and answer keys"
India,GA/EM/DM,GA/EM/DM,A,exam archive,GATE downloads archive,https://gate2026.iitg.ac.in/download.html,Electronics & Communication Engineering,https://gate2026.iitg.ac.in/doc/download/2022/ec_2022.pdf,PDF resource,English,"Official GATE archive, papers and answer keys"
India,GA/EM/DM,GA/EM/DM,A,exam archive,GATE downloads archive,https://gate2026.iitg.ac.in/download.html,Electronics & Communication Engineering,https://gate2026.iitg.ac.in/doc/download/2021/ec_2021.pdf,PDF resource,English,"Official GATE archive, papers and answer keys"
India,GA/EM/DM,GA/EM/DM,A,exam archive,GATE downloads archive,https://gate2026.iitg.ac.in/download.html,Electronics & Communication Engineering,https://gate2026.iitg.ac.in/doc/download/2020/ec_2020.pdf,PDF resource,English,"Official GATE archive, papers and answer keys"
India,GA/EM/DM,GA/EM/DM,A,exam archive,GATE downloads archive,https://gate2026.iitg.ac.in/download.html,Electronics & Communication Engineering,https://gate2026.iitg.ac.in/doc/download/2019/ec_2019.pdf,PDF resource,English,"Official GATE archive, papers and answer keys"
India,GA/EM/DM,GA/EM/DM,A,exam archive,GATE downloads archive,https://gate2026.iitg.ac.in/download.html,Electronics and Communication Engineering,https://gate2026.iitg.ac.in/doc/download/2025/EC2025.pdf,PDF resource,English,"Official GATE archive, papers and answer keys"
India,GA/EM/DM,GA/EM/DM,A,exam archive,GATE downloads archive,https://gate2026.iitg.ac.in/download.html,Electronics and Communication Engineering,https://gate2026.iitg.ac.in/doc/download/2024/EC24S7.pdf,PDF resource,English,"Official GATE archive, papers and answer keys"
India,GA/EM/DM,GA/EM/DM,A,exam archive,GATE downloads archive,https://gate2026.iitg.ac.in/download.html,Engineering Sciences,https://gate2026.iitg.ac.in/doc/download/2025/XE2025.pdf,PDF resource,English,"Official GATE archive, papers and answer keys"
India,GA/EM/DM,GA/EM/DM,A,exam archive,GATE downloads archive,https://gate2026.iitg.ac.in/download.html,Engineering Sciences,https://gate2026.iitg.ac.in/doc/download/2024/XE24S6.pdf,PDF resource,English,"Official GATE archive, papers and answer keys"
India,GA/EM/DM,GA/EM/DM,A,exam archive,GATE downloads archive,https://gate2026.iitg.ac.in/download.html,Engineering Sciences,https://gate2026.iitg.ac.in/doc/download/2023/xe_2023.pdf,PDF resource,English,"Official GATE archive, papers and answer keys"
India,GA/EM/DM,GA/EM/DM,A,exam archive,GATE downloads archive,https://gate2026.iitg.ac.in/download.html,Engineering Sciences,https://gate2026.iitg.ac.in/doc/download/2022/xe_2022.pdf,PDF resource,English,"Official GATE archive, papers and answer keys"
India,GA/EM/DM,GA/EM/DM,A,exam archive,GATE downloads archive,https://gate2026.iitg.ac.in/download.html,Engineering Sciences,https://gate2026.iitg.ac.in/doc/download/2021/xe_2021.pdf,PDF resource,English,"Official GATE archive, papers and answer keys"
India,GA/EM/DM,GA/EM/DM,A,exam archive,GATE downloads archive,https://gate2026.iitg.ac.in/download.html,Engineering Sciences,https://gate2026.iitg.ac.in/doc/download/2020/xe_2020.pdf,PDF resource,English,"Official GATE archive, papers and answer keys"
India,GA/EM/DM,GA/EM/DM,A,exam archive,GATE downloads archive,https://gate2026.iitg.ac.in/download.html,Engineering Sciences,https://gate2026.iitg.ac.in/doc/download/2019/xe_2019.pdf,PDF resource,English,"Official GATE archive, papers and answer keys"
India,GA/EM/DM,GA/EM/DM,A,exam archive,GATE downloads archive,https://gate2026.iitg.ac.in/download.html,Environmental Science & Engineering,https://gate2026.iitg.ac.in/doc/download/2025/ES2025.pdf,PDF resource,English,"Official GATE archive, papers and answer keys"
India,GA/EM/DM,GA/EM/DM,A,exam archive,GATE downloads archive,https://gate2026.iitg.ac.in/download.html,Environmental Science & Engineering,https://gate2026.iitg.ac.in/doc/download/2024/ES24S1.pdf,PDF resource,English,"Official GATE archive, papers and answer keys"
India,GA/EM/DM,GA/EM/DM,A,exam archive,GATE downloads archive,https://gate2026.iitg.ac.in/download.html,Environmental Science & Engineering,https://gate2026.iitg.ac.in/doc/download/2023/es_2023.pdf,PDF resource,English,"Official GATE archive, papers and answer keys"
India,GA/EM/DM,GA/EM/DM,A,exam archive,GATE downloads archive,https://gate2026.iitg.ac.in/download.html,Environmental Science & Engineering,https://gate2026.iitg.ac.in/doc/download/2022/es_2022.pdf,PDF resource,English,"Official GATE archive, papers and answer keys"
India,GA/EM/DM,GA/EM/DM,A,exam archive,GATE downloads archive,https://gate2026.iitg.ac.in/download.html,Environmental Science & Engineering,https://gate2026.iitg.ac.in/doc/download/2021/es_2021.pdf,PDF resource,English,"Official GATE archive, papers and answer keys"
India,GA/EM/DM,GA/EM/DM,B,exam archive,GATE downloads archive,https://gate2026.iitg.ac.in/download.html,Exam Cities,https://gate2026.iitg.ac.in/exam-cities.html,HTML paper/problem/practice,English,"Official GATE archive, papers and answer keys"
India,GA/EM/DM,GA/EM/DM,B,exam archive,GATE downloads archive,https://gate2026.iitg.ac.in/download.html,GATE 2026 Examination Schedule,https://gate2026.iitg.ac.in/examination-schedule.html,HTML paper/problem/practice,English,"Official GATE archive, papers and answer keys"
India,GA/EM/DM,GA/EM/DM,A,exam archive,GATE downloads archive,https://gate2026.iitg.ac.in/download.html,GATE 2026 INFORMATION BROCHURE,https://gate2026.iitg.ac.in/doc/IB/GATE2026-IB-10102025.pdf,PDF resource,English,"Official GATE archive, papers and answer keys"
India,GA/EM/DM,GA/EM/DM,B,exam archive,GATE downloads archive,https://gate2026.iitg.ac.in/download.html,GATE 2026 MASTER QUESTION PAPERS AND ANSWER KEYS,https://gate2026.iitg.ac.in/QPs-answer-keys.html,HTML solution/answer,English,"Official GATE archive, papers and answer keys"
India,GA/EM/DM,GA/EM/DM,A,exam archive,GATE downloads archive,https://gate2026.iitg.ac.in/download.html,GATE 2026 NEWSPAPER ADVERTISEMENT,https://gate2026.iitg.ac.in/doc/download/GATE2026_Newspaper_Advertisement.pdf,PDF paper/problem,English,"Official GATE archive, papers and answer keys"
India,GA/EM/DM,GA/EM/DM,A,exam archive,GATE downloads archive,https://gate2026.iitg.ac.in/download.html,GATE 2026 POSTER,https://gate2026.iitg.ac.in/doc/Poster/Final Poster Design for GATE 2026.pdf,PDF resource,English,"Official GATE archive, papers and answer keys"
India,GA/EM/DM,GA/EM/DM,B,exam archive,GATE downloads archive,https://gate2026.iitg.ac.in/download.html,GATE 2026 Test PAPERS & Syllabus,https://gate2026.iitg.ac.in/exam-papers-and-syllabus.html,HTML paper/problem/practice,English,"Official GATE archive, papers and answer keys"
India,GA/EM/DM,GA/EM/DM,B,exam archive,GATE downloads archive,https://gate2026.iitg.ac.in/download.html,GATE 2026 Two-Paper Combinations,https://gate2026.iitg.ac.in/two-paper-combinations.html,HTML paper/problem/practice,English,"Official GATE archive, papers and answer keys"
India,GA/EM/DM,GA/EM/DM,A,exam archive,GATE downloads archive,https://gate2026.iitg.ac.in/download.html,GATE downloads archive — official gateway,https://gate2026.iitg.ac.in/download.html,Official gateway,English,"Official GATE archive, papers and answer keys"
India,GA/EM/DM,GA/EM/DM,A,exam archive,GATE downloads archive,https://gate2026.iitg.ac.in/download.html,GE,https://gate2026.iitg.ac.in/doc/download/2025_Key/GE_Keys.pdf,PDF resource,English,"Official GATE archive, papers and answer keys"
India,GA/EM/DM,GA/EM/DM,A,exam archive,GATE downloads archive,https://gate2026.iitg.ac.in/download.html,GE,https://gate2026.iitg.ac.in/doc/download/2024/GEFinalAnswerKey.pdf,PDF solution/answer,English,"Official GATE archive, papers and answer keys"
India,GA/EM/DM,GA/EM/DM,A,exam archive,GATE downloads archive,https://gate2026.iitg.ac.in/download.html,GE,https://gate2026.iitg.ac.in/doc/download/Answer_keys2023/GE_ANS_GATE2023.pdf,PDF solution/answer,English,"Official GATE archive, papers and answer keys"
India,GA/EM/DM,GA/EM/DM,A,exam archive,GATE downloads archive,https://gate2026.iitg.ac.in/download.html,GE,https://gate2026.iitg.ac.in/doc/download/Answer_keys2022/ge_2022.pdf,PDF solution/answer,English,"Official GATE archive, papers and answer keys"
India,GA/EM/DM,GA/EM/DM,A,exam archive,GATE downloads archive,https://gate2026.iitg.ac.in/download.html,GG,https://gate2026.iitg.ac.in/doc/download/Answer_keys2022/gg-merged_2022.pdf,PDF solution/answer,English,"Official GATE archive, papers and answer keys"
India,GA/EM/DM,GA/EM/DM,A,exam archive,GATE downloads archive,https://gate2026.iitg.ac.in/download.html,GG,https://gate2026.iitg.ac.in/doc/download/Answer_keys2021/gg_2021.pdf,PDF solution/answer,English,"Official GATE archive, papers and answer keys"
India,GA/EM/DM,GA/EM/DM,A,exam archive,GATE downloads archive,https://gate2026.iitg.ac.in/download.html,GG-1,https://gate2026.iitg.ac.in/doc/download/2025_Key/GG1_Keys.pdf,PDF resource,English,"Official GATE archive, papers and answer keys"
India,GA/EM/DM,GA/EM/DM,A,exam archive,GATE downloads archive,https://gate2026.iitg.ac.in/download.html,GG-1,https://gate2026.iitg.ac.in/doc/download/2024/GG1FinalAnswerKey.pdf,PDF solution/answer,English,"Official GATE archive, papers and answer keys"
India,GA/EM/DM,GA/EM/DM,A,exam archive,GATE downloads archive,https://gate2026.iitg.ac.in/download.html,GG-1,https://gate2026.iitg.ac.in/doc/download/Answer_keys2023/GG_G1_ANS_GATE2023.pdf,PDF solution/answer,English,"Official GATE archive, papers and answer keys"
India,GA/EM/DM,GA/EM/DM,A,exam archive,GATE downloads archive,https://gate2026.iitg.ac.in/download.html,GG-2,https://gate2026.iitg.ac.in/doc/download/2025_Key/GG2_Keys.pdf,PDF resource,English,"Official GATE archive, papers and answer keys"
India,GA/EM/DM,GA/EM/DM,A,exam archive,GATE downloads archive,https://gate2026.iitg.ac.in/download.html,GG-2,https://gate2026.iitg.ac.in/doc/download/2024/GG2FinalAnswerKey.pdf,PDF solution/answer,English,"Official GATE archive, papers and answer keys"
India,GA/EM/DM,GA/EM/DM,A,exam archive,GATE downloads archive,https://gate2026.iitg.ac.in/download.html,GG-2,https://gate2026.iitg.ac.in/doc/download/Answer_keys2023/GG_G2_ANS_GATE2023.pdf,PDF solution/answer,English,"Official GATE archive, papers and answer keys"
India,GA/EM/DM,GA/EM/DM,A,exam archive,GATE downloads archive,https://gate2026.iitg.ac.in/download.html,Geology & Geophysics,https://gate2026.iitg.ac.in/doc/download/2022/gg_2022.pdf,PDF resource,English,"Official GATE archive, papers and answer keys"
India,GA/EM/DM,GA/EM/DM,A,exam archive,GATE downloads archive,https://gate2026.iitg.ac.in/download.html,Geology & Geophysics,https://gate2026.iitg.ac.in/doc/download/2021/gg_2021.pdf,PDF resource,English,"Official GATE archive, papers and answer keys"
India,GA/EM/DM,GA/EM/DM,A,exam archive,GATE downloads archive,https://gate2026.iitg.ac.in/download.html,Geology & Geophysics,https://gate2026.iitg.ac.in/doc/download/2020/gg_2020.pdf,PDF resource,English,"Official GATE archive, papers and answer keys"
India,GA/EM/DM,GA/EM/DM,A,exam archive,GATE downloads archive,https://gate2026.iitg.ac.in/download.html,Geology & Geophysics,https://gate2026.iitg.ac.in/doc/download/2019/gg_2019.pdf,PDF resource,English,"Official GATE archive, papers and answer keys"
India,GA/EM/DM,GA/EM/DM,A,exam archive,GATE downloads archive,https://gate2026.iitg.ac.in/download.html,Geology and Geophysics - Geology,https://gate2026.iitg.ac.in/doc/download/2025/GG-1_2025.pdf,PDF resource,English,"Official GATE archive, papers and answer keys"
India,GA/EM/DM,GA/EM/DM,A,exam archive,GATE downloads archive,https://gate2026.iitg.ac.in/download.html,Geology and Geophysics - Geology,https://gate2026.iitg.ac.in/doc/download/2024/GG124S3.pdf,PDF resource,English,"Official GATE archive, papers and answer keys"
India,GA/EM/DM,GA/EM/DM,A,exam archive,GATE downloads archive,https://gate2026.iitg.ac.in/download.html,Geology and Geophysics - Geology,https://gate2026.iitg.ac.in/doc/download/2023/gg1_2023.pdf,PDF resource,English,"Official GATE archive, papers and answer keys"
India,GA/EM/DM,GA/EM/DM,A,exam archive,GATE downloads archive,https://gate2026.iitg.ac.in/download.html,Geology and Geophysics - Geophysics,https://gate2026.iitg.ac.in/doc/download/2025/GG-2_2025.pdf,PDF resource,English,"Official GATE archive, papers and answer keys"
India,GA/EM/DM,GA/EM/DM,A,exam archive,GATE downloads archive,https://gate2026.iitg.ac.in/download.html,Geology and Geophysics - Geophysics,https://gate2026.iitg.ac.in/doc/download/2024/GG224S3.pdf,PDF resource,English,"Official GATE archive, papers and answer keys"
India,GA/EM/DM,GA/EM/DM,A,exam archive,GATE downloads archive,https://gate2026.iitg.ac.in/download.html,Geology and Geophysics - Geophysics,https://gate2026.iitg.ac.in/doc/download/2023/gg2_2023.pdf,PDF resource,English,"Official GATE archive, papers and answer keys"
India,GA/EM/DM,GA/EM/DM,A,exam archive,GATE downloads archive,https://gate2026.iitg.ac.in/download.html,Geomatics Engineering,https://gate2026.iitg.ac.in/doc/download/2025/GE2025.pdf,PDF resource,English,"Official GATE archive, papers and answer keys"
India,GA/EM/DM,GA/EM/DM,A,exam archive,GATE downloads archive,https://gate2026.iitg.ac.in/download.html,Geomatics Engineering,https://gate2026.iitg.ac.in/doc/download/2024/GE24S2.pdf,PDF resource,English,"Official GATE archive, papers and answer keys"
India,GA/EM/DM,GA/EM/DM,A,exam archive,GATE downloads archive,https://gate2026.iitg.ac.in/download.html,Geomatics Engineering,https://gate2026.iitg.ac.in/doc/download/2023/ge_2023.pdf,PDF resource,English,"Official GATE archive, papers and answer keys"
India,GA/EM/DM,GA/EM/DM,A,exam archive,GATE downloads archive,https://gate2026.iitg.ac.in/download.html,Geomatics Engineering,https://gate2026.iitg.ac.in/doc/download/2022/ge_2022.pdf,PDF resource,English,"Official GATE archive, papers and answer keys"
India,GA/EM/DM,GA/EM/DM,A,exam archive,GATE downloads archive,https://gate2026.iitg.ac.in/download.html,Humanities & Social Sciences,https://gate2026.iitg.ac.in/doc/download/2023/xh_2023.pdf,PDF resource,English,"Official GATE archive, papers and answer keys"
India,GA/EM/DM,GA/EM/DM,A,exam archive,GATE downloads archive,https://gate2026.iitg.ac.in/download.html,Humanities & Social Sciences,https://gate2026.iitg.ac.in/doc/download/2022/xh_2022.pdf,PDF resource,English,"Official GATE archive, papers and answer keys"
India,GA/EM/DM,GA/EM/DM,A,exam archive,GATE downloads archive,https://gate2026.iitg.ac.in/download.html,Humanities & Social Sciences,https://gate2026.iitg.ac.in/doc/download/2021/xh_2021.pdf,PDF resource,English,"Official GATE archive, papers and answer keys"
India,GA/EM/DM,GA/EM/DM,A,exam archive,GATE downloads archive,https://gate2026.iitg.ac.in/download.html,Humanities & Social Sciences - Economics,https://gate2026.iitg.ac.in/doc/download/2025/XH-C1-2025.pdf,PDF resource,English,"Official GATE archive, papers and answer keys"
India,GA/EM/DM,GA/EM/DM,A,exam archive,GATE downloads archive,https://gate2026.iitg.ac.in/download.html,Humanities & Social Sciences - Economics,https://gate2026.iitg.ac.in/doc/download/2024/XHC124S3.pdf,PDF resource,English,"Official GATE archive, papers and answer keys"
India,GA/EM/DM,GA/EM/DM,A,exam archive,GATE downloads archive,https://gate2026.iitg.ac.in/download.html,Humanities & Social Sciences - English,https://gate2026.iitg.ac.in/doc/download/2025/XH-C2-2025.pdf,PDF resource,English,"Official GATE archive, papers and answer keys"
India,GA/EM/DM,GA/EM/DM,A,exam archive,GATE downloads archive,https://gate2026.iitg.ac.in/download.html,Humanities & Social Sciences - English,https://gate2026.iitg.ac.in/doc/download/2024/XHC224S3.pdf,PDF resource,English,"Official GATE archive, papers and answer keys"
India,GA/EM/DM,GA/EM/DM,A,exam archive,GATE downloads archive,https://gate2026.iitg.ac.in/download.html,Humanities & Social Sciences - Linguistics,https://gate2026.iitg.ac.in/doc/download/2025/XH-C3-2025.pdf,PDF resource,English,"Official GATE archive, papers and answer keys"
India,GA/EM/DM,GA/EM/DM,A,exam archive,GATE downloads archive,https://gate2026.iitg.ac.in/download.html,Humanities & Social Sciences - Linguistics,https://gate2026.iitg.ac.in/doc/download/2024/XHC324S3.pdf,PDF resource,English,"Official GATE archive, papers and answer keys"
India,GA/EM/DM,GA/EM/DM,A,exam archive,GATE downloads archive,https://gate2026.iitg.ac.in/download.html,Humanities & Social Sciences - Philosophy,https://gate2026.iitg.ac.in/doc/download/2025/XH-C4-2025.pdf,PDF resource,English,"Official GATE archive, papers and answer keys"
India,GA/EM/DM,GA/EM/DM,A,exam archive,GATE downloads archive,https://gate2026.iitg.ac.in/download.html,Humanities & Social Sciences - Philosophy,https://gate2026.iitg.ac.in/doc/download/2024/XHC424S3.pdf,PDF resource,English,"Official GATE archive, papers and answer keys"
India,GA/EM/DM,GA/EM/DM,A,exam archive,GATE downloads archive,https://gate2026.iitg.ac.in/download.html,Humanities & Social Sciences - Psychology,https://gate2026.iitg.ac.in/doc/download/2025/XH-C5-2025.pdf,PDF resource,English,"Official GATE archive, papers and answer keys"
India,GA/EM/DM,GA/EM/DM,A,exam archive,GATE downloads archive,https://gate2026.iitg.ac.in/download.html,Humanities & Social Sciences - Psychology,https://gate2026.iitg.ac.in/doc/download/2024/XHC524S3.pdf,PDF resource,English,"Official GATE archive, papers and answer keys"
India,GA/EM/DM,GA/EM/DM,A,exam archive,GATE downloads archive,https://gate2026.iitg.ac.in/download.html,Humanities & Social Sciences - Sociology,https://gate2026.iitg.ac.in/doc/download/2025/XH-C6-2025.pdf,PDF resource,English,"Official GATE archive, papers and answer keys"
India,GA/EM/DM,GA/EM/DM,A,exam archive,GATE downloads archive,https://gate2026.iitg.ac.in/download.html,Humanities & Social Sciences - Sociology,https://gate2026.iitg.ac.in/doc/download/2024/XHC624S3.pdf,PDF resource,English,"Official GATE archive, papers and answer keys"
India,GA/EM/DM,GA/EM/DM,A,exam archive,GATE downloads archive,https://gate2026.iitg.ac.in/download.html,IN,https://gate2026.iitg.ac.in/doc/download/2025_Key/IN_Keys.pdf,PDF resource,English,"Official GATE archive, papers and answer keys"
India,GA/EM/DM,GA/EM/DM,A,exam archive,GATE downloads archive,https://gate2026.iitg.ac.in/download.html,IN,https://gate2026.iitg.ac.in/doc/download/2024/INFinalAnswerKey.pdf,PDF solution/answer,English,"Official GATE archive, papers and answer keys"
India,GA/EM/DM,GA/EM/DM,A,exam archive,GATE downloads archive,https://gate2026.iitg.ac.in/download.html,IN,https://gate2026.iitg.ac.in/doc/download/Answer_keys2023/IN_ANS_GATE2023.pdf,PDF solution/answer,English,"Official GATE archive, papers and answer keys"
India,GA/EM/DM,GA/EM/DM,A,exam archive,GATE downloads archive,https://gate2026.iitg.ac.in/download.html,IN,https://gate2026.iitg.ac.in/doc/download/Answer_keys2022/in_2022.pdf,PDF solution/answer,English,"Official GATE archive, papers and answer keys"
India,GA/EM/DM,GA/EM/DM,A,exam archive,GATE downloads archive,https://gate2026.iitg.ac.in/download.html,IN,https://gate2026.iitg.ac.in/doc/download/Answer_keys2021/in_2021.pdf,PDF solution/answer,English,"Official GATE archive, papers and answer keys"
India,GA/EM/DM,GA/EM/DM,A,exam archive,GATE downloads archive,https://gate2026.iitg.ac.in/download.html,Instrumentation Engineering,https://gate2026.iitg.ac.in/doc/download/2025/IN2025.pdf,PDF resource,English,"Official GATE archive, papers and answer keys"
India,GA/EM/DM,GA/EM/DM,A,exam archive,GATE downloads archive,https://gate2026.iitg.ac.in/download.html,Instrumentation Engineering,https://gate2026.iitg.ac.in/doc/download/2024/IN24S4.pdf,PDF resource,English,"Official GATE archive, papers and answer keys"
India,GA/EM/DM,GA/EM/DM,A,exam archive,GATE downloads archive,https://gate2026.iitg.ac.in/download.html,Instrumentation Engineering,https://gate2026.iitg.ac.in/doc/download/2023/in_2023.pdf,PDF resource,English,"Official GATE archive, papers and answer keys"
India,GA/EM/DM,GA/EM/DM,A,exam archive,GATE downloads archive,https://gate2026.iitg.ac.in/download.html,Instrumentation Engineering,https://gate2026.iitg.ac.in/doc/download/2022/in_2022.pdf,PDF resource,English,"Official GATE archive, papers and answer keys"
India,GA/EM/DM,GA/EM/DM,A,exam archive,GATE downloads archive,https://gate2026.iitg.ac.in/download.html,Instrumentation Engineering,https://gate2026.iitg.ac.in/doc/download/2021/in_2021.pdf,PDF resource,English,"Official GATE archive, papers and answer keys"
India,GA/EM/DM,GA/EM/DM,A,exam archive,GATE downloads archive,https://gate2026.iitg.ac.in/download.html,Instrumentation Engineering,https://gate2026.iitg.ac.in/doc/download/2020/in_2020.pdf,PDF resource,English,"Official GATE archive, papers and answer keys"
India,GA/EM/DM,GA/EM/DM,A,exam archive,GATE downloads archive,https://gate2026.iitg.ac.in/download.html,Instrumentation Engineering,https://gate2026.iitg.ac.in/doc/download/2019/in_2019.pdf,PDF resource,English,"Official GATE archive, papers and answer keys"
India,GA/EM/DM,GA/EM/DM,A,exam archive,GATE downloads archive,https://gate2026.iitg.ac.in/download.html,Life Sciences,https://gate2026.iitg.ac.in/doc/download/2025/XL2025.pdf,PDF resource,English,"Official GATE archive, papers and answer keys"
India,GA/EM/DM,GA/EM/DM,A,exam archive,GATE downloads archive,https://gate2026.iitg.ac.in/download.html,Life Sciences,https://gate2026.iitg.ac.in/doc/download/2024/XL24S6.pdf,PDF resource,English,"Official GATE archive, papers and answer keys"
India,GA/EM/DM,GA/EM/DM,A,exam archive,GATE downloads archive,https://gate2026.iitg.ac.in/download.html,Life Sciences,https://gate2026.iitg.ac.in/doc/download/2023/xl_2023.pdf,PDF resource,English,"Official GATE archive, papers and answer keys"
India,GA/EM/DM,GA/EM/DM,A,exam archive,GATE downloads archive,https://gate2026.iitg.ac.in/download.html,Life Sciences,https://gate2026.iitg.ac.in/doc/download/2022/xl_2022.pdf,PDF resource,English,"Official GATE archive, papers and answer keys"
India,GA/EM/DM,GA/EM/DM,A,exam archive,GATE downloads archive,https://gate2026.iitg.ac.in/download.html,Life Sciences,https://gate2026.iitg.ac.in/doc/download/2021/xl_2021.pdf,PDF resource,English,"Official GATE archive, papers and answer keys"
India,GA/EM/DM,GA/EM/DM,A,exam archive,GATE downloads archive,https://gate2026.iitg.ac.in/download.html,Life Sciences,https://gate2026.iitg.ac.in/doc/download/2020/xl_2020.pdf,PDF resource,English,"Official GATE archive, papers and answer keys"
India,GA/EM/DM,GA/EM/DM,A,exam archive,GATE downloads archive,https://gate2026.iitg.ac.in/download.html,Life Sciences,https://gate2026.iitg.ac.in/doc/download/2019/xl_2019.pdf,PDF resource,English,"Official GATE archive, papers and answer keys"
India,GA/EM/DM,GA/EM/DM,A,exam archive,GATE downloads archive,https://gate2026.iitg.ac.in/download.html,MA,https://gate2026.iitg.ac.in/doc/download/2025_Key/MA_Keys.pdf,PDF resource,English,"Official GATE archive, papers and answer keys"
India,GA/EM/DM,GA/EM/DM,A,exam archive,GATE downloads archive,https://gate2026.iitg.ac.in/download.html,MA,https://gate2026.iitg.ac.in/doc/download/2024/MAFinalAnswerKey.pdf,PDF solution/answer,English,"Official GATE archive, papers and answer keys"
India,GA/EM/DM,GA/EM/DM,A,exam archive,GATE downloads archive,https://gate2026.iitg.ac.in/download.html,MA,https://gate2026.iitg.ac.in/doc/download/Answer_keys2023/MA_ANS_GATE2023.pdf,PDF solution/answer,English,"Official GATE archive, papers and answer keys"
India,GA/EM/DM,GA/EM/DM,A,exam archive,GATE downloads archive,https://gate2026.iitg.ac.in/download.html,MA,https://gate2026.iitg.ac.in/doc/download/Answer_keys2022/ma_2022.pdf,PDF solution/answer,English,"Official GATE archive, papers and answer keys"
India,GA/EM/DM,GA/EM/DM,A,exam archive,GATE downloads archive,https://gate2026.iitg.ac.in/download.html,MA,https://gate2026.iitg.ac.in/doc/download/Answer_keys2021/ma_2021.pdf,PDF solution/answer,English,"Official GATE archive, papers and answer keys"
India,GA/EM/DM,GA/EM/DM,A,exam archive,GATE downloads archive,https://gate2026.iitg.ac.in/download.html,ME,https://gate2026.iitg.ac.in/doc/download/2025_Key/ME_Keys.pdf,PDF resource,English,"Official GATE archive, papers and answer keys"
India,GA/EM/DM,GA/EM/DM,A,exam archive,GATE downloads archive,https://gate2026.iitg.ac.in/download.html,ME,https://gate2026.iitg.ac.in/doc/download/2024/MEFinalAnswerKey.pdf,PDF solution/answer,English,"Official GATE archive, papers and answer keys"
India,GA/EM/DM,GA/EM/DM,A,exam archive,GATE downloads archive,https://gate2026.iitg.ac.in/download.html,ME,https://gate2026.iitg.ac.in/doc/download/Answer_keys2023/ME_ANS_GATE2023.pdf,PDF solution/answer,English,"Official GATE archive, papers and answer keys"
India,GA/EM/DM,GA/EM/DM,A,exam archive,GATE downloads archive,https://gate2026.iitg.ac.in/download.html,ME,https://gate2026.iitg.ac.in/doc/download/Answer_keys2022/me-merged_2022.pdf,PDF solution/answer,English,"Official GATE archive, papers and answer keys"
India,GA/EM/DM,GA/EM/DM,A,exam archive,GATE downloads archive,https://gate2026.iitg.ac.in/download.html,ME,https://gate2026.iitg.ac.in/doc/download/Answer_keys2021/me_merged_2021.pdf,PDF solution/answer,English,"Official GATE archive, papers and answer keys"
India,GA/EM/DM,GA/EM/DM,A,exam archive,GATE downloads archive,https://gate2026.iitg.ac.in/download.html,MN,https://gate2026.iitg.ac.in/doc/download/2025_Key/MN_Keys.pdf,PDF resource,English,"Official GATE archive, papers and answer keys"
India,GA/EM/DM,GA/EM/DM,A,exam archive,GATE downloads archive,https://gate2026.iitg.ac.in/download.html,MN,https://gate2026.iitg.ac.in/doc/download/2024/MNFinalAnswerKey.pdf,PDF solution/answer,English,"Official GATE archive, papers and answer keys"
India,GA/EM/DM,GA/EM/DM,A,exam archive,GATE downloads archive,https://gate2026.iitg.ac.in/download.html,MN,https://gate2026.iitg.ac.in/doc/download/Answer_keys2023/MN_ANS_GATE2023.pdf,PDF solution/answer,English,"Official GATE archive, papers and answer keys"
India,GA/EM/DM,GA/EM/DM,A,exam archive,GATE downloads archive,https://gate2026.iitg.ac.in/download.html,MN,https://gate2026.iitg.ac.in/doc/download/Answer_keys2022/mn_2022.pdf,PDF solution/answer,English,"Official GATE archive, papers and answer keys"
India,GA/EM/DM,GA/EM/DM,A,exam archive,GATE downloads archive,https://gate2026.iitg.ac.in/download.html,MN,https://gate2026.iitg.ac.in/doc/download/Answer_keys2021/mn_2021.pdf,PDF solution/answer,English,"Official GATE archive, papers and answer keys"
India,GA/EM/DM,GA/EM/DM,A,exam archive,GATE downloads archive,https://gate2026.iitg.ac.in/download.html,MT,https://gate2026.iitg.ac.in/doc/download/2025_Key/MT_Keys.pdf,PDF resource,English,"Official GATE archive, papers and answer keys"
India,GA/EM/DM,GA/EM/DM,A,exam archive,GATE downloads archive,https://gate2026.iitg.ac.in/download.html,MT,https://gate2026.iitg.ac.in/doc/download/2024/MTFinalAnswerKey.pdf,PDF solution/answer,English,"Official GATE archive, papers and answer keys"
India,GA/EM/DM,GA/EM/DM,A,exam archive,GATE downloads archive,https://gate2026.iitg.ac.in/download.html,MT,https://gate2026.iitg.ac.in/doc/download/Answer_keys2023/MT_ANS_GATE2023.pdf,PDF solution/answer,English,"Official GATE archive, papers and answer keys"
India,GA/EM/DM,GA/EM/DM,A,exam archive,GATE downloads archive,https://gate2026.iitg.ac.in/download.html,MT,https://gate2026.iitg.ac.in/doc/download/Answer_keys2022/mt_2022.pdf,PDF solution/answer,English,"Official GATE archive, papers and answer keys"
India,GA/EM/DM,GA/EM/DM,A,exam archive,GATE downloads archive,https://gate2026.iitg.ac.in/download.html,MT,https://gate2026.iitg.ac.in/doc/download/Answer_keys2021/mt_2021.pdf,PDF solution/answer,English,"Official GATE archive, papers and answer keys"
India,GA/EM/DM,GA/EM/DM,A,exam archive,GATE downloads archive,https://gate2026.iitg.ac.in/download.html,Mathematics,https://gate2026.iitg.ac.in/doc/download/2025/MA2025.pdf,PDF resource,English,"Official GATE archive, papers and answer keys"
India,GA/EM/DM,GA/EM/DM,A,exam archive,GATE downloads archive,https://gate2026.iitg.ac.in/download.html,Mathematics,https://gate2026.iitg.ac.in/doc/download/2024/MA24S4.pdf,PDF resource,English,"Official GATE archive, papers and answer keys"
India,GA/EM/DM,GA/EM/DM,A,exam archive,GATE downloads archive,https://gate2026.iitg.ac.in/download.html,Mathematics,https://gate2026.iitg.ac.in/doc/download/2023/ma_2023.pdf,PDF resource,English,"Official GATE archive, papers and answer keys"
India,GA/EM/DM,GA/EM/DM,A,exam archive,GATE downloads archive,https://gate2026.iitg.ac.in/download.html,Mathematics,https://gate2026.iitg.ac.in/doc/download/2022/ma_2022.pdf,PDF resource,English,"Official GATE archive, papers and answer keys"
India,GA/EM/DM,GA/EM/DM,A,exam archive,GATE downloads archive,https://gate2026.iitg.ac.in/download.html,Mathematics,https://gate2026.iitg.ac.in/doc/download/2021/ma_2021.pdf,PDF resource,English,"Official GATE archive, papers and answer keys"
India,GA/EM/DM,GA/EM/DM,A,exam archive,GATE downloads archive,https://gate2026.iitg.ac.in/download.html,Mathematics,https://gate2026.iitg.ac.in/doc/download/2020/ma_2020.pdf,PDF resource,English,"Official GATE archive, papers and answer keys"
India,GA/EM/DM,GA/EM/DM,A,exam archive,GATE downloads archive,https://gate2026.iitg.ac.in/download.html,Mathematics,https://gate2026.iitg.ac.in/doc/download/2019/ma_2019.pdf,PDF resource,English,"Official GATE archive, papers and answer keys"
India,GA/EM/DM,GA/EM/DM,A,exam archive,GATE downloads archive,https://gate2026.iitg.ac.in/download.html,Mechanical Engineering,https://gate2026.iitg.ac.in/doc/download/2025/ME2025.pdf,PDF resource,English,"Official GATE archive, papers and answer keys"
India,GA/EM/DM,GA/EM/DM,A,exam archive,GATE downloads archive,https://gate2026.iitg.ac.in/download.html,Mechanical Engineering,https://gate2026.iitg.ac.in/doc/download/2024/ME24S2.pdf,PDF resource,English,"Official GATE archive, papers and answer keys"
India,GA/EM/DM,GA/EM/DM,A,exam archive,GATE downloads archive,https://gate2026.iitg.ac.in/download.html,Mechanical Engineering,https://gate2026.iitg.ac.in/doc/download/2023/me_2023.pdf,PDF resource,English,"Official GATE archive, papers and answer keys"
India,GA/EM/DM,GA/EM/DM,A,exam archive,GATE downloads archive,https://gate2026.iitg.ac.in/download.html,Mechanical Engineering,https://gate2026.iitg.ac.in/doc/download/2022/me_2022.pdf,PDF resource,English,"Official GATE archive, papers and answer keys"
India,GA/EM/DM,GA/EM/DM,A,exam archive,GATE downloads archive,https://gate2026.iitg.ac.in/download.html,Mechanical Engineering,https://gate2026.iitg.ac.in/doc/download/2021/me_2021.pdf,PDF resource,English,"Official GATE archive, papers and answer keys"
India,GA/EM/DM,GA/EM/DM,A,exam archive,GATE downloads archive,https://gate2026.iitg.ac.in/download.html,Mechanical Engineering,https://gate2026.iitg.ac.in/doc/download/2020/me_2020.pdf,PDF resource,English,"Official GATE archive, papers and answer keys"
India,GA/EM/DM,GA/EM/DM,A,exam archive,GATE downloads archive,https://gate2026.iitg.ac.in/download.html,Mechanical Engineering,https://gate2026.iitg.ac.in/doc/download/2019/me_2019.pdf,PDF resource,English,"Official GATE archive, papers and answer keys"
India,GA/EM/DM,GA/EM/DM,A,exam archive,GATE downloads archive,https://gate2026.iitg.ac.in/download.html,Metallurgical Engineering,https://gate2026.iitg.ac.in/doc/download/2025/MT2025.pdf,PDF resource,English,"Official GATE archive, papers and answer keys"
India,GA/EM/DM,GA/EM/DM,A,exam archive,GATE downloads archive,https://gate2026.iitg.ac.in/download.html,Metallurgical Engineering,https://gate2026.iitg.ac.in/doc/download/2024/MT24S5.pdf,PDF resource,English,"Official GATE archive, papers and answer keys"
India,GA/EM/DM,GA/EM/DM,A,exam archive,GATE downloads archive,https://gate2026.iitg.ac.in/download.html,Metallurgical Engineering,https://gate2026.iitg.ac.in/doc/download/2023/mt_2023.pdf,PDF resource,English,"Official GATE archive, papers and answer keys"
India,GA/EM/DM,GA/EM/DM,A,exam archive,GATE downloads archive,https://gate2026.iitg.ac.in/download.html,Metallurgical Engineering,https://gate2026.iitg.ac.in/doc/download/2022/mt_2022.pdf,PDF resource,English,"Official GATE archive, papers and answer keys"
India,GA/EM/DM,GA/EM/DM,A,exam archive,GATE downloads archive,https://gate2026.iitg.ac.in/download.html,Metallurgical Engineering,https://gate2026.iitg.ac.in/doc/download/2021/mt_2021.pdf,PDF resource,English,"Official GATE archive, papers and answer keys"
India,GA/EM/DM,GA/EM/DM,A,exam archive,GATE downloads archive,https://gate2026.iitg.ac.in/download.html,Metallurgical Engineering,https://gate2026.iitg.ac.in/doc/download/2020/mt_2020.pdf,PDF resource,English,"Official GATE archive, papers and answer keys"
India,GA/EM/DM,GA/EM/DM,A,exam archive,GATE downloads archive,https://gate2026.iitg.ac.in/download.html,Metallurgical Engineering,https://gate2026.iitg.ac.in/doc/download/2019/mt_2019.pdf,PDF resource,English,"Official GATE archive, papers and answer keys"
India,GA/EM/DM,GA/EM/DM,A,exam archive,GATE downloads archive,https://gate2026.iitg.ac.in/download.html,Mining Engineering,https://gate2026.iitg.ac.in/doc/download/2025/MN2025.pdf,PDF resource,English,"Official GATE archive, papers and answer keys"
India,GA/EM/DM,GA/EM/DM,A,exam archive,GATE downloads archive,https://gate2026.iitg.ac.in/download.html,Mining Engineering,https://gate2026.iitg.ac.in/doc/download/2024/MN24S4.pdf,PDF resource,English,"Official GATE archive, papers and answer keys"
India,GA/EM/DM,GA/EM/DM,A,exam archive,GATE downloads archive,https://gate2026.iitg.ac.in/download.html,Mining Engineering,https://gate2026.iitg.ac.in/doc/download/2023/mn_2023.pdf,PDF resource,English,"Official GATE archive, papers and answer keys"
India,GA/EM/DM,GA/EM/DM,A,exam archive,GATE downloads archive,https://gate2026.iitg.ac.in/download.html,Mining Engineering,https://gate2026.iitg.ac.in/doc/download/2022/mn_2022.pdf,PDF resource,English,"Official GATE archive, papers and answer keys"
India,GA/EM/DM,GA/EM/DM,A,exam archive,GATE downloads archive,https://gate2026.iitg.ac.in/download.html,Mining Engineering,https://gate2026.iitg.ac.in/doc/download/2021/mn_2021.pdf,PDF resource,English,"Official GATE archive, papers and answer keys"
India,GA/EM/DM,GA/EM/DM,A,exam archive,GATE downloads archive,https://gate2026.iitg.ac.in/download.html,Mining Engineering,https://gate2026.iitg.ac.in/doc/download/2020/mn_2020.pdf,PDF resource,English,"Official GATE archive, papers and answer keys"
India,GA/EM/DM,GA/EM/DM,A,exam archive,GATE downloads archive,https://gate2026.iitg.ac.in/download.html,Mining Engineering,https://gate2026.iitg.ac.in/doc/download/2019/mn_2019.pdf,PDF resource,English,"Official GATE archive, papers and answer keys"
India,GA/EM/DM,GA/EM/DM,B,exam archive,GATE downloads archive,https://gate2026.iitg.ac.in/download.html,Mock Test Links,https://gate2026.iitg.ac.in/mock-test-links.html,HTML paper/problem/practice,English,"Official GATE archive, papers and answer keys"
India,GA/EM/DM,GA/EM/DM,A,exam archive,GATE downloads archive,https://gate2026.iitg.ac.in/download.html,NM,https://gate2026.iitg.ac.in/doc/download/2025_Key/NM_Keys.pdf,PDF resource,English,"Official GATE archive, papers and answer keys"
India,GA/EM/DM,GA/EM/DM,A,exam archive,GATE downloads archive,https://gate2026.iitg.ac.in/download.html,NM,https://gate2026.iitg.ac.in/doc/download/2024/NMFinalAnswerKey.pdf,PDF solution/answer,English,"Official GATE archive, papers and answer keys"
India,GA/EM/DM,GA/EM/DM,A,exam archive,GATE downloads archive,https://gate2026.iitg.ac.in/download.html,NM,https://gate2026.iitg.ac.in/doc/download/Answer_keys2023/NM_ANS_GATE2023.pdf,PDF solution/answer,English,"Official GATE archive, papers and answer keys"
India,GA/EM/DM,GA/EM/DM,A,exam archive,GATE downloads archive,https://gate2026.iitg.ac.in/download.html,NM,https://gate2026.iitg.ac.in/doc/download/Answer_keys2022/nm_2022.pdf,PDF solution/answer,English,"Official GATE archive, papers and answer keys"
India,GA/EM/DM,GA/EM/DM,A,exam archive,GATE downloads archive,https://gate2026.iitg.ac.in/download.html,Naval Architecture & Marine Engineering,https://gate2026.iitg.ac.in/doc/download/2023/nm_2023.pdf,PDF resource,English,"Official GATE archive, papers and answer keys"
India,GA/EM/DM,GA/EM/DM,A,exam archive,GATE downloads archive,https://gate2026.iitg.ac.in/download.html,Naval Architecture & Marine Engineering,https://gate2026.iitg.ac.in/doc/download/2022/nm_2022.pdf,PDF resource,English,"Official GATE archive, papers and answer keys"
India,GA/EM/DM,GA/EM/DM,A,exam archive,GATE downloads archive,https://gate2026.iitg.ac.in/download.html,Naval Architecture and Marine Engineering,https://gate2026.iitg.ac.in/doc/download/2025/NM2025.pdf,PDF resource,English,"Official GATE archive, papers and answer keys"
India,GA/EM/DM,GA/EM/DM,A,exam archive,GATE downloads archive,https://gate2026.iitg.ac.in/download.html,Naval Architecture and Marine Engineering,https://gate2026.iitg.ac.in/doc/download/2024/NM24S5.pdf,PDF resource,English,"Official GATE archive, papers and answer keys"
India,GA/EM/DM,GA/EM/DM,A,exam archive,GATE downloads archive,https://gate2026.iitg.ac.in/download.html,PE,https://gate2026.iitg.ac.in/doc/download/2025_Key/PE_Keys.pdf,PDF resource,English,"Official GATE archive, papers and answer keys"
India,GA/EM/DM,GA/EM/DM,A,exam archive,GATE downloads archive,https://gate2026.iitg.ac.in/download.html,PE,https://gate2026.iitg.ac.in/doc/download/2024/PEFinalAnswerKey.pdf,PDF solution/answer,English,"Official GATE archive, papers and answer keys"
India,GA/EM/DM,GA/EM/DM,A,exam archive,GATE downloads archive,https://gate2026.iitg.ac.in/download.html,PE,https://gate2026.iitg.ac.in/doc/download/Answer_keys2023/PE_ANS_GATE2023.pdf,PDF solution/answer,English,"Official GATE archive, papers and answer keys"
India,GA/EM/DM,GA/EM/DM,A,exam archive,GATE downloads archive,https://gate2026.iitg.ac.in/download.html,PE,https://gate2026.iitg.ac.in/doc/download/Answer_keys2022/pe_2022.pdf,PDF solution/answer,English,"Official GATE archive, papers and answer keys"
India,GA/EM/DM,GA/EM/DM,A,exam archive,GATE downloads archive,https://gate2026.iitg.ac.in/download.html,PE,https://gate2026.iitg.ac.in/doc/download/Answer_keys2021/pe_2021.pdf,PDF solution/answer,English,"Official GATE archive, papers and answer keys"
India,GA/EM/DM,GA/EM/DM,A,exam archive,GATE downloads archive,https://gate2026.iitg.ac.in/download.html,PH,https://gate2026.iitg.ac.in/doc/download/2025_Key/PH_Keys.pdf,PDF resource,English,"Official GATE archive, papers and answer keys"
India,GA/EM/DM,GA/EM/DM,A,exam archive,GATE downloads archive,https://gate2026.iitg.ac.in/download.html,PH,https://gate2026.iitg.ac.in/doc/download/2024/PHFinalAnswerKey.pdf,PDF solution/answer,English,"Official GATE archive, papers and answer keys"
India,GA/EM/DM,GA/EM/DM,A,exam archive,GATE downloads archive,https://gate2026.iitg.ac.in/download.html,PH,https://gate2026.iitg.ac.in/doc/download/Answer_keys2023/PH_ANS_GATE2023.pdf,PDF solution/answer,English,"Official GATE archive, papers and answer keys"
India,GA/EM/DM,GA/EM/DM,A,exam archive,GATE downloads archive,https://gate2026.iitg.ac.in/download.html,PH,https://gate2026.iitg.ac.in/doc/download/Answer_keys2022/ph_2022.pdf,PDF solution/answer,English,"Official GATE archive, papers and answer keys"
India,GA/EM/DM,GA/EM/DM,A,exam archive,GATE downloads archive,https://gate2026.iitg.ac.in/download.html,PH,https://gate2026.iitg.ac.in/doc/download/Answer_keys2021/ph_2021.pdf,PDF solution/answer,English,"Official GATE archive, papers and answer keys"
India,GA/EM/DM,GA/EM/DM,A,exam archive,GATE downloads archive,https://gate2026.iitg.ac.in/download.html,PI,https://gate2026.iitg.ac.in/doc/download/2025_Key/PI_Keys.pdf,PDF resource,English,"Official GATE archive, papers and answer keys"
India,GA/EM/DM,GA/EM/DM,A,exam archive,GATE downloads archive,https://gate2026.iitg.ac.in/download.html,PI,https://gate2026.iitg.ac.in/doc/download/2024/PIFinalAnswerKey.pdf,PDF solution/answer,English,"Official GATE archive, papers and answer keys"
India,GA/EM/DM,GA/EM/DM,A,exam archive,GATE downloads archive,https://gate2026.iitg.ac.in/download.html,PI,https://gate2026.iitg.ac.in/doc/download/Answer_keys2023/PI_ANS_GATE2023.pdf,PDF solution/answer,English,"Official GATE archive, papers and answer keys"
India,GA/EM/DM,GA/EM/DM,A,exam archive,GATE downloads archive,https://gate2026.iitg.ac.in/download.html,PI,https://gate2026.iitg.ac.in/doc/download/Answer_keys2022/pi_2022.pdf,PDF solution/answer,English,"Official GATE archive, papers and answer keys"
India,GA/EM/DM,GA/EM/DM,A,exam archive,GATE downloads archive,https://gate2026.iitg.ac.in/download.html,PI,https://gate2026.iitg.ac.in/doc/download/Answer_keys2021/pi_2021.pdf,PDF solution/answer,English,"Official GATE archive, papers and answer keys"
India,GA/EM/DM,GA/EM/DM,A,exam archive,GATE downloads archive,https://gate2026.iitg.ac.in/download.html,Petroleum Engineering,https://gate2026.iitg.ac.in/doc/download/2025/PE2025.pdf,PDF resource,English,"Official GATE archive, papers and answer keys"
India,GA/EM/DM,GA/EM/DM,A,exam archive,GATE downloads archive,https://gate2026.iitg.ac.in/download.html,Petroleum Engineering,https://gate2026.iitg.ac.in/doc/download/2024/PE24S4.pdf,PDF resource,English,"Official GATE archive, papers and answer keys"
India,GA/EM/DM,GA/EM/DM,A,exam archive,GATE downloads archive,https://gate2026.iitg.ac.in/download.html,Petroleum Engineering,https://gate2026.iitg.ac.in/doc/download/2023/pe_2023.pdf,PDF resource,English,"Official GATE archive, papers and answer keys"
India,GA/EM/DM,GA/EM/DM,A,exam archive,GATE downloads archive,https://gate2026.iitg.ac.in/download.html,Petroleum Engineering,https://gate2026.iitg.ac.in/doc/download/2022/pe_2022.pdf,PDF resource,English,"Official GATE archive, papers and answer keys"
India,GA/EM/DM,GA/EM/DM,A,exam archive,GATE downloads archive,https://gate2026.iitg.ac.in/download.html,Petroleum Engineering,https://gate2026.iitg.ac.in/doc/download/2021/pe_2021.pdf,PDF resource,English,"Official GATE archive, papers and answer keys"
India,GA/EM/DM,GA/EM/DM,A,exam archive,GATE downloads archive,https://gate2026.iitg.ac.in/download.html,Petroleum Engineering,https://gate2026.iitg.ac.in/doc/download/2020/pe_2020.pdf,PDF resource,English,"Official GATE archive, papers and answer keys"
India,GA/EM/DM,GA/EM/DM,A,exam archive,GATE downloads archive,https://gate2026.iitg.ac.in/download.html,Petroleum Engineering,https://gate2026.iitg.ac.in/doc/download/2019/pe_2019.pdf,PDF resource,English,"Official GATE archive, papers and answer keys"
India,GA/EM/DM,GA/EM/DM,A,exam archive,GATE downloads archive,https://gate2026.iitg.ac.in/download.html,Physics,https://gate2026.iitg.ac.in/doc/download/2025/PH2025.pdf,PDF resource,English,"Official GATE archive, papers and answer keys"
India,GA/EM/DM,GA/EM/DM,A,exam archive,GATE downloads archive,https://gate2026.iitg.ac.in/download.html,Physics,https://gate2026.iitg.ac.in/doc/download/2024/PH24S2.pdf,PDF resource,English,"Official GATE archive, papers and answer keys"
India,GA/EM/DM,GA/EM/DM,A,exam archive,GATE downloads archive,https://gate2026.iitg.ac.in/download.html,Physics,https://gate2026.iitg.ac.in/doc/download/2023/ph_2023.pdf,PDF resource,English,"Official GATE archive, papers and answer keys"
India,GA/EM/DM,GA/EM/DM,A,exam archive,GATE downloads archive,https://gate2026.iitg.ac.in/download.html,Physics,https://gate2026.iitg.ac.in/doc/download/2022/ph_2022.pdf,PDF resource,English,"Official GATE archive, papers and answer keys"
India,GA/EM/DM,GA/EM/DM,A,exam archive,GATE downloads archive,https://gate2026.iitg.ac.in/download.html,Physics,https://gate2026.iitg.ac.in/doc/download/2021/ph_2021.pdf,PDF resource,English,"Official GATE archive, papers and answer keys"
India,GA/EM/DM,GA/EM/DM,A,exam archive,GATE downloads archive,https://gate2026.iitg.ac.in/download.html,Physics,https://gate2026.iitg.ac.in/doc/download/2020/ph_2020.pdf,PDF resource,English,"Official GATE archive, papers and answer keys"
India,GA/EM/DM,GA/EM/DM,A,exam archive,GATE downloads archive,https://gate2026.iitg.ac.in/download.html,Physics,https://gate2026.iitg.ac.in/doc/download/2019/ph_2019.pdf,PDF resource,English,"Official GATE archive, papers and answer keys"
India,GA/EM/DM,GA/EM/DM,A,exam archive,GATE downloads archive,https://gate2026.iitg.ac.in/download.html,Production & Industrial Engineering,https://gate2026.iitg.ac.in/doc/download/2023/pi_2023.pdf,PDF resource,English,"Official GATE archive, papers and answer keys"
India,GA/EM/DM,GA/EM/DM,A,exam archive,GATE downloads archive,https://gate2026.iitg.ac.in/download.html,Production & Industrial Engineering,https://gate2026.iitg.ac.in/doc/download/2022/pi_2022.pdf,PDF resource,English,"Official GATE archive, papers and answer keys"
India,GA/EM/DM,GA/EM/DM,A,exam archive,GATE downloads archive,https://gate2026.iitg.ac.in/download.html,Production & Industrial Engineering,https://gate2026.iitg.ac.in/doc/download/2021/pi_2021.pdf,PDF resource,English,"Official GATE archive, papers and answer keys"
India,GA/EM/DM,GA/EM/DM,A,exam archive,GATE downloads archive,https://gate2026.iitg.ac.in/download.html,Production & Industrial Engineering,https://gate2026.iitg.ac.in/doc/download/2020/pi_2020.pdf,PDF resource,English,"Official GATE archive, papers and answer keys"
India,GA/EM/DM,GA/EM/DM,A,exam archive,GATE downloads archive,https://gate2026.iitg.ac.in/download.html,Production & Industrial Engineering,https://gate2026.iitg.ac.in/doc/download/2019/pi_2019.pdf,PDF resource,English,"Official GATE archive, papers and answer keys"
India,GA/EM/DM,GA/EM/DM,A,exam archive,GATE downloads archive,https://gate2026.iitg.ac.in/download.html,Production and Industrial Engineering,https://gate2026.iitg.ac.in/doc/download/2025/PI2025.pdf,PDF resource,English,"Official GATE archive, papers and answer keys"
India,GA/EM/DM,GA/EM/DM,A,exam archive,GATE downloads archive,https://gate2026.iitg.ac.in/download.html,Production and Industrial Engineering,https://gate2026.iitg.ac.in/doc/download/2024/PI24S1.pdf,PDF resource,English,"Official GATE archive, papers and answer keys"
India,GA/EM/DM,GA/EM/DM,B,exam archive,GATE downloads archive,https://gate2026.iitg.ac.in/download.html,Question Paper Pattern,https://gate2026.iitg.ac.in/question-paper-pattern.html,HTML paper/problem/practice,English,"Official GATE archive, papers and answer keys"
India,GA/EM/DM,GA/EM/DM,A,exam archive,GATE downloads archive,https://gate2026.iitg.ac.in/download.html,ST,https://gate2026.iitg.ac.in/doc/download/2025_Key/ST_Keys.pdf,PDF resource,English,"Official GATE archive, papers and answer keys"
India,GA/EM/DM,GA/EM/DM,A,exam archive,GATE downloads archive,https://gate2026.iitg.ac.in/download.html,ST,https://gate2026.iitg.ac.in/doc/download/2024/STFinalAnswerKey.pdf,PDF solution/answer,English,"Official GATE archive, papers and answer keys"
India,GA/EM/DM,GA/EM/DM,A,exam archive,GATE downloads archive,https://gate2026.iitg.ac.in/download.html,ST,https://gate2026.iitg.ac.in/doc/download/Answer_keys2023/ST_ANS_GATE2023.pdf,PDF solution/answer,English,"Official GATE archive, papers and answer keys"
India,GA/EM/DM,GA/EM/DM,A,exam archive,GATE downloads archive,https://gate2026.iitg.ac.in/download.html,ST,https://gate2026.iitg.ac.in/doc/download/Answer_keys2022/st_2022.pdf,PDF solution/answer,English,"Official GATE archive, papers and answer keys"
India,GA/EM/DM,GA/EM/DM,A,exam archive,GATE downloads archive,https://gate2026.iitg.ac.in/download.html,ST,https://gate2026.iitg.ac.in/doc/download/Answer_keys2021/st_2021.pdf,PDF solution/answer,English,"Official GATE archive, papers and answer keys"
India,GA/EM/DM,GA/EM/DM,A,exam archive,GATE downloads archive,https://gate2026.iitg.ac.in/download.html,TF,https://gate2026.iitg.ac.in/doc/download/2025_Key/TF_Keys.pdf,PDF resource,English,"Official GATE archive, papers and answer keys"
India,GA/EM/DM,GA/EM/DM,A,exam archive,GATE downloads archive,https://gate2026.iitg.ac.in/download.html,TF,https://gate2026.iitg.ac.in/doc/download/2024/TFFinalAnswerKey.pdf,PDF solution/answer,English,"Official GATE archive, papers and answer keys"
India,GA/EM/DM,GA/EM/DM,A,exam archive,GATE downloads archive,https://gate2026.iitg.ac.in/download.html,TF,https://gate2026.iitg.ac.in/doc/download/Answer_keys2023/TF_ANS_GATE2023.pdf,PDF solution/answer,English,"Official GATE archive, papers and answer keys"
India,GA/EM/DM,GA/EM/DM,A,exam archive,GATE downloads archive,https://gate2026.iitg.ac.in/download.html,TF,https://gate2026.iitg.ac.in/doc/download/Answer_keys2022/tf_2022.pdf,PDF solution/answer,English,"Official GATE archive, papers and answer keys"
India,GA/EM/DM,GA/EM/DM,A,exam archive,GATE downloads archive,https://gate2026.iitg.ac.in/download.html,TF,https://gate2026.iitg.ac.in/doc/download/Answer_keys2021/tf_2021.pdf,PDF solution/answer,English,"Official GATE archive, papers and answer keys"
India,GA/EM/DM,GA/EM/DM,A,exam archive,GATE downloads archive,https://gate2026.iitg.ac.in/download.html,Textile Engineering & Fibre Science,https://gate2026.iitg.ac.in/doc/download/2023/tf_2023.pdf,PDF resource,English,"Official GATE archive, papers and answer keys"
India,GA/EM/DM,GA/EM/DM,A,exam archive,GATE downloads archive,https://gate2026.iitg.ac.in/download.html,Textile Engineering & Fibre Science,https://gate2026.iitg.ac.in/doc/download/2022/tf_2022.pdf,PDF resource,English,"Official GATE archive, papers and answer keys"
India,GA/EM/DM,GA/EM/DM,A,exam archive,GATE downloads archive,https://gate2026.iitg.ac.in/download.html,Textile Engineering & Fibre Science,https://gate2026.iitg.ac.in/doc/download/2021/tf_2021.pdf,PDF resource,English,"Official GATE archive, papers and answer keys"
India,GA/EM/DM,GA/EM/DM,A,exam archive,GATE downloads archive,https://gate2026.iitg.ac.in/download.html,Textile Engineering & Fibre Science,https://gate2026.iitg.ac.in/doc/download/2020/tf_2020.pdf,PDF resource,English,"Official GATE archive, papers and answer keys"
India,GA/EM/DM,GA/EM/DM,A,exam archive,GATE downloads archive,https://gate2026.iitg.ac.in/download.html,Textile Engineering & Fibre Science,https://gate2026.iitg.ac.in/doc/download/2019/tf_2019.pdf,PDF resource,English,"Official GATE archive, papers and answer keys"
India,GA/EM/DM,GA/EM/DM,A,exam archive,GATE downloads archive,https://gate2026.iitg.ac.in/download.html,Textile Engineering and Fibre Science,https://gate2026.iitg.ac.in/doc/download/2025/TF2025.pdf,PDF resource,English,"Official GATE archive, papers and answer keys"
India,GA/EM/DM,GA/EM/DM,A,exam archive,GATE downloads archive,https://gate2026.iitg.ac.in/download.html,Textile Engineering and Fibre Science,https://gate2026.iitg.ac.in/doc/download/2024/TF24S5.pdf,PDF resource,English,"Official GATE archive, papers and answer keys"
India,GA/EM/DM,GA/EM/DM,A,exam archive,GATE downloads archive,https://gate2026.iitg.ac.in/download.html,XE,https://gate2026.iitg.ac.in/doc/download/2025_Key/XE_Keys.pdf,PDF resource,English,"Official GATE archive, papers and answer keys"
India,GA/EM/DM,GA/EM/DM,A,exam archive,GATE downloads archive,https://gate2026.iitg.ac.in/download.html,XE,https://gate2026.iitg.ac.in/doc/download/2024/XEFinalAnswerKey.pdf,PDF solution/answer,English,"Official GATE archive, papers and answer keys"
India,GA/EM/DM,GA/EM/DM,A,exam archive,GATE downloads archive,https://gate2026.iitg.ac.in/download.html,XE,https://gate2026.iitg.ac.in/doc/download/Answer_keys2023/XE_ANS_GATE2023.pdf,PDF solution/answer,English,"Official GATE archive, papers and answer keys"
India,GA/EM/DM,GA/EM/DM,A,exam archive,GATE downloads archive,https://gate2026.iitg.ac.in/download.html,XE,https://gate2026.iitg.ac.in/doc/download/Answer_keys2022/xe_2022.pdf,PDF solution/answer,English,"Official GATE archive, papers and answer keys"
India,GA/EM/DM,GA/EM/DM,A,exam archive,GATE downloads archive,https://gate2026.iitg.ac.in/download.html,XE,https://gate2026.iitg.ac.in/doc/download/Answer_keys2021/xe_2021_merged.pdf,PDF solution/answer,English,"Official GATE archive, papers and answer keys"
India,GA/EM/DM,GA/EM/DM,A,exam archive,GATE downloads archive,https://gate2026.iitg.ac.in/download.html,XH,https://gate2026.iitg.ac.in/doc/download/Answer_keys2023/XH_ANS_GATE2023.pdf,PDF solution/answer,English,"Official GATE archive, papers and answer keys"
India,GA/EM/DM,GA/EM/DM,A,exam archive,GATE downloads archive,https://gate2026.iitg.ac.in/download.html,XH,https://gate2026.iitg.ac.in/doc/download/Answer_keys2022/xh_2022.pdf,PDF solution/answer,English,"Official GATE archive, papers and answer keys"
India,GA/EM/DM,GA/EM/DM,A,exam archive,GATE downloads archive,https://gate2026.iitg.ac.in/download.html,XH,https://gate2026.iitg.ac.in/doc/download/Answer_keys2021/xh-2021_merged.pdf,PDF solution/answer,English,"Official GATE archive, papers and answer keys"
India,GA/EM/DM,GA/EM/DM,A,exam archive,GATE downloads archive,https://gate2026.iitg.ac.in/download.html,XH-C1,https://gate2026.iitg.ac.in/doc/download/2025_Key/XHC1_Keys.pdf,PDF resource,English,"Official GATE archive, papers and answer keys"
India,GA/EM/DM,GA/EM/DM,A,exam archive,GATE downloads archive,https://gate2026.iitg.ac.in/download.html,XH-C1,https://gate2026.iitg.ac.in/doc/download/2024/XH-C1FinalAnswerKey.pdf,PDF solution/answer,English,"Official GATE archive, papers and answer keys"
India,GA/EM/DM,GA/EM/DM,A,exam archive,GATE downloads archive,https://gate2026.iitg.ac.in/download.html,XH-C2,https://gate2026.iitg.ac.in/doc/download/2025_Key/XHC2_Keys.pdf,PDF resource,English,"Official GATE archive, papers and answer keys"
India,GA/EM/DM,GA/EM/DM,A,exam archive,GATE downloads archive,https://gate2026.iitg.ac.in/download.html,XH-C2,https://gate2026.iitg.ac.in/doc/download/2024/XH-C2FinalAnswerKey.pdf,PDF solution/answer,English,"Official GATE archive, papers and answer keys"
India,GA/EM/DM,GA/EM/DM,A,exam archive,GATE downloads archive,https://gate2026.iitg.ac.in/download.html,XH-C3,https://gate2026.iitg.ac.in/doc/download/2025_Key/XHC3_Keys.pdf,PDF resource,English,"Official GATE archive, papers and answer keys"
India,GA/EM/DM,GA/EM/DM,A,exam archive,GATE downloads archive,https://gate2026.iitg.ac.in/download.html,XH-C3,https://gate2026.iitg.ac.in/doc/download/2024/XH-C3FinalAnswerKey.pdf,PDF solution/answer,English,"Official GATE archive, papers and answer keys"
India,GA/EM/DM,GA/EM/DM,A,exam archive,GATE downloads archive,https://gate2026.iitg.ac.in/download.html,XH-C4,https://gate2026.iitg.ac.in/doc/download/2025_Key/XHC4_Keys.pdf,PDF resource,English,"Official GATE archive, papers and answer keys"
India,GA/EM/DM,GA/EM/DM,A,exam archive,GATE downloads archive,https://gate2026.iitg.ac.in/download.html,XH-C4,https://gate2026.iitg.ac.in/doc/download/2024/XH-C4FinalAnswerKey.pdf,PDF solution/answer,English,"Official GATE archive, papers and answer keys"
India,GA/EM/DM,GA/EM/DM,A,exam archive,GATE downloads archive,https://gate2026.iitg.ac.in/download.html,XH-C5,https://gate2026.iitg.ac.in/doc/download/2025_Key/XHC5_Keys.pdf,PDF resource,English,"Official GATE archive, papers and answer keys"
India,GA/EM/DM,GA/EM/DM,A,exam archive,GATE downloads archive,https://gate2026.iitg.ac.in/download.html,XH-C5,https://gate2026.iitg.ac.in/doc/download/2024/XH-C5FinalAnswerKey.pdf,PDF solution/answer,English,"Official GATE archive, papers and answer keys"
India,GA/EM/DM,GA/EM/DM,A,exam archive,GATE downloads archive,https://gate2026.iitg.ac.in/download.html,XH-C6,https://gate2026.iitg.ac.in/doc/download/2025_Key/XHC6_Keys.pdf,PDF resource,English,"Official GATE archive, papers and answer keys"
India,GA/EM/DM,GA/EM/DM,A,exam archive,GATE downloads archive,https://gate2026.iitg.ac.in/download.html,XH-C6,https://gate2026.iitg.ac.in/doc/download/2024/XH-C6FinalAnswerKey.pdf,PDF solution/answer,English,"Official GATE archive, papers and answer keys"
India,GA/EM/DM,GA/EM/DM,A,exam archive,GATE downloads archive,https://gate2026.iitg.ac.in/download.html,XL,https://gate2026.iitg.ac.in/doc/download/2025_Key/XL_Keys.pdf,PDF resource,English,"Official GATE archive, papers and answer keys"
India,GA/EM/DM,GA/EM/DM,A,exam archive,GATE downloads archive,https://gate2026.iitg.ac.in/download.html,XL,https://gate2026.iitg.ac.in/doc/download/2024/XLFinalAnswerKey.pdf,PDF solution/answer,English,"Official GATE archive, papers and answer keys"
India,GA/EM/DM,GA/EM/DM,A,exam archive,GATE downloads archive,https://gate2026.iitg.ac.in/download.html,XL,https://gate2026.iitg.ac.in/doc/download/Answer_keys2023/XL_ANS_GATE2023.pdf,PDF solution/answer,English,"Official GATE archive, papers and answer keys"
India,GA/EM/DM,GA/EM/DM,A,exam archive,GATE downloads archive,https://gate2026.iitg.ac.in/download.html,XL,https://gate2026.iitg.ac.in/doc/download/Answer_keys2022/xl_2022.pdf,PDF solution/answer,English,"Official GATE archive, papers and answer keys"
India,GA/EM/DM,GA/EM/DM,A,exam archive,GATE downloads archive,https://gate2026.iitg.ac.in/download.html,XL,https://gate2026.iitg.ac.in/doc/download/Answer_keys2021/xl-2021_merged.pdf,PDF solution/answer,English,"Official GATE archive, papers and answer keys"
Japan,DM,DM,B,contest archive,Japanese Olympiad in Informatics Spring Training,https://contests.ioi-jp.org/joi-sp-2025/index-en.html,JOI 2024/2025 Spring Training Tasks,https://www2.ioi-jp.org/camp/2025/2025-sp-tasks/index.html,HTML source/link,English/Japanese,"Official tasks, test data, judging"
Japan,DM,DM,A,contest archive,Japanese Olympiad in Informatics Spring Training,https://contests.ioi-jp.org/joi-sp-2025/index-en.html,Japanese Olympiad in Informatics Spring Training — official gateway,https://contests.ioi-jp.org/joi-sp-2025/index-en.html,Official gateway,English/Japanese,"Official tasks, test data, judging"
Japan,DM,DM,B,contest archive,Japanese Olympiad in Informatics Spring Training,https://contests.ioi-jp.org/joi-sp-2025/index-en.html,Ranking,https://contests.ioi-jp.org/joi-sp-2025/ranking.html,HTML paper/problem/practice,English/Japanese,"Official tasks, test data, judging"
Japan,DM,DM,B,contest archive,Japanese Olympiad in Informatics Spring Training,https://contests.ioi-jp.org/joi-sp-2025/index-en.html,The 24th Japanese Olympiad in Informatics Spring Training,https://www.ioi-jp.org/joi/2024/2025-sp_camp-rules,HTML source/link,English/Japanese,"Official tasks, test data, judging"
Japan,DM,DM,B,contest archive,Japanese Olympiad in Informatics Spring Training,https://contests.ioi-jp.org/joi-sp-2025/index-en.html,The 5th Japanese Olympiad in Informatics for Girls Spring Training,https://www.ioi-jp.org/joig/2024/2025-sp_camp-rules,HTML source/link,English/Japanese,"Official tasks, test data, judging"
Japan,DM,DM,B,contest archive,Japanese Olympiad in Informatics Spring Training,https://contests.ioi-jp.org/joi-sp-2025/index-en.html,contests.ioi-jp.org,https://contests.ioi-jp.org/,HTML paper/problem/practice,English/Japanese,"Official tasks, test data, judging"
Japan,DM,DM,B,contest archive,Japanese Olympiad in Informatics Spring Training,https://contests.ioi-jp.org/joi-sp-2025/index-en.html,here,https://contests.ioi-jp.org/joi-sp-2025/index.html,HTML paper/problem/practice,English/Japanese,"Official tasks, test data, judging"
Japan,EM/DM,EM/DM,B,contest archive,Japan Mathematical Olympiad archive,https://www.imojp.org/archive/imo2003/contents/mof.html,IMO,https://www.imojp.org/archive/imo2003/contents/imo.html,HTML source/link,Japanese,Official organizer/archive gateway
Japan,EM/DM,EM/DM,B,contest archive,Japan Mathematical Olympiad archive,https://www.imojp.org/archive/imo2003/contents/mof.html,IMO 2003 JAPAN,https://www.imojp.org/archive/imo2003/contents/imoj.html,HTML source/link,Japanese,Official organizer/archive gateway
Japan,EM/DM,EM/DM,B,contest archive,Japan Mathematical Olympiad archive,https://www.imojp.org/archive/imo2003/contents/mof.html,JMO,https://www.imojp.org/archive/imo2003/contents/mof.html#jmo,HTML source/link,Japanese,Official organizer/archive gateway
Japan,EM/DM,EM/DM,A,contest archive,Japan Mathematical Olympiad archive,https://www.imojp.org/archive/imo2003/contents/mof.html,Japan Mathematical Olympiad archive — official gateway,https://www.imojp.org/archive/imo2003/contents/mof.html,Official gateway,Japanese,Official organizer/archive gateway
Japan,GA/EM,GA/EM,B,admissions exam,JASSO EJU past exam questions,https://www.jasso.go.jp/en/ryugaku/eju/examinee/pastpaper_sample/index.html,2010 1st session,https://www.jasso.go.jp/en/ryugaku/eju/examinee/pastpaper_sample/pastpaper_2010_1.html,HTML paper/problem/practice,English/Japanese,Official EJU session archive with answer-sheet guidance
Japan,GA/EM,GA/EM,B,admissions exam,JASSO EJU past exam questions,https://www.jasso.go.jp/en/ryugaku/eju/examinee/pastpaper_sample/index.html,2011 1st session,https://www.jasso.go.jp/en/ryugaku/eju/examinee/pastpaper_sample/pastpaper_2011_1.html,HTML paper/problem/practice,English/Japanese,Official EJU session archive with answer-sheet guidance
Japan,GA/EM,GA/EM,B,admissions exam,JASSO EJU past exam questions,https://www.jasso.go.jp/en/ryugaku/eju/examinee/pastpaper_sample/index.html,2011 2nd session,https://www.jasso.go.jp/en/ryugaku/eju/examinee/pastpaper_sample/pastpaper_2011_2.html,HTML paper/problem/practice,English/Japanese,Official EJU session archive with answer-sheet guidance
Japan,GA/EM,GA/EM,B,admissions exam,JASSO EJU past exam questions,https://www.jasso.go.jp/en/ryugaku/eju/examinee/pastpaper_sample/index.html,2012 1st session,https://www.jasso.go.jp/en/ryugaku/eju/examinee/pastpaper_sample/pastpaper_2012_1.html,HTML paper/problem/practice,English/Japanese,Official EJU session archive with answer-sheet guidance
Japan,GA/EM,GA/EM,B,admissions exam,JASSO EJU past exam questions,https://www.jasso.go.jp/en/ryugaku/eju/examinee/pastpaper_sample/index.html,2012 2nd session,https://www.jasso.go.jp/en/ryugaku/eju/examinee/pastpaper_sample/pastpaper_2012_2.html,HTML paper/problem/practice,English/Japanese,Official EJU session archive with answer-sheet guidance
Japan,GA/EM,GA/EM,B,admissions exam,JASSO EJU past exam questions,https://www.jasso.go.jp/en/ryugaku/eju/examinee/pastpaper_sample/index.html,2013 1st session,https://www.jasso.go.jp/en/ryugaku/eju/examinee/pastpaper_sample/pastpaper_2013_1.html,HTML paper/problem/practice,English/Japanese,Official EJU session archive with answer-sheet guidance
Japan,GA/EM,GA/EM,B,admissions exam,JASSO EJU past exam questions,https://www.jasso.go.jp/en/ryugaku/eju/examinee/pastpaper_sample/index.html,2013 2nd session,https://www.jasso.go.jp/en/ryugaku/eju/examinee/pastpaper_sample/pastpaper_2013_2.html,HTML paper/problem/practice,English/Japanese,Official EJU session archive with answer-sheet guidance
Japan,GA/EM,GA/EM,B,admissions exam,JASSO EJU past exam questions,https://www.jasso.go.jp/en/ryugaku/eju/examinee/pastpaper_sample/index.html,2014 1st session,https://www.jasso.go.jp/en/ryugaku/eju/examinee/pastpaper_sample/pastpaper_2014_1.html,HTML paper/problem/practice,English/Japanese,Official EJU session archive with answer-sheet guidance
Japan,GA/EM,GA/EM,B,admissions exam,JASSO EJU past exam questions,https://www.jasso.go.jp/en/ryugaku/eju/examinee/pastpaper_sample/index.html,2014 2nd session,https://www.jasso.go.jp/en/ryugaku/eju/examinee/pastpaper_sample/pastpaper_2014_2.html,HTML paper/problem/practice,English/Japanese,Official EJU session archive with answer-sheet guidance
Japan,GA/EM,GA/EM,B,admissions exam,JASSO EJU past exam questions,https://www.jasso.go.jp/en/ryugaku/eju/examinee/pastpaper_sample/index.html,2015 1st session,https://www.jasso.go.jp/en/ryugaku/eju/examinee/pastpaper_sample/pastpaper_2015_1.html,HTML paper/problem/practice,English/Japanese,Official EJU session archive with answer-sheet guidance
Japan,GA/EM,GA/EM,B,admissions exam,JASSO EJU past exam questions,https://www.jasso.go.jp/en/ryugaku/eju/examinee/pastpaper_sample/index.html,2015 2nd session,https://www.jasso.go.jp/en/ryugaku/eju/examinee/pastpaper_sample/pastpaper_2015_2.html,HTML paper/problem/practice,English/Japanese,Official EJU session archive with answer-sheet guidance
Japan,GA/EM,GA/EM,B,admissions exam,JASSO EJU past exam questions,https://www.jasso.go.jp/en/ryugaku/eju/examinee/pastpaper_sample/index.html,2016 1st session,https://www.jasso.go.jp/en/ryugaku/eju/examinee/pastpaper_sample/pastpaper_2016_1.html,HTML paper/problem/practice,English/Japanese,Official EJU session archive with answer-sheet guidance
Japan,GA/EM,GA/EM,B,admissions exam,JASSO EJU past exam questions,https://www.jasso.go.jp/en/ryugaku/eju/examinee/pastpaper_sample/index.html,2016 2nd session,https://www.jasso.go.jp/en/ryugaku/eju/examinee/pastpaper_sample/pastpaper_2016_2.html,HTML paper/problem/practice,English/Japanese,Official EJU session archive with answer-sheet guidance
Japan,GA/EM,GA/EM,B,admissions exam,JASSO EJU past exam questions,https://www.jasso.go.jp/en/ryugaku/eju/examinee/pastpaper_sample/index.html,2017 1st session,https://www.jasso.go.jp/en/ryugaku/eju/examinee/pastpaper_sample/pastpaper_2017_1.html,HTML paper/problem/practice,English/Japanese,Official EJU session archive with answer-sheet guidance
Japan,GA/EM,GA/EM,B,admissions exam,JASSO EJU past exam questions,https://www.jasso.go.jp/en/ryugaku/eju/examinee/pastpaper_sample/index.html,2017 2nd session,https://www.jasso.go.jp/en/ryugaku/eju/examinee/pastpaper_sample/pastpaper_2017_2.html,HTML paper/problem/practice,English/Japanese,Official EJU session archive with answer-sheet guidance
Japan,GA/EM,GA/EM,B,admissions exam,JASSO EJU past exam questions,https://www.jasso.go.jp/en/ryugaku/eju/examinee/pastpaper_sample/index.html,2018 1st session,https://www.jasso.go.jp/en/ryugaku/eju/examinee/pastpaper_sample/pastpaper_2018_1.html,HTML paper/problem/practice,English/Japanese,Official EJU session archive with answer-sheet guidance
Japan,GA/EM,GA/EM,B,admissions exam,JASSO EJU past exam questions,https://www.jasso.go.jp/en/ryugaku/eju/examinee/pastpaper_sample/index.html,2018 2nd session (Japanese and Japan And The World are in preparation),https://www.jasso.go.jp/en/ryugaku/eju/examinee/pastpaper_sample/pastpaper_2018_2.html,HTML paper/problem/practice,English/Japanese,Official EJU session archive with answer-sheet guidance
Japan,GA/EM,GA/EM,B,admissions exam,JASSO EJU past exam questions,https://www.jasso.go.jp/en/ryugaku/eju/examinee/pastpaper_sample/index.html,2019 1st session (Japanese and Japan And The World are in preparation),https://www.jasso.go.jp/en/ryugaku/eju/examinee/pastpaper_sample/pastpaper_2019_1.html,HTML paper/problem/practice,English/Japanese,Official EJU session archive with answer-sheet guidance
Japan,GA/EM,GA/EM,B,admissions exam,JASSO EJU past exam questions,https://www.jasso.go.jp/en/ryugaku/eju/examinee/pastpaper_sample/index.html,2020 2nd session (Japanese and Japan And The World are in preparation),https://www.jasso.go.jp/en/ryugaku/eju/examinee/pastpaper_sample/pastpaper_2020_2.html,HTML paper/problem/practice,English/Japanese,Official EJU session archive with answer-sheet guidance
Japan,GA/EM,GA/EM,B,admissions exam,JASSO EJU past exam questions,https://www.jasso.go.jp/en/ryugaku/eju/examinee/pastpaper_sample/index.html,2021 1st session (Japanese and Japan And The World are in preparation),https://www.jasso.go.jp/en/ryugaku/eju/examinee/pastpaper_sample/pastpaper_2021_1.html,HTML paper/problem/practice,English/Japanese,Official EJU session archive with answer-sheet guidance
Japan,GA/EM,GA/EM,B,admissions exam,JASSO EJU past exam questions,https://www.jasso.go.jp/en/ryugaku/eju/examinee/pastpaper_sample/index.html,About Score Certificate,https://www.jasso.go.jp/en/ryugaku/eju/examinee/certificate/index.html,HTML paper/problem/practice,English/Japanese,Official EJU session archive with answer-sheet guidance
Japan,GA/EM,GA/EM,B,admissions exam,JASSO EJU past exam questions,https://www.jasso.go.jp/en/ryugaku/eju/examinee/pastpaper_sample/index.html,"Acceptance Level · Minimum required scores, For Pre-arrival Admission",https://www.jasso.go.jp/en/ryugaku/eju/examinee/prearrival/required_score.html,HTML paper/problem/practice,English/Japanese,Official EJU session archive with answer-sheet guidance
Japan,GA/EM,GA/EM,B,admissions exam,JASSO EJU past exam questions,https://www.jasso.go.jp/en/ryugaku/eju/examinee/pastpaper_sample/index.html,Answering Method,https://www.jasso.go.jp/en/ryugaku/eju/examinee/procedure/ans_method.html,HTML solution/answer,English/Japanese,Official EJU session archive with answer-sheet guidance
Japan,GA/EM,GA/EM,B,admissions exam,JASSO EJU past exam questions,https://www.jasso.go.jp/en/ryugaku/eju/examinee/pastpaper_sample/index.html,"Cautions regarding the Examination, etc.",https://www.jasso.go.jp/en/ryugaku/eju/examinee/procedure/caution.html,HTML paper/problem/practice,English/Japanese,Official EJU session archive with answer-sheet guidance
Japan,GA/EM,GA/EM,B,admissions exam,JASSO EJU past exam questions,https://www.jasso.go.jp/en/ryugaku/eju/examinee/pastpaper_sample/index.html,EJU Application Method,https://www.jasso.go.jp/en/ryugaku/eju/examinee/procedure/application.html,HTML paper/problem/practice,English/Japanese,Official EJU session archive with answer-sheet guidance
Japan,GA/EM,GA/EM,B,admissions exam,JASSO EJU past exam questions,https://www.jasso.go.jp/en/ryugaku/eju/examinee/pastpaper_sample/index.html,EJU Bulletin,https://www.jasso.go.jp/en/ryugaku/eju/examinee/bulletin.html,HTML paper/problem/practice,English/Japanese,Official EJU session archive with answer-sheet guidance
Japan,GA/EM,GA/EM,B,admissions exam,JASSO EJU past exam questions,https://www.jasso.go.jp/en/ryugaku/eju/examinee/pastpaper_sample/index.html,EJU Overseas Representatives,https://www.jasso.go.jp/en/ryugaku/eju/examinee/contact/index.html,HTML paper/problem/practice,English/Japanese,Official EJU session archive with answer-sheet guidance
Japan,GA/EM,GA/EM,B,admissions exam,JASSO EJU past exam questions,https://www.jasso.go.jp/en/ryugaku/eju/examinee/pastpaper_sample/index.html,EJU Overseas Representatives in Asia,https://www.jasso.go.jp/en/ryugaku/eju/examinee/contact/asia.html,HTML paper/problem/practice,English/Japanese,Official EJU session archive with answer-sheet guidance
Japan,GA/EM,GA/EM,B,admissions exam,JASSO EJU past exam questions,https://www.jasso.go.jp/en/ryugaku/eju/examinee/pastpaper_sample/index.html,EJU Question Booklet (Publication),https://www.jasso.go.jp/en/ryugaku/eju/examinee/publish.html,HTML paper/problem/practice,English/Japanese,Official EJU session archive with answer-sheet guidance
Japan,GA/EM,GA/EM,B,admissions exam,JASSO EJU past exam questions,https://www.jasso.go.jp/en/ryugaku/eju/examinee/pastpaper_sample/index.html,EJU Syllabus,https://www.jasso.go.jp/en/ryugaku/eju/examinee/syllabus/index.html,HTML paper/problem/practice,English/Japanese,Official EJU session archive with answer-sheet guidance
Japan,GA/EM,GA/EM,B,admissions exam,JASSO EJU past exam questions,https://www.jasso.go.jp/en/ryugaku/eju/examinee/pastpaper_sample/index.html,EJU Syllabus for Biology (To be applied to the questions of the 2026 EJU 1st Session),https://www.jasso.go.jp/en/ryugaku/eju/examinee/syllabus/science_bio.html,HTML paper/problem/practice,English/Japanese,Official EJU session archive with answer-sheet guidance
Japan,GA/EM,GA/EM,B,admissions exam,JASSO EJU past exam questions,https://www.jasso.go.jp/en/ryugaku/eju/examinee/pastpaper_sample/index.html,EJU Syllabus for Chemistry (To be applied to the questions of the 2026 EJU 1st Session),https://www.jasso.go.jp/en/ryugaku/eju/examinee/syllabus/science_chem.html,HTML paper/problem/practice,English/Japanese,Official EJU session archive with answer-sheet guidance
Japan,GA/EM,GA/EM,B,admissions exam,JASSO EJU past exam questions,https://www.jasso.go.jp/en/ryugaku/eju/examinee/pastpaper_sample/index.html,EJU Syllabus for Examination of Japan and the World (To be applied to the questions of the 2026 EJU 1st Session),https://www.jasso.go.jp/en/ryugaku/eju/examinee/syllabus/japan_theworld.html,HTML paper/problem/practice,English/Japanese,Official EJU session archive with answer-sheet guidance
Japan,GA/EM,GA/EM,B,admissions exam,JASSO EJU past exam questions,https://www.jasso.go.jp/en/ryugaku/eju/examinee/pastpaper_sample/index.html,EJU Syllabus for Examination of Japanese as a Foreign Language,https://www.jasso.go.jp/en/ryugaku/eju/examinee/syllabus/japanese.html,HTML paper/problem/practice,English/Japanese,Official EJU session archive with answer-sheet guidance
Japan,GA/EM,GA/EM,B,admissions exam,JASSO EJU past exam questions,https://www.jasso.go.jp/en/ryugaku/eju/examinee/pastpaper_sample/index.html,EJU Syllabus for Mathematics (To be applied to the questions of the 2026 EJU 1st Session),https://www.jasso.go.jp/en/ryugaku/eju/examinee/syllabus/mathematics.html,HTML paper/problem/practice,English/Japanese,Official EJU session archive with answer-sheet guidance
Japan,GA/EM,GA/EM,B,admissions exam,JASSO EJU past exam questions,https://www.jasso.go.jp/en/ryugaku/eju/examinee/pastpaper_sample/index.html,EJU Syllabus for Physics (To be applied to the questions of the 2026 EJU 1st Session),https://www.jasso.go.jp/en/ryugaku/eju/examinee/syllabus/science_phy.html,HTML paper/problem/practice,English/Japanese,Official EJU session archive with answer-sheet guidance
Japan,GA/EM,GA/EM,B,admissions exam,JASSO EJU past exam questions,https://www.jasso.go.jp/en/ryugaku/eju/examinee/pastpaper_sample/index.html,Exam Application/Score Confirmation,https://www.jasso.go.jp/en/ryugaku/eju/ejuonline/application/index.html,HTML paper/problem/practice,English/Japanese,Official EJU session archive with answer-sheet guidance
Japan,GA/EM,GA/EM,B,admissions exam,JASSO EJU past exam questions,https://www.jasso.go.jp/en/ryugaku/eju/examinee/pastpaper_sample/index.html,Examination Day,https://www.jasso.go.jp/en/ryugaku/eju/faq_eju/caution.html,HTML paper/problem/practice,English/Japanese,Official EJU session archive with answer-sheet guidance
Japan,GA/EM,GA/EM,B,admissions exam,JASSO EJU past exam questions,https://www.jasso.go.jp/en/ryugaku/eju/examinee/pastpaper_sample/index.html,Examination Fee,https://www.jasso.go.jp/en/ryugaku/eju/examinee/procedure/examination_fee.html,HTML paper/problem/practice,English/Japanese,Official EJU session archive with answer-sheet guidance
Japan,GA/EM,GA/EM,B,admissions exam,JASSO EJU past exam questions,https://www.jasso.go.jp/en/ryugaku/eju/examinee/pastpaper_sample/index.html,Examination Language,https://www.jasso.go.jp/en/ryugaku/eju/examinee/procedure/language.html,HTML paper/problem/practice,English/Japanese,Official EJU session archive with answer-sheet guidance
Japan,GA/EM,GA/EM,B,admissions exam,JASSO EJU past exam questions,https://www.jasso.go.jp/en/ryugaku/eju/examinee/pastpaper_sample/index.html,Examination Schedule,https://www.jasso.go.jp/en/ryugaku/eju/schedule.html,HTML paper/problem/practice,English/Japanese,Official EJU session archive with answer-sheet guidance
Japan,GA/EM,GA/EM,B,admissions exam,JASSO EJU past exam questions,https://www.jasso.go.jp/en/ryugaku/eju/examinee/pastpaper_sample/index.html,Examination Subjects,https://www.jasso.go.jp/en/ryugaku/eju/examinee/procedure/subject.html,HTML paper/problem/practice,English/Japanese,Official EJU session archive with answer-sheet guidance
Japan,GA/EM,GA/EM,B,admissions exam,JASSO EJU past exam questions,https://www.jasso.go.jp/en/ryugaku/eju/examinee/pastpaper_sample/index.html,Examination Time,https://www.jasso.go.jp/en/ryugaku/eju/examinee/procedure/examination_time.html,HTML paper/problem/practice,English/Japanese,Official EJU session archive with answer-sheet guidance
Japan,GA/EM,GA/EM,B,admissions exam,JASSO EJU past exam questions,https://www.jasso.go.jp/en/ryugaku/eju/examinee/pastpaper_sample/index.html,Examination Vouchers (for examinees taking the EJU outside of Japan),https://www.jasso.go.jp/en/ryugaku/eju/faq_eju/voucher_overseas.html,HTML paper/problem/practice,English/Japanese,Official EJU session archive with answer-sheet guidance
Japan,GA/EM,GA/EM,B,admissions exam,JASSO EJU past exam questions,https://www.jasso.go.jp/en/ryugaku/eju/examinee/pastpaper_sample/index.html,Examination Vouchers (for taking EJU in Japan),https://www.jasso.go.jp/en/ryugaku/eju/faq_eju/voucher_japan.html,HTML paper/problem/practice,English/Japanese,Official EJU session archive with answer-sheet guidance
Japan,GA/EM,GA/EM,B,admissions exam,JASSO EJU past exam questions,https://www.jasso.go.jp/en/ryugaku/eju/examinee/pastpaper_sample/index.html,Examination for Japanese University Admission for International Students(EJU),https://www.jasso.go.jp/en/ryugaku/eju/index.html,HTML paper/problem/practice,English/Japanese,Official EJU session archive with answer-sheet guidance
Japan,GA/EM,GA/EM,B,admissions exam,JASSO EJU past exam questions,https://www.jasso.go.jp/en/ryugaku/eju/examinee/pastpaper_sample/index.html,For EJU Examinees with Disability,https://www.jasso.go.jp/en/ryugaku/eju/examinee/procedure/disability.html,HTML paper/problem/practice,English/Japanese,Official EJU session archive with answer-sheet guidance
Japan,GA/EM,GA/EM,B,admissions exam,JASSO EJU past exam questions,https://www.jasso.go.jp/en/ryugaku/eju/examinee/pastpaper_sample/index.html,For examinee,https://www.jasso.go.jp/en/ryugaku/eju/examinee/index.html,HTML paper/problem/practice,English/Japanese,Official EJU session archive with answer-sheet guidance
Japan,GA/EM,GA/EM,B,admissions exam,JASSO EJU past exam questions,https://www.jasso.go.jp/en/ryugaku/eju/examinee/pastpaper_sample/index.html,Guidelines for EJU (from application to score report),https://www.jasso.go.jp/en/ryugaku/eju/examinee/procedure/index.html,HTML paper/problem/practice,English/Japanese,Official EJU session archive with answer-sheet guidance
Japan,GA/EM,GA/EM,A,admissions exam,JASSO EJU past exam questions,https://www.jasso.go.jp/en/ryugaku/eju/examinee/pastpaper_sample/index.html,JASSO EJU past exam questions — official gateway,https://www.jasso.go.jp/en/ryugaku/eju/examinee/pastpaper_sample/index.html,Official gateway,English/Japanese,Official EJU session archive with answer-sheet guidance
Japan,GA/EM,GA/EM,B,admissions exam,JASSO EJU past exam questions,https://www.jasso.go.jp/en/ryugaku/eju/examinee/pastpaper_sample/index.html,Japanese,https://www.jasso.go.jp/ryugaku/eju/examinee/pastpaper_sample/index.html,HTML paper/problem/practice,English/Japanese,Official EJU session archive with answer-sheet guidance
Japan,GA/EM,GA/EM,B,admissions exam,JASSO EJU past exam questions,https://www.jasso.go.jp/en/ryugaku/eju/examinee/pastpaper_sample/index.html,List of Colleges of Technology (KOSEN) using EJU,https://www.jasso.go.jp/en/ryugaku/eju/examinee/use/kosen.html,HTML paper/problem/practice,English/Japanese,Official EJU session archive with answer-sheet guidance
Japan,GA/EM,GA/EM,B,admissions exam,JASSO EJU past exam questions,https://www.jasso.go.jp/en/ryugaku/eju/examinee/pastpaper_sample/index.html,List of Graduate Schools using EJU,https://www.jasso.go.jp/en/ryugaku/eju/examinee/use/graduate.html,HTML paper/problem/practice,English/Japanese,Official EJU session archive with answer-sheet guidance
Japan,GA/EM,GA/EM,B,admissions exam,JASSO EJU past exam questions,https://www.jasso.go.jp/en/ryugaku/eju/examinee/pastpaper_sample/index.html,List of Junior Colleges using EJU,https://www.jasso.go.jp/en/ryugaku/eju/examinee/use/junior_college.html,HTML paper/problem/practice,English/Japanese,Official EJU session archive with answer-sheet guidance
Japan,GA/EM,GA/EM,B,admissions exam,JASSO EJU past exam questions,https://www.jasso.go.jp/en/ryugaku/eju/examinee/pastpaper_sample/index.html,List of National Universities and Local Public Universities using EJU,https://www.jasso.go.jp/en/ryugaku/eju/examinee/use/uni_national.html,HTML paper/problem/practice,English/Japanese,Official EJU session archive with answer-sheet guidance
Japan,GA/EM,GA/EM,B,admissions exam,JASSO EJU past exam questions,https://www.jasso.go.jp/en/ryugaku/eju/examinee/pastpaper_sample/index.html,List of Online Universities using EJU,https://www.jasso.go.jp/en/ryugaku/eju/examinee/use/online.html,HTML paper/problem/practice,English/Japanese,Official EJU session archive with answer-sheet guidance
Japan,GA/EM,GA/EM,B,admissions exam,JASSO EJU past exam questions,https://www.jasso.go.jp/en/ryugaku/eju/examinee/pastpaper_sample/index.html,List of Professional Training Colleges using EJU,https://www.jasso.go.jp/en/ryugaku/eju/examinee/use/pro_training.html,HTML paper/problem/practice,English/Japanese,Official EJU session archive with answer-sheet guidance
Japan,GA/EM,GA/EM,B,admissions exam,JASSO EJU past exam questions,https://www.jasso.go.jp/en/ryugaku/eju/examinee/pastpaper_sample/index.html,List of Professional and Vocational Universities using EJU,https://www.jasso.go.jp/en/ryugaku/eju/examinee/use/uni_proandvoc.html,HTML paper/problem/practice,English/Japanese,Official EJU session archive with answer-sheet guidance
Japan,GA/EM,GA/EM,B,admissions exam,JASSO EJU past exam questions,https://www.jasso.go.jp/en/ryugaku/eju/examinee/pastpaper_sample/index.html,List of Schools Offering Pre-arrival Admission using EJU,https://www.jasso.go.jp/en/ryugaku/eju/examinee/prearrival/uni_national.html,HTML paper/problem/practice,English/Japanese,Official EJU session archive with answer-sheet guidance
Japan,GA/EM,GA/EM,B,admissions exam,JASSO EJU past exam questions,https://www.jasso.go.jp/en/ryugaku/eju/examinee/pastpaper_sample/index.html,List of other Schools using EJU,https://www.jasso.go.jp/en/ryugaku/eju/examinee/use/other.html,HTML paper/problem/practice,English/Japanese,Official EJU session archive with answer-sheet guidance
Japan,GA/EM,GA/EM,B,admissions exam,JASSO EJU past exam questions,https://www.jasso.go.jp/en/ryugaku/eju/examinee/pastpaper_sample/index.html,List of schools using EJU,https://www.jasso.go.jp/en/ryugaku/eju/examinee/use/index.html,HTML paper/problem/practice,English/Japanese,Official EJU session archive with answer-sheet guidance
Japan,GA/EM,GA/EM,B,admissions exam,JASSO EJU past exam questions,https://www.jasso.go.jp/en/ryugaku/eju/examinee/pastpaper_sample/index.html,Mailing of EJU Examination Voucher,https://www.jasso.go.jp/en/ryugaku/eju/examinee/procedure/exam_voucher_soufu.html,HTML paper/problem/practice,English/Japanese,Official EJU session archive with answer-sheet guidance
Japan,GA/EM,GA/EM,B,admissions exam,JASSO EJU past exam questions,https://www.jasso.go.jp/en/ryugaku/eju/examinee/pastpaper_sample/index.html,New Examination for International Students in Japan,https://www.jasso.go.jp/en/ryugaku/eju/about/about_a/foundation.html,HTML paper/problem/practice,English/Japanese,Official EJU session archive with answer-sheet guidance
Japan,GA/EM,GA/EM,B,admissions exam,JASSO EJU past exam questions,https://www.jasso.go.jp/en/ryugaku/eju/examinee/pastpaper_sample/index.html,"Notice on Revised Syllabuses for the EJU’s Basic Academic Abilities Tests (Science, Japan and the World, Mathematics)(To be applied to the questions of the 2026 EJU 1st Session)",https://www.jasso.go.jp/en/ryugaku/eju/about/revision/rev_basic.html,HTML paper/problem/practice,English/Japanese,Official EJU session archive with answer-sheet guidance
Japan,GA/EM,GA/EM,B,admissions exam,JASSO EJU past exam questions,https://www.jasso.go.jp/en/ryugaku/eju/examinee/pastpaper_sample/index.html,Number of 2026 EJU Applicants and Examinees (1st Session),https://www.jasso.go.jp/en/ryugaku/eju/about/data/applicants_examinees.html,HTML paper/problem/practice,English/Japanese,Official EJU session archive with answer-sheet guidance
Japan,GA/EM,GA/EM,B,admissions exam,JASSO EJU past exam questions,https://www.jasso.go.jp/en/ryugaku/eju/examinee/pastpaper_sample/index.html,Number of Schools Offering Pre-arrival Admission,https://www.jasso.go.jp/en/ryugaku/eju/examinee/prearrival/number.html,HTML paper/problem/practice,English/Japanese,Official EJU session archive with answer-sheet guidance
Japan,GA/EM,GA/EM,B,admissions exam,JASSO EJU past exam questions,https://www.jasso.go.jp/en/ryugaku/eju/examinee/pastpaper_sample/index.html,Number of schools using EJU,https://www.jasso.go.jp/en/ryugaku/eju/examinee/use/use_number.html,HTML paper/problem/practice,English/Japanese,Official EJU session archive with answer-sheet guidance
Japan,GA/EM,GA/EM,B,admissions exam,JASSO EJU past exam questions,https://www.jasso.go.jp/en/ryugaku/eju/examinee/pastpaper_sample/index.html,Reissuance Procedure for Examiniees outside Japan,https://www.jasso.go.jp/en/ryugaku/eju/examinee/reissue/abroad.html,HTML paper/problem/practice,English/Japanese,Official EJU session archive with answer-sheet guidance
Japan,GA/EM,GA/EM,B,admissions exam,JASSO EJU past exam questions,https://www.jasso.go.jp/en/ryugaku/eju/examinee/pastpaper_sample/index.html,Reissuing of Examination Voucher,https://www.jasso.go.jp/en/ryugaku/eju/examinee/reissue/index.html,HTML paper/problem/practice,English/Japanese,Official EJU session archive with answer-sheet guidance
Japan,GA/EM,GA/EM,B,admissions exam,JASSO EJU past exam questions,https://www.jasso.go.jp/en/ryugaku/eju/examinee/pastpaper_sample/index.html,Relation to the Japanese-Language Proficiency Test,https://www.jasso.go.jp/en/ryugaku/eju/faq_eju/jlpt.html,HTML paper/problem/practice,English/Japanese,Official EJU session archive with answer-sheet guidance
Japan,GA/EM,GA/EM,A,admissions exam,JASSO EJU past exam questions,https://www.jasso.go.jp/en/ryugaku/eju/examinee/pastpaper_sample/index.html,Samples of answer sheets,https://www.jasso.go.jp/en/ryugaku/eju/examinee/pastpaper_sample/__icsFiles/afieldfile/2023/06/27/answersheet_sample_en_3.pdf,PDF solution/answer,English/Japanese,Official EJU session archive with answer-sheet guidance
Japan,GA/EM,GA/EM,B,admissions exam,JASSO EJU past exam questions,https://www.jasso.go.jp/en/ryugaku/eju/examinee/pastpaper_sample/index.html,Schools Offering Pre-arrival Admission,https://www.jasso.go.jp/en/ryugaku/eju/examinee/prearrival/index.html,HTML paper/problem/practice,English/Japanese,Official EJU session archive with answer-sheet guidance
Japan,GA/EM,GA/EM,B,admissions exam,JASSO EJU past exam questions,https://www.jasso.go.jp/en/ryugaku/eju/examinee/pastpaper_sample/index.html,Score Report and Notification,https://www.jasso.go.jp/en/ryugaku/eju/examinee/procedure/score_report_soufu.html,HTML paper/problem/practice,English/Japanese,Official EJU session archive with answer-sheet guidance
Japan,GA/EM,GA/EM,B,admissions exam,JASSO EJU past exam questions,https://www.jasso.go.jp/en/ryugaku/eju/examinee/pastpaper_sample/index.html,Student Voices,https://www.jasso.go.jp/en/ryugaku/eju/examinee/voice/index.html,HTML paper/problem/practice,English/Japanese,Official EJU session archive with answer-sheet guidance
Japan,GA/EM,GA/EM,B,admissions exam,JASSO EJU past exam questions,https://www.jasso.go.jp/en/ryugaku/eju/examinee/pastpaper_sample/index.html,Student Voices (Mr. Tang Pei He),https://www.jasso.go.jp/en/ryugaku/eju/examinee/voice/student_voice_tang_pei_he.html,HTML paper/problem/practice,English/Japanese,Official EJU session archive with answer-sheet guidance
Japan,GA/EM,GA/EM,B,admissions exam,JASSO EJU past exam questions,https://www.jasso.go.jp/en/ryugaku/eju/examinee/pastpaper_sample/index.html,Student Voices (Mr. Zorigbayar Tamir),https://www.jasso.go.jp/en/ryugaku/eju/examinee/voice/student_voice_zorigbayar_tamir.html,HTML paper/problem/practice,English/Japanese,Official EJU session archive with answer-sheet guidance
Japan,GA/EM,GA/EM,B,admissions exam,JASSO EJU past exam questions,https://www.jasso.go.jp/en/ryugaku/eju/examinee/pastpaper_sample/index.html,Student Voices (Ms. Enkhbold Maralgua),https://www.jasso.go.jp/en/ryugaku/eju/examinee/voice/student_voice_enkhbold_m.html,HTML paper/problem/practice,English/Japanese,Official EJU session archive with answer-sheet guidance
Japan,GA/EM,GA/EM,B,admissions exam,JASSO EJU past exam questions,https://www.jasso.go.jp/en/ryugaku/eju/examinee/pastpaper_sample/index.html,Student Voices (Ms. Han Eojin),https://www.jasso.go.jp/en/ryugaku/eju/examinee/voice/student_voice_han_eojin.html,HTML paper/problem/practice,English/Japanese,Official EJU session archive with answer-sheet guidance
Japan,GA/EM,GA/EM,B,admissions exam,JASSO EJU past exam questions,https://www.jasso.go.jp/en/ryugaku/eju/examinee/pastpaper_sample/index.html,Student Voices (Ms. Tran Nguyen Phuong Linh),https://www.jasso.go.jp/en/ryugaku/eju/examinee/voice/student_voice_t_n_p_linh.html,HTML paper/problem/practice,English/Japanese,Official EJU session archive with answer-sheet guidance
Japan,GA/EM,GA/EM,B,admissions exam,JASSO EJU past exam questions,https://www.jasso.go.jp/en/ryugaku/eju/examinee/pastpaper_sample/index.html,Student Voices (Ms. Tu Weixiao),https://www.jasso.go.jp/en/ryugaku/eju/examinee/voice/student_voice_tu_weixiao.html,HTML paper/problem/practice,English/Japanese,Official EJU session archive with answer-sheet guidance
Japan,GA/EM,GA/EM,B,admissions exam,JASSO EJU past exam questions,https://www.jasso.go.jp/en/ryugaku/eju/examinee/pastpaper_sample/index.html,"Subjects, Syllabuses, Question Booklets",https://www.jasso.go.jp/en/ryugaku/eju/faq_eju/examinee.html,HTML paper/problem/practice,English/Japanese,Official EJU session archive with answer-sheet guidance
Japan,GA/EM,GA/EM,B,admissions exam,JASSO EJU past exam questions,https://www.jasso.go.jp/en/ryugaku/eju/examinee/pastpaper_sample/index.html,Transition of the Number of EJU Examinees,https://www.jasso.go.jp/en/ryugaku/eju/about/data/examinees.html,HTML paper/problem/practice,English/Japanese,Official EJU session archive with answer-sheet guidance
Japan,GA/EM,GA/EM,B,admissions exam,JASSO EJU past exam questions,https://www.jasso.go.jp/en/ryugaku/eju/examinee/pastpaper_sample/index.html,What type of examination is the EJU?,https://www.jasso.go.jp/en/ryugaku/eju/faq_eju/about.html,HTML paper/problem/practice,English/Japanese,Official EJU session archive with answer-sheet guidance
Mexico,EM/DM,EM/DM,B,contest archive,Mexican Mathematics Olympiad,http://www.ommenlinea.org/,Concurso de Problemas,http://www.ommenlinea.org/actividades/concursos/concurso-de-problemas/,HTML paper/problem/practice,Spanish,"Official preparation, publications, problems and solutions"
Mexico,EM/DM,EM/DM,B,contest archive,Mexican Mathematics Olympiad,http://www.ommenlinea.org/,Envía Problemas y Soluciones,http://www.ommenlinea.org/?page_id=80#problemas,HTML paper/problem/practice,Spanish,"Official preparation, publications, problems and solutions"
Mexico,EM/DM,EM/DM,B,contest archive,Mexican Mathematics Olympiad,http://www.ommenlinea.org/,Folletos de Problemas,http://www.ommenlinea.org/publicaciones/folletos-introductorios/,HTML paper/problem/practice,Spanish,"Official preparation, publications, problems and solutions"
Mexico,EM/DM,EM/DM,A,contest archive,Mexican Mathematics Olympiad,http://www.ommenlinea.org/,Mexican Mathematics Olympiad — official gateway,http://www.ommenlinea.org/,Official gateway,Spanish,"Official preparation, publications, problems and solutions"
Mexico,EM/DM,EM/DM,B,contest archive,Mexican Mathematics Olympiad,http://www.ommenlinea.org/,Problemas,http://www.ommenlinea.org/publicaciones/revista-tzaloa-2/problemas/,HTML paper/problem/practice,Spanish,"Official preparation, publications, problems and solutions"
Mexico,EM/DM,EM/DM,B,contest archive,Mexican Mathematics Olympiad,http://www.ommenlinea.org/,Soluciones del Examen de invitación de la OMM del 2021,http://www.ommenlinea.org/2021/soluciones-del-examen-de-invitacion-de-la-omm-del-2021/#comment-10975,HTML paper/problem/practice,Spanish,"Official preparation, publications, problems and solutions"
Mexico,EM/DM,EM/DM,B,contest archive,Mexican Mathematics Olympiad,http://www.ommenlinea.org/,Soluciones del Examen de invitación de la OMM del 2021,http://www.ommenlinea.org/2021/soluciones-del-examen-de-invitacion-de-la-omm-del-2021/#comment-10974,HTML paper/problem/practice,Spanish,"Official preparation, publications, problems and solutions"
New Zealand,DM,DM,A,contest archive,NZ Informatics Competition,https://www.nzoi.org.nz/nzic/,NZ Informatics Competition — official gateway,https://www.nzoi.org.nz/nzic/,Official gateway,English,Official algorithmic contest/training gateway
New Zealand,DM,DM,B,contest archive,NZ Informatics Competition,https://www.nzoi.org.nz/nzic/,Past Contests,https://www.nzoi.org.nz/nzic/past/,HTML paper/problem/practice,English,Official algorithmic contest/training gateway
New Zealand,EM/DM,EM/DM,B,contest archive,NZ Mathematical Olympiad resources,https://www.mathsolympiad.org.nz/resources/,2019 NZMO1,https://www.mathsolympiad.org.nz/competitions/nzmo/files/problems.php?round=1&year=2019,HTML paper/problem/practice,English,"Official sample problems, solutions, past papers"
New Zealand,EM/DM,EM/DM,B,contest archive,NZ Mathematical Olympiad resources,https://www.mathsolympiad.org.nz/resources/,2019 NZMO1 with solutions,https://www.mathsolympiad.org.nz/competitions/nzmo/files/problems.php?round=1&year=2019&type=solutions,HTML solution/answer,English,"Official sample problems, solutions, past papers"
New Zealand,EM/DM,EM/DM,B,contest archive,NZ Mathematical Olympiad resources,https://www.mathsolympiad.org.nz/resources/,2019 NZMO2,https://www.mathsolympiad.org.nz/competitions/nzmo/files/problems.php?round=2&year=2019,HTML paper/problem/practice,English,"Official sample problems, solutions, past papers"
New Zealand,EM/DM,EM/DM,B,contest archive,NZ Mathematical Olympiad resources,https://www.mathsolympiad.org.nz/resources/,2019 NZMO2 with solutions,https://www.mathsolympiad.org.nz/competitions/nzmo/files/problems.php?round=2&year=2019&type=solutions,HTML solution/answer,English,"Official sample problems, solutions, past papers"
New Zealand,EM/DM,EM/DM,B,contest archive,NZ Mathematical Olympiad resources,https://www.mathsolympiad.org.nz/resources/,2020 NZMO1,https://www.mathsolympiad.org.nz/competitions/nzmo/files/problems.php?round=1&year=2020,HTML paper/problem/practice,English,"Official sample problems, solutions, past papers"
New Zealand,EM/DM,EM/DM,B,contest archive,NZ Mathematical Olympiad resources,https://www.mathsolympiad.org.nz/resources/,2020 NZMO1 with solutions,https://www.mathsolympiad.org.nz/competitions/nzmo/files/problems.php?round=1&year=2020&type=solutions,HTML solution/answer,English,"Official sample problems, solutions, past papers"
New Zealand,EM/DM,EM/DM,B,contest archive,NZ Mathematical Olympiad resources,https://www.mathsolympiad.org.nz/resources/,2020 NZMO2,https://www.mathsolympiad.org.nz/competitions/nzmo/files/problems.php?round=2&year=2020,HTML paper/problem/practice,English,"Official sample problems, solutions, past papers"
New Zealand,EM/DM,EM/DM,B,contest archive,NZ Mathematical Olympiad resources,https://www.mathsolympiad.org.nz/resources/,2020 NZMO2 with solutions,https://www.mathsolympiad.org.nz/competitions/nzmo/files/problems.php?round=2&year=2020&type=solutions,HTML solution/answer,English,"Official sample problems, solutions, past papers"
New Zealand,EM/DM,EM/DM,B,contest archive,NZ Mathematical Olympiad resources,https://www.mathsolympiad.org.nz/resources/,2021 NZMO1,https://www.mathsolympiad.org.nz/competitions/nzmo/files/problems.php?round=1&year=2021,HTML paper/problem/practice,English,"Official sample problems, solutions, past papers"
New Zealand,EM/DM,EM/DM,B,contest archive,NZ Mathematical Olympiad resources,https://www.mathsolympiad.org.nz/resources/,2021 NZMO1 with solutions,https://www.mathsolympiad.org.nz/competitions/nzmo/files/problems.php?round=1&year=2021&type=solutions,HTML solution/answer,English,"Official sample problems, solutions, past papers"
New Zealand,EM/DM,EM/DM,B,contest archive,NZ Mathematical Olympiad resources,https://www.mathsolympiad.org.nz/resources/,2021 NZMO2,https://www.mathsolympiad.org.nz/competitions/nzmo/files/problems.php?round=2&year=2021,HTML paper/problem/practice,English,"Official sample problems, solutions, past papers"
New Zealand,EM/DM,EM/DM,B,contest archive,NZ Mathematical Olympiad resources,https://www.mathsolympiad.org.nz/resources/,2021 NZMO2 with solutions,https://www.mathsolympiad.org.nz/competitions/nzmo/files/problems.php?round=2&year=2021&type=solutions,HTML solution/answer,English,"Official sample problems, solutions, past papers"
New Zealand,EM/DM,EM/DM,B,contest archive,NZ Mathematical Olympiad resources,https://www.mathsolympiad.org.nz/resources/,2022 NZMO1,https://www.mathsolympiad.org.nz/competitions/nzmo/files/problems.php?round=1&year=2022,HTML paper/problem/practice,English,"Official sample problems, solutions, past papers"
New Zealand,EM/DM,EM/DM,B,contest archive,NZ Mathematical Olympiad resources,https://www.mathsolympiad.org.nz/resources/,2022 NZMO1 with solutions,https://www.mathsolympiad.org.nz/competitions/nzmo/files/problems.php?round=1&year=2022&type=solutions,HTML solution/answer,English,"Official sample problems, solutions, past papers"
New Zealand,EM/DM,EM/DM,B,contest archive,NZ Mathematical Olympiad resources,https://www.mathsolympiad.org.nz/resources/,2022 NZMO2,https://www.mathsolympiad.org.nz/competitions/nzmo/files/problems.php?round=2&year=2022,HTML paper/problem/practice,English,"Official sample problems, solutions, past papers"
New Zealand,EM/DM,EM/DM,B,contest archive,NZ Mathematical Olympiad resources,https://www.mathsolympiad.org.nz/resources/,2022 NZMO2 with solutions,https://www.mathsolympiad.org.nz/competitions/nzmo/files/problems.php?round=2&year=2022&type=solutions,HTML solution/answer,English,"Official sample problems, solutions, past papers"
New Zealand,EM/DM,EM/DM,B,contest archive,NZ Mathematical Olympiad resources,https://www.mathsolympiad.org.nz/resources/,2023 NZMO1,https://www.mathsolympiad.org.nz/competitions/nzmo/files/problems.php?round=1&year=2023,HTML paper/problem/practice,English,"Official sample problems, solutions, past papers"
New Zealand,EM/DM,EM/DM,B,contest archive,NZ Mathematical Olympiad resources,https://www.mathsolympiad.org.nz/resources/,2023 NZMO1 with solutions,https://www.mathsolympiad.org.nz/competitions/nzmo/files/problems.php?round=1&year=2023&type=solutions,HTML solution/answer,English,"Official sample problems, solutions, past papers"
New Zealand,EM/DM,EM/DM,B,contest archive,NZ Mathematical Olympiad resources,https://www.mathsolympiad.org.nz/resources/,2023 NZMO2,https://www.mathsolympiad.org.nz/competitions/nzmo/files/problems.php?round=2&year=2023,HTML paper/problem/practice,English,"Official sample problems, solutions, past papers"
New Zealand,EM/DM,EM/DM,B,contest archive,NZ Mathematical Olympiad resources,https://www.mathsolympiad.org.nz/resources/,2023 NZMO2 with solutions,https://www.mathsolympiad.org.nz/competitions/nzmo/files/problems.php?round=2&year=2023&type=solutions,HTML solution/answer,English,"Official sample problems, solutions, past papers"
New Zealand,EM/DM,EM/DM,B,contest archive,NZ Mathematical Olympiad resources,https://www.mathsolympiad.org.nz/resources/,2024 NZMO1,https://www.mathsolympiad.org.nz/competitions/nzmo/files/problems.php?round=1&year=2024,HTML paper/problem/practice,English,"Official sample problems, solutions, past papers"
New Zealand,EM/DM,EM/DM,B,contest archive,NZ Mathematical Olympiad resources,https://www.mathsolympiad.org.nz/resources/,2024 NZMO1 with solutions,https://www.mathsolympiad.org.nz/competitions/nzmo/files/problems.php?round=1&year=2024&type=solutions,HTML solution/answer,English,"Official sample problems, solutions, past papers"
New Zealand,EM/DM,EM/DM,B,contest archive,NZ Mathematical Olympiad resources,https://www.mathsolympiad.org.nz/resources/,2024 NZMO2,https://www.mathsolympiad.org.nz/competitions/nzmo/files/problems.php?round=2&year=2024,HTML paper/problem/practice,English,"Official sample problems, solutions, past papers"
New Zealand,EM/DM,EM/DM,B,contest archive,NZ Mathematical Olympiad resources,https://www.mathsolympiad.org.nz/resources/,2024 NZMO2 with solutions,https://www.mathsolympiad.org.nz/competitions/nzmo/files/problems.php?round=2&year=2024&type=solutions,HTML solution/answer,English,"Official sample problems, solutions, past papers"
New Zealand,EM/DM,EM/DM,B,contest archive,NZ Mathematical Olympiad resources,https://www.mathsolympiad.org.nz/resources/,2025 NZMO1,https://www.mathsolympiad.org.nz/competitions/nzmo/files/problems.php?round=1&year=2025,HTML paper/problem/practice,English,"Official sample problems, solutions, past papers"
New Zealand,EM/DM,EM/DM,B,contest archive,NZ Mathematical Olympiad resources,https://www.mathsolympiad.org.nz/resources/,2025 NZMO1 with solutions,https://www.mathsolympiad.org.nz/competitions/nzmo/files/problems.php?round=1&year=2025&type=solutions,HTML solution/answer,English,"Official sample problems, solutions, past papers"
New Zealand,EM/DM,EM/DM,B,contest archive,NZ Mathematical Olympiad resources,https://www.mathsolympiad.org.nz/resources/,2025 NZMO2,https://www.mathsolympiad.org.nz/competitions/nzmo/files/problems.php?round=2&year=2025,HTML paper/problem/practice,English,"Official sample problems, solutions, past papers"
New Zealand,EM/DM,EM/DM,B,contest archive,NZ Mathematical Olympiad resources,https://www.mathsolympiad.org.nz/resources/,2025 NZMO2 with solutions,https://www.mathsolympiad.org.nz/competitions/nzmo/files/problems.php?round=2&year=2025&type=solutions,HTML solution/answer,English,"Official sample problems, solutions, past papers"
New Zealand,EM/DM,EM/DM,B,contest archive,NZ Mathematical Olympiad resources,https://www.mathsolympiad.org.nz/resources/,2026 NZMO1,https://www.mathsolympiad.org.nz/competitions/nzmo/files/problems.php?round=1&year=2026,HTML paper/problem/practice,English,"Official sample problems, solutions, past papers"
New Zealand,EM/DM,EM/DM,B,contest archive,NZ Mathematical Olympiad resources,https://www.mathsolympiad.org.nz/resources/,2026 NZMO1 with solutions,https://www.mathsolympiad.org.nz/competitions/nzmo/files/problems.php?round=1&year=2026&type=solutions,HTML solution/answer,English,"Official sample problems, solutions, past papers"
New Zealand,EM/DM,EM/DM,B,contest archive,NZ Mathematical Olympiad resources,https://www.mathsolympiad.org.nz/resources/,AMO,https://www.mathsolympiad.org.nz/competitions/amo/,HTML source/link,English,"Official sample problems, solutions, past papers"
New Zealand,EM/DM,EM/DM,B,contest archive,NZ Mathematical Olympiad resources,https://www.mathsolympiad.org.nz/resources/,APMO,https://www.mathsolympiad.org.nz/competitions/apmo/,HTML source/link,English,"Official sample problems, solutions, past papers"
New Zealand,EM/DM,EM/DM,B,contest archive,NZ Mathematical Olympiad resources,https://www.mathsolympiad.org.nz/resources/,About,https://www.mathsolympiad.org.nz/about/,HTML source/link,English,"Official sample problems, solutions, past papers"
New Zealand,EM/DM,EM/DM,A,contest archive,NZ Mathematical Olympiad resources,https://www.mathsolympiad.org.nz/resources/,Algebra,https://www.mathsolympiad.org.nz/resources/problems/sample_algebra_problems.pdf,PDF paper/problem,English,"Official sample problems, solutions, past papers"
New Zealand,EM/DM,EM/DM,A,contest archive,NZ Mathematical Olympiad resources,https://www.mathsolympiad.org.nz/resources/,Algebra - with solutions,https://www.mathsolympiad.org.nz/resources/problems/sample_algebra_solutions.pdf,PDF solution/answer,English,"Official sample problems, solutions, past papers"
New Zealand,EM/DM,EM/DM,B,contest archive,NZ Mathematical Olympiad resources,https://www.mathsolympiad.org.nz/resources/,BMO 2,https://www.mathsolympiad.org.nz/competitions/bmo2/,HTML source/link,English,"Official sample problems, solutions, past papers"
New Zealand,EM/DM,EM/DM,B,contest archive,NZ Mathematical Olympiad resources,https://www.mathsolympiad.org.nz/resources/,CMC,https://www.mathsolympiad.org.nz/competitions/cmc/,HTML source/link,English,"Official sample problems, solutions, past papers"
New Zealand,EM/DM,EM/DM,A,contest archive,NZ Mathematical Olympiad resources,https://www.mathsolympiad.org.nz/resources/,Combinatorics,https://www.mathsolympiad.org.nz/resources/problems/sample_combinatorics_problems.pdf,PDF paper/problem,English,"Official sample problems, solutions, past papers"
New Zealand,EM/DM,EM/DM,B,contest archive,NZ Mathematical Olympiad resources,https://www.mathsolympiad.org.nz/resources/,EGMO,https://www.mathsolympiad.org.nz/competitions/egmo/,HTML source/link,English,"Official sample problems, solutions, past papers"
New Zealand,EM/DM,EM/DM,B,contest archive,NZ Mathematical Olympiad resources,https://www.mathsolympiad.org.nz/resources/,Event Calendar,https://www.mathsolympiad.org.nz/calendar/,HTML source/link,English,"Official sample problems, solutions, past papers"
New Zealand,EM/DM,EM/DM,A,contest archive,NZ Mathematical Olympiad resources,https://www.mathsolympiad.org.nz/resources/,Geometry,https://www.mathsolympiad.org.nz/resources/problems/sample_geometry_problems.pdf,PDF paper/problem,English,"Official sample problems, solutions, past papers"
New Zealand,EM/DM,EM/DM,B,contest archive,NZ Mathematical Olympiad resources,https://www.mathsolympiad.org.nz/resources/,IMO,https://www.mathsolympiad.org.nz/competitions/imo/,HTML source/link,English,"Official sample problems, solutions, past papers"
New Zealand,EM/DM,EM/DM,A,contest archive,NZ Mathematical Olympiad resources,https://www.mathsolympiad.org.nz/resources/,NZ Mathematical Olympiad resources — official gateway,https://www.mathsolympiad.org.nz/resources/,Official gateway,English,"Official sample problems, solutions, past papers"
New Zealand,EM/DM,EM/DM,B,contest archive,NZ Mathematical Olympiad resources,https://www.mathsolympiad.org.nz/resources/,NZMO,https://www.mathsolympiad.org.nz/competitions/nzmo/,HTML source/link,English,"Official sample problems, solutions, past papers"
New Zealand,EM/DM,EM/DM,B,contest archive,NZ Mathematical Olympiad resources,https://www.mathsolympiad.org.nz/resources/,New Zealand Maths Olympiad,https://www.mathsolympiad.org.nz/,HTML source/link,English,"Official sample problems, solutions, past papers"
New Zealand,EM/DM,EM/DM,B,contest archive,NZ Mathematical Olympiad resources,https://www.mathsolympiad.org.nz/resources/,News,https://www.mathsolympiad.org.nz/news/,HTML source/link,English,"Official sample problems, solutions, past papers"
New Zealand,EM/DM,EM/DM,A,contest archive,NZ Mathematical Olympiad resources,https://www.mathsolympiad.org.nz/resources/,Number Theory,https://www.mathsolympiad.org.nz/resources/problems/sample_number_theory_problems.pdf,PDF paper/problem,English,"Official sample problems, solutions, past papers"
New Zealand,EM/DM,EM/DM,B,contest archive,NZ Mathematical Olympiad resources,https://www.mathsolympiad.org.nz/resources/,Past IMO/EGMO Reports,https://www.mathsolympiad.org.nz/news/reports/,HTML source/link,English,"Official sample problems, solutions, past papers"
Singapore,EM,EM,A,national examination,Singapore GCE A-Level,https://www.seab.gov.sg/gce-a-level/,Singapore GCE A-Level — official gateway,https://www.seab.gov.sg/gce-a-level/,Official gateway,English,Official Singapore-Cambridge A-Level examination gateway
Singapore,EM/DM,EM/DM,A,contest archive,Singapore Mathematical Olympiad,https://sms.math.nus.edu.sg/singapore-mathematical-olympiad-smo/,Singapore Mathematical Olympiad — official gateway,https://sms.math.nus.edu.sg/singapore-mathematical-olympiad-smo/,Official gateway,English,"Official organizer gateway; may require alternate access Fetch status: ReadTimeout: HTTPSConnectionPool(host='sms.math.nus.edu.sg', port=443): Read timed out. (read timeout=25)"
Singapore,GA/EM,GA/EM,B,national examination,Singapore Examinations and Assessment Board,https://www.seab.gov.sg/,Candidates Portal,https://myexams.seab.gov.sg/auth/login,HTML paper/problem/practice,English,Official national examination authority and subject gateways
Singapore,GA/EM,GA/EM,B,national examination,Singapore Examinations and Assessment Board,https://www.seab.gov.sg/,Past Years' Results,https://www.seab.gov.sg/statements-of-results/,HTML source/link,English,Official national examination authority and subject gateways
Singapore,GA/EM,GA/EM,A,national examination,Singapore Examinations and Assessment Board,https://www.seab.gov.sg/,Singapore Examinations and Assessment Board — official gateway,https://www.seab.gov.sg/,Official gateway,English,Official national examination authority and subject gateways
Singapore,GA/EM,GA/EM,B,national examination,Singapore Examinations and Assessment Board,https://www.seab.gov.sg/,VIEW DETAILS,https://www.seab.gov.sg/tests-for-admissions-placement-exercises/,HTML paper/problem/practice,English,Official national examination authority and subject gateways
South Africa,EM/DM,EM/DM,B,contest archive,South African Mathematics Foundation past papers,https://www.samf.ac.za/en/past-papers,Kangaroo Questions and Answers,https://www.samf.ac.za/en/kangaroo-questions-and-answers,HTML solution/answer,English,Official Kangaroo and mathematics contest gateway
South Africa,EM/DM,EM/DM,B,contest archive,South African Mathematics Foundation past papers,https://www.samf.ac.za/en/past-papers,Olympiad Entries,https://www.samf.ac.za/en/olympiad-entries,HTML source/link,English,Official Kangaroo and mathematics contest gateway
South Africa,EM/DM,EM/DM,A,contest archive,South African Mathematics Foundation past papers,https://www.samf.ac.za/en/past-papers,South African Mathematics Foundation past papers — official gateway,https://www.samf.ac.za/en/past-papers,Official gateway,English,Official Kangaroo and mathematics contest gateway
South Africa,EM/GA,EM/GA,B,national examination,DBE NSC past examination papers,https://www.education.gov.za/Curriculum/NationalSeniorCertificate(NSC)Examinations/NSCPastExaminationpapers.aspx,2008 November NSC Examination Papers,https://www.education.gov.za/LinkClick.aspx?link=694&tabid=593&portalid=0&mid=1741,HTML paper/problem/practice,English,Official National Senior Certificate past papers and memoranda gateway
South Africa,EM/GA,EM/GA,B,national examination,DBE NSC past examination papers,https://www.education.gov.za/Curriculum/NationalSeniorCertificate(NSC)Examinations/NSCPastExaminationpapers.aspx,2009 November NSC Examination Papers,https://www.education.gov.za/LinkClick.aspx?link=677&tabid=593&portalid=0&mid=1741,HTML paper/problem/practice,English,Official National Senior Certificate past papers and memoranda gateway
South Africa,EM/GA,EM/GA,B,national examination,DBE NSC past examination papers,https://www.education.gov.za/Curriculum/NationalSeniorCertificate(NSC)Examinations/NSCPastExaminationpapers.aspx,2011 Feb/March NSC Examination Papers,https://www.education.gov.za/LinkClick.aspx?link=726&tabid=593&portalid=0&mid=1741,HTML paper/problem/practice,English,Official National Senior Certificate past papers and memoranda gateway
South Africa,EM/GA,EM/GA,B,national examination,DBE NSC past examination papers,https://www.education.gov.za/Curriculum/NationalSeniorCertificate(NSC)Examinations/NSCPastExaminationpapers.aspx,2011 November NSC Examination Papers,https://www.education.gov.za/LinkClick.aspx?link=647&tabid=593&portalid=0&mid=1741,HTML paper/problem/practice,English,Official National Senior Certificate past papers and memoranda gateway
South Africa,EM/GA,EM/GA,B,national examination,DBE NSC past examination papers,https://www.education.gov.za/Curriculum/NationalSeniorCertificate(NSC)Examinations/NSCPastExaminationpapers.aspx,2012 Feb/March NSC Examination Papers,https://www.education.gov.za/LinkClick.aspx?link=649&tabid=593&portalid=0&mid=1741,HTML paper/problem/practice,English,Official National Senior Certificate past papers and memoranda gateway
South Africa,EM/GA,EM/GA,B,national examination,DBE NSC past examination papers,https://www.education.gov.za/Curriculum/NationalSeniorCertificate(NSC)Examinations/NSCPastExaminationpapers.aspx,2012 November NSC Examination Papers,https://www.education.gov.za/LinkClick.aspx?link=626&tabid=593&portalid=0&mid=1741,HTML paper/problem/practice,English,Official National Senior Certificate past papers and memoranda gateway
South Africa,EM/GA,EM/GA,B,national examination,DBE NSC past examination papers,https://www.education.gov.za/Curriculum/NationalSeniorCertificate(NSC)Examinations/NSCPastExaminationpapers.aspx,2013 Feb/March NSC Examination Papers,https://www.education.gov.za/LinkClick.aspx?link=610&tabid=593&portalid=0&mid=1741,HTML paper/problem/practice,English,Official National Senior Certificate past papers and memoranda gateway
South Africa,EM/GA,EM/GA,B,national examination,DBE NSC past examination papers,https://www.education.gov.za/Curriculum/NationalSeniorCertificate(NSC)Examinations/NSCPastExaminationpapers.aspx,2013 November NSC Examination Papers,https://www.education.gov.za/LinkClick.aspx?link=607&tabid=593&portalid=0&mid=1741,HTML paper/problem/practice,English,Official National Senior Certificate past papers and memoranda gateway
South Africa,EM/GA,EM/GA,B,national examination,DBE NSC past examination papers,https://www.education.gov.za/Curriculum/NationalSeniorCertificate(NSC)Examinations/NSCPastExaminationpapers.aspx,2014 Feb/March NSC Examination Papers,https://www.education.gov.za/LinkClick.aspx?link=584&tabid=593&portalid=0&mid=1741,HTML paper/problem/practice,English,Official National Senior Certificate past papers and memoranda gateway
South Africa,EM/GA,EM/GA,B,national examination,DBE NSC past examination papers,https://www.education.gov.za/Curriculum/NationalSeniorCertificate(NSC)Examinations/NSCPastExaminationpapers.aspx,2014 November NSC Examination Papers,https://www.education.gov.za/LinkClick.aspx?link=568&tabid=593&portalid=0&mid=1741,HTML paper/problem/practice,English,Official National Senior Certificate past papers and memoranda gateway
South Africa,EM/GA,EM/GA,B,national examination,DBE NSC past examination papers,https://www.education.gov.za/Curriculum/NationalSeniorCertificate(NSC)Examinations/NSCPastExaminationpapers.aspx,2015 Feb/March NSC Examination Papers,https://www.education.gov.za/LinkClick.aspx?link=730&tabid=593&portalid=0&mid=1741,HTML paper/problem/practice,English,Official National Senior Certificate past papers and memoranda gateway
South Africa,EM/GA,EM/GA,B,national examination,DBE NSC past examination papers,https://www.education.gov.za/Curriculum/NationalSeniorCertificate(NSC)Examinations/NSCPastExaminationpapers.aspx,2015 November NSC Examination Papers,https://www.education.gov.za/Curriculum/NationalSeniorCertificate(NSC)Examinations/PastExamPapers/2015NovemberNSCExamPapers1.aspx,HTML paper/problem/practice,English,Official National Senior Certificate past papers and memoranda gateway
South Africa,EM/GA,EM/GA,B,national examination,DBE NSC past examination papers,https://www.education.gov.za/Curriculum/NationalSeniorCertificate(NSC)Examinations/NSCPastExaminationpapers.aspx,2016 ASC Exam Papers (May/June),https://www.education.gov.za/LinkClick.aspx?link=1375&tabid=593&portalid=0&mid=1741,HTML paper/problem/practice,English,Official National Senior Certificate past papers and memoranda gateway
South Africa,EM/GA,EM/GA,B,national examination,DBE NSC past examination papers,https://www.education.gov.za/Curriculum/NationalSeniorCertificate(NSC)Examinations/NSCPastExaminationpapers.aspx,2016 Feb/March NSC Examination Papers,https://www.education.gov.za/Curriculum/NationalSeniorCertificate(NSC)Examinations/PastExamPapers/2016FebMarchNSCExaminationPapers.aspx,HTML paper/problem/practice,English,Official National Senior Certificate past papers and memoranda gateway
South Africa,EM/GA,EM/GA,B,national examination,DBE NSC past examination papers,https://www.education.gov.za/Curriculum/NationalSeniorCertificate(NSC)Examinations/NSCPastExaminationpapers.aspx,2016 NSC Examinations (Oct/Nov),https://www.education.gov.za/LinkClick.aspx?link=1508&tabid=593&portalid=0&mid=1741,HTML paper/problem/practice,English,Official National Senior Certificate past papers and memoranda gateway
South Africa,EM/GA,EM/GA,B,national examination,DBE NSC past examination papers,https://www.education.gov.za/Curriculum/NationalSeniorCertificate(NSC)Examinations/NSCPastExaminationpapers.aspx,2017 Feb/March NSC Exam Papers,https://www.education.gov.za/LinkClick.aspx?link=1608&tabid=593&portalid=0&mid=1741,HTML paper/problem/practice,English,Official National Senior Certificate past papers and memoranda gateway
South Africa,EM/GA,EM/GA,B,national examination,DBE NSC past examination papers,https://www.education.gov.za/Curriculum/NationalSeniorCertificate(NSC)Examinations/NSCPastExaminationpapers.aspx,2017 May/June SC(a) Exam Papers,https://www.education.gov.za/Curriculum/SeniorCertificate/2017SCMay-JuneExampapers.aspx,HTML paper/problem/practice,English,Official National Senior Certificate past papers and memoranda gateway
South Africa,EM/GA,EM/GA,B,national examination,DBE NSC past examination papers,https://www.education.gov.za/Curriculum/NationalSeniorCertificate(NSC)Examinations/NSCPastExaminationpapers.aspx,2017 November NSC Examination Papers,https://www.education.gov.za/Home/2017NSCNovemberpastpapers.aspx,HTML paper/problem/practice,English,Official National Senior Certificate past papers and memoranda gateway
South Africa,EM/GA,EM/GA,B,national examination,DBE NSC past examination papers,https://www.education.gov.za/Curriculum/NationalSeniorCertificate(NSC)Examinations/NSCPastExaminationpapers.aspx,2018 Grade 12 NSC Supplementary Exams (Feb/March),https://www.education.gov.za/Curriculum/NationalSeniorCertificate(NSC)Examinations/2018SupplementaryExams.aspx,HTML paper/problem/practice,English,Official National Senior Certificate past papers and memoranda gateway
South Africa,EM/GA,EM/GA,B,national examination,DBE NSC past examination papers,https://www.education.gov.za/Curriculum/NationalSeniorCertificate(NSC)Examinations/NSCPastExaminationpapers.aspx,2018 May/June NSC Exam Papers,https://www.education.gov.za/LinkClick.aspx?link=2182&tabid=593&portalid=0&mid=1741,HTML paper/problem/practice,English,Official National Senior Certificate past papers and memoranda gateway
South Africa,EM/GA,EM/GA,B,national examination,DBE NSC past examination papers,https://www.education.gov.za/Curriculum/NationalSeniorCertificate(NSC)Examinations/NSCPastExaminationpapers.aspx,2018 November NSC Examination Papers,https://www.education.gov.za/LinkClick.aspx?link=2268&tabid=593&portalid=0&mid=1741,HTML paper/problem/practice,English,Official National Senior Certificate past papers and memoranda gateway
South Africa,EM/GA,EM/GA,B,national examination,DBE NSC past examination papers,https://www.education.gov.za/Curriculum/NationalSeniorCertificate(NSC)Examinations/NSCPastExaminationpapers.aspx,2019 May/June Examination Papers,https://www.education.gov.za/LinkClick.aspx?link=https%3a%2f%2fwww.education.gov.za%2f2019JuneNSCExamPapers.aspx&tabid=593&portalid=0&mid=1741,HTML paper/problem/practice,English,Official National Senior Certificate past papers and memoranda gateway
South Africa,EM/GA,EM/GA,B,national examination,DBE NSC past examination papers,https://www.education.gov.za/Curriculum/NationalSeniorCertificate(NSC)Examinations/NSCPastExaminationpapers.aspx,2019 NSC Examination Papers (November),https://www.education.gov.za/LinkClick.aspx?link=2556&tabid=593&portalid=0&mid=1741,HTML paper/problem/practice,English,Official National Senior Certificate past papers and memoranda gateway
South Africa,EM/GA,EM/GA,B,national examination,DBE NSC past examination papers,https://www.education.gov.za/Curriculum/NationalSeniorCertificate(NSC)Examinations/NSCPastExaminationpapers.aspx,2020 NSC and SC Exam Papers (November),https://www.education.gov.za/LinkClick.aspx?link=https%3a%2f%2fwww.education.gov.za%2fCurriculum%2fNationalSeniorCertificate(NSC)Examinations%2f2020NSCExamPapers.aspx&tabid=593&portalid=0&mid=1741,HTML paper/problem/practice,English,Official National Senior Certificate past papers and memoranda gateway
South Africa,EM/GA,EM/GA,B,national examination,DBE NSC past examination papers,https://www.education.gov.za/Curriculum/NationalSeniorCertificate(NSC)Examinations/NSCPastExaminationpapers.aspx,2021 NSC November Examination Papers,https://www.education.gov.za/LinkClick.aspx?link=https%3a%2f%2fwww.education.gov.za%2fCurriculum%2fNationalSeniorCertificate(NSC)Examinations%2f2021NSCExamPapers.aspx&tabid=593&portalid=0&mid=1741,HTML paper/problem/practice,English,Official National Senior Certificate past papers and memoranda gateway
South Africa,EM/GA,EM/GA,B,national examination,DBE NSC past examination papers,https://www.education.gov.za/Curriculum/NationalSeniorCertificate(NSC)Examinations/NSCPastExaminationpapers.aspx,2021 NSC/SC May/June Examinations,https://www.education.gov.za/LinkClick.aspx?link=https%3a%2f%2fwww.education.gov.za%2fCurriculum%2fNationalSeniorCertificate(NSC)Examinations%2f2021MayJuneNSCExams.aspx&tabid=593&portalid=0&mid=1741,HTML paper/problem/practice,English,Official National Senior Certificate past papers and memoranda gateway
South Africa,EM/GA,EM/GA,B,national examination,DBE NSC past examination papers,https://www.education.gov.za/Curriculum/NationalSeniorCertificate(NSC)Examinations/NSCPastExaminationpapers.aspx,2022 May/June NSC/SC Exam Papers,https://www.education.gov.za/LinkClick.aspx?link=https%3a%2f%2fwww.education.gov.za%2fCurriculum%2fNationalSeniorCertificate(NSC)Examinations%2f2022MayJuneExamPapers.aspx+&tabid=593&portalid=0&mid=1741,HTML paper/problem/practice,English,Official National Senior Certificate past papers and memoranda gateway
South Africa,EM/GA,EM/GA,B,national examination,DBE NSC past examination papers,https://www.education.gov.za/Curriculum/NationalSeniorCertificate(NSC)Examinations/NSCPastExaminationpapers.aspx,2022 NSC November Examination Papers,https://www.education.gov.za/LinkClick.aspx?link=3294&tabid=593&portalid=0&mid=1741,HTML paper/problem/practice,English,Official National Senior Certificate past papers and memoranda gateway
South Africa,EM/GA,EM/GA,B,national examination,DBE NSC past examination papers,https://www.education.gov.za/Curriculum/NationalSeniorCertificate(NSC)Examinations/NSCPastExaminationpapers.aspx,2023 May/June NSC/SC Exam Papers,https://www.education.gov.za/LinkClick.aspx?link=https%3a%2f%2fwww.education.gov.za%2fCurriculum%2fNationalSeniorCertificate(NSC)Examinations%2f2023MayJuneExamPapers.aspx&tabid=593&portalid=0&mid=1741,HTML paper/problem/practice,English,Official National Senior Certificate past papers and memoranda gateway
South Africa,EM/GA,EM/GA,B,national examination,DBE NSC past examination papers,https://www.education.gov.za/Curriculum/NationalSeniorCertificate(NSC)Examinations/NSCPastExaminationpapers.aspx,2023 NSC November Exam papers,https://www.education.gov.za/LinkClick.aspx?link=https%3a%2f%2fwww.education.gov.za%2fCurriculum%2fNationalSeniorCertificate(NSC)Examinations%2f2023NSCNovemberpastpapers.aspx&tabid=593&portalid=0&mid=1741,HTML paper/problem/practice,English,Official National Senior Certificate past papers and memoranda gateway
South Africa,EM/GA,EM/GA,B,national examination,DBE NSC past examination papers,https://www.education.gov.za/Curriculum/NationalSeniorCertificate(NSC)Examinations/NSCPastExaminationpapers.aspx,2024 May/June NSC/SC Exam Papers,https://www.education.gov.za/LinkClick.aspx?link=https%3a%2f%2fwww.education.gov.za%2fCurriculum%2fNationalSeniorCertificate(NSC)Examinations%2f2024MayJuneExamPapers.aspx&tabid=593&portalid=0&mid=1741,HTML paper/problem/practice,English,Official National Senior Certificate past papers and memoranda gateway
South Africa,EM/GA,EM/GA,B,national examination,DBE NSC past examination papers,https://www.education.gov.za/Curriculum/NationalSeniorCertificate(NSC)Examinations/NSCPastExaminationpapers.aspx,2024 November NSC Examination Papers,https://www.education.gov.za/LinkClick.aspx?link=https%3a%2f%2fwww.education.gov.za%2f2024NSCNovemberpastpapers.aspx&tabid=593&portalid=0&mid=1741,HTML paper/problem/practice,English,Official National Senior Certificate past papers and memoranda gateway
South Africa,EM/GA,EM/GA,B,national examination,DBE NSC past examination papers,https://www.education.gov.za/Curriculum/NationalSeniorCertificate(NSC)Examinations/NSCPastExaminationpapers.aspx,2025 May/June NSC/SC Examination Papers,https://www.education.gov.za/LinkClick.aspx?link=5475&tabid=593&portalid=0&mid=1741,HTML paper/problem/practice,English,Official National Senior Certificate past papers and memoranda gateway
South Africa,EM/GA,EM/GA,B,national examination,DBE NSC past examination papers,https://www.education.gov.za/Curriculum/NationalSeniorCertificate(NSC)Examinations/NSCPastExaminationpapers.aspx,2025 November NSC Examination Papers,https://www.education.gov.za/LinkClick.aspx?link=https%3a%2f%2fwww.education.gov.za%2fCurriculum%2fNationalSeniorCertificate(NSC)Examinations%2f2025NovemberExamPapers.aspx&tabid=593&portalid=0&mid=1741,HTML paper/problem/practice,English,Official National Senior Certificate past papers and memoranda gateway
South Africa,EM/GA,EM/GA,A,national examination,DBE NSC past examination papers,https://www.education.gov.za/Curriculum/NationalSeniorCertificate(NSC)Examinations/NSCPastExaminationpapers.aspx,DBE NSC past examination papers — official gateway,https://www.education.gov.za/Curriculum/NationalSeniorCertificate(NSC)Examinations/NSCPastExaminationpapers.aspx,Official gateway,English,Official National Senior Certificate past papers and memoranda gateway
South Africa,EM/GA,EM/GA,B,national examination,DBE NSC past examination papers,https://www.education.gov.za/Curriculum/NationalSeniorCertificate(NSC)Examinations/NSCPastExaminationpapers.aspx,Examinations,https://www.education.gov.za/Curriculum/NationalSeniorCertificate(NSC)Examinations/tabid/338/Default.aspx,HTML paper/problem/practice,English,Official National Senior Certificate past papers and memoranda gateway
South Africa,EM/GA,EM/GA,B,national examination,DBE NSC past examination papers,https://www.education.gov.za/Curriculum/NationalSeniorCertificate(NSC)Examinations/NSCPastExaminationpapers.aspx,Grade 10 Common Paper (2015-2018),https://www.education.gov.za/LinkClick.aspx?link=1853&tabid=593&portalid=0&mid=1741,HTML paper/problem/practice,English,Official National Senior Certificate past papers and memoranda gateway
South Africa,EM/GA,EM/GA,B,national examination,DBE NSC past examination papers,https://www.education.gov.za/Curriculum/NationalSeniorCertificate(NSC)Examinations/NSCPastExaminationpapers.aspx,Grade 11 Common Paper (2015-2018),https://www.education.gov.za/LinkClick.aspx?link=1869&tabid=593&portalid=0&mid=1741,HTML paper/problem/practice,English,Official National Senior Certificate past papers and memoranda gateway
South Africa,EM/GA,EM/GA,B,national examination,DBE NSC past examination papers,https://www.education.gov.za/Curriculum/NationalSeniorCertificate(NSC)Examinations/NSCPastExaminationpapers.aspx,Green Papers,https://www.education.gov.za/Resources/Legislation/GreenPapers.aspx,HTML paper/problem/practice,English,Official National Senior Certificate past papers and memoranda gateway
South Africa,EM/GA,EM/GA,B,national examination,DBE NSC past examination papers,https://www.education.gov.za/Curriculum/NationalSeniorCertificate(NSC)Examinations/NSCPastExaminationpapers.aspx,Matric Results,https://www.education.gov.za/MatricResults/ExamResults/tabid/175/Default.aspx,HTML paper/problem/practice,English,Official National Senior Certificate past papers and memoranda gateway
South Africa,EM/GA,EM/GA,B,national examination,DBE NSC past examination papers,https://www.education.gov.za/Curriculum/NationalSeniorCertificate(NSC)Examinations/NSCPastExaminationpapers.aspx,National Senior Certificate (NSC) Examinations,https://www.education.gov.za/Curriculum/NationalSeniorCertificate(NSC)Examinations.aspx,HTML paper/problem/practice,English,Official National Senior Certificate past papers and memoranda gateway
South Africa,EM/GA,EM/GA,B,national examination,DBE NSC past examination papers,https://www.education.gov.za/Curriculum/NationalSeniorCertificate(NSC)Examinations/NSCPastExaminationpapers.aspx,Parliamentary Questions,https://www.education.gov.za/Newsroom/ParliamentaryQuestions.aspx,HTML paper/problem/practice,English,Official National Senior Certificate past papers and memoranda gateway
South Africa,EM/GA,EM/GA,B,national examination,DBE NSC past examination papers,https://www.education.gov.za/Curriculum/NationalSeniorCertificate(NSC)Examinations/NSCPastExaminationpapers.aspx,Practical Assessment Tasks,https://www.education.gov.za/Curriculum/PracticalAssessmentTasks.aspx,HTML source/link,English,Official National Senior Certificate past papers and memoranda gateway
South Africa,EM/GA,EM/GA,B,national examination,DBE NSC past examination papers,https://www.education.gov.za/Curriculum/NationalSeniorCertificate(NSC)Examinations/NSCPastExaminationpapers.aspx,SADC Essay Competition,https://www.education.gov.za/Programmes/LearnerEnrichment/SADCEssayCompetition.aspx,HTML source/link,English,Official National Senior Certificate past papers and memoranda gateway
South Africa,EM/GA,EM/GA,B,national examination,DBE NSC past examination papers,https://www.education.gov.za/Curriculum/NationalSeniorCertificate(NSC)Examinations/NSCPastExaminationpapers.aspx,School Based Assessment,https://www.education.gov.za/SchoolBasedAssessmentTasks2014/tabid/611/Default.aspx,HTML source/link,English,Official National Senior Certificate past papers and memoranda gateway
South Africa,EM/GA,EM/GA,B,national examination,DBE NSC past examination papers,https://www.education.gov.za/Curriculum/NationalSeniorCertificate(NSC)Examinations/NSCPastExaminationpapers.aspx,White Papers,https://www.education.gov.za/Resources/Legislation/WhitePapers.aspx,HTML paper/problem/practice,English,Official National Senior Certificate past papers and memoranda gateway
South Korea,EM/DM,EM/DM,A,contest organizer,Korean Mathematical Olympiad gateway,http://www.kmo.or.kr/,Korean Mathematical Olympiad gateway — official gateway,http://www.kmo.or.kr/,Official gateway,Korean,First-party KMO organizer gateway; child archive requires verification
South Korea,EM/DM,EM/DM,A,contest organizer,Korean Mathematical Society / KMO gateway,https://www.kms.or.kr/,Korean Mathematical Society / KMO gateway — official gateway,https://www.kms.or.kr/,Official gateway,Korean/English,Official society site linking KMO and KJMO
South Korea,EM/DM,EM/DM,A,contest organizer,Korean Mathematical Society / KMO gateway,https://www.kms.or.kr/,다운로드,https://www.kms.or.kr/inc/download.php?file_dir=data&f_name=mm46_20questions_korean.pdf&pdf_down=1&num=46,PDF paper/problem,Korean/English,Official society site linking KMO and KJMO
United Kingdom,EM/DM,EM/DM,A,contest archive,British Mathematical Olympiad,https://bmos.ukmt.org.uk/home/bmo.shtml,1 December 2004,https://bmos.ukmt.org.uk/home/bmo1-2005.pdf,PDF resource,English,"Official UKMT papers, reports, and solution resources"
United Kingdom,EM/DM,EM/DM,A,contest archive,British Mathematical Olympiad,https://bmos.ukmt.org.uk/home/bmo.shtml,1 December 2006,https://bmos.ukmt.org.uk/home/bmo1-2007.pdf,PDF resource,English,"Official UKMT papers, reports, and solution resources"
United Kingdom,EM/DM,EM/DM,A,contest archive,British Mathematical Olympiad,https://bmos.ukmt.org.uk/home/bmo.shtml,1 December 2017,https://bmos.ukmt.org.uk/home/bmo1-2018.pdf,PDF resource,English,"Official UKMT papers, reports, and solution resources"
United Kingdom,EM/DM,EM/DM,A,contest archive,British Mathematical Olympiad,https://bmos.ukmt.org.uk/home/bmo.shtml,1 February 2005,https://bmos.ukmt.org.uk/home/bmo2-2005.pdf,PDF resource,English,"Official UKMT papers, reports, and solution resources"
United Kingdom,EM/DM,EM/DM,A,contest archive,British Mathematical Olympiad,https://bmos.ukmt.org.uk/home/bmo.shtml,1 March 1989,https://bmos.ukmt.org.uk/home/fist-1989.pdf,PDF resource,English,"Official UKMT papers, reports, and solution resources"
United Kingdom,EM/DM,EM/DM,A,contest archive,British Mathematical Olympiad,https://bmos.ukmt.org.uk/home/bmo.shtml,10 March 1983,https://bmos.ukmt.org.uk/home/bmo-1983.pdf,PDF resource,English,"Official UKMT papers, reports, and solution resources"
United Kingdom,EM/DM,EM/DM,A,contest archive,British Mathematical Olympiad,https://bmos.ukmt.org.uk/home/bmo.shtml,10 May 1979,https://bmos.ukmt.org.uk/home/fist-1979.pdf,PDF resource,English,"Official UKMT papers, reports, and solution resources"
United Kingdom,EM/DM,EM/DM,A,contest archive,British Mathematical Olympiad,https://bmos.ukmt.org.uk/home/bmo.shtml,11 December 2002,https://bmos.ukmt.org.uk/home/bmo1-2003.pdf,PDF resource,English,"Official UKMT papers, reports, and solution resources"
United Kingdom,EM/DM,EM/DM,A,contest archive,British Mathematical Olympiad,https://bmos.ukmt.org.uk/home/bmo.shtml,11 February 1993,https://bmos.ukmt.org.uk/home/bmo2-1993.pdf,PDF resource,English,"Official UKMT papers, reports, and solution resources"
United Kingdom,EM/DM,EM/DM,A,contest archive,British Mathematical Olympiad,https://bmos.ukmt.org.uk/home/bmo.shtml,11 May 1977,https://bmos.ukmt.org.uk/home/fist-1977.pdf,PDF resource,English,"Official UKMT papers, reports, and solution resources"
United Kingdom,EM/DM,EM/DM,A,contest archive,British Mathematical Olympiad,https://bmos.ukmt.org.uk/home/bmo.shtml,11 May 1983,https://bmos.ukmt.org.uk/home/fist-1983.pdf,PDF resource,English,"Official UKMT papers, reports, and solution resources"
United Kingdom,EM/DM,EM/DM,A,contest archive,British Mathematical Olympiad,https://bmos.ukmt.org.uk/home/bmo.shtml,12 January 2000,https://bmos.ukmt.org.uk/home/bmo1-2000.pdf,PDF resource,English,"Official UKMT papers, reports, and solution resources"
United Kingdom,EM/DM,EM/DM,A,contest archive,British Mathematical Olympiad,https://bmos.ukmt.org.uk/home/bmo.shtml,12 May 1978,https://bmos.ukmt.org.uk/home/fist-1978.pdf,PDF resource,English,"Official UKMT papers, reports, and solution resources"
United Kingdom,EM/DM,EM/DM,A,contest archive,British Mathematical Olympiad,https://bmos.ukmt.org.uk/home/bmo.shtml,13 December 1988,https://bmos.ukmt.org.uk/home/bmo-1989.pdf,PDF resource,English,"Official UKMT papers, reports, and solution resources"
United Kingdom,EM/DM,EM/DM,A,contest archive,British Mathematical Olympiad,https://bmos.ukmt.org.uk/home/bmo.shtml,13 February 1992,https://bmos.ukmt.org.uk/home/bmo2-1992.pdf,PDF resource,English,"Official UKMT papers, reports, and solution resources"
United Kingdom,EM/DM,EM/DM,A,contest archive,British Mathematical Olympiad,https://bmos.ukmt.org.uk/home/bmo.shtml,13 January 1993,https://bmos.ukmt.org.uk/home/bmo1-1993.pdf,PDF resource,English,"Official UKMT papers, reports, and solution resources"
United Kingdom,EM/DM,EM/DM,A,contest archive,British Mathematical Olympiad,https://bmos.ukmt.org.uk/home/bmo.shtml,13 January 1999,https://bmos.ukmt.org.uk/home/bmo1-1999.pdf,PDF resource,English,"Official UKMT papers, reports, and solution resources"
United Kingdom,EM/DM,EM/DM,A,contest archive,British Mathematical Olympiad,https://bmos.ukmt.org.uk/home/bmo.shtml,13 March 1980,https://bmos.ukmt.org.uk/home/bmo-1980.pdf,PDF resource,English,"Official UKMT papers, reports, and solution resources"
United Kingdom,EM/DM,EM/DM,A,contest archive,British Mathematical Olympiad,https://bmos.ukmt.org.uk/home/bmo.shtml,13 March 1984,https://bmos.ukmt.org.uk/home/bmo-1984.pdf,PDF resource,English,"Official UKMT papers, reports, and solution resources"
United Kingdom,EM/DM,EM/DM,A,contest archive,British Mathematical Olympiad,https://bmos.ukmt.org.uk/home/bmo.shtml,13 May 1982,https://bmos.ukmt.org.uk/home/fist-1982.pdf,PDF resource,English,"Official UKMT papers, reports, and solution resources"
United Kingdom,EM/DM,EM/DM,A,contest archive,British Mathematical Olympiad,https://bmos.ukmt.org.uk/home/bmo.shtml,14 January 1998,https://bmos.ukmt.org.uk/home/bmo1-1998.pdf,PDF resource,English,"Official UKMT papers, reports, and solution resources"
United Kingdom,EM/DM,EM/DM,A,contest archive,British Mathematical Olympiad,https://bmos.ukmt.org.uk/home/bmo.shtml,14 March 1979,https://bmos.ukmt.org.uk/home/bmo-1979.pdf,PDF resource,English,"Official UKMT papers, reports, and solution resources"
United Kingdom,EM/DM,EM/DM,A,contest archive,British Mathematical Olympiad,https://bmos.ukmt.org.uk/home/bmo.shtml,14 March 1986,https://bmos.ukmt.org.uk/home/fist-1986.pdf,PDF resource,English,"Official UKMT papers, reports, and solution resources"
United Kingdom,EM/DM,EM/DM,A,contest archive,British Mathematical Olympiad,https://bmos.ukmt.org.uk/home/bmo.shtml,14 May 1981,https://bmos.ukmt.org.uk/home/fist-1981.pdf,PDF resource,English,"Official UKMT papers, reports, and solution resources"
United Kingdom,EM/DM,EM/DM,A,contest archive,British Mathematical Olympiad,https://bmos.ukmt.org.uk/home/bmo.shtml,15 February 1996,https://bmos.ukmt.org.uk/home/bmo2-1996.pdf,PDF resource,English,"Official UKMT papers, reports, and solution resources"
United Kingdom,EM/DM,EM/DM,A,contest archive,British Mathematical Olympiad,https://bmos.ukmt.org.uk/home/bmo.shtml,15 January 1992,https://bmos.ukmt.org.uk/home/bmo1-1992.pdf,PDF resource,English,"Official UKMT papers, reports, and solution resources"
United Kingdom,EM/DM,EM/DM,A,contest archive,British Mathematical Olympiad,https://bmos.ukmt.org.uk/home/bmo.shtml,15 January 1997,https://bmos.ukmt.org.uk/home/bmo1-1997.pdf,PDF resource,English,"Official UKMT papers, reports, and solution resources"
United Kingdom,EM/DM,EM/DM,A,contest archive,British Mathematical Olympiad,https://bmos.ukmt.org.uk/home/bmo.shtml,15 March 1985,https://bmos.ukmt.org.uk/home/fist-1985.pdf,PDF resource,English,"Official UKMT papers, reports, and solution resources"
United Kingdom,EM/DM,EM/DM,A,contest archive,British Mathematical Olympiad,https://bmos.ukmt.org.uk/home/bmo.shtml,15 November 2023,https://bmos.ukmt.org.uk/home/bmo1-2024.pdf,PDF resource,English,"Official UKMT papers, reports, and solution resources"
United Kingdom,EM/DM,EM/DM,A,contest archive,British Mathematical Olympiad,https://bmos.ukmt.org.uk/home/bmo.shtml,16 February 1995,https://bmos.ukmt.org.uk/home/bmo2-1995.pdf,PDF resource,English,"Official UKMT papers, reports, and solution resources"
United Kingdom,EM/DM,EM/DM,A,contest archive,British Mathematical Olympiad,https://bmos.ukmt.org.uk/home/bmo.shtml,16 January 1991,https://bmos.ukmt.org.uk/home/bmo-1991.pdf,PDF resource,English,"Official UKMT papers, reports, and solution resources"
United Kingdom,EM/DM,EM/DM,A,contest archive,British Mathematical Olympiad,https://bmos.ukmt.org.uk/home/bmo.shtml,16 November 2022,https://bmos.ukmt.org.uk/home/bmo1-2023.pdf,PDF resource,English,"Official UKMT papers, reports, and solution resources"
United Kingdom,EM/DM,EM/DM,A,contest archive,British Mathematical Olympiad,https://bmos.ukmt.org.uk/home/bmo.shtml,17 January 1990,https://bmos.ukmt.org.uk/home/bmo-1990.pdf,PDF resource,English,"Official UKMT papers, reports, and solution resources"
United Kingdom,EM/DM,EM/DM,A,contest archive,British Mathematical Olympiad,https://bmos.ukmt.org.uk/home/bmo.shtml,17 January 1996,https://bmos.ukmt.org.uk/home/bmo1-1996.pdf,PDF resource,English,"Official UKMT papers, reports, and solution resources"
United Kingdom,EM/DM,EM/DM,A,contest archive,British Mathematical Olympiad,https://bmos.ukmt.org.uk/home/bmo.shtml,17 January 2001,https://bmos.ukmt.org.uk/home/bmo1-2001.pdf,PDF resource,English,"Official UKMT papers, reports, and solution resources"
United Kingdom,EM/DM,EM/DM,A,contest archive,British Mathematical Olympiad,https://bmos.ukmt.org.uk/home/bmo.shtml,17 March 1977,https://bmos.ukmt.org.uk/home/bmo-1977.pdf,PDF resource,English,"Official UKMT papers, reports, and solution resources"
United Kingdom,EM/DM,EM/DM,A,contest archive,British Mathematical Olympiad,https://bmos.ukmt.org.uk/home/bmo.shtml,17 May 1972,https://bmos.ukmt.org.uk/home/fist-1972.pdf,PDF resource,English,"Official UKMT papers, reports, and solution resources"
United Kingdom,EM/DM,EM/DM,A,contest archive,British Mathematical Olympiad,https://bmos.ukmt.org.uk/home/bmo.shtml,18 January 1995,https://bmos.ukmt.org.uk/home/bmo1-1995.pdf,PDF resource,English,"Official UKMT papers, reports, and solution resources"
United Kingdom,EM/DM,EM/DM,A,contest archive,British Mathematical Olympiad,https://bmos.ukmt.org.uk/home/bmo.shtml,18 March 1982,https://bmos.ukmt.org.uk/home/bmo-1982.pdf,PDF resource,English,"Official UKMT papers, reports, and solution resources"
United Kingdom,EM/DM,EM/DM,A,contest archive,British Mathematical Olympiad,https://bmos.ukmt.org.uk/home/bmo.shtml,19 January 1994,https://bmos.ukmt.org.uk/home/bmo1-1994.pdf,PDF resource,English,"Official UKMT papers, reports, and solution resources"
United Kingdom,EM/DM,EM/DM,A,contest archive,British Mathematical Olympiad,https://bmos.ukmt.org.uk/home/bmo.shtml,19 March 1981,https://bmos.ukmt.org.uk/home/bmo-1981.pdf,PDF resource,English,"Official UKMT papers, reports, and solution resources"
United Kingdom,EM/DM,EM/DM,A,contest archive,British Mathematical Olympiad,https://bmos.ukmt.org.uk/home/bmo.shtml,19 November 2025,https://bmos.ukmt.org.uk/home/bmo1-2026.pdf,PDF resource,English,"Official UKMT papers, reports, and solution resources"
United Kingdom,EM/DM,EM/DM,A,contest archive,British Mathematical Olympiad,https://bmos.ukmt.org.uk/home/bmo.shtml,1973,https://bmos.ukmt.org.uk/home/bmo-1973.pdf,PDF resource,English,"Official UKMT papers, reports, and solution resources"
United Kingdom,EM/DM,EM/DM,A,contest archive,British Mathematical Olympiad,https://bmos.ukmt.org.uk/home/bmo.shtml,1974,https://bmos.ukmt.org.uk/home/bmo-1974.pdf,PDF resource,English,"Official UKMT papers, reports, and solution resources"
United Kingdom,EM/DM,EM/DM,A,contest archive,British Mathematical Olympiad,https://bmos.ukmt.org.uk/home/bmo.shtml,1974,https://bmos.ukmt.org.uk/home/fist-1974.pdf,PDF resource,English,"Official UKMT papers, reports, and solution resources"
United Kingdom,EM/DM,EM/DM,A,contest archive,British Mathematical Olympiad,https://bmos.ukmt.org.uk/home/bmo.shtml,2 December 2010,https://bmos.ukmt.org.uk/home/bmo1-2011.pdf,PDF resource,English,"Official UKMT papers, reports, and solution resources"
United Kingdom,EM/DM,EM/DM,A,contest archive,British Mathematical Olympiad,https://bmos.ukmt.org.uk/home/bmo.shtml,2 December 2011,https://bmos.ukmt.org.uk/home/bmo1-2012.pdf,PDF resource,English,"Official UKMT papers, reports, and solution resources"
United Kingdom,EM/DM,EM/DM,A,contest archive,British Mathematical Olympiad,https://bmos.ukmt.org.uk/home/bmo.shtml,2 December 2016,https://bmos.ukmt.org.uk/home/bmo1-2017.pdf,PDF resource,English,"Official UKMT papers, reports, and solution resources"
United Kingdom,EM/DM,EM/DM,A,contest archive,British Mathematical Olympiad,https://bmos.ukmt.org.uk/home/bmo.shtml,2 December 2021,https://bmos.ukmt.org.uk/home/bmo1-2022.pdf,PDF resource,English,"Official UKMT papers, reports, and solution resources"
United Kingdom,EM/DM,EM/DM,A,contest archive,British Mathematical Olympiad,https://bmos.ukmt.org.uk/home/bmo.shtml,20 March 1987,https://bmos.ukmt.org.uk/home/bmo-1987.pdf,PDF resource,English,"Official UKMT papers, reports, and solution resources"
United Kingdom,EM/DM,EM/DM,A,contest archive,British Mathematical Olympiad,https://bmos.ukmt.org.uk/home/bmo.shtml,20 November 1987,https://bmos.ukmt.org.uk/home/bmo-1988.pdf,PDF resource,English,"Official UKMT papers, reports, and solution resources"
United Kingdom,EM/DM,EM/DM,A,contest archive,British Mathematical Olympiad,https://bmos.ukmt.org.uk/home/bmo.shtml,20 November 2024,https://bmos.ukmt.org.uk/home/bmo1-2025.pdf,PDF resource,English,"Official UKMT papers, reports, and solution resources"
United Kingdom,EM/DM,EM/DM,A,contest archive,British Mathematical Olympiad,https://bmos.ukmt.org.uk/home/bmo.shtml,21 January 2026,https://bmos.ukmt.org.uk/home/bmo2-2026.pdf,PDF resource,English,"Official UKMT papers, reports, and solution resources"
United Kingdom,EM/DM,EM/DM,A,contest archive,British Mathematical Olympiad,https://bmos.ukmt.org.uk/home/bmo.shtml,21 March 1978,https://bmos.ukmt.org.uk/home/bmo-1978.pdf,PDF resource,English,"Official UKMT papers, reports, and solution resources"
United Kingdom,EM/DM,EM/DM,A,contest archive,British Mathematical Olympiad,https://bmos.ukmt.org.uk/home/bmo.shtml,22 January 2025,https://bmos.ukmt.org.uk/home/bmo2-2025.pdf,PDF resource,English,"Official UKMT papers, reports, and solution resources"
United Kingdom,EM/DM,EM/DM,A,contest archive,British Mathematical Olympiad,https://bmos.ukmt.org.uk/home/bmo.shtml,23 February 2000,https://bmos.ukmt.org.uk/home/bmo2-2000.pdf,PDF resource,English,"Official UKMT papers, reports, and solution resources"
United Kingdom,EM/DM,EM/DM,A,contest archive,British Mathematical Olympiad,https://bmos.ukmt.org.uk/home/bmo.shtml,23 March 1984,https://bmos.ukmt.org.uk/home/fist-1984.pdf,PDF resource,English,"Official UKMT papers, reports, and solution resources"
United Kingdom,EM/DM,EM/DM,A,contest archive,British Mathematical Olympiad,https://bmos.ukmt.org.uk/home/bmo.shtml,24 February 1994,https://bmos.ukmt.org.uk/home/bmo2-1994.pdf,PDF resource,English,"Official UKMT papers, reports, and solution resources"
United Kingdom,EM/DM,EM/DM,A,contest archive,British Mathematical Olympiad,https://bmos.ukmt.org.uk/home/bmo.shtml,24 February 2004,https://bmos.ukmt.org.uk/home/bmo2-2004.pdf,PDF resource,English,"Official UKMT papers, reports, and solution resources"
United Kingdom,EM/DM,EM/DM,A,contest archive,British Mathematical Olympiad,https://bmos.ukmt.org.uk/home/bmo.shtml,24 January 2019,https://bmos.ukmt.org.uk/home/bmo2-2019.pdf,PDF resource,English,"Official UKMT papers, reports, and solution resources"
United Kingdom,EM/DM,EM/DM,A,contest archive,British Mathematical Olympiad,https://bmos.ukmt.org.uk/home/bmo.shtml,24 January 2024,https://bmos.ukmt.org.uk/home/bmo2-2024.pdf,PDF resource,English,"Official UKMT papers, reports, and solution resources"
United Kingdom,EM/DM,EM/DM,A,contest archive,British Mathematical Olympiad,https://bmos.ukmt.org.uk/home/bmo.shtml,24 March 1975,https://bmos.ukmt.org.uk/home/bmo-1975.pdf,PDF resource,English,"Official UKMT papers, reports, and solution resources"
United Kingdom,EM/DM,EM/DM,A,contest archive,British Mathematical Olympiad,https://bmos.ukmt.org.uk/home/bmo.shtml,24 March 1976,https://bmos.ukmt.org.uk/home/bmo-1976.pdf,PDF resource,English,"Official UKMT papers, reports, and solution resources"
United Kingdom,EM/DM,EM/DM,A,contest archive,British Mathematical Olympiad,https://bmos.ukmt.org.uk/home/bmo.shtml,25 February 1999,https://bmos.ukmt.org.uk/home/bmo2-1999.pdf,PDF resource,English,"Official UKMT papers, reports, and solution resources"
United Kingdom,EM/DM,EM/DM,A,contest archive,British Mathematical Olympiad,https://bmos.ukmt.org.uk/home/bmo.shtml,25 February 2003,https://bmos.ukmt.org.uk/home/bmo2-2003.pdf,PDF resource,English,"Official UKMT papers, reports, and solution resources"
United Kingdom,EM/DM,EM/DM,A,contest archive,British Mathematical Olympiad,https://bmos.ukmt.org.uk/home/bmo.shtml,25 January 2018,https://bmos.ukmt.org.uk/home/bmo2-2018.pdf,PDF resource,English,"Official UKMT papers, reports, and solution resources"
United Kingdom,EM/DM,EM/DM,A,contest archive,British Mathematical Olympiad,https://bmos.ukmt.org.uk/home/bmo.shtml,25 January 2023,https://bmos.ukmt.org.uk/home/bmo2-2023.pdf,PDF resource,English,"Official UKMT papers, reports, and solution resources"
United Kingdom,EM/DM,EM/DM,A,contest archive,British Mathematical Olympiad,https://bmos.ukmt.org.uk/home/bmo.shtml,26 February 1998,https://bmos.ukmt.org.uk/home/bmo2-1998.pdf,PDF resource,English,"Official UKMT papers, reports, and solution resources"
United Kingdom,EM/DM,EM/DM,A,contest archive,British Mathematical Olympiad,https://bmos.ukmt.org.uk/home/bmo.shtml,26 February 2002,https://bmos.ukmt.org.uk/home/bmo2-2002.pdf,PDF resource,English,"Official UKMT papers, reports, and solution resources"
United Kingdom,EM/DM,EM/DM,A,contest archive,British Mathematical Olympiad,https://bmos.ukmt.org.uk/home/bmo.shtml,26 January 2012,https://bmos.ukmt.org.uk/home/bmo2-2012.pdf,PDF resource,English,"Official UKMT papers, reports, and solution resources"
United Kingdom,EM/DM,EM/DM,A,contest archive,British Mathematical Olympiad,https://bmos.ukmt.org.uk/home/bmo.shtml,26 January 2017,https://bmos.ukmt.org.uk/home/bmo2-2017.pdf,PDF resource,English,"Official UKMT papers, reports, and solution resources"
United Kingdom,EM/DM,EM/DM,A,contest archive,British Mathematical Olympiad,https://bmos.ukmt.org.uk/home/bmo.shtml,26 November 2020,https://bmos.ukmt.org.uk/home/bmo1-2021.pdf,PDF resource,English,"Official UKMT papers, reports, and solution resources"
United Kingdom,EM/DM,EM/DM,A,contest archive,British Mathematical Olympiad,https://bmos.ukmt.org.uk/home/bmo.shtml,27 February 1997,https://bmos.ukmt.org.uk/home/bmo2-1997.pdf,PDF resource,English,"Official UKMT papers, reports, and solution resources"
United Kingdom,EM/DM,EM/DM,A,contest archive,British Mathematical Olympiad,https://bmos.ukmt.org.uk/home/bmo.shtml,27 February 2001,https://bmos.ukmt.org.uk/home/bmo2-2001.pdf,PDF resource,English,"Official UKMT papers, reports, and solution resources"
United Kingdom,EM/DM,EM/DM,A,contest archive,British Mathematical Olympiad,https://bmos.ukmt.org.uk/home/bmo.shtml,27 January 2011,https://bmos.ukmt.org.uk/home/bmo2-2011.pdf,PDF resource,English,"Official UKMT papers, reports, and solution resources"
United Kingdom,EM/DM,EM/DM,A,contest archive,British Mathematical Olympiad,https://bmos.ukmt.org.uk/home/bmo.shtml,27 January 2022,https://bmos.ukmt.org.uk/home/bmo2-2022.pdf,PDF resource,English,"Official UKMT papers, reports, and solution resources"
United Kingdom,EM/DM,EM/DM,A,contest archive,British Mathematical Olympiad,https://bmos.ukmt.org.uk/home/bmo.shtml,27 November 2015,https://bmos.ukmt.org.uk/home/bmo1-2016.pdf,PDF resource,English,"Official UKMT papers, reports, and solution resources"
United Kingdom,EM/DM,EM/DM,A,contest archive,British Mathematical Olympiad,https://bmos.ukmt.org.uk/home/bmo.shtml,28 February 1991,https://bmos.ukmt.org.uk/home/fist-1991.pdf,PDF resource,English,"Official UKMT papers, reports, and solution resources"
United Kingdom,EM/DM,EM/DM,A,contest archive,British Mathematical Olympiad,https://bmos.ukmt.org.uk/home/bmo.shtml,28 January 2010,https://bmos.ukmt.org.uk/home/bmo2-2010.pdf,PDF resource,English,"Official UKMT papers, reports, and solution resources"
United Kingdom,EM/DM,EM/DM,A,contest archive,British Mathematical Olympiad,https://bmos.ukmt.org.uk/home/bmo.shtml,28 January 2016,https://bmos.ukmt.org.uk/home/bmo2-2016.pdf,PDF resource,English,"Official UKMT papers, reports, and solution resources"
United Kingdom,EM/DM,EM/DM,A,contest archive,British Mathematical Olympiad,https://bmos.ukmt.org.uk/home/bmo.shtml,28 January 2021,https://bmos.ukmt.org.uk/home/bmo2-2021.pdf,PDF resource,English,"Official UKMT papers, reports, and solution resources"
United Kingdom,EM/DM,EM/DM,A,contest archive,British Mathematical Olympiad,https://bmos.ukmt.org.uk/home/bmo.shtml,28 November 2014,https://bmos.ukmt.org.uk/home/bmo1-2015.pdf,PDF resource,English,"Official UKMT papers, reports, and solution resources"
United Kingdom,EM/DM,EM/DM,A,contest archive,British Mathematical Olympiad,https://bmos.ukmt.org.uk/home/bmo.shtml,29 January 2009,https://bmos.ukmt.org.uk/home/bmo2-2009.pdf,PDF resource,English,"Official UKMT papers, reports, and solution resources"
United Kingdom,EM/DM,EM/DM,A,contest archive,British Mathematical Olympiad,https://bmos.ukmt.org.uk/home/bmo.shtml,29 January 2015,https://bmos.ukmt.org.uk/home/bmo2-2015.pdf,PDF resource,English,"Official UKMT papers, reports, and solution resources"
United Kingdom,EM/DM,EM/DM,A,contest archive,British Mathematical Olympiad,https://bmos.ukmt.org.uk/home/bmo.shtml,29 November 2013,https://bmos.ukmt.org.uk/home/bmo1-2014.pdf,PDF resource,English,"Official UKMT papers, reports, and solution resources"
United Kingdom,EM/DM,EM/DM,A,contest archive,British Mathematical Olympiad,https://bmos.ukmt.org.uk/home/bmo.shtml,29 November 2019,https://bmos.ukmt.org.uk/home/bmo1-2020.pdf,PDF resource,English,"Official UKMT papers, reports, and solution resources"
United Kingdom,EM/DM,EM/DM,A,contest archive,British Mathematical Olympiad,https://bmos.ukmt.org.uk/home/bmo.shtml,3 December 2003,https://bmos.ukmt.org.uk/home/bmo1-2004.pdf,PDF resource,English,"Official UKMT papers, reports, and solution resources"
United Kingdom,EM/DM,EM/DM,A,contest archive,British Mathematical Olympiad,https://bmos.ukmt.org.uk/home/bmo.shtml,3 December 2009,https://bmos.ukmt.org.uk/home/bmo1-2010.pdf,PDF resource,English,"Official UKMT papers, reports, and solution resources"
United Kingdom,EM/DM,EM/DM,A,contest archive,British Mathematical Olympiad,https://bmos.ukmt.org.uk/home/bmo.shtml,30 January 2007,https://bmos.ukmt.org.uk/home/bmo2-2007.pdf,PDF resource,English,"Official UKMT papers, reports, and solution resources"
United Kingdom,EM/DM,EM/DM,A,contest archive,British Mathematical Olympiad,https://bmos.ukmt.org.uk/home/bmo.shtml,30 January 2014,https://bmos.ukmt.org.uk/home/bmo2-2014.pdf,PDF resource,English,"Official UKMT papers, reports, and solution resources"
United Kingdom,EM/DM,EM/DM,A,contest archive,British Mathematical Olympiad,https://bmos.ukmt.org.uk/home/bmo.shtml,30 January 2020,https://bmos.ukmt.org.uk/home/bmo2-2020.pdf,PDF resource,English,"Official UKMT papers, reports, and solution resources"
United Kingdom,EM/DM,EM/DM,A,contest archive,British Mathematical Olympiad,https://bmos.ukmt.org.uk/home/bmo.shtml,30 November 2005,https://bmos.ukmt.org.uk/home/bmo1-2006.pdf,PDF resource,English,"Official UKMT papers, reports, and solution resources"
United Kingdom,EM/DM,EM/DM,A,contest archive,British Mathematical Olympiad,https://bmos.ukmt.org.uk/home/bmo.shtml,30 November 2007,https://bmos.ukmt.org.uk/home/bmo1-2008.pdf,PDF resource,English,"Official UKMT papers, reports, and solution resources"
United Kingdom,EM/DM,EM/DM,A,contest archive,British Mathematical Olympiad,https://bmos.ukmt.org.uk/home/bmo.shtml,30 November 2012,https://bmos.ukmt.org.uk/home/bmo1-2013.pdf,PDF resource,English,"Official UKMT papers, reports, and solution resources"
United Kingdom,EM/DM,EM/DM,A,contest archive,British Mathematical Olympiad,https://bmos.ukmt.org.uk/home/bmo.shtml,30 November 2018,https://bmos.ukmt.org.uk/home/bmo1-2019.pdf,PDF resource,English,"Official UKMT papers, reports, and solution resources"
United Kingdom,EM/DM,EM/DM,A,contest archive,British Mathematical Olympiad,https://bmos.ukmt.org.uk/home/bmo.shtml,31 January 2006,https://bmos.ukmt.org.uk/home/bmo2-2006.pdf,PDF resource,English,"Official UKMT papers, reports, and solution resources"
United Kingdom,EM/DM,EM/DM,A,contest archive,British Mathematical Olympiad,https://bmos.ukmt.org.uk/home/bmo.shtml,31 January 2008,https://bmos.ukmt.org.uk/home/bmo2-2008.pdf,PDF resource,English,"Official UKMT papers, reports, and solution resources"
United Kingdom,EM/DM,EM/DM,A,contest archive,British Mathematical Olympiad,https://bmos.ukmt.org.uk/home/bmo.shtml,31 January 2013,https://bmos.ukmt.org.uk/home/bmo2-2013.pdf,PDF resource,English,"Official UKMT papers, reports, and solution resources"
United Kingdom,EM/DM,EM/DM,A,contest archive,British Mathematical Olympiad,https://bmos.ukmt.org.uk/home/bmo.shtml,4 December 2008,https://bmos.ukmt.org.uk/home/bmo1-2009.pdf,PDF resource,English,"Official UKMT papers, reports, and solution resources"
United Kingdom,EM/DM,EM/DM,A,contest archive,British Mathematical Olympiad,https://bmos.ukmt.org.uk/home/bmo.shtml,4 March 1986,https://bmos.ukmt.org.uk/home/bmo-1986.pdf,PDF resource,English,"Official UKMT papers, reports, and solution resources"
United Kingdom,EM/DM,EM/DM,A,contest archive,British Mathematical Olympiad,https://bmos.ukmt.org.uk/home/bmo.shtml,5 December 2001,https://bmos.ukmt.org.uk/home/bmo1-2002.pdf,PDF resource,English,"Official UKMT papers, reports, and solution resources"
United Kingdom,EM/DM,EM/DM,A,contest archive,British Mathematical Olympiad,https://bmos.ukmt.org.uk/home/bmo.shtml,5 February 1988,https://bmos.ukmt.org.uk/home/fist-1988.pdf,PDF resource,English,"Official UKMT papers, reports, and solution resources"
United Kingdom,EM/DM,EM/DM,A,contest archive,British Mathematical Olympiad,https://bmos.ukmt.org.uk/home/bmo.shtml,5 March 1985,https://bmos.ukmt.org.uk/home/bmo-1985.pdf,PDF resource,English,"Official UKMT papers, reports, and solution resources"
United Kingdom,EM/DM,EM/DM,A,contest archive,British Mathematical Olympiad,https://bmos.ukmt.org.uk/home/bmo.shtml,5 May 1975,https://bmos.ukmt.org.uk/home/fist-1975.pdf,PDF resource,English,"Official UKMT papers, reports, and solution resources"
United Kingdom,EM/DM,EM/DM,A,contest archive,British Mathematical Olympiad,https://bmos.ukmt.org.uk/home/bmo.shtml,5 May 1976,https://bmos.ukmt.org.uk/home/fist-1976.pdf,PDF resource,English,"Official UKMT papers, reports, and solution resources"
United Kingdom,EM/DM,EM/DM,A,contest archive,British Mathematical Olympiad,https://bmos.ukmt.org.uk/home/bmo.shtml,7 March 1990,https://bmos.ukmt.org.uk/home/fist-1990.pdf,PDF resource,English,"Official UKMT papers, reports, and solution resources"
United Kingdom,EM/DM,EM/DM,A,contest archive,British Mathematical Olympiad,https://bmos.ukmt.org.uk/home/bmo.shtml,8 May 1980,https://bmos.ukmt.org.uk/home/fist-1980.pdf,PDF resource,English,"Official UKMT papers, reports, and solution resources"
United Kingdom,EM/DM,EM/DM,B,contest archive,British Mathematical Olympiad,https://bmos.ukmt.org.uk/home/bmo.shtml,BMO entry information,https://ukmt.org.uk/senior-challenges/british-maths-olympiad-round-1,HTML source/link,English,"Official UKMT papers, reports, and solution resources"
United Kingdom,EM/DM,EM/DM,B,contest archive,British Mathematical Olympiad,https://bmos.ukmt.org.uk/home/bmo.shtml,British Mathematical Olympiad,https://bmos.ukmt.org.uk/,HTML source/link,English,"Official UKMT papers, reports, and solution resources"
United Kingdom,EM/DM,EM/DM,A,contest archive,British Mathematical Olympiad,https://bmos.ukmt.org.uk/home/bmo.shtml,British Mathematical Olympiad — official gateway,https://bmos.ukmt.org.uk/home/bmo.shtml,Official gateway,English,"Official UKMT papers, reports, and solution resources"
United Kingdom,EM/DM,EM/DM,A,contest archive,British Mathematical Olympiad,https://bmos.ukmt.org.uk/home/bmo.shtml,all BMO problems from 1993 onwards,https://bmos.ukmt.org.uk/home/bmolot.pdf,PDF paper/problem,English,"Official UKMT papers, reports, and solution resources"
United Kingdom,EM/DM,EM/DM,B,contest archive,British Mathematical Olympiad,https://bmos.ukmt.org.uk/home/bmo.shtml,available from the UKMT,https://ukmt.org.uk/textbooks/a-mathematical-olympiad-companion,HTML source/link,English,"Official UKMT papers, reports, and solution resources"
United Kingdom,EM/DM,EM/DM,A,contest archive,British Mathematical Olympiad,https://bmos.ukmt.org.uk/home/bmo.shtml,histogram of distribution of marks,https://bmos.ukmt.org.uk/home/bmo1-2005-histogram.pdf,PDF resource,English,"Official UKMT papers, reports, and solution resources"
United Kingdom,EM/DM,EM/DM,A,contest archive,British Mathematical Olympiad,https://bmos.ukmt.org.uk/home/bmo.shtml,markers’ report,https://bmos.ukmt.org.uk/home/bmo1-2020-report.pdf,PDF resource,English,"Official UKMT papers, reports, and solution resources"
United Kingdom,EM/DM,EM/DM,A,contest archive,British Mathematical Olympiad,https://bmos.ukmt.org.uk/home/bmo.shtml,markers’ report,https://bmos.ukmt.org.uk/home/bmo1-2021-report.pdf,PDF resource,English,"Official UKMT papers, reports, and solution resources"
United Kingdom,EM/DM,EM/DM,A,contest archive,British Mathematical Olympiad,https://bmos.ukmt.org.uk/home/bmo.shtml,markers’ report,https://bmos.ukmt.org.uk/home/bmo1-2022-report.pdf,PDF resource,English,"Official UKMT papers, reports, and solution resources"
United Kingdom,EM/DM,EM/DM,A,contest archive,British Mathematical Olympiad,https://bmos.ukmt.org.uk/home/bmo.shtml,markers’ report,https://bmos.ukmt.org.uk/home/bmo1-2023-report.pdf,PDF resource,English,"Official UKMT papers, reports, and solution resources"
United Kingdom,EM/DM,EM/DM,A,contest archive,British Mathematical Olympiad,https://bmos.ukmt.org.uk/home/bmo.shtml,markers’ report,https://bmos.ukmt.org.uk/home/bmo1-2024-report.pdf,PDF resource,English,"Official UKMT papers, reports, and solution resources"
United Kingdom,EM/DM,EM/DM,A,contest archive,British Mathematical Olympiad,https://bmos.ukmt.org.uk/home/bmo.shtml,markers’ report,https://bmos.ukmt.org.uk/home/bmo1-2025-report.pdf,PDF resource,English,"Official UKMT papers, reports, and solution resources"
United Kingdom,EM/DM,EM/DM,A,contest archive,British Mathematical Olympiad,https://bmos.ukmt.org.uk/home/bmo.shtml,markers’ report,https://bmos.ukmt.org.uk/home/bmo1-2026-report.pdf,PDF resource,English,"Official UKMT papers, reports, and solution resources"
United Kingdom,EM/DM,EM/DM,A,contest archive,British Mathematical Olympiad,https://bmos.ukmt.org.uk/home/bmo.shtml,notes on BMO marking,https://bmos.ukmt.org.uk/home/bmomarking.pdf,PDF resource,English,"Official UKMT papers, reports, and solution resources"
United Kingdom,EM/DM,EM/DM,B,contest archive,British Mathematical Olympiad,https://bmos.ukmt.org.uk/home/bmo.shtml,purchased from UKMT,https://ukmt.org.uk/textbooks/2-a-mathematical-olympiad-primer-2nd-edition,HTML source/link,English,"Official UKMT papers, reports, and solution resources"
United Kingdom,EM/DM,EM/DM,A,contest archive,British Mathematical Olympiad,https://bmos.ukmt.org.uk/home/bmo.shtml,report for schools,https://bmos.ukmt.org.uk/home/bmo1-2017-report.pdf,PDF resource,English,"Official UKMT papers, reports, and solution resources"
United Kingdom,EM/DM,EM/DM,A,contest archive,British Mathematical Olympiad,https://bmos.ukmt.org.uk/home/bmo.shtml,report for schools,https://bmos.ukmt.org.uk/home/bmo1-2018-report.pdf,PDF resource,English,"Official UKMT papers, reports, and solution resources"
United Kingdom,EM/DM,EM/DM,A,contest archive,British Mathematical Olympiad,https://bmos.ukmt.org.uk/home/bmo.shtml,solutions,https://bmos.ukmt.org.uk/home/bmo2-2021-solutions.pdf,PDF solution/answer,English,"Official UKMT papers, reports, and solution resources"
United Kingdom,EM/DM,EM/DM,A,contest archive,British Mathematical Olympiad,https://bmos.ukmt.org.uk/home/bmo.shtml,solutions,https://bmos.ukmt.org.uk/home/bmo2-2022-solutions.pdf,PDF solution/answer,English,"Official UKMT papers, reports, and solution resources"
United Kingdom,EM/DM,EM/DM,B,contest archive,British Mathematical Olympiad,https://bmos.ukmt.org.uk/home/bmo.shtml,video solutions,https://bmos.ukmt.org.uk/solutions/,HTML solution/answer,English,"Official UKMT papers, reports, and solution resources"
United Kingdom,EM/DM,EM/DM,A,admissions exam,Cambridge STEP admissions page,https://www.maths.cam.ac.uk/undergrad/admissions/step,Cambridge STEP admissions page — official gateway,https://www.maths.cam.ac.uk/undergrad/admissions/step,Official gateway,English,Official STEP past-paper gateway and solutions
United Kingdom,EM/DM,EM/DM,B,admissions exam,Cambridge STEP admissions page,https://www.maths.cam.ac.uk/undergrad/admissions/step,Teaching and Examining,https://www.maths.cam.ac.uk/internal/teaching,HTML paper/problem/practice,English,Official STEP past-paper gateway and solutions
United Kingdom,GA,GA,B,admissions practice,UCAT practice tests,https://www.ucat.ac.uk/prepare/practice-tests/,Advice from past candidates,https://www.ucat.ac.uk/candidate-advice/advice-from-past-candidates/,HTML source/link,English,"Official verbal, quantitative, decision-making practice"
United Kingdom,GA,GA,B,admissions practice,UCAT practice tests,https://www.ucat.ac.uk/prepare/practice-tests/,Booking your Test,https://www.ucat.ac.uk/register/booking-your-test/,HTML paper/problem/practice,English,"Official verbal, quantitative, decision-making practice"
United Kingdom,GA,GA,B,admissions practice,UCAT practice tests,https://www.ucat.ac.uk/prepare/practice-tests/,Fitness to Test,https://www.ucat.ac.uk/sit/fitness-to-test/,HTML paper/problem/practice,English,"Official verbal, quantitative, decision-making practice"
United Kingdom,GA,GA,B,admissions practice,UCAT practice tests,https://www.ucat.ac.uk/prepare/practice-tests/,Question Tutorials,https://www.ucat.ac.uk/prepare/question-tutorials/,HTML paper/problem/practice,English,"Official verbal, quantitative, decision-making practice"
United Kingdom,GA,GA,B,admissions practice,UCAT practice tests,https://www.ucat.ac.uk/prepare/practice-tests/,Test Day,https://www.ucat.ac.uk/sit/test-day/,HTML paper/problem/practice,English,"Official verbal, quantitative, decision-making practice"
United Kingdom,GA,GA,B,admissions practice,UCAT practice tests,https://www.ucat.ac.uk/prepare/practice-tests/,Test Format and Scoring,https://www.ucat.ac.uk/about-ucat/test-format-and-scoring/,HTML paper/problem/practice,English,"Official verbal, quantitative, decision-making practice"
United Kingdom,GA,GA,B,admissions practice,UCAT practice tests,https://www.ucat.ac.uk/prepare/practice-tests/,Test Incident,https://www.ucat.ac.uk/sit/test-incident/,HTML paper/problem/practice,English,"Official verbal, quantitative, decision-making practice"
United Kingdom,GA,GA,B,admissions practice,UCAT practice tests,https://www.ucat.ac.uk/prepare/practice-tests/,Test Tools,https://www.ucat.ac.uk/prepare/test-tools/,HTML paper/problem/practice,English,"Official verbal, quantitative, decision-making practice"
United Kingdom,GA,GA,B,admissions practice,UCAT practice tests,https://www.ucat.ac.uk/prepare/practice-tests/,Tour Tutorial,https://www.ucat.ac.uk/umbraco/surface/pearsonpracticetest/launch/UK_Tour_Tutorial,HTML paper/problem/practice,English,"Official verbal, quantitative, decision-making practice"
United Kingdom,GA,GA,B,admissions practice,UCAT practice tests,https://www.ucat.ac.uk/prepare/practice-tests/,UCAT Test Dates,https://www.ucat.ac.uk/about-ucat/ucat-test-dates/,HTML paper/problem/practice,English,"Official verbal, quantitative, decision-making practice"
United Kingdom,GA,GA,A,admissions practice,UCAT practice tests,https://www.ucat.ac.uk/prepare/practice-tests/,UCAT practice tests — official gateway,https://www.ucat.ac.uk/prepare/practice-tests/,Official gateway,English,"Official verbal, quantitative, decision-making practice"
United Kingdom,GA/EM,GA/EM,B,admissions practice,TMUA preparation materials,https://esat-tmua.ac.uk/tmua-preparation-materials/,Before your Test,https://esat-tmua.ac.uk/,HTML paper/problem/practice,English,"Official historic papers, worked answers, keys"
United Kingdom,GA/EM,GA/EM,B,admissions practice,TMUA preparation materials,https://esat-tmua.ac.uk/tmua-preparation-materials/,ESAT,https://esat-tmua.ac.uk/about-the-tests/esat-test/,HTML paper/problem/practice,English,"Official historic papers, worked answers, keys"
United Kingdom,GA/EM,GA/EM,B,admissions practice,TMUA preparation materials,https://esat-tmua.ac.uk/tmua-preparation-materials/,TARA,https://esat-tmua.ac.uk/about-the-tests/tara/,HTML paper/problem/practice,English,"Official historic papers, worked answers, keys"
United Kingdom,GA/EM,GA/EM,B,admissions practice,TMUA preparation materials,https://esat-tmua.ac.uk/tmua-preparation-materials/,TMUA,https://esat-tmua.ac.uk/about-the-tests/tmua-test/,HTML paper/problem/practice,English,"Official historic papers, worked answers, keys"
United Kingdom,GA/EM,GA/EM,A,admissions practice,TMUA preparation materials,https://esat-tmua.ac.uk/tmua-preparation-materials/,TMUA preparation materials — official gateway,https://esat-tmua.ac.uk/tmua-preparation-materials/,Official gateway,English,"Official historic papers, worked answers, keys"
United Kingdom,GA/EM,GA/EM,B,admissions practice,TMUA preparation materials,https://esat-tmua.ac.uk/tmua-preparation-materials/,Test Day,https://esat-tmua.ac.uk/test-day/,HTML paper/problem/practice,English,"Official historic papers, worked answers, keys"
United Kingdom,GA/EM,GA/EM,B,admissions practice,TMUA preparation materials,https://esat-tmua.ac.uk/tmua-preparation-materials/,Test Scores,https://esat-tmua.ac.uk/test-results/,HTML paper/problem/practice,English,"Official historic papers, worked answers, keys"
United States,GA,GA,B,admissions practice,ACT free practice tests,https://www.act.org/content/act/en/products-and-services/the-act/test-preparation/free-act-test-prep.html,ACT Kaplan Test Prep Suite,https://www.act.org/content/act/en/products-and-services/the-act/test-preparation/act-kaplan.html,HTML paper/problem/practice,English,"Official full-length tests, quizzes, daily questions, explanations"
United States,GA,GA,B,admissions practice,ACT free practice tests,https://www.act.org/content/act/en/products-and-services/the-act/test-preparation/free-act-test-prep.html,ACT My Answer Key,https://www.act.org/content/act/en/products-and-services/the-act/scores/request-a-copy-of-qa.html,HTML solution/answer,English,"Official full-length tests, quizzes, daily questions, explanations"
United States,GA,GA,A,admissions practice,ACT free practice tests,https://www.act.org/content/act/en/products-and-services/the-act/test-preparation/free-act-test-prep.html,ACT free practice tests — official gateway,https://www.act.org/content/act/en/products-and-services/the-act/test-preparation/free-act-test-prep.html,Official gateway,English,"Official full-length tests, quizzes, daily questions, explanations"
United States,GA,GA,B,admissions practice,ACT free practice tests,https://www.act.org/content/act/en/products-and-services/the-act/test-preparation/free-act-test-prep.html,Access Free Guides,https://www.act.org/content/act/en/students-and-parents/high-school-success/testing-advice-for-the-act.html,HTML paper/problem/practice,English,"Official full-length tests, quizzes, daily questions, explanations"
United States,GA,GA,B,admissions practice,ACT free practice tests,https://www.act.org/content/act/en/products-and-services/the-act/test-preparation/free-act-test-prep.html,Calculator Policy,https://www.act.org/content/act/en/products-and-services/the-act/test-day/calculator-policy.html,HTML paper/problem/practice,English,"Official full-length tests, quizzes, daily questions, explanations"
United States,GA,GA,B,admissions practice,ACT free practice tests,https://www.act.org/content/act/en/products-and-services/the-act/test-preparation/free-act-test-prep.html,Career-Ready Solutions,https://www.act.org/content/act/en/workforce-solutions.html,HTML solution/answer,English,"Official full-length tests, quizzes, daily questions, explanations"
United States,GA,GA,B,admissions practice,ACT free practice tests,https://www.act.org/content/act/en/products-and-services/the-act/test-preparation/free-act-test-prep.html,District Testing,https://www.act.org/content/act/en/products-and-services/the-act-educator.html,HTML paper/problem/practice,English,"Official full-length tests, quizzes, daily questions, explanations"
United States,GA,GA,A,admissions practice,ACT free practice tests,https://www.act.org/content/act/en/products-and-services/the-act/test-preparation/free-act-test-prep.html,Download Practice Test 1,https://www.act.org/content/dam/act/unsecured/documents/Preparing-for-the-ACT.pdf,PDF paper/problem,English,"Official full-length tests, quizzes, daily questions, explanations"
United States,GA,GA,A,admissions practice,ACT free practice tests,https://www.act.org/content/act/en/products-and-services/the-act/test-preparation/free-act-test-prep.html,Download Practice Test 2,https://www.act.org/content/dam/act/unsecured/documents/ACT-Test-Prep-ACT-Practice-Test-2-Form.pdf,PDF paper/problem,English,"Official full-length tests, quizzes, daily questions, explanations"
United States,GA,GA,B,admissions practice,ACT free practice tests,https://www.act.org/content/act/en/products-and-services/the-act/test-preparation/free-act-test-prep.html,Find an ACT Tutor,https://www.act.org/content/act/en/products-and-services/the-act/test-preparation/find-a-tutor.html,HTML paper/problem/practice,English,"Official full-length tests, quizzes, daily questions, explanations"
United States,GA,GA,B,admissions practice,ACT free practice tests,https://www.act.org/content/act/en/products-and-services/the-act/test-preparation/free-act-test-prep.html,Official ACT Prep and Subject Guides,https://www.act.org/content/act/en/products-and-services/the-act/test-preparation/the-official-guide.html,HTML paper/problem/practice,English,"Official full-length tests, quizzes, daily questions, explanations"
United States,GA,GA,B,admissions practice,ACT free practice tests,https://www.act.org/content/act/en/products-and-services/the-act/test-preparation/free-act-test-prep.html,Online Testing & Device Setup,https://www.act.org/content/act/en/products-and-services/the-act/test-day/online-testing.html,HTML paper/problem/practice,English,"Official full-length tests, quizzes, daily questions, explanations"
United States,GA,GA,A,admissions practice,ACT free practice tests,https://www.act.org/content/act/en/products-and-services/the-act/test-preparation/free-act-test-prep.html,Prueba de práctica libre,https://www.act.org/content/dam/act/unsecured/documents/Preparing-for-the-ACT-Spanish.pdf,PDF resource,English,"Official full-length tests, quizzes, daily questions, explanations"
United States,GA,GA,B,admissions practice,ACT free practice tests,https://www.act.org/content/act/en/products-and-services/the-act/test-preparation/free-act-test-prep.html,Rescheduled Test Centers,https://www.act.org/content/act/en/products-and-services/the-act/test-day/rescheduled-test-centers.html,HTML paper/problem/practice,English,"Official full-length tests, quizzes, daily questions, explanations"
United States,GA,GA,B,admissions practice,ACT free practice tests,https://www.act.org/content/act/en/products-and-services/the-act/test-preparation/free-act-test-prep.html,School and District Assessment,https://www.act.org/content/act/en/products-and-services.html#solutions,HTML solution/answer,English,"Official full-length tests, quizzes, daily questions, explanations"
United States,GA,GA,B,admissions practice,ACT free practice tests,https://www.act.org/content/act/en/products-and-services/the-act/test-preparation/free-act-test-prep.html,Standby Testing,https://www.act.org/content/act/en/products-and-services/the-act/registration/standby-testing.html,HTML paper/problem/practice,English,"Official full-length tests, quizzes, daily questions, explanations"
United States,GA,GA,B,admissions practice,ACT free practice tests,https://www.act.org/content/act/en/products-and-services/the-act/test-preparation/free-act-test-prep.html,Start Practicing Now,https://www.act.org/content/act/en/products-and-services/the-act/test-preparation/free-act-test-prep/act-online-test-sample-questions.html,HTML paper/problem/practice,English,"Official full-length tests, quizzes, daily questions, explanations"
United States,GA,GA,B,admissions practice,ACT free practice tests,https://www.act.org/content/act/en/products-and-services/the-act/test-preparation/free-act-test-prep.html,Test Center Locator,https://www.act.org/content/act/en/products-and-services/the-act/registration/test-center-locator.html,HTML paper/problem/practice,English,"Official full-length tests, quizzes, daily questions, explanations"
United States,GA,GA,B,admissions practice,ACT free practice tests,https://www.act.org/content/act/en/products-and-services/the-act/test-preparation/free-act-test-prep.html,Test Dates,https://www.act.org/content/act/en/products-and-services/the-act/registration/test-dates.html,HTML paper/problem/practice,English,"Official full-length tests, quizzes, daily questions, explanations"
United States,GA,GA,B,admissions practice,ACT free practice tests,https://www.act.org/content/act/en/products-and-services/the-act/test-preparation/free-act-test-prep.html,Test Day,https://www.act.org/content/act/en/products-and-services/the-act/test-day.html,HTML paper/problem/practice,English,"Official full-length tests, quizzes, daily questions, explanations"
United States,GA,GA,B,admissions practice,ACT free practice tests,https://www.act.org/content/act/en/products-and-services/the-act/test-preparation/free-act-test-prep.html,Test Prep,https://www.act.org/content/act/en/products-and-services/the-act/test-preparation.html,HTML paper/problem/practice,English,"Official full-length tests, quizzes, daily questions, explanations"
United States,GA,GA,B,admissions practice,ACT free practice tests,https://www.act.org/content/act/en/products-and-services/the-act/test-preparation/free-act-test-prep.html,Try QuizMe Now,https://quizme.act.org,HTML paper/problem/practice,English,"Official full-length tests, quizzes, daily questions, explanations"
United States,GA,GA,B,admissions practice,ACT free practice tests,https://www.act.org/content/act/en/products-and-services/the-act/test-preparation/free-act-test-prep.html,Watch Now,https://www.act.org/content/act/en/products-and-services/the-act/test-preparation/free-act-test-prep/math-calculator-how-to-videos.html,HTML paper/problem/practice,English,"Official full-length tests, quizzes, daily questions, explanations"
United States,GA,GA,B,admissions practice,College Board SAT Suite practice tests,https://satsuite.collegeboard.org/practice/practice-tests,Build Your Study Plan,https://satsuite.collegeboard.org/practice/build-your-study-plan,HTML paper/problem/practice,English,Official SAT/PSAT paper and digital practice
United States,GA,GA,B,admissions practice,College Board SAT Suite practice tests,https://satsuite.collegeboard.org/practice/practice-tests,Check for Test Center Closings,https://satsuite.collegeboard.org/sat/test-center-closings,HTML paper/problem/practice,English,Official SAT/PSAT paper and digital practice
United States,GA,GA,A,admissions practice,College Board SAT Suite practice tests,https://satsuite.collegeboard.org/practice/practice-tests,College Board SAT Suite practice tests — official gateway,https://satsuite.collegeboard.org/practice/practice-tests,Official gateway,English,Official SAT/PSAT paper and digital practice
United States,GA,GA,B,admissions practice,College Board SAT Suite practice tests,https://satsuite.collegeboard.org/practice/practice-tests,Educator Question Bank,https://satsuite.collegeboard.org/k12-educators/tools-resources/question-bank,HTML paper/problem/practice,English,Official SAT/PSAT paper and digital practice
United States,GA,GA,B,admissions practice,College Board SAT Suite practice tests,https://satsuite.collegeboard.org/practice/practice-tests,El Examen SAT,https://satsuite.collegeboard.org/sat-suite-benefits-students-parents/el-examen-sat,HTML paper/problem/practice,English,Official SAT/PSAT paper and digital practice
United States,GA,GA,B,admissions practice,College Board SAT Suite practice tests,https://satsuite.collegeboard.org/practice/practice-tests,Full-Length Digital Practice Tests on Bluebook Find a test preview and official full-length practice tests on the Bluebook app.,https://satsuite.collegeboard.org/practice/practice-tests/bluebook,HTML paper/problem/practice,English,Official SAT/PSAT paper and digital practice
United States,GA,GA,B,admissions practice,College Board SAT Suite practice tests,https://satsuite.collegeboard.org/practice/practice-tests,Getting Started with Practice,https://satsuite.collegeboard.org/practice,HTML paper/problem/practice,English,Official SAT/PSAT paper and digital practice
United States,GA,GA,B,admissions practice,College Board SAT Suite practice tests,https://satsuite.collegeboard.org/practice/practice-tests,How to Use Khan Academy,https://satsuite.collegeboard.org/practice/khan-academy,HTML paper/problem/practice,English,Official SAT/PSAT paper and digital practice
United States,GA,GA,B,admissions practice,College Board SAT Suite practice tests,https://satsuite.collegeboard.org/practice/practice-tests,In-School Testing Staff Start Here,https://satsuite.collegeboard.org/k12-educators/educator-experience,HTML paper/problem/practice,English,Official SAT/PSAT paper and digital practice
United States,GA,GA,B,admissions practice,College Board SAT Suite practice tests,https://satsuite.collegeboard.org/practice/practice-tests,PSAT 10,https://satsuite.collegeboard.org/in-school-assessments/whats-on-the-test/psat-10,HTML paper/problem/practice,English,Official SAT/PSAT paper and digital practice
United States,GA,GA,B,admissions practice,College Board SAT Suite practice tests,https://satsuite.collegeboard.org/practice/practice-tests,PSAT 8/9,https://satsuite.collegeboard.org/in-school-assessments/whats-on-the-test/psat-8-9,HTML paper/problem/practice,English,Official SAT/PSAT paper and digital practice
United States,GA,GA,B,admissions practice,College Board SAT Suite practice tests,https://satsuite.collegeboard.org/practice/practice-tests,PSAT/NMSQT,https://satsuite.collegeboard.org/in-school-assessments/whats-on-the-test/psat-nmsqt,HTML paper/problem/practice,English,Official SAT/PSAT paper and digital practice
United States,GA,GA,B,admissions practice,College Board SAT Suite practice tests,https://satsuite.collegeboard.org/practice/practice-tests,Question of the Day,https://qotd.collegeboard.org/,HTML paper/problem/practice,English,Official SAT/PSAT paper and digital practice
United States,GA,GA,B,admissions practice,College Board SAT Suite practice tests,https://satsuite.collegeboard.org/practice/practice-tests,SAT Weekend,https://satsuite.collegeboard.org/sat/whats-on-the-test,HTML paper/problem/practice,English,Official SAT/PSAT paper and digital practice
United States,GA,GA,B,admissions practice,College Board SAT Suite practice tests,https://satsuite.collegeboard.org/practice/practice-tests,SAT Weekend Staff Start Here,https://satsuite.collegeboard.org/sat/testing-staff,HTML paper/problem/practice,English,Official SAT/PSAT paper and digital practice
United States,GA,GA,B,admissions practice,College Board SAT Suite practice tests,https://satsuite.collegeboard.org/practice/practice-tests,SAT Weekend Test Centers,https://satsuite.collegeboard.org/k12-educators/test-centers,HTML paper/problem/practice,English,Official SAT/PSAT paper and digital practice
United States,GA,GA,B,admissions practice,College Board SAT Suite practice tests,https://satsuite.collegeboard.org/practice/practice-tests,Student Question Bank,https://satsuite.collegeboard.org/practice/student-question-bank,HTML paper/problem/practice,English,Official SAT/PSAT paper and digital practice
United States,GA,GA,B,admissions practice,College Board SAT Suite practice tests,https://satsuite.collegeboard.org/practice/practice-tests,Student Readiness Check,https://satsuite.collegeboard.org/practice/student-readiness-check,HTML paper/problem/practice,English,Official SAT/PSAT paper and digital practice
United States,GA,GA,B,admissions practice,College Board SAT Suite practice tests,https://satsuite.collegeboard.org/practice/practice-tests,Test Center Search,https://satsuite.collegeboard.org/sat/test-center-search,HTML paper/problem/practice,English,Official SAT/PSAT paper and digital practice
United States,GA,GA,B,admissions practice,College Board SAT Suite practice tests,https://satsuite.collegeboard.org/practice/practice-tests,Test Dates and Deadlines,https://satsuite.collegeboard.org/sat/dates-deadlines,HTML paper/problem/practice,English,Official SAT/PSAT paper and digital practice
United States,GA,GA,B,admissions practice,College Board SAT Suite practice tests,https://satsuite.collegeboard.org/practice/practice-tests,Test Day Toolkit,https://testday.collegeboard.org/,HTML paper/problem/practice,English,Official SAT/PSAT paper and digital practice
United States,GA,GA,B,admissions practice,College Board SAT Suite practice tests,https://satsuite.collegeboard.org/practice/practice-tests,Test Day Toolkit Setup,https://satsuite.collegeboard.org/k12-educators/tools-resources/test-day-tool-kit,HTML paper/problem/practice,English,Official SAT/PSAT paper and digital practice
United States,GA,GA,B,admissions practice,College Board SAT Suite practice tests,https://satsuite.collegeboard.org/practice/practice-tests,Test Security and Fairness,https://satsuite.collegeboard.org/sat/test-security-fairness,HTML paper/problem/practice,English,Official SAT/PSAT paper and digital practice
United States,GA,GA,B,admissions practice,College Board SAT Suite practice tests,https://satsuite.collegeboard.org/practice/practice-tests,Testing Rules,https://satsuite.collegeboard.org/testing-rules,HTML paper/problem/practice,English,Official SAT/PSAT paper and digital practice
United States,GA,GA,B,admissions practice,College Board SAT Suite practice tests,https://satsuite.collegeboard.org/practice/practice-tests,What Are Content Domains?,https://satsuite.collegeboard.org/practice/content-domains,HTML paper/problem/practice,English,Official SAT/PSAT paper and digital practice
United States,GA,GA,B,admissions practice,College Board SAT Suite practice tests,https://satsuite.collegeboard.org/practice/practice-tests,What to Bring for In-School Testing,https://satsuite.collegeboard.org/in-school-assessments/what-to-bring,HTML paper/problem/practice,English,Official SAT/PSAT paper and digital practice
United States/Canada,EM/DM,EM/DM,A,contest archive,MAA Putnam archive,https://maa.org/maa-putnam-archive/,MAA Putnam archive — official gateway,https://maa.org/maa-putnam-archive/,Official gateway,English,Official undergraduate mathematics contest gateway
United States/Global,DM,DM,B,university assignments,MIT OCW 6.042J assignments,https://ocw.mit.edu/courses/6-042j-mathematics-for-computer-science-fall-2005/pages/assignments/,Exams,https://ocw.mit.edu/courses/6-042j-mathematics-for-computer-science-fall-2005/pages/exams/,HTML paper/problem/practice,English,"Official problem sets, exams, and solutions"
United States/Global,DM,DM,A,university assignments,MIT OCW 6.042J assignments,https://ocw.mit.edu/courses/6-042j-mathematics-for-computer-science-fall-2005/pages/assignments/,MIT OCW 6.042J assignments — official gateway,https://ocw.mit.edu/courses/6-042j-mathematics-for-computer-science-fall-2005/pages/assignments/,Official gateway,English,"Official problem sets, exams, and solutions"
