country,track,topic_tags,priority,source_type,source_title,source_url,resource_title,resource_url,resource_class,language,notes,access_model,verification_status,free_resource
India,GA/EM/DM,general aptitude;engineering mathematics;discrete mathematics;engineering entrance;exam;past-year,A,National examination archive,GATE official downloads archive — IIT Guwahati,https://gate2026.iitg.ac.in/download.html,GATE 2025 — Textile Engineering and Fibre Science question paper,https://gate2026.iitg.ac.in/doc/download/2025/TF2025.pdf,Exam paper,English,Official GATE question paper from the IIT Guwahati downloads archive. Includes General Aptitude plus paper-specific engineering mathematics or discrete-mathematics content where applicable.,Free public PDF,HTTP 200 · verified 2026-08-14,Yes
India,GA/EM/DM,general aptitude;engineering mathematics;discrete mathematics;engineering entrance;exam;past-year,A,National examination archive,GATE official downloads archive — IIT Guwahati,https://gate2026.iitg.ac.in/download.html,GATE 2025 — Production and Industrial Engineering question paper,https://gate2026.iitg.ac.in/doc/download/2025/PI2025.pdf,Exam paper,English,Official GATE question paper from the IIT Guwahati downloads archive. Includes General Aptitude plus paper-specific engineering mathematics or discrete-mathematics content where applicable.,Free public PDF,HTTP 200 · verified 2026-08-14,Yes
India,GA/EM/DM,general aptitude;engineering mathematics;discrete mathematics;engineering entrance;exam;past-year,A,National examination archive,GATE official downloads archive — IIT Guwahati,https://gate2026.iitg.ac.in/download.html,GATE 2025 — Petroleum Engineering question paper,https://gate2026.iitg.ac.in/doc/download/2025/PE2025.pdf,Exam paper,English,Official GATE question paper from the IIT Guwahati downloads archive. Includes General Aptitude plus paper-specific engineering mathematics or discrete-mathematics content where applicable.,Free public PDF,HTTP 200 · verified 2026-08-14,Yes
India,GA/EM/DM,general aptitude;engineering mathematics;discrete mathematics;engineering entrance;exam;past-year,A,National examination archive,GATE official downloads archive — IIT Guwahati,https://gate2026.iitg.ac.in/download.html,GATE 2025 — Naval Architecture and Marine Engineering question paper,https://gate2026.iitg.ac.in/doc/download/2025/NM2025.pdf,Exam paper,English,Official GATE question paper from the IIT Guwahati downloads archive. Includes General Aptitude plus paper-specific engineering mathematics or discrete-mathematics content where applicable.,Free public PDF,HTTP 200 · verified 2026-08-14,Yes
India,GA/EM/DM,general aptitude;engineering mathematics;discrete mathematics;engineering entrance;exam;past-year,A,National examination archive,GATE official downloads archive — IIT Guwahati,https://gate2026.iitg.ac.in/download.html,GATE 2025 — Mining Engineering question paper,https://gate2026.iitg.ac.in/doc/download/2025/MN2025.pdf,Exam paper,English,Official GATE question paper from the IIT Guwahati downloads archive. Includes General Aptitude plus paper-specific engineering mathematics or discrete-mathematics content where applicable.,Free public PDF,HTTP 200 · verified 2026-08-14,Yes
India,GA/EM/DM,general aptitude;engineering mathematics;discrete mathematics;engineering entrance;exam;past-year,A,National examination archive,GATE official downloads archive — IIT Guwahati,https://gate2026.iitg.ac.in/download.html,GATE 2025 — Metallurgical Engineering question paper,https://gate2026.iitg.ac.in/doc/download/2025/MT2025.pdf,Exam paper,English,Official GATE question paper from the IIT Guwahati downloads archive. Includes General Aptitude plus paper-specific engineering mathematics or discrete-mathematics content where applicable.,Free public PDF,HTTP 200 · verified 2026-08-14,Yes
India,GA/EM/DM,general aptitude;engineering mathematics;discrete mathematics;engineering entrance;exam;past-year,A,National examination archive,GATE official downloads archive — IIT Guwahati,https://gate2026.iitg.ac.in/download.html,GATE 2025 — Mechanical Engineering question paper,https://gate2026.iitg.ac.in/doc/download/2025/ME2025.pdf,Exam paper,English,Official GATE question paper from the IIT Guwahati downloads archive. Includes General Aptitude plus paper-specific engineering mathematics or discrete-mathematics content where applicable.,Free public PDF,HTTP 200 · verified 2026-08-14,Yes
India,GA/EM/DM,general aptitude;engineering mathematics;discrete mathematics;engineering entrance;exam;past-year,A,National examination archive,GATE official downloads archive — IIT Guwahati,https://gate2026.iitg.ac.in/download.html,GATE 2025 — Mathematics question paper,https://gate2026.iitg.ac.in/doc/download/2025/MA2025.pdf,Exam paper,English,Official GATE question paper from the IIT Guwahati downloads archive. Includes General Aptitude plus paper-specific engineering mathematics or discrete-mathematics content where applicable.,Free public PDF,HTTP 200 · verified 2026-08-14,Yes
India,GA/EM/DM,general aptitude;engineering mathematics;discrete mathematics;engineering entrance;exam;past-year,A,National examination archive,GATE official downloads archive — IIT Guwahati,https://gate2026.iitg.ac.in/download.html,GATE 2025 — Life Sciences question paper,https://gate2026.iitg.ac.in/doc/download/2025/XL2025.pdf,Exam paper,English,Official GATE question paper from the IIT Guwahati downloads archive. Includes General Aptitude plus paper-specific engineering mathematics or discrete-mathematics content where applicable.,Free public PDF,HTTP 200 · verified 2026-08-14,Yes
India,GA/EM/DM,general aptitude;engineering mathematics;discrete mathematics;engineering entrance;exam;past-year,A,National examination archive,GATE official downloads archive — IIT Guwahati,https://gate2026.iitg.ac.in/download.html,GATE 2025 — Instrumentation Engineering question paper,https://gate2026.iitg.ac.in/doc/download/2025/IN2025.pdf,Exam paper,English,Official GATE question paper from the IIT Guwahati downloads archive. Includes General Aptitude plus paper-specific engineering mathematics or discrete-mathematics content where applicable.,Free public PDF,HTTP 200 · verified 2026-08-14,Yes
India,GA/EM/DM,general aptitude;engineering mathematics;discrete mathematics;engineering entrance;exam;past-year,A,National examination archive,GATE official downloads archive — IIT Guwahati,https://gate2026.iitg.ac.in/download.html,GATE 2025 — Humanities & Social Sciences - Sociology question paper,https://gate2026.iitg.ac.in/doc/download/2025/XH-C6-2025.pdf,Exam paper,English,Official GATE question paper from the IIT Guwahati downloads archive. Includes General Aptitude plus paper-specific engineering mathematics or discrete-mathematics content where applicable.,Free public PDF,HTTP 200 · verified 2026-08-14,Yes
India,GA/EM/DM,general aptitude;engineering mathematics;discrete mathematics;engineering entrance;exam;past-year,A,National examination archive,GATE official downloads archive — IIT Guwahati,https://gate2026.iitg.ac.in/download.html,GATE 2025 — Humanities & Social Sciences - Psychology question paper,https://gate2026.iitg.ac.in/doc/download/2025/XH-C5-2025.pdf,Exam paper,English,Official GATE question paper from the IIT Guwahati downloads archive. Includes General Aptitude plus paper-specific engineering mathematics or discrete-mathematics content where applicable.,Free public PDF,HTTP 200 · verified 2026-08-14,Yes
India,GA/EM/DM,general aptitude;engineering mathematics;discrete mathematics;engineering entrance;exam;past-year,A,National examination archive,GATE official downloads archive — IIT Guwahati,https://gate2026.iitg.ac.in/download.html,GATE 2025 — Humanities & Social Sciences - Philosophy question paper,https://gate2026.iitg.ac.in/doc/download/2025/XH-C4-2025.pdf,Exam paper,English,Official GATE question paper from the IIT Guwahati downloads archive. Includes General Aptitude plus paper-specific engineering mathematics or discrete-mathematics content where applicable.,Free public PDF,HTTP 200 · verified 2026-08-14,Yes
India,GA/EM/DM,general aptitude;engineering mathematics;discrete mathematics;engineering entrance;exam;past-year,A,National examination archive,GATE official downloads archive — IIT Guwahati,https://gate2026.iitg.ac.in/download.html,GATE 2025 — Humanities & Social Sciences - Linguistics question paper,https://gate2026.iitg.ac.in/doc/download/2025/XH-C3-2025.pdf,Exam paper,English,Official GATE question paper from the IIT Guwahati downloads archive. Includes General Aptitude plus paper-specific engineering mathematics or discrete-mathematics content where applicable.,Free public PDF,HTTP 200 · verified 2026-08-14,Yes
India,GA/EM/DM,general aptitude;engineering mathematics;discrete mathematics;engineering entrance;exam;past-year,A,National examination archive,GATE official downloads archive — IIT Guwahati,https://gate2026.iitg.ac.in/download.html,GATE 2025 — Humanities & Social Sciences - English question paper,https://gate2026.iitg.ac.in/doc/download/2025/XH-C2-2025.pdf,Exam paper,English,Official GATE question paper from the IIT Guwahati downloads archive. Includes General Aptitude plus paper-specific engineering mathematics or discrete-mathematics content where applicable.,Free public PDF,HTTP 200 · verified 2026-08-14,Yes
India,GA/EM/DM,general aptitude;engineering mathematics;discrete mathematics;engineering entrance;exam;past-year,A,National examination archive,GATE official downloads archive — IIT Guwahati,https://gate2026.iitg.ac.in/download.html,GATE 2025 — Humanities & Social Sciences - Economics question paper,https://gate2026.iitg.ac.in/doc/download/2025/XH-C1-2025.pdf,Exam paper,English,Official GATE question paper from the IIT Guwahati downloads archive. Includes General Aptitude plus paper-specific engineering mathematics or discrete-mathematics content where applicable.,Free public PDF,HTTP 200 · verified 2026-08-14,Yes
India,GA/EM/DM,general aptitude;engineering mathematics;discrete mathematics;engineering entrance;exam;past-year,A,National examination archive,GATE official downloads archive — IIT Guwahati,https://gate2026.iitg.ac.in/download.html,GATE 2025 — Geomatics Engineering question paper,https://gate2026.iitg.ac.in/doc/download/2025/GE2025.pdf,Exam paper,English,Official GATE question paper from the IIT Guwahati downloads archive. Includes General Aptitude plus paper-specific engineering mathematics or discrete-mathematics content where applicable.,Free public PDF,HTTP 200 · verified 2026-08-14,Yes
India,GA/EM/DM,general aptitude;engineering mathematics;discrete mathematics;engineering entrance;exam;past-year,A,National examination archive,GATE official downloads archive — IIT Guwahati,https://gate2026.iitg.ac.in/download.html,GATE 2025 — Environmental Science & Engineering question paper,https://gate2026.iitg.ac.in/doc/download/2025/ES2025.pdf,Exam paper,English,Official GATE question paper from the IIT Guwahati downloads archive. Includes General Aptitude plus paper-specific engineering mathematics or discrete-mathematics content where applicable.,Free public PDF,HTTP 200 · verified 2026-08-14,Yes
India,GA/EM/DM,general aptitude;engineering mathematics;discrete mathematics;engineering entrance;exam;past-year,A,National examination archive,GATE official downloads archive — IIT Guwahati,https://gate2026.iitg.ac.in/download.html,GATE 2025 — Engineering Sciences question paper,https://gate2026.iitg.ac.in/doc/download/2025/XE2025.pdf,Exam paper,English,Official GATE question paper from the IIT Guwahati downloads archive. Includes General Aptitude plus paper-specific engineering mathematics or discrete-mathematics content where applicable.,Free public PDF,HTTP 200 · verified 2026-08-14,Yes
India,GA/EM/DM,general aptitude;engineering mathematics;discrete mathematics;engineering entrance;exam;past-year,A,National examination archive,GATE official downloads archive — IIT Guwahati,https://gate2026.iitg.ac.in/download.html,GATE 2025 — Electronics and Communication Engineering question paper,https://gate2026.iitg.ac.in/doc/download/2025/EC2025.pdf,Exam paper,English,Official GATE question paper from the IIT Guwahati downloads archive. Includes General Aptitude plus paper-specific engineering mathematics or discrete-mathematics content where applicable.,Free public PDF,HTTP 200 · verified 2026-08-14,Yes
India,GA/EM/DM,general aptitude;engineering mathematics;discrete mathematics;engineering entrance;exam;past-year,A,National examination archive,GATE official downloads archive — IIT Guwahati,https://gate2026.iitg.ac.in/download.html,GATE 2025 — Electrical Engineering question paper,https://gate2026.iitg.ac.in/doc/download/2025/EE2025.pdf,Exam paper,English,Official GATE question paper from the IIT Guwahati downloads archive. Includes General Aptitude plus paper-specific engineering mathematics or discrete-mathematics content where applicable.,Free public PDF,HTTP 200 · verified 2026-08-14,Yes
India,GA/EM/DM,general aptitude;engineering mathematics;discrete mathematics;engineering entrance;exam;past-year,A,National examination archive,GATE official downloads archive — IIT Guwahati,https://gate2026.iitg.ac.in/download.html,GATE 2025 — Ecology and Evolution question paper,https://gate2026.iitg.ac.in/doc/download/2025/EY2025.pdf,Exam paper,English,Official GATE question paper from the IIT Guwahati downloads archive. Includes General Aptitude plus paper-specific engineering mathematics or discrete-mathematics content where applicable.,Free public PDF,HTTP 200 · verified 2026-08-14,Yes
India,GA/EM/DM,general aptitude;engineering mathematics;discrete mathematics;engineering entrance;exam;past-year,A,National examination archive,GATE official downloads archive — IIT Guwahati,https://gate2026.iitg.ac.in/download.html,GATE 2025 — Data Science and Artificial Intelligence question paper,https://gate2026.iitg.ac.in/doc/download/2025/DA2025.pdf,Exam paper,English,Official GATE question paper from the IIT Guwahati downloads archive. Includes General Aptitude plus paper-specific engineering mathematics or discrete-mathematics content where applicable.,Free public PDF,HTTP 200 · verified 2026-08-14,Yes
India,GA/EM/DM,general aptitude;engineering mathematics;discrete mathematics;engineering entrance;exam;past-year,A,National examination archive,GATE official downloads archive — IIT Guwahati,https://gate2026.iitg.ac.in/download.html,GATE 2025 — Computer Science and Information Technology question paper,https://gate2026.iitg.ac.in/doc/download/2025/CS12025.pdf,Exam paper,English,Official GATE question paper from the IIT Guwahati downloads archive. Includes General Aptitude plus paper-specific engineering mathematics or discrete-mathematics content where applicable.,Free public PDF,HTTP 200 · verified 2026-08-14,Yes
India,GA/EM/DM,general aptitude;engineering mathematics;discrete mathematics;engineering entrance;exam;past-year,A,National examination archive,GATE official downloads archive — IIT Guwahati,https://gate2026.iitg.ac.in/download.html,GATE 2025 — Computer Science and Information Technology question paper,https://gate2026.iitg.ac.in/doc/download/2025/CS22025.pdf,Exam paper,English,Official GATE question paper from the IIT Guwahati downloads archive. Includes General Aptitude plus paper-specific engineering mathematics or discrete-mathematics content where applicable.,Free public PDF,HTTP 200 · verified 2026-08-14,Yes
India,GA/EM/DM,general aptitude;engineering mathematics;discrete mathematics;engineering entrance;exam;past-year,A,National examination archive,GATE official downloads archive — IIT Guwahati,https://gate2026.iitg.ac.in/download.html,GATE 2025 — Civil Engineering question paper,https://gate2026.iitg.ac.in/doc/download/2025/CE22025.pdf,Exam paper,English,Official GATE question paper from the IIT Guwahati downloads archive. Includes General Aptitude plus paper-specific engineering mathematics or discrete-mathematics content where applicable.,Free public PDF,HTTP 200 · verified 2026-08-14,Yes
India,GA/EM/DM,general aptitude;engineering mathematics;discrete mathematics;engineering entrance;exam;past-year,A,National examination archive,GATE official downloads archive — IIT Guwahati,https://gate2026.iitg.ac.in/download.html,GATE 2025 — Chemistry question paper,https://gate2026.iitg.ac.in/doc/download/2025/CY2025.pdf,Exam paper,English,Official GATE question paper from the IIT Guwahati downloads archive. Includes General Aptitude plus paper-specific engineering mathematics or discrete-mathematics content where applicable.,Free public PDF,HTTP 200 · verified 2026-08-14,Yes
India,GA/EM/DM,general aptitude;engineering mathematics;discrete mathematics;engineering entrance;exam;past-year,A,National examination archive,GATE official downloads archive — IIT Guwahati,https://gate2026.iitg.ac.in/download.html,GATE 2025 — Biomedical Engineering question paper,https://gate2026.iitg.ac.in/doc/download/2025/BM2025.pdf,Exam paper,English,Official GATE question paper from the IIT Guwahati downloads archive. Includes General Aptitude plus paper-specific engineering mathematics or discrete-mathematics content where applicable.,Free public PDF,HTTP 200 · verified 2026-08-14,Yes
India,GA/EM/DM,general aptitude;engineering mathematics;discrete mathematics;engineering entrance;exam;past-year,A,National examination archive,GATE official downloads archive — IIT Guwahati,https://gate2026.iitg.ac.in/download.html,GATE 2025 — Architecture and Planning question paper,https://gate2026.iitg.ac.in/doc/download/2025/AR2025.pdf,Exam paper,English,Official GATE question paper from the IIT Guwahati downloads archive. Includes General Aptitude plus paper-specific engineering mathematics or discrete-mathematics content where applicable.,Free public PDF,HTTP 200 · verified 2026-08-14,Yes
India,GA/EM/DM,general aptitude;engineering mathematics;discrete mathematics;engineering entrance;exam;past-year,A,National examination archive,GATE official downloads archive — IIT Guwahati,https://gate2026.iitg.ac.in/download.html,GATE 2025 — Agricultural Engineering question paper,https://gate2026.iitg.ac.in/doc/download/2025/AG2025.pdf,Exam paper,English,Official GATE question paper from the IIT Guwahati downloads archive. Includes General Aptitude plus paper-specific engineering mathematics or discrete-mathematics content where applicable.,Free public PDF,HTTP 200 · verified 2026-08-14,Yes
India,GA/EM/DM,general aptitude;engineering mathematics;discrete mathematics;engineering entrance;exam;past-year,A,National examination archive,GATE official downloads archive — IIT Guwahati,https://gate2026.iitg.ac.in/download.html,GATE 2025 — Aerospace Engineering question paper,https://gate2026.iitg.ac.in/doc/download/2025/AE2025.pdf,Exam paper,English,Official GATE question paper from the IIT Guwahati downloads archive. Includes General Aptitude plus paper-specific engineering mathematics or discrete-mathematics content where applicable.,Free public PDF,HTTP 200 · verified 2026-08-14,Yes
India,GA/EM/DM,general aptitude;engineering mathematics;discrete mathematics;engineering entrance;exam;past-year,A,National examination archive,GATE official downloads archive — IIT Guwahati,https://gate2026.iitg.ac.in/download.html,GATE 2024 — Textile Engineering and Fibre Science question paper,https://gate2026.iitg.ac.in/doc/download/2024/TF24S5.pdf,Exam paper,English,Official GATE question paper from the IIT Guwahati downloads archive. Includes General Aptitude plus paper-specific engineering mathematics or discrete-mathematics content where applicable.,Free public PDF,HTTP 200 · verified 2026-08-14,Yes
India,GA/EM/DM,general aptitude;engineering mathematics;discrete mathematics;engineering entrance;exam;past-year,A,National examination archive,GATE official downloads archive — IIT Guwahati,https://gate2026.iitg.ac.in/download.html,GATE 2024 — Production and Industrial Engineering question paper,https://gate2026.iitg.ac.in/doc/download/2024/PI24S1.pdf,Exam paper,English,Official GATE question paper from the IIT Guwahati downloads archive. Includes General Aptitude plus paper-specific engineering mathematics or discrete-mathematics content where applicable.,Free public PDF,HTTP 200 · verified 2026-08-14,Yes
India,GA/EM/DM,general aptitude;engineering mathematics;discrete mathematics;engineering entrance;exam;past-year,A,National examination archive,GATE official downloads archive — IIT Guwahati,https://gate2026.iitg.ac.in/download.html,GATE 2024 — Physics question paper,https://gate2026.iitg.ac.in/doc/download/2024/PH24S2.pdf,Exam paper,English,Official GATE question paper from the IIT Guwahati downloads archive. Includes General Aptitude plus paper-specific engineering mathematics or discrete-mathematics content where applicable.,Free public PDF,HTTP 200 · verified 2026-08-14,Yes
India,GA/EM/DM,general aptitude;engineering mathematics;discrete mathematics;engineering entrance;exam;past-year,A,National examination archive,GATE official downloads archive — IIT Guwahati,https://gate2026.iitg.ac.in/download.html,GATE 2024 — Petroleum Engineering question paper,https://gate2026.iitg.ac.in/doc/download/2024/PE24S4.pdf,Exam paper,English,Official GATE question paper from the IIT Guwahati downloads archive. Includes General Aptitude plus paper-specific engineering mathematics or discrete-mathematics content where applicable.,Free public PDF,HTTP 200 · verified 2026-08-14,Yes
India,GA/EM/DM,general aptitude;engineering mathematics;discrete mathematics;engineering entrance;exam;past-year,A,National examination archive,GATE official downloads archive — IIT Guwahati,https://gate2026.iitg.ac.in/download.html,GATE 2024 — Naval Architecture and Marine Engineering question paper,https://gate2026.iitg.ac.in/doc/download/2024/NM24S5.pdf,Exam paper,English,Official GATE question paper from the IIT Guwahati downloads archive. Includes General Aptitude plus paper-specific engineering mathematics or discrete-mathematics content where applicable.,Free public PDF,HTTP 200 · verified 2026-08-14,Yes
India,GA/EM/DM,general aptitude;engineering mathematics;discrete mathematics;engineering entrance;exam;past-year,A,National examination archive,GATE official downloads archive — IIT Guwahati,https://gate2026.iitg.ac.in/download.html,GATE 2024 — Mining Engineering question paper,https://gate2026.iitg.ac.in/doc/download/2024/MN24S4.pdf,Exam paper,English,Official GATE question paper from the IIT Guwahati downloads archive. Includes General Aptitude plus paper-specific engineering mathematics or discrete-mathematics content where applicable.,Free public PDF,HTTP 200 · verified 2026-08-14,Yes
India,GA/EM/DM,general aptitude;engineering mathematics;discrete mathematics;engineering entrance;exam;past-year,A,National examination archive,GATE official downloads archive — IIT Guwahati,https://gate2026.iitg.ac.in/download.html,GATE 2024 — Metallurgical Engineering question paper,https://gate2026.iitg.ac.in/doc/download/2024/MT24S5.pdf,Exam paper,English,Official GATE question paper from the IIT Guwahati downloads archive. Includes General Aptitude plus paper-specific engineering mathematics or discrete-mathematics content where applicable.,Free public PDF,HTTP 200 · verified 2026-08-14,Yes
India,GA/EM/DM,general aptitude;engineering mathematics;discrete mathematics;engineering entrance;exam;past-year,A,National examination archive,GATE official downloads archive — IIT Guwahati,https://gate2026.iitg.ac.in/download.html,GATE 2024 — Mechanical Engineering question paper,https://gate2026.iitg.ac.in/doc/download/2024/ME24S2.pdf,Exam paper,English,Official GATE question paper from the IIT Guwahati downloads archive. Includes General Aptitude plus paper-specific engineering mathematics or discrete-mathematics content where applicable.,Free public PDF,HTTP 200 · verified 2026-08-14,Yes
India,GA/EM/DM,general aptitude;engineering mathematics;discrete mathematics;engineering entrance;exam;past-year,A,National examination archive,GATE official downloads archive — IIT Guwahati,https://gate2026.iitg.ac.in/download.html,GATE 2024 — Mathematics question paper,https://gate2026.iitg.ac.in/doc/download/2024/MA24S4.pdf,Exam paper,English,Official GATE question paper from the IIT Guwahati downloads archive. Includes General Aptitude plus paper-specific engineering mathematics or discrete-mathematics content where applicable.,Free public PDF,HTTP 200 · verified 2026-08-14,Yes
India,GA/EM/DM,general aptitude;engineering mathematics;discrete mathematics;engineering entrance;exam;past-year,A,National examination archive,GATE official downloads archive — IIT Guwahati,https://gate2026.iitg.ac.in/download.html,GATE 2024 — Life Sciences question paper,https://gate2026.iitg.ac.in/doc/download/2024/XL24S6.pdf,Exam paper,English,Official GATE question paper from the IIT Guwahati downloads archive. Includes General Aptitude plus paper-specific engineering mathematics or discrete-mathematics content where applicable.,Free public PDF,HTTP 200 · verified 2026-08-14,Yes
India,GA/EM/DM,general aptitude;engineering mathematics;discrete mathematics;engineering entrance;exam;past-year,A,National examination archive,GATE official downloads archive — IIT Guwahati,https://gate2026.iitg.ac.in/download.html,GATE 2024 — Instrumentation Engineering question paper,https://gate2026.iitg.ac.in/doc/download/2024/IN24S4.pdf,Exam paper,English,Official GATE question paper from the IIT Guwahati downloads archive. Includes General Aptitude plus paper-specific engineering mathematics or discrete-mathematics content where applicable.,Free public PDF,HTTP 200 · verified 2026-08-14,Yes
India,GA/EM/DM,general aptitude;engineering mathematics;discrete mathematics;engineering entrance;exam;past-year,A,National examination archive,GATE official downloads archive — IIT Guwahati,https://gate2026.iitg.ac.in/download.html,GATE 2024 — Humanities & Social Sciences - Sociology question paper,https://gate2026.iitg.ac.in/doc/download/2024/XHC624S3.pdf,Exam paper,English,Official GATE question paper from the IIT Guwahati downloads archive. Includes General Aptitude plus paper-specific engineering mathematics or discrete-mathematics content where applicable.,Free public PDF,HTTP 200 · verified 2026-08-14,Yes
India,GA/EM/DM,general aptitude;engineering mathematics;discrete mathematics;engineering entrance;exam;past-year,A,National examination archive,GATE official downloads archive — IIT Guwahati,https://gate2026.iitg.ac.in/download.html,GATE 2024 — Humanities & Social Sciences - Psychology question paper,https://gate2026.iitg.ac.in/doc/download/2024/XHC524S3.pdf,Exam paper,English,Official GATE question paper from the IIT Guwahati downloads archive. Includes General Aptitude plus paper-specific engineering mathematics or discrete-mathematics content where applicable.,Free public PDF,HTTP 200 · verified 2026-08-14,Yes
India,GA/EM/DM,general aptitude;engineering mathematics;discrete mathematics;engineering entrance;exam;past-year,A,National examination archive,GATE official downloads archive — IIT Guwahati,https://gate2026.iitg.ac.in/download.html,GATE 2024 — Humanities & Social Sciences - Philosophy question paper,https://gate2026.iitg.ac.in/doc/download/2024/XHC424S3.pdf,Exam paper,English,Official GATE question paper from the IIT Guwahati downloads archive. Includes General Aptitude plus paper-specific engineering mathematics or discrete-mathematics content where applicable.,Free public PDF,HTTP 200 · verified 2026-08-14,Yes
India,GA/EM/DM,general aptitude;engineering mathematics;discrete mathematics;engineering entrance;exam;past-year,A,National examination archive,GATE official downloads archive — IIT Guwahati,https://gate2026.iitg.ac.in/download.html,GATE 2024 — Humanities & Social Sciences - Linguistics question paper,https://gate2026.iitg.ac.in/doc/download/2024/XHC324S3.pdf,Exam paper,English,Official GATE question paper from the IIT Guwahati downloads archive. Includes General Aptitude plus paper-specific engineering mathematics or discrete-mathematics content where applicable.,Free public PDF,HTTP 200 · verified 2026-08-14,Yes
India,GA/EM/DM,general aptitude;engineering mathematics;discrete mathematics;engineering entrance;exam;past-year,A,National examination archive,GATE official downloads archive — IIT Guwahati,https://gate2026.iitg.ac.in/download.html,GATE 2024 — Humanities & Social Sciences - English question paper,https://gate2026.iitg.ac.in/doc/download/2024/XHC224S3.pdf,Exam paper,English,Official GATE question paper from the IIT Guwahati downloads archive. Includes General Aptitude plus paper-specific engineering mathematics or discrete-mathematics content where applicable.,Free public PDF,HTTP 200 · verified 2026-08-14,Yes
India,GA/EM/DM,general aptitude;engineering mathematics;discrete mathematics;engineering entrance;exam;past-year,A,National examination archive,GATE official downloads archive — IIT Guwahati,https://gate2026.iitg.ac.in/download.html,GATE 2024 — Humanities & Social Sciences - Economics question paper,https://gate2026.iitg.ac.in/doc/download/2024/XHC124S3.pdf,Exam paper,English,Official GATE question paper from the IIT Guwahati downloads archive. Includes General Aptitude plus paper-specific engineering mathematics or discrete-mathematics content where applicable.,Free public PDF,HTTP 200 · verified 2026-08-14,Yes
India,GA/EM/DM,general aptitude;engineering mathematics;discrete mathematics;engineering entrance;exam;past-year,A,National examination archive,GATE official downloads archive — IIT Guwahati,https://gate2026.iitg.ac.in/download.html,GATE 2024 — Geomatics Engineering question paper,https://gate2026.iitg.ac.in/doc/download/2024/GE24S2.pdf,Exam paper,English,Official GATE question paper from the IIT Guwahati downloads archive. Includes General Aptitude plus paper-specific engineering mathematics or discrete-mathematics content where applicable.,Free public PDF,HTTP 200 · verified 2026-08-14,Yes
India,GA/EM/DM,general aptitude;engineering mathematics;discrete mathematics;engineering entrance;exam;past-year,A,National examination archive,GATE official downloads archive — IIT Guwahati,https://gate2026.iitg.ac.in/download.html,GATE 2024 — Geology and Geophysics - Geophysics question paper,https://gate2026.iitg.ac.in/doc/download/2024/GG224S3.pdf,Exam paper,English,Official GATE question paper from the IIT Guwahati downloads archive. Includes General Aptitude plus paper-specific engineering mathematics or discrete-mathematics content where applicable.,Free public PDF,HTTP 200 · verified 2026-08-14,Yes
India,GA/EM/DM,general aptitude;engineering mathematics;discrete mathematics;engineering entrance;exam;past-year,A,National examination archive,GATE official downloads archive — IIT Guwahati,https://gate2026.iitg.ac.in/download.html,GATE 2024 — Geology and Geophysics - Geology question paper,https://gate2026.iitg.ac.in/doc/download/2024/GG124S3.pdf,Exam paper,English,Official GATE question paper from the IIT Guwahati downloads archive. Includes General Aptitude plus paper-specific engineering mathematics or discrete-mathematics content where applicable.,Free public PDF,HTTP 200 · verified 2026-08-14,Yes
India,GA/EM/DM,general aptitude;engineering mathematics;discrete mathematics;engineering entrance;exam;past-year,A,National examination archive,GATE official downloads archive — IIT Guwahati,https://gate2026.iitg.ac.in/download.html,GATE 2024 — Environmental Science & Engineering question paper,https://gate2026.iitg.ac.in/doc/download/2024/ES24S1.pdf,Exam paper,English,Official GATE question paper from the IIT Guwahati downloads archive. Includes General Aptitude plus paper-specific engineering mathematics or discrete-mathematics content where applicable.,Free public PDF,HTTP 200 · verified 2026-08-14,Yes
India,GA/EM/DM,general aptitude;engineering mathematics;discrete mathematics;engineering entrance;exam;past-year,A,National examination archive,GATE official downloads archive — IIT Guwahati,https://gate2026.iitg.ac.in/download.html,GATE 2024 — Engineering Sciences question paper,https://gate2026.iitg.ac.in/doc/download/2024/XE24S6.pdf,Exam paper,English,Official GATE question paper from the IIT Guwahati downloads archive. Includes General Aptitude plus paper-specific engineering mathematics or discrete-mathematics content where applicable.,Free public PDF,HTTP 200 · verified 2026-08-14,Yes
India,GA/EM/DM,general aptitude;engineering mathematics;discrete mathematics;engineering entrance;exam;past-year,A,National examination archive,GATE official downloads archive — IIT Guwahati,https://gate2026.iitg.ac.in/download.html,GATE 2024 — Electronics and Communication Engineering question paper,https://gate2026.iitg.ac.in/doc/download/2024/EC24S7.pdf,Exam paper,English,Official GATE question paper from the IIT Guwahati downloads archive. Includes General Aptitude plus paper-specific engineering mathematics or discrete-mathematics content where applicable.,Free public PDF,HTTP 200 · verified 2026-08-14,Yes
India,GA/EM/DM,general aptitude;engineering mathematics;discrete mathematics;engineering entrance;exam;past-year,A,National examination archive,GATE official downloads archive — IIT Guwahati,https://gate2026.iitg.ac.in/download.html,GATE 2024 — Electrical Engineering question paper,https://gate2026.iitg.ac.in/doc/download/2024/EE24S8.pdf,Exam paper,English,Official GATE question paper from the IIT Guwahati downloads archive. Includes General Aptitude plus paper-specific engineering mathematics or discrete-mathematics content where applicable.,Free public PDF,HTTP 200 · verified 2026-08-14,Yes
India,GA/EM/DM,general aptitude;engineering mathematics;discrete mathematics;engineering entrance;exam;past-year,A,National examination archive,GATE official downloads archive — IIT Guwahati,https://gate2026.iitg.ac.in/download.html,GATE 2024 — Ecology and Evolution question paper,https://gate2026.iitg.ac.in/doc/download/2024/EY24S3.pdf,Exam paper,English,Official GATE question paper from the IIT Guwahati downloads archive. Includes General Aptitude plus paper-specific engineering mathematics or discrete-mathematics content where applicable.,Free public PDF,HTTP 200 · verified 2026-08-14,Yes
India,GA/EM/DM,general aptitude;engineering mathematics;discrete mathematics;engineering entrance;exam;past-year,A,National examination archive,GATE official downloads archive — IIT Guwahati,https://gate2026.iitg.ac.in/download.html,GATE 2024 — Data Science and Artificial Intelligence question paper,https://gate2026.iitg.ac.in/doc/download/2024/DA24S1.pdf,Exam paper,English,Official GATE question paper from the IIT Guwahati downloads archive. Includes General Aptitude plus paper-specific engineering mathematics or discrete-mathematics content where applicable.,Free public PDF,HTTP 200 · verified 2026-08-14,Yes
India,GA/EM/DM,general aptitude;engineering mathematics;discrete mathematics;engineering entrance;exam;past-year,A,National examination archive,GATE official downloads archive — IIT Guwahati,https://gate2026.iitg.ac.in/download.html,GATE 2024 — Computer Science and Information Technology question paper,https://gate2026.iitg.ac.in/doc/download/2024/CS124S5.pdf,Exam paper,English,Official GATE question paper from the IIT Guwahati downloads archive. Includes General Aptitude plus paper-specific engineering mathematics or discrete-mathematics content where applicable.,Free public PDF,HTTP 200 · verified 2026-08-14,Yes
India,GA/EM/DM,general aptitude;engineering mathematics;discrete mathematics;engineering entrance;exam;past-year,A,National examination archive,GATE official downloads archive — IIT Guwahati,https://gate2026.iitg.ac.in/download.html,GATE 2024 — Computer Science and Information Technology question paper,https://gate2026.iitg.ac.in/doc/download/2024/CS224S6.pdf,Exam paper,English,Official GATE question paper from the IIT Guwahati downloads archive. Includes General Aptitude plus paper-specific engineering mathematics or discrete-mathematics content where applicable.,Free public PDF,HTTP 200 · verified 2026-08-14,Yes
India,GA/EM/DM,general aptitude;engineering mathematics;discrete mathematics;engineering entrance;exam;past-year,A,National examination archive,GATE official downloads archive — IIT Guwahati,https://gate2026.iitg.ac.in/download.html,GATE 2024 — Civil Engineering question paper,https://gate2026.iitg.ac.in/doc/download/2024/CE124S3.pdf,Exam paper,English,Official GATE question paper from the IIT Guwahati downloads archive. Includes General Aptitude plus paper-specific engineering mathematics or discrete-mathematics content where applicable.,Free public PDF,HTTP 200 · verified 2026-08-14,Yes
India,GA/EM/DM,general aptitude;engineering mathematics;discrete mathematics;engineering entrance;exam;past-year,A,National examination archive,GATE official downloads archive — IIT Guwahati,https://gate2026.iitg.ac.in/download.html,GATE 2024 — Civil Engineering question paper,https://gate2026.iitg.ac.in/doc/download/2024/CE224S4.pdf,Exam paper,English,Official GATE question paper from the IIT Guwahati downloads archive. Includes General Aptitude plus paper-specific engineering mathematics or discrete-mathematics content where applicable.,Free public PDF,HTTP 200 · verified 2026-08-14,Yes
India,GA/EM/DM,general aptitude;engineering mathematics;discrete mathematics;engineering entrance;exam;past-year,A,National examination archive,GATE official downloads archive — IIT Guwahati,https://gate2026.iitg.ac.in/download.html,GATE 2024 — Chemistry question paper,https://gate2026.iitg.ac.in/doc/download/2024/CY24S1.pdf,Exam paper,English,Official GATE question paper from the IIT Guwahati downloads archive. Includes General Aptitude plus paper-specific engineering mathematics or discrete-mathematics content where applicable.,Free public PDF,HTTP 200 · verified 2026-08-14,Yes
India,GA/EM/DM,general aptitude;engineering mathematics;discrete mathematics;engineering entrance;exam;past-year,A,National examination archive,GATE official downloads archive — IIT Guwahati,https://gate2026.iitg.ac.in/download.html,GATE 2024 — Chemical Engineering question paper,https://gate2026.iitg.ac.in/doc/download/2024/CH24S3.pdf,Exam paper,English,Official GATE question paper from the IIT Guwahati downloads archive. Includes General Aptitude plus paper-specific engineering mathematics or discrete-mathematics content where applicable.,Free public PDF,HTTP 200 · verified 2026-08-14,Yes
India,GA/EM/DM,general aptitude;engineering mathematics;discrete mathematics;engineering entrance;exam;past-year,A,National examination archive,GATE official downloads archive — IIT Guwahati,https://gate2026.iitg.ac.in/download.html,GATE 2024 — Biotechnology question paper,https://gate2026.iitg.ac.in/doc/download/2024/BT24S5.pdf,Exam paper,English,Official GATE question paper from the IIT Guwahati downloads archive. Includes General Aptitude plus paper-specific engineering mathematics or discrete-mathematics content where applicable.,Free public PDF,HTTP 200 · verified 2026-08-14,Yes
India,GA/EM/DM,general aptitude;engineering mathematics;discrete mathematics;engineering entrance;exam;past-year,A,National examination archive,GATE official downloads archive — IIT Guwahati,https://gate2026.iitg.ac.in/download.html,GATE 2024 — Biomedical Engineering question paper,https://gate2026.iitg.ac.in/doc/download/2024/BM24S3.pdf,Exam paper,English,Official GATE question paper from the IIT Guwahati downloads archive. Includes General Aptitude plus paper-specific engineering mathematics or discrete-mathematics content where applicable.,Free public PDF,HTTP 200 · verified 2026-08-14,Yes
India,GA/EM/DM,general aptitude;engineering mathematics;discrete mathematics;engineering entrance;exam;past-year,A,National examination archive,GATE official downloads archive — IIT Guwahati,https://gate2026.iitg.ac.in/download.html,GATE 2024 — Architecture and Planning question paper,https://gate2026.iitg.ac.in/doc/download/2024/AR24S1.pdf,Exam paper,English,Official GATE question paper from the IIT Guwahati downloads archive. Includes General Aptitude plus paper-specific engineering mathematics or discrete-mathematics content where applicable.,Free public PDF,HTTP 200 · verified 2026-08-14,Yes
India,GA/EM/DM,general aptitude;engineering mathematics;discrete mathematics;engineering entrance;exam;past-year,A,National examination archive,GATE official downloads archive — IIT Guwahati,https://gate2026.iitg.ac.in/download.html,GATE 2024 — Agricultural Engineering question paper,https://gate2026.iitg.ac.in/doc/download/2024/AG24S5.pdf,Exam paper,English,Official GATE question paper from the IIT Guwahati downloads archive. Includes General Aptitude plus paper-specific engineering mathematics or discrete-mathematics content where applicable.,Free public PDF,HTTP 200 · verified 2026-08-14,Yes
India,GA/EM/DM,general aptitude;engineering mathematics;discrete mathematics;engineering entrance;exam;past-year,A,National examination archive,GATE official downloads archive — IIT Guwahati,https://gate2026.iitg.ac.in/download.html,GATE 2024 — Aerospace Engineering question paper,https://gate2026.iitg.ac.in/doc/download/2024/AE24S5.pdf,Exam paper,English,Official GATE question paper from the IIT Guwahati downloads archive. Includes General Aptitude plus paper-specific engineering mathematics or discrete-mathematics content where applicable.,Free public PDF,HTTP 200 · verified 2026-08-14,Yes
India,GA/EM/DM,general aptitude;engineering mathematics;discrete mathematics;engineering entrance;exam;past-year,A,National examination archive,GATE official downloads archive — IIT Guwahati,https://gate2026.iitg.ac.in/download.html,GATE 2023 — Textile Engineering & Fibre Science question paper,https://gate2026.iitg.ac.in/doc/download/2023/tf_2023.pdf,Exam paper,English,Official GATE question paper from the IIT Guwahati downloads archive. Includes General Aptitude plus paper-specific engineering mathematics or discrete-mathematics content where applicable.,Free public PDF,HTTP 200 · verified 2026-08-14,Yes
India,GA/EM/DM,general aptitude;engineering mathematics;discrete mathematics;engineering entrance;exam;past-year,A,National examination archive,GATE official downloads archive — IIT Guwahati,https://gate2026.iitg.ac.in/download.html,GATE 2023 — Production & Industrial Engineering question paper,https://gate2026.iitg.ac.in/doc/download/2023/pi_2023.pdf,Exam paper,English,Official GATE question paper from the IIT Guwahati downloads archive. Includes General Aptitude plus paper-specific engineering mathematics or discrete-mathematics content where applicable.,Free public PDF,HTTP 200 · verified 2026-08-14,Yes
India,GA/EM/DM,general aptitude;engineering mathematics;discrete mathematics;engineering entrance;exam;past-year,A,National examination archive,GATE official downloads archive — IIT Guwahati,https://gate2026.iitg.ac.in/download.html,GATE 2023 — Physics question paper,https://gate2026.iitg.ac.in/doc/download/2023/ph_2023.pdf,Exam paper,English,Official GATE question paper from the IIT Guwahati downloads archive. Includes General Aptitude plus paper-specific engineering mathematics or discrete-mathematics content where applicable.,Free public PDF,HTTP 200 · verified 2026-08-14,Yes
India,GA/EM/DM,general aptitude;engineering mathematics;discrete mathematics;engineering entrance;exam;past-year,A,National examination archive,GATE official downloads archive — IIT Guwahati,https://gate2026.iitg.ac.in/download.html,GATE 2023 — Petroleum Engineering question paper,https://gate2026.iitg.ac.in/doc/download/2023/pe_2023.pdf,Exam paper,English,Official GATE question paper from the IIT Guwahati downloads archive. Includes General Aptitude plus paper-specific engineering mathematics or discrete-mathematics content where applicable.,Free public PDF,HTTP 200 · verified 2026-08-14,Yes
India,GA/EM/DM,general aptitude;engineering mathematics;discrete mathematics;engineering entrance;exam;past-year,A,National examination archive,GATE official downloads archive — IIT Guwahati,https://gate2026.iitg.ac.in/download.html,GATE 2023 — Naval Architecture & Marine Engineering question paper,https://gate2026.iitg.ac.in/doc/download/2023/nm_2023.pdf,Exam paper,English,Official GATE question paper from the IIT Guwahati downloads archive. Includes General Aptitude plus paper-specific engineering mathematics or discrete-mathematics content where applicable.,Free public PDF,HTTP 200 · verified 2026-08-14,Yes
India,GA/EM/DM,general aptitude;engineering mathematics;discrete mathematics;engineering entrance;exam;past-year,A,National examination archive,GATE official downloads archive — IIT Guwahati,https://gate2026.iitg.ac.in/download.html,GATE 2023 — Mining Engineering question paper,https://gate2026.iitg.ac.in/doc/download/2023/mn_2023.pdf,Exam paper,English,Official GATE question paper from the IIT Guwahati downloads archive. Includes General Aptitude plus paper-specific engineering mathematics or discrete-mathematics content where applicable.,Free public PDF,HTTP 200 · verified 2026-08-14,Yes
India,GA/EM/DM,general aptitude;engineering mathematics;discrete mathematics;engineering entrance;exam;past-year,A,National examination archive,GATE official downloads archive — IIT Guwahati,https://gate2026.iitg.ac.in/download.html,GATE 2023 — Metallurgical Engineering question paper,https://gate2026.iitg.ac.in/doc/download/2023/mt_2023.pdf,Exam paper,English,Official GATE question paper from the IIT Guwahati downloads archive. Includes General Aptitude plus paper-specific engineering mathematics or discrete-mathematics content where applicable.,Free public PDF,HTTP 200 · verified 2026-08-14,Yes
India,GA/EM/DM,general aptitude;engineering mathematics;discrete mathematics;engineering entrance;exam;past-year,A,National examination archive,GATE official downloads archive — IIT Guwahati,https://gate2026.iitg.ac.in/download.html,GATE 2023 — Mechanical Engineering question paper,https://gate2026.iitg.ac.in/doc/download/2023/me_2023.pdf,Exam paper,English,Official GATE question paper from the IIT Guwahati downloads archive. Includes General Aptitude plus paper-specific engineering mathematics or discrete-mathematics content where applicable.,Free public PDF,HTTP 200 · verified 2026-08-14,Yes
India,GA/EM/DM,general aptitude;engineering mathematics;discrete mathematics;engineering entrance;exam;past-year,A,National examination archive,GATE official downloads archive — IIT Guwahati,https://gate2026.iitg.ac.in/download.html,GATE 2023 — Mathematics question paper,https://gate2026.iitg.ac.in/doc/download/2023/ma_2023.pdf,Exam paper,English,Official GATE question paper from the IIT Guwahati downloads archive. Includes General Aptitude plus paper-specific engineering mathematics or discrete-mathematics content where applicable.,Free public PDF,HTTP 200 · verified 2026-08-14,Yes
India,GA/EM/DM,general aptitude;engineering mathematics;discrete mathematics;engineering entrance;exam;past-year,A,National examination archive,GATE official downloads archive — IIT Guwahati,https://gate2026.iitg.ac.in/download.html,GATE 2023 — Life Sciences question paper,https://gate2026.iitg.ac.in/doc/download/2023/xl_2023.pdf,Exam paper,English,Official GATE question paper from the IIT Guwahati downloads archive. Includes General Aptitude plus paper-specific engineering mathematics or discrete-mathematics content where applicable.,Free public PDF,HTTP 200 · verified 2026-08-14,Yes
India,GA/EM/DM,general aptitude;engineering mathematics;discrete mathematics;engineering entrance;exam;past-year,A,National examination archive,GATE official downloads archive — IIT Guwahati,https://gate2026.iitg.ac.in/download.html,GATE 2023 — Instrumentation Engineering question paper,https://gate2026.iitg.ac.in/doc/download/2023/in_2023.pdf,Exam paper,English,Official GATE question paper from the IIT Guwahati downloads archive. Includes General Aptitude plus paper-specific engineering mathematics or discrete-mathematics content where applicable.,Free public PDF,HTTP 200 · verified 2026-08-14,Yes
India,GA/EM/DM,general aptitude;engineering mathematics;discrete mathematics;engineering entrance;exam;past-year,A,National examination archive,GATE official downloads archive — IIT Guwahati,https://gate2026.iitg.ac.in/download.html,GATE 2023 — Humanities & Social Sciences question paper,https://gate2026.iitg.ac.in/doc/download/2023/xh_2023.pdf,Exam paper,English,Official GATE question paper from the IIT Guwahati downloads archive. Includes General Aptitude plus paper-specific engineering mathematics or discrete-mathematics content where applicable.,Free public PDF,HTTP 200 · verified 2026-08-14,Yes
India,GA/EM/DM,general aptitude;engineering mathematics;discrete mathematics;engineering entrance;exam;past-year,A,National examination archive,GATE official downloads archive — IIT Guwahati,https://gate2026.iitg.ac.in/download.html,GATE 2023 — Geomatics Engineering question paper,https://gate2026.iitg.ac.in/doc/download/2023/ge_2023.pdf,Exam paper,English,Official GATE question paper from the IIT Guwahati downloads archive. Includes General Aptitude plus paper-specific engineering mathematics or discrete-mathematics content where applicable.,Free public PDF,HTTP 200 · verified 2026-08-14,Yes
India,GA/EM/DM,general aptitude;engineering mathematics;discrete mathematics;engineering entrance;exam;past-year,A,National examination archive,GATE official downloads archive — IIT Guwahati,https://gate2026.iitg.ac.in/download.html,GATE 2023 — Geology and Geophysics - Geophysics question paper,https://gate2026.iitg.ac.in/doc/download/2023/gg2_2023.pdf,Exam paper,English,Official GATE question paper from the IIT Guwahati downloads archive. Includes General Aptitude plus paper-specific engineering mathematics or discrete-mathematics content where applicable.,Free public PDF,HTTP 200 · verified 2026-08-14,Yes
India,GA/EM/DM,general aptitude;engineering mathematics;discrete mathematics;engineering entrance;exam;past-year,A,National examination archive,GATE official downloads archive — IIT Guwahati,https://gate2026.iitg.ac.in/download.html,GATE 2023 — Geology and Geophysics - Geology question paper,https://gate2026.iitg.ac.in/doc/download/2023/gg1_2023.pdf,Exam paper,English,Official GATE question paper from the IIT Guwahati downloads archive. Includes General Aptitude plus paper-specific engineering mathematics or discrete-mathematics content where applicable.,Free public PDF,HTTP 200 · verified 2026-08-14,Yes
India,GA/EM/DM,general aptitude;engineering mathematics;discrete mathematics;engineering entrance;exam;past-year,A,National examination archive,GATE official downloads archive — IIT Guwahati,https://gate2026.iitg.ac.in/download.html,GATE 2023 — Environmental Science & Engineering question paper,https://gate2026.iitg.ac.in/doc/download/2023/es_2023.pdf,Exam paper,English,Official GATE question paper from the IIT Guwahati downloads archive. Includes General Aptitude plus paper-specific engineering mathematics or discrete-mathematics content where applicable.,Free public PDF,HTTP 200 · verified 2026-08-14,Yes
India,GA/EM/DM,general aptitude;engineering mathematics;discrete mathematics;engineering entrance;exam;past-year,A,National examination archive,GATE official downloads archive — IIT Guwahati,https://gate2026.iitg.ac.in/download.html,GATE 2023 — Engineering Sciences question paper,https://gate2026.iitg.ac.in/doc/download/2023/xe_2023.pdf,Exam paper,English,Official GATE question paper from the IIT Guwahati downloads archive. Includes General Aptitude plus paper-specific engineering mathematics or discrete-mathematics content where applicable.,Free public PDF,HTTP 200 · verified 2026-08-14,Yes
India,GA/EM/DM,general aptitude;engineering mathematics;discrete mathematics;engineering entrance;exam;past-year,A,National examination archive,GATE official downloads archive — IIT Guwahati,https://gate2026.iitg.ac.in/download.html,GATE 2023 — Electronics & Communication Engineering question paper,https://gate2026.iitg.ac.in/doc/download/2023/ec_2023.pdf,Exam paper,English,Official GATE question paper from the IIT Guwahati downloads archive. Includes General Aptitude plus paper-specific engineering mathematics or discrete-mathematics content where applicable.,Free public PDF,HTTP 200 · verified 2026-08-14,Yes
India,GA/EM/DM,general aptitude;engineering mathematics;discrete mathematics;engineering entrance;exam;past-year,A,National examination archive,GATE official downloads archive — IIT Guwahati,https://gate2026.iitg.ac.in/download.html,GATE 2023 — Electrical Engineering question paper,https://gate2026.iitg.ac.in/doc/download/2023/ee_2023.pdf,Exam paper,English,Official GATE question paper from the IIT Guwahati downloads archive. Includes General Aptitude plus paper-specific engineering mathematics or discrete-mathematics content where applicable.,Free public PDF,HTTP 200 · verified 2026-08-14,Yes
India,GA/EM/DM,general aptitude;engineering mathematics;discrete mathematics;engineering entrance;exam;past-year,A,National examination archive,GATE official downloads archive — IIT Guwahati,https://gate2026.iitg.ac.in/download.html,GATE 2023 — Ecology and Evolution question paper,https://gate2026.iitg.ac.in/doc/download/2023/ey_2023.pdf,Exam paper,English,Official GATE question paper from the IIT Guwahati downloads archive. Includes General Aptitude plus paper-specific engineering mathematics or discrete-mathematics content where applicable.,Free public PDF,HTTP 200 · verified 2026-08-14,Yes
India,GA/EM/DM,general aptitude;engineering mathematics;discrete mathematics;engineering entrance;exam;past-year,A,National examination archive,GATE official downloads archive — IIT Guwahati,https://gate2026.iitg.ac.in/download.html,GATE 2023 — Computer Science & Information Technology question paper,https://gate2026.iitg.ac.in/doc/download/2023/cs_2023.pdf,Exam paper,English,Official GATE question paper from the IIT Guwahati downloads archive. Includes General Aptitude plus paper-specific engineering mathematics or discrete-mathematics content where applicable.,Free public PDF,HTTP 200 · verified 2026-08-14,Yes
India,GA/EM/DM,general aptitude;engineering mathematics;discrete mathematics;engineering entrance;exam;past-year,A,National examination archive,GATE official downloads archive — IIT Guwahati,https://gate2026.iitg.ac.in/download.html,GATE 2023 — Civil Engineering question paper,https://gate2026.iitg.ac.in/doc/download/2023/ce1_2023.pdf,Exam paper,English,Official GATE question paper from the IIT Guwahati downloads archive. Includes General Aptitude plus paper-specific engineering mathematics or discrete-mathematics content where applicable.,Free public PDF,HTTP 200 · verified 2026-08-14,Yes
India,GA/EM/DM,general aptitude;engineering mathematics;discrete mathematics;engineering entrance;exam;past-year,A,National examination archive,GATE official downloads archive — IIT Guwahati,https://gate2026.iitg.ac.in/download.html,GATE 2023 — Civil Engineering question paper,https://gate2026.iitg.ac.in/doc/download/2023/ce2_2023.pdf,Exam paper,English,Official GATE question paper from the IIT Guwahati downloads archive. Includes General Aptitude plus paper-specific engineering mathematics or discrete-mathematics content where applicable.,Free public PDF,HTTP 200 · verified 2026-08-14,Yes
India,GA/EM/DM,general aptitude;engineering mathematics;discrete mathematics;engineering entrance;exam;past-year,A,National examination archive,GATE official downloads archive — IIT Guwahati,https://gate2026.iitg.ac.in/download.html,GATE 2023 — Chemistry question paper,https://gate2026.iitg.ac.in/doc/download/2023/cy_2023.pdf,Exam paper,English,Official GATE question paper from the IIT Guwahati downloads archive. Includes General Aptitude plus paper-specific engineering mathematics or discrete-mathematics content where applicable.,Free public PDF,HTTP 200 · verified 2026-08-14,Yes
India,GA/EM/DM,general aptitude;engineering mathematics;discrete mathematics;engineering entrance;exam;past-year,A,National examination archive,GATE official downloads archive — IIT Guwahati,https://gate2026.iitg.ac.in/download.html,GATE 2023 — Chemical Engineering question paper,https://gate2026.iitg.ac.in/doc/download/2023/ch_2023.pdf,Exam paper,English,Official GATE question paper from the IIT Guwahati downloads archive. Includes General Aptitude plus paper-specific engineering mathematics or discrete-mathematics content where applicable.,Free public PDF,HTTP 200 · verified 2026-08-14,Yes
India,GA/EM/DM,general aptitude;engineering mathematics;discrete mathematics;engineering entrance;exam;past-year,A,National examination archive,GATE official downloads archive — IIT Guwahati,https://gate2026.iitg.ac.in/download.html,GATE 2023 — Biotechnology question paper,https://gate2026.iitg.ac.in/doc/download/2023/bt_2023.pdf,Exam paper,English,Official GATE question paper from the IIT Guwahati downloads archive. Includes General Aptitude plus paper-specific engineering mathematics or discrete-mathematics content where applicable.,Free public PDF,HTTP 200 · verified 2026-08-14,Yes
India,GA/EM/DM,general aptitude;engineering mathematics;discrete mathematics;engineering entrance;exam;past-year,A,National examination archive,GATE official downloads archive — IIT Guwahati,https://gate2026.iitg.ac.in/download.html,GATE 2023 — Biomedical Engineering question paper,https://gate2026.iitg.ac.in/doc/download/2023/bm_2023.pdf,Exam paper,English,Official GATE question paper from the IIT Guwahati downloads archive. Includes General Aptitude plus paper-specific engineering mathematics or discrete-mathematics content where applicable.,Free public PDF,HTTP 200 · verified 2026-08-14,Yes
India,GA/EM/DM,GA/EM/DM,B,exam archive,GATE downloads archive,https://gate2026.iitg.ac.in/download.html,GATE 2026 MASTER QUESTION PAPERS AND ANSWER KEYS,https://gate2026.iitg.ac.in/QPs-answer-keys.html,HTML solution/answer,English,"Official GATE archive, papers and answer keys",,,yes
India,GA/EM/DM,GA/EM/DM,A,exam archive,GATE downloads archive,https://gate2026.iitg.ac.in/download.html,GATE 2026 INFORMATION BROCHURE,https://gate2026.iitg.ac.in/doc/IB/GATE2026-IB-10102025.pdf,PDF resource,English,"Official GATE archive, papers and answer keys",,,yes
India,GA/EM/DM,GA/EM/DM,A,exam archive,GATE downloads archive,https://gate2026.iitg.ac.in/download.html,Aerospace Engineering,https://gate2026.iitg.ac.in/doc/download/2019/ae_2019.pdf,PDF resource,English,"Official GATE archive, papers and answer keys",,,yes
India,GA/EM/DM,GA/EM/DM,A,exam archive,GATE downloads archive,https://gate2026.iitg.ac.in/download.html,Agricultural Engineering,https://gate2026.iitg.ac.in/doc/download/2019/ag_2019.pdf,PDF resource,English,"Official GATE archive, papers and answer keys",,,yes
India,GA/EM/DM,GA/EM/DM,A,exam archive,GATE downloads archive,https://gate2026.iitg.ac.in/download.html,Architecture and Planning,https://gate2026.iitg.ac.in/doc/download/2019/ar_2019.pdf,PDF resource,English,"Official GATE archive, papers and answer keys",,,yes
India,GA/EM/DM,GA/EM/DM,A,exam archive,GATE downloads archive,https://gate2026.iitg.ac.in/download.html,Biotechnology,https://gate2026.iitg.ac.in/doc/download/2019/bt_2019.pdf,PDF resource,English,"Official GATE archive, papers and answer keys",,,yes
India,GA/EM/DM,GA/EM/DM,A,exam archive,GATE downloads archive,https://gate2026.iitg.ac.in/download.html,Civil Engineering,https://gate2026.iitg.ac.in/doc/download/2019/ce_2019.pdf,PDF resource,English,"Official GATE archive, papers and answer keys",,,yes
India,GA/EM/DM,GA/EM/DM,A,exam archive,GATE downloads archive,https://gate2026.iitg.ac.in/download.html,Chemical Engineering,https://gate2026.iitg.ac.in/doc/download/2019/ch_2019.pdf,PDF resource,English,"Official GATE archive, papers and answer keys",,,yes
India,GA/EM/DM,GA/EM/DM,A,exam archive,GATE downloads archive,https://gate2026.iitg.ac.in/download.html,Computer Science & Information Technology,https://gate2026.iitg.ac.in/doc/download/2019/cs_2019.pdf,PDF resource,English,"Official GATE archive, papers and answer keys",,,yes
India,GA/EM/DM,GA/EM/DM,A,exam archive,GATE downloads archive,https://gate2026.iitg.ac.in/download.html,Chemistry,https://gate2026.iitg.ac.in/doc/download/2019/cy_2019.pdf,PDF resource,English,"Official GATE archive, papers and answer keys",,,yes
India,GA/EM/DM,GA/EM/DM,A,exam archive,GATE downloads archive,https://gate2026.iitg.ac.in/download.html,Electronics & Communication Engineering,https://gate2026.iitg.ac.in/doc/download/2019/ec_2019.pdf,PDF resource,English,"Official GATE archive, papers and answer keys",,,yes
India,GA/EM/DM,GA/EM/DM,A,exam archive,GATE downloads archive,https://gate2026.iitg.ac.in/download.html,Electrical Engineering,https://gate2026.iitg.ac.in/doc/download/2019/ee_2019.pdf,PDF resource,English,"Official GATE archive, papers and answer keys",,,yes
India,GA/EM/DM,GA/EM/DM,A,exam archive,GATE downloads archive,https://gate2026.iitg.ac.in/download.html,Ecology and Evolution,https://gate2026.iitg.ac.in/doc/download/2019/ey_2019.pdf,PDF resource,English,"Official GATE archive, papers and answer keys",,,yes
India,GA/EM/DM,GA/EM/DM,A,exam archive,GATE downloads archive,https://gate2026.iitg.ac.in/download.html,Geology & Geophysics,https://gate2026.iitg.ac.in/doc/download/2019/gg_2019.pdf,PDF resource,English,"Official GATE archive, papers and answer keys",,,yes
India,GA/EM/DM,GA/EM/DM,A,exam archive,GATE downloads archive,https://gate2026.iitg.ac.in/download.html,Instrumentation Engineering,https://gate2026.iitg.ac.in/doc/download/2019/in_2019.pdf,PDF resource,English,"Official GATE archive, papers and answer keys",,,yes
India,GA/EM/DM,GA/EM/DM,A,exam archive,GATE downloads archive,https://gate2026.iitg.ac.in/download.html,Mathematics,https://gate2026.iitg.ac.in/doc/download/2019/ma_2019.pdf,PDF resource,English,"Official GATE archive, papers and answer keys",,,yes
India,GA/EM/DM,GA/EM/DM,A,exam archive,GATE downloads archive,https://gate2026.iitg.ac.in/download.html,Mechanical Engineering,https://gate2026.iitg.ac.in/doc/download/2019/me_2019.pdf,PDF resource,English,"Official GATE archive, papers and answer keys",,,yes
India,GA/EM/DM,GA/EM/DM,A,exam archive,GATE downloads archive,https://gate2026.iitg.ac.in/download.html,Mining Engineering,https://gate2026.iitg.ac.in/doc/download/2019/mn_2019.pdf,PDF resource,English,"Official GATE archive, papers and answer keys",,,yes
India,GA/EM/DM,GA/EM/DM,A,exam archive,GATE downloads archive,https://gate2026.iitg.ac.in/download.html,Metallurgical Engineering,https://gate2026.iitg.ac.in/doc/download/2019/mt_2019.pdf,PDF resource,English,"Official GATE archive, papers and answer keys",,,yes
India,GA/EM/DM,GA/EM/DM,A,exam archive,GATE downloads archive,https://gate2026.iitg.ac.in/download.html,Petroleum Engineering,https://gate2026.iitg.ac.in/doc/download/2019/pe_2019.pdf,PDF resource,English,"Official GATE archive, papers and answer keys",,,yes
India,GA/EM/DM,GA/EM/DM,A,exam archive,GATE downloads archive,https://gate2026.iitg.ac.in/download.html,Physics,https://gate2026.iitg.ac.in/doc/download/2019/ph_2019.pdf,PDF resource,English,"Official GATE archive, papers and answer keys",,,yes
India,GA/EM/DM,GA/EM/DM,A,exam archive,GATE downloads archive,https://gate2026.iitg.ac.in/download.html,Production & Industrial Engineering,https://gate2026.iitg.ac.in/doc/download/2019/pi_2019.pdf,PDF resource,English,"Official GATE archive, papers and answer keys",,,yes
India,GA/EM/DM,GA/EM/DM,A,exam archive,GATE downloads archive,https://gate2026.iitg.ac.in/download.html,Textile Engineering & Fibre Science,https://gate2026.iitg.ac.in/doc/download/2019/tf_2019.pdf,PDF resource,English,"Official GATE archive, papers and answer keys",,,yes
India,GA/EM/DM,GA/EM/DM,A,exam archive,GATE downloads archive,https://gate2026.iitg.ac.in/download.html,Engineering Sciences,https://gate2026.iitg.ac.in/doc/download/2019/xe_2019.pdf,PDF resource,English,"Official GATE archive, papers and answer keys",,,yes
India,GA/EM/DM,GA/EM/DM,A,exam archive,GATE downloads archive,https://gate2026.iitg.ac.in/download.html,Life Sciences,https://gate2026.iitg.ac.in/doc/download/2019/xl_2019.pdf,PDF resource,English,"Official GATE archive, papers and answer keys",,,yes
India,GA/EM/DM,GA/EM/DM,A,exam archive,GATE downloads archive,https://gate2026.iitg.ac.in/download.html,Aerospace Engineering,https://gate2026.iitg.ac.in/doc/download/2020/ae_2020.pdf,PDF resource,English,"Official GATE archive, papers and answer keys",,,yes
India,GA/EM/DM,GA/EM/DM,A,exam archive,GATE downloads archive,https://gate2026.iitg.ac.in/download.html,Agricultural Engineering,https://gate2026.iitg.ac.in/doc/download/2020/ag_2020.pdf,PDF resource,English,"Official GATE archive, papers and answer keys",,,yes
India,GA/EM/DM,GA/EM/DM,A,exam archive,GATE downloads archive,https://gate2026.iitg.ac.in/download.html,Architecture and Planning,https://gate2026.iitg.ac.in/doc/download/2020/ar_2020.pdf,PDF resource,English,"Official GATE archive, papers and answer keys",,,yes
India,GA/EM/DM,GA/EM/DM,A,exam archive,GATE downloads archive,https://gate2026.iitg.ac.in/download.html,Biomedical Engineering,https://gate2026.iitg.ac.in/doc/download/2020/bm_2020.pdf,PDF resource,English,"Official GATE archive, papers and answer keys",,,yes
India,GA/EM/DM,GA/EM/DM,A,exam archive,GATE downloads archive,https://gate2026.iitg.ac.in/download.html,Biotechnology,https://gate2026.iitg.ac.in/doc/download/2020/bt_2020.pdf,PDF resource,English,"Official GATE archive, papers and answer keys",,,yes
India,GA/EM/DM,GA/EM/DM,A,exam archive,GATE downloads archive,https://gate2026.iitg.ac.in/download.html,Civil Engineering,https://gate2026.iitg.ac.in/doc/download/2020/ce_2020.pdf,PDF resource,English,"Official GATE archive, papers and answer keys",,,yes
India,GA/EM/DM,GA/EM/DM,A,exam archive,GATE downloads archive,https://gate2026.iitg.ac.in/download.html,Chemical Engineering,https://gate2026.iitg.ac.in/doc/download/2020/ch_2020.pdf,PDF resource,English,"Official GATE archive, papers and answer keys",,,yes
India,GA/EM/DM,GA/EM/DM,A,exam archive,GATE downloads archive,https://gate2026.iitg.ac.in/download.html,Computer Science & Information Technology,https://gate2026.iitg.ac.in/doc/download/2020/cs_2020.pdf,PDF resource,English,"Official GATE archive, papers and answer keys",,,yes
India,GA/EM/DM,GA/EM/DM,A,exam archive,GATE downloads archive,https://gate2026.iitg.ac.in/download.html,Chemistry,https://gate2026.iitg.ac.in/doc/download/2020/cy_2020.pdf,PDF resource,English,"Official GATE archive, papers and answer keys",,,yes
India,GA/EM/DM,GA/EM/DM,A,exam archive,GATE downloads archive,https://gate2026.iitg.ac.in/download.html,Electronics & Communication Engineering,https://gate2026.iitg.ac.in/doc/download/2020/ec_2020.pdf,PDF resource,English,"Official GATE archive, papers and answer keys",,,yes
India,GA/EM/DM,GA/EM/DM,A,exam archive,GATE downloads archive,https://gate2026.iitg.ac.in/download.html,Electrical Engineering,https://gate2026.iitg.ac.in/doc/download/2020/ee_2020.pdf,PDF resource,English,"Official GATE archive, papers and answer keys",,,yes
India,GA/EM/DM,GA/EM/DM,A,exam archive,GATE downloads archive,https://gate2026.iitg.ac.in/download.html,Ecology and Evolution,https://gate2026.iitg.ac.in/doc/download/2020/ey_2020.pdf,PDF resource,English,"Official GATE archive, papers and answer keys",,,yes
India,GA/EM/DM,GA/EM/DM,A,exam archive,GATE downloads archive,https://gate2026.iitg.ac.in/download.html,Geology & Geophysics,https://gate2026.iitg.ac.in/doc/download/2020/gg_2020.pdf,PDF resource,English,"Official GATE archive, papers and answer keys",,,yes
India,GA/EM/DM,GA/EM/DM,A,exam archive,GATE downloads archive,https://gate2026.iitg.ac.in/download.html,Instrumentation Engineering,https://gate2026.iitg.ac.in/doc/download/2020/in_2020.pdf,PDF resource,English,"Official GATE archive, papers and answer keys",,,yes
India,GA/EM/DM,GA/EM/DM,A,exam archive,GATE downloads archive,https://gate2026.iitg.ac.in/download.html,Mathematics,https://gate2026.iitg.ac.in/doc/download/2020/ma_2020.pdf,PDF resource,English,"Official GATE archive, papers and answer keys",,,yes
India,GA/EM/DM,GA/EM/DM,A,exam archive,GATE downloads archive,https://gate2026.iitg.ac.in/download.html,Mechanical Engineering,https://gate2026.iitg.ac.in/doc/download/2020/me_2020.pdf,PDF resource,English,"Official GATE archive, papers and answer keys",,,yes
India,GA/EM/DM,GA/EM/DM,A,exam archive,GATE downloads archive,https://gate2026.iitg.ac.in/download.html,Mining Engineering,https://gate2026.iitg.ac.in/doc/download/2020/mn_2020.pdf,PDF resource,English,"Official GATE archive, papers and answer keys",,,yes
India,GA/EM/DM,GA/EM/DM,A,exam archive,GATE downloads archive,https://gate2026.iitg.ac.in/download.html,Metallurgical Engineering,https://gate2026.iitg.ac.in/doc/download/2020/mt_2020.pdf,PDF resource,English,"Official GATE archive, papers and answer keys",,,yes
India,GA/EM/DM,GA/EM/DM,A,exam archive,GATE downloads archive,https://gate2026.iitg.ac.in/download.html,Petroleum Engineering,https://gate2026.iitg.ac.in/doc/download/2020/pe_2020.pdf,PDF resource,English,"Official GATE archive, papers and answer keys",,,yes
India,GA/EM/DM,GA/EM/DM,A,exam archive,GATE downloads archive,https://gate2026.iitg.ac.in/download.html,Physics,https://gate2026.iitg.ac.in/doc/download/2020/ph_2020.pdf,PDF resource,English,"Official GATE archive, papers and answer keys",,,yes
India,GA/EM/DM,GA/EM/DM,A,exam archive,GATE downloads archive,https://gate2026.iitg.ac.in/download.html,Production & Industrial Engineering,https://gate2026.iitg.ac.in/doc/download/2020/pi_2020.pdf,PDF resource,English,"Official GATE archive, papers and answer keys",,,yes
India,GA/EM/DM,GA/EM/DM,A,exam archive,GATE downloads archive,https://gate2026.iitg.ac.in/download.html,Textile Engineering & Fibre Science,https://gate2026.iitg.ac.in/doc/download/2020/tf_2020.pdf,PDF resource,English,"Official GATE archive, papers and answer keys",,,yes
India,GA/EM/DM,GA/EM/DM,A,exam archive,GATE downloads archive,https://gate2026.iitg.ac.in/download.html,Engineering Sciences,https://gate2026.iitg.ac.in/doc/download/2020/xe_2020.pdf,PDF resource,English,"Official GATE archive, papers and answer keys",,,yes
India,GA/EM/DM,GA/EM/DM,A,exam archive,GATE downloads archive,https://gate2026.iitg.ac.in/download.html,Life Sciences,https://gate2026.iitg.ac.in/doc/download/2020/xl_2020.pdf,PDF resource,English,"Official GATE archive, papers and answer keys",,,yes
India,GA/EM/DM,GA/EM/DM,A,exam archive,GATE downloads archive,https://gate2026.iitg.ac.in/download.html,Aerospace Engineering,https://gate2026.iitg.ac.in/doc/download/2021/ae_2021.pdf,PDF resource,English,"Official GATE archive, papers and answer keys",,,yes
India,GA/EM/DM,GA/EM/DM,A,exam archive,GATE downloads archive,https://gate2026.iitg.ac.in/download.html,Agricultural Engineering,https://gate2026.iitg.ac.in/doc/download/2021/ag_2021.pdf,PDF resource,English,"Official GATE archive, papers and answer keys",,,yes
India,GA/EM/DM,GA/EM/DM,A,exam archive,GATE downloads archive,https://gate2026.iitg.ac.in/download.html,Architecture and Planning,https://gate2026.iitg.ac.in/doc/download/2021/ar_2021.pdf,PDF resource,English,"Official GATE archive, papers and answer keys",,,yes
India,GA/EM/DM,GA/EM/DM,A,exam archive,GATE downloads archive,https://gate2026.iitg.ac.in/download.html,Biomedical Engineering,https://gate2026.iitg.ac.in/doc/download/2021/bm_2021.pdf,PDF resource,English,"Official GATE archive, papers and answer keys",,,yes
India,GA/EM/DM,GA/EM/DM,A,exam archive,GATE downloads archive,https://gate2026.iitg.ac.in/download.html,Biotechnology,https://gate2026.iitg.ac.in/doc/download/2021/bt_2021.pdf,PDF resource,English,"Official GATE archive, papers and answer keys",,,yes
India,GA/EM/DM,GA/EM/DM,A,exam archive,GATE downloads archive,https://gate2026.iitg.ac.in/download.html,Civil Engineering,https://gate2026.iitg.ac.in/doc/download/2021/ce_2021.pdf,PDF resource,English,"Official GATE archive, papers and answer keys",,,yes
India,GA/EM/DM,GA/EM/DM,A,exam archive,GATE downloads archive,https://gate2026.iitg.ac.in/download.html,Chemical Engineering,https://gate2026.iitg.ac.in/doc/download/2021/ch_2021.pdf,PDF resource,English,"Official GATE archive, papers and answer keys",,,yes
India,GA/EM/DM,GA/EM/DM,A,exam archive,GATE downloads archive,https://gate2026.iitg.ac.in/download.html,Computer Science & Information Technology,https://gate2026.iitg.ac.in/doc/download/2021/cs_2021.pdf,PDF resource,English,"Official GATE archive, papers and answer keys",,,yes
India,GA/EM/DM,GA/EM/DM,A,exam archive,GATE downloads archive,https://gate2026.iitg.ac.in/download.html,Chemistry,https://gate2026.iitg.ac.in/doc/download/2021/cy_2021.pdf,PDF resource,English,"Official GATE archive, papers and answer keys",,,yes
India,GA/EM/DM,GA/EM/DM,A,exam archive,GATE downloads archive,https://gate2026.iitg.ac.in/download.html,Electronics & Communication Engineering,https://gate2026.iitg.ac.in/doc/download/2021/ec_2021.pdf,PDF resource,English,"Official GATE archive, papers and answer keys",,,yes
India,GA/EM/DM,GA/EM/DM,A,exam archive,GATE downloads archive,https://gate2026.iitg.ac.in/download.html,Electrical Engineering,https://gate2026.iitg.ac.in/doc/download/2021/ee_2021.pdf,PDF resource,English,"Official GATE archive, papers and answer keys",,,yes
India,GA/EM/DM,GA/EM/DM,A,exam archive,GATE downloads archive,https://gate2026.iitg.ac.in/download.html,Environmental Science & Engineering,https://gate2026.iitg.ac.in/doc/download/2021/es_2021.pdf,PDF resource,English,"Official GATE archive, papers and answer keys",,,yes
India,GA/EM/DM,GA/EM/DM,A,exam archive,GATE downloads archive,https://gate2026.iitg.ac.in/download.html,Ecology and Evolution,https://gate2026.iitg.ac.in/doc/download/2021/ey_2021.pdf,PDF resource,English,"Official GATE archive, papers and answer keys",,,yes
India,GA/EM/DM,GA/EM/DM,A,exam archive,GATE downloads archive,https://gate2026.iitg.ac.in/download.html,Geology & Geophysics,https://gate2026.iitg.ac.in/doc/download/2021/gg_2021.pdf,PDF resource,English,"Official GATE archive, papers and answer keys",,,yes
India,GA/EM/DM,GA/EM/DM,A,exam archive,GATE downloads archive,https://gate2026.iitg.ac.in/download.html,Instrumentation Engineering,https://gate2026.iitg.ac.in/doc/download/2021/in_2021.pdf,PDF resource,English,"Official GATE archive, papers and answer keys",,,yes
India,GA/EM/DM,GA/EM/DM,A,exam archive,GATE downloads archive,https://gate2026.iitg.ac.in/download.html,Mathematics,https://gate2026.iitg.ac.in/doc/download/2021/ma_2021.pdf,PDF resource,English,"Official GATE archive, papers and answer keys",,,yes
India,GA/EM/DM,GA/EM/DM,A,exam archive,GATE downloads archive,https://gate2026.iitg.ac.in/download.html,Mechanical Engineering,https://gate2026.iitg.ac.in/doc/download/2021/me_2021.pdf,PDF resource,English,"Official GATE archive, papers and answer keys",,,yes
India,GA/EM/DM,GA/EM/DM,A,exam archive,GATE downloads archive,https://gate2026.iitg.ac.in/download.html,Mining Engineering,https://gate2026.iitg.ac.in/doc/download/2021/mn_2021.pdf,PDF resource,English,"Official GATE archive, papers and answer keys",,,yes
India,GA/EM/DM,GA/EM/DM,A,exam archive,GATE downloads archive,https://gate2026.iitg.ac.in/download.html,Metallurgical Engineering,https://gate2026.iitg.ac.in/doc/download/2021/mt_2021.pdf,PDF resource,English,"Official GATE archive, papers and answer keys",,,yes
India,GA/EM/DM,GA/EM/DM,A,exam archive,GATE downloads archive,https://gate2026.iitg.ac.in/download.html,Petroleum Engineering,https://gate2026.iitg.ac.in/doc/download/2021/pe_2021.pdf,PDF resource,English,"Official GATE archive, papers and answer keys",,,yes
India,GA/EM/DM,GA/EM/DM,A,exam archive,GATE downloads archive,https://gate2026.iitg.ac.in/download.html,Physics,https://gate2026.iitg.ac.in/doc/download/2021/ph_2021.pdf,PDF resource,English,"Official GATE archive, papers and answer keys",,,yes
India,GA/EM/DM,GA/EM/DM,A,exam archive,GATE downloads archive,https://gate2026.iitg.ac.in/download.html,Production & Industrial Engineering,https://gate2026.iitg.ac.in/doc/download/2021/pi_2021.pdf,PDF resource,English,"Official GATE archive, papers and answer keys",,,yes
India,GA/EM/DM,GA/EM/DM,A,exam archive,GATE downloads archive,https://gate2026.iitg.ac.in/download.html,Textile Engineering & Fibre Science,https://gate2026.iitg.ac.in/doc/download/2021/tf_2021.pdf,PDF resource,English,"Official GATE archive, papers and answer keys",,,yes
India,GA/EM/DM,GA/EM/DM,A,exam archive,GATE downloads archive,https://gate2026.iitg.ac.in/download.html,Engineering Sciences,https://gate2026.iitg.ac.in/doc/download/2021/xe_2021.pdf,PDF resource,English,"Official GATE archive, papers and answer keys",,,yes
India,GA/EM/DM,GA/EM/DM,A,exam archive,GATE downloads archive,https://gate2026.iitg.ac.in/download.html,Humanities & Social Sciences,https://gate2026.iitg.ac.in/doc/download/2021/xh_2021.pdf,PDF resource,English,"Official GATE archive, papers and answer keys",,,yes
India,GA/EM/DM,GA/EM/DM,A,exam archive,GATE downloads archive,https://gate2026.iitg.ac.in/download.html,Life Sciences,https://gate2026.iitg.ac.in/doc/download/2021/xl_2021.pdf,PDF resource,English,"Official GATE archive, papers and answer keys",,,yes
India,GA/EM/DM,GA/EM/DM,A,exam archive,GATE downloads archive,https://gate2026.iitg.ac.in/download.html,Aerospace Engineering,https://gate2026.iitg.ac.in/doc/download/2022/ae_2022.pdf,PDF resource,English,"Official GATE archive, papers and answer keys",,,yes
India,GA/EM/DM,GA/EM/DM,A,exam archive,GATE downloads archive,https://gate2026.iitg.ac.in/download.html,Agricultural Engineering,https://gate2026.iitg.ac.in/doc/download/2022/ag_2022.pdf,PDF resource,English,"Official GATE archive, papers and answer keys",,,yes
India,GA/EM/DM,GA/EM/DM,A,exam archive,GATE downloads archive,https://gate2026.iitg.ac.in/download.html,Architecture and Planning,https://gate2026.iitg.ac.in/doc/download/2022/ar_2022.pdf,PDF resource,English,"Official GATE archive, papers and answer keys",,,yes
India,GA/EM/DM,GA/EM/DM,A,exam archive,GATE downloads archive,https://gate2026.iitg.ac.in/download.html,Biomedical Engineering,https://gate2026.iitg.ac.in/doc/download/2022/bm_2022.pdf,PDF resource,English,"Official GATE archive, papers and answer keys",,,yes
India,GA/EM/DM,GA/EM/DM,A,exam archive,GATE downloads archive,https://gate2026.iitg.ac.in/download.html,Biotechnology,https://gate2026.iitg.ac.in/doc/download/2022/bt_2022.pdf,PDF resource,English,"Official GATE archive, papers and answer keys",,,yes
India,GA/EM/DM,GA/EM/DM,A,exam archive,GATE downloads archive,https://gate2026.iitg.ac.in/download.html,Civil Engineering,https://gate2026.iitg.ac.in/doc/download/2022/ce_2022.pdf,PDF resource,English,"Official GATE archive, papers and answer keys",,,yes
India,GA/EM/DM,GA/EM/DM,A,exam archive,GATE downloads archive,https://gate2026.iitg.ac.in/download.html,Chemical Engineering,https://gate2026.iitg.ac.in/doc/download/2022/ch_2022.pdf,PDF resource,English,"Official GATE archive, papers and answer keys",,,yes
India,GA/EM/DM,GA/EM/DM,A,exam archive,GATE downloads archive,https://gate2026.iitg.ac.in/download.html,Computer Science & Information Technology,https://gate2026.iitg.ac.in/doc/download/2022/cs_2022.pdf,PDF resource,English,"Official GATE archive, papers and answer keys",,,yes
India,GA/EM/DM,GA/EM/DM,A,exam archive,GATE downloads archive,https://gate2026.iitg.ac.in/download.html,Chemistry,https://gate2026.iitg.ac.in/doc/download/2022/cy_2022.pdf,PDF resource,English,"Official GATE archive, papers and answer keys",,,yes
India,GA/EM/DM,GA/EM/DM,A,exam archive,GATE downloads archive,https://gate2026.iitg.ac.in/download.html,Electronics & Communication Engineering,https://gate2026.iitg.ac.in/doc/download/2022/ec_2022.pdf,PDF resource,English,"Official GATE archive, papers and answer keys",,,yes
India,GA/EM/DM,GA/EM/DM,A,exam archive,GATE downloads archive,https://gate2026.iitg.ac.in/download.html,Electrical Engineering,https://gate2026.iitg.ac.in/doc/download/2022/ee_2022.pdf,PDF resource,English,"Official GATE archive, papers and answer keys",,,yes
India,GA/EM/DM,GA/EM/DM,A,exam archive,GATE downloads archive,https://gate2026.iitg.ac.in/download.html,Environmental Science & Engineering,https://gate2026.iitg.ac.in/doc/download/2022/es_2022.pdf,PDF resource,English,"Official GATE archive, papers and answer keys",,,yes
India,GA/EM/DM,GA/EM/DM,A,exam archive,GATE downloads archive,https://gate2026.iitg.ac.in/download.html,Ecology and Evolution,https://gate2026.iitg.ac.in/doc/download/2022/ey_2022.pdf,PDF resource,English,"Official GATE archive, papers and answer keys",,,yes
India,GA/EM/DM,GA/EM/DM,A,exam archive,GATE downloads archive,https://gate2026.iitg.ac.in/download.html,Geomatics Engineering,https://gate2026.iitg.ac.in/doc/download/2022/ge_2022.pdf,PDF resource,English,"Official GATE archive, papers and answer keys",,,yes
India,GA/EM/DM,GA/EM/DM,A,exam archive,GATE downloads archive,https://gate2026.iitg.ac.in/download.html,Geology & Geophysics,https://gate2026.iitg.ac.in/doc/download/2022/gg_2022.pdf,PDF resource,English,"Official GATE archive, papers and answer keys",,,yes
India,GA/EM/DM,GA/EM/DM,A,exam archive,GATE downloads archive,https://gate2026.iitg.ac.in/download.html,Instrumentation Engineering,https://gate2026.iitg.ac.in/doc/download/2022/in_2022.pdf,PDF resource,English,"Official GATE archive, papers and answer keys",,,yes
India,GA/EM/DM,GA/EM/DM,A,exam archive,GATE downloads archive,https://gate2026.iitg.ac.in/download.html,Mathematics,https://gate2026.iitg.ac.in/doc/download/2022/ma_2022.pdf,PDF resource,English,"Official GATE archive, papers and answer keys",,,yes
India,GA/EM/DM,GA/EM/DM,A,exam archive,GATE downloads archive,https://gate2026.iitg.ac.in/download.html,Mechanical Engineering,https://gate2026.iitg.ac.in/doc/download/2022/me_2022.pdf,PDF resource,English,"Official GATE archive, papers and answer keys",,,yes
India,GA/EM/DM,GA/EM/DM,A,exam archive,GATE downloads archive,https://gate2026.iitg.ac.in/download.html,Mining Engineering,https://gate2026.iitg.ac.in/doc/download/2022/mn_2022.pdf,PDF resource,English,"Official GATE archive, papers and answer keys",,,yes
India,GA/EM/DM,GA/EM/DM,A,exam archive,GATE downloads archive,https://gate2026.iitg.ac.in/download.html,Metallurgical Engineering,https://gate2026.iitg.ac.in/doc/download/2022/mt_2022.pdf,PDF resource,English,"Official GATE archive, papers and answer keys",,,yes
India,GA/EM/DM,GA/EM/DM,A,exam archive,GATE downloads archive,https://gate2026.iitg.ac.in/download.html,Naval Architecture & Marine Engineering,https://gate2026.iitg.ac.in/doc/download/2022/nm_2022.pdf,PDF resource,English,"Official GATE archive, papers and answer keys",,,yes
India,GA/EM/DM,GA/EM/DM,A,exam archive,GATE downloads archive,https://gate2026.iitg.ac.in/download.html,Petroleum Engineering,https://gate2026.iitg.ac.in/doc/download/2022/pe_2022.pdf,PDF resource,English,"Official GATE archive, papers and answer keys",,,yes
India,GA/EM/DM,GA/EM/DM,A,exam archive,GATE downloads archive,https://gate2026.iitg.ac.in/download.html,Physics,https://gate2026.iitg.ac.in/doc/download/2022/ph_2022.pdf,PDF resource,English,"Official GATE archive, papers and answer keys",,,yes
India,GA/EM/DM,GA/EM/DM,A,exam archive,GATE downloads archive,https://gate2026.iitg.ac.in/download.html,Production & Industrial Engineering,https://gate2026.iitg.ac.in/doc/download/2022/pi_2022.pdf,PDF resource,English,"Official GATE archive, papers and answer keys",,,yes
India,GA/EM/DM,GA/EM/DM,A,exam archive,GATE downloads archive,https://gate2026.iitg.ac.in/download.html,Textile Engineering & Fibre Science,https://gate2026.iitg.ac.in/doc/download/2022/tf_2022.pdf,PDF resource,English,"Official GATE archive, papers and answer keys",,,yes
India,GA/EM/DM,GA/EM/DM,A,exam archive,GATE downloads archive,https://gate2026.iitg.ac.in/download.html,Engineering Sciences,https://gate2026.iitg.ac.in/doc/download/2022/xe_2022.pdf,PDF resource,English,"Official GATE archive, papers and answer keys",,,yes
India,GA/EM/DM,GA/EM/DM,A,exam archive,GATE downloads archive,https://gate2026.iitg.ac.in/download.html,Humanities & Social Sciences,https://gate2026.iitg.ac.in/doc/download/2022/xh_2022.pdf,PDF resource,English,"Official GATE archive, papers and answer keys",,,yes
India,GA/EM/DM,GA/EM/DM,A,exam archive,GATE downloads archive,https://gate2026.iitg.ac.in/download.html,Life Sciences,https://gate2026.iitg.ac.in/doc/download/2022/xl_2022.pdf,PDF resource,English,"Official GATE archive, papers and answer keys",,,yes
India,GA/EM/DM,GA/EM/DM,A,exam archive,GATE downloads archive,https://gate2026.iitg.ac.in/download.html,Aerospace Engineering,https://gate2026.iitg.ac.in/doc/download/2023/ae_2023.pdf,PDF resource,English,"Official GATE archive, papers and answer keys",,,yes
India,GA/EM/DM,GA/EM/DM,A,exam archive,GATE downloads archive,https://gate2026.iitg.ac.in/download.html,Agricultural Engineering,https://gate2026.iitg.ac.in/doc/download/2023/ag_2023.pdf,PDF resource,English,"Official GATE archive, papers and answer keys",,,yes
India,GA/EM/DM,GA/EM/DM,A,exam archive,GATE downloads archive,https://gate2026.iitg.ac.in/download.html,Architecture and Planning,https://gate2026.iitg.ac.in/doc/download/2023/ar_2023.pdf,PDF resource,English,"Official GATE archive, papers and answer keys",,,yes
India,GA/EM/DM,GA/EM/DM,A,exam archive,GATE downloads archive,https://gate2026.iitg.ac.in/download.html,AE,https://gate2026.iitg.ac.in/doc/download/2024/AEFinalAnswerKey.pdf,PDF solution/answer,English,"Official GATE archive, papers and answer keys",,,yes
India,GA/EM/DM,GA/EM/DM,A,exam archive,GATE downloads archive,https://gate2026.iitg.ac.in/download.html,AG,https://gate2026.iitg.ac.in/doc/download/2024/AGFinalAnswerKey.pdf,PDF solution/answer,English,"Official GATE archive, papers and answer keys",,,yes
India,GA/EM/DM,GA/EM/DM,A,exam archive,GATE downloads archive,https://gate2026.iitg.ac.in/download.html,AR,https://gate2026.iitg.ac.in/doc/download/2024/ARFinalAnswerKey.pdf,PDF solution/answer,English,"Official GATE archive, papers and answer keys",,,yes
India,GA/EM/DM,GA/EM/DM,A,exam archive,GATE downloads archive,https://gate2026.iitg.ac.in/download.html,BM,https://gate2026.iitg.ac.in/doc/download/2024/BMFinalAnswerKey.pdf,PDF solution/answer,English,"Official GATE archive, papers and answer keys",,,yes
India,GA/EM/DM,GA/EM/DM,A,exam archive,GATE downloads archive,https://gate2026.iitg.ac.in/download.html,BT,https://gate2026.iitg.ac.in/doc/download/2024/BTFinalAnswerKey.pdf,PDF solution/answer,English,"Official GATE archive, papers and answer keys",,,yes
India,GA/EM/DM,GA/EM/DM,A,exam archive,GATE downloads archive,https://gate2026.iitg.ac.in/download.html,CE-1,https://gate2026.iitg.ac.in/doc/download/2024/CE1FinalAnswerKey.pdf,PDF solution/answer,English,"Official GATE archive, papers and answer keys",,,yes
India,GA/EM/DM,GA/EM/DM,A,exam archive,GATE downloads archive,https://gate2026.iitg.ac.in/download.html,CE-2,https://gate2026.iitg.ac.in/doc/download/2024/CE2FinalAnswerKey.pdf,PDF solution/answer,English,"Official GATE archive, papers and answer keys",,,yes
India,GA/EM/DM,GA/EM/DM,A,exam archive,GATE downloads archive,https://gate2026.iitg.ac.in/download.html,CH,https://gate2026.iitg.ac.in/doc/download/2024/CHFinalAnswerKey.pdf,PDF solution/answer,English,"Official GATE archive, papers and answer keys",,,yes
India,GA/EM/DM,GA/EM/DM,A,exam archive,GATE downloads archive,https://gate2026.iitg.ac.in/download.html,CS-1,https://gate2026.iitg.ac.in/doc/download/2024/CS1FinalAnswerKey.pdf,PDF solution/answer,English,"Official GATE archive, papers and answer keys",,,yes
India,GA/EM/DM,GA/EM/DM,A,exam archive,GATE downloads archive,https://gate2026.iitg.ac.in/download.html,CS-2,https://gate2026.iitg.ac.in/doc/download/2024/CS2FinalAnswerKey.pdf,PDF solution/answer,English,"Official GATE archive, papers and answer keys",,,yes
India,GA/EM/DM,GA/EM/DM,A,exam archive,GATE downloads archive,https://gate2026.iitg.ac.in/download.html,CY,https://gate2026.iitg.ac.in/doc/download/2024/CYFinalAnswerKey.pdf,PDF solution/answer,English,"Official GATE archive, papers and answer keys",,,yes
India,GA/EM/DM,GA/EM/DM,A,exam archive,GATE downloads archive,https://gate2026.iitg.ac.in/download.html,DA,https://gate2026.iitg.ac.in/doc/download/2024/DAFinalAnswerKey.pdf,PDF solution/answer,English,"Official GATE archive, papers and answer keys",,,yes
India,GA/EM/DM,GA/EM/DM,A,exam archive,GATE downloads archive,https://gate2026.iitg.ac.in/download.html,EC,https://gate2026.iitg.ac.in/doc/download/2024/ECFinalAnswerKey.pdf,PDF solution/answer,English,"Official GATE archive, papers and answer keys",,,yes
India,GA/EM/DM,GA/EM/DM,A,exam archive,GATE downloads archive,https://gate2026.iitg.ac.in/download.html,EE,https://gate2026.iitg.ac.in/doc/download/2024/EEFinalAnswerKey.pdf,PDF solution/answer,English,"Official GATE archive, papers and answer keys",,,yes
India,GA/EM/DM,GA/EM/DM,A,exam archive,GATE downloads archive,https://gate2026.iitg.ac.in/download.html,ES,https://gate2026.iitg.ac.in/doc/download/2024/ESFinalAnswerKey.pdf,PDF solution/answer,English,"Official GATE archive, papers and answer keys",,,yes
India,GA/EM/DM,GA/EM/DM,A,exam archive,GATE downloads archive,https://gate2026.iitg.ac.in/download.html,EY,https://gate2026.iitg.ac.in/doc/download/2024/EYFinalAnswerKey.pdf,PDF solution/answer,English,"Official GATE archive, papers and answer keys",,,yes
India,GA/EM/DM,GA/EM/DM,A,exam archive,GATE downloads archive,https://gate2026.iitg.ac.in/download.html,GE,https://gate2026.iitg.ac.in/doc/download/2024/GEFinalAnswerKey.pdf,PDF solution/answer,English,"Official GATE archive, papers and answer keys",,,yes
India,GA/EM/DM,GA/EM/DM,A,exam archive,GATE downloads archive,https://gate2026.iitg.ac.in/download.html,GG-1,https://gate2026.iitg.ac.in/doc/download/2024/GG1FinalAnswerKey.pdf,PDF solution/answer,English,"Official GATE archive, papers and answer keys",,,yes
India,GA/EM/DM,GA/EM/DM,A,exam archive,GATE downloads archive,https://gate2026.iitg.ac.in/download.html,GG-2,https://gate2026.iitg.ac.in/doc/download/2024/GG2FinalAnswerKey.pdf,PDF solution/answer,English,"Official GATE archive, papers and answer keys",,,yes
India,GA/EM/DM,GA/EM/DM,A,exam archive,GATE downloads archive,https://gate2026.iitg.ac.in/download.html,IN,https://gate2026.iitg.ac.in/doc/download/2024/INFinalAnswerKey.pdf,PDF solution/answer,English,"Official GATE archive, papers and answer keys",,,yes
India,GA/EM/DM,GA/EM/DM,A,exam archive,GATE downloads archive,https://gate2026.iitg.ac.in/download.html,MA,https://gate2026.iitg.ac.in/doc/download/2024/MAFinalAnswerKey.pdf,PDF solution/answer,English,"Official GATE archive, papers and answer keys",,,yes
India,GA/EM/DM,GA/EM/DM,A,exam archive,GATE downloads archive,https://gate2026.iitg.ac.in/download.html,ME,https://gate2026.iitg.ac.in/doc/download/2024/MEFinalAnswerKey.pdf,PDF solution/answer,English,"Official GATE archive, papers and answer keys",,,yes
India,GA/EM/DM,GA/EM/DM,A,exam archive,GATE downloads archive,https://gate2026.iitg.ac.in/download.html,MN,https://gate2026.iitg.ac.in/doc/download/2024/MNFinalAnswerKey.pdf,PDF solution/answer,English,"Official GATE archive, papers and answer keys",,,yes
India,GA/EM/DM,GA/EM/DM,A,exam archive,GATE downloads archive,https://gate2026.iitg.ac.in/download.html,MT,https://gate2026.iitg.ac.in/doc/download/2024/MTFinalAnswerKey.pdf,PDF solution/answer,English,"Official GATE archive, papers and answer keys",,,yes
India,GA/EM/DM,GA/EM/DM,A,exam archive,GATE downloads archive,https://gate2026.iitg.ac.in/download.html,NM,https://gate2026.iitg.ac.in/doc/download/2024/NMFinalAnswerKey.pdf,PDF solution/answer,English,"Official GATE archive, papers and answer keys",,,yes
India,GA/EM/DM,GA/EM/DM,A,exam archive,GATE downloads archive,https://gate2026.iitg.ac.in/download.html,PE,https://gate2026.iitg.ac.in/doc/download/2024/PEFinalAnswerKey.pdf,PDF solution/answer,English,"Official GATE archive, papers and answer keys",,,yes
India,GA/EM/DM,GA/EM/DM,A,exam archive,GATE downloads archive,https://gate2026.iitg.ac.in/download.html,PH,https://gate2026.iitg.ac.in/doc/download/2024/PHFinalAnswerKey.pdf,PDF solution/answer,English,"Official GATE archive, papers and answer keys",,,yes
India,GA/EM/DM,GA/EM/DM,A,exam archive,GATE downloads archive,https://gate2026.iitg.ac.in/download.html,PI,https://gate2026.iitg.ac.in/doc/download/2024/PIFinalAnswerKey.pdf,PDF solution/answer,English,"Official GATE archive, papers and answer keys",,,yes
India,GA/EM/DM,GA/EM/DM,A,exam archive,GATE downloads archive,https://gate2026.iitg.ac.in/download.html,ST,https://gate2026.iitg.ac.in/doc/download/2024/STFinalAnswerKey.pdf,PDF solution/answer,English,"Official GATE archive, papers and answer keys",,,yes
India,GA/EM/DM,GA/EM/DM,A,exam archive,GATE downloads archive,https://gate2026.iitg.ac.in/download.html,TF,https://gate2026.iitg.ac.in/doc/download/2024/TFFinalAnswerKey.pdf,PDF solution/answer,English,"Official GATE archive, papers and answer keys",,,yes
India,GA/EM/DM,GA/EM/DM,A,exam archive,GATE downloads archive,https://gate2026.iitg.ac.in/download.html,XE,https://gate2026.iitg.ac.in/doc/download/2024/XEFinalAnswerKey.pdf,PDF solution/answer,English,"Official GATE archive, papers and answer keys",,,yes
India,GA/EM/DM,GA/EM/DM,A,exam archive,GATE downloads archive,https://gate2026.iitg.ac.in/download.html,XH-C1,https://gate2026.iitg.ac.in/doc/download/2024/XH-C1FinalAnswerKey.pdf,PDF solution/answer,English,"Official GATE archive, papers and answer keys",,,yes
India,GA/EM/DM,GA/EM/DM,A,exam archive,GATE downloads archive,https://gate2026.iitg.ac.in/download.html,XH-C2,https://gate2026.iitg.ac.in/doc/download/2024/XH-C2FinalAnswerKey.pdf,PDF solution/answer,English,"Official GATE archive, papers and answer keys",,,yes
India,GA/EM/DM,GA/EM/DM,A,exam archive,GATE downloads archive,https://gate2026.iitg.ac.in/download.html,XH-C3,https://gate2026.iitg.ac.in/doc/download/2024/XH-C3FinalAnswerKey.pdf,PDF solution/answer,English,"Official GATE archive, papers and answer keys",,,yes
India,GA/EM/DM,GA/EM/DM,A,exam archive,GATE downloads archive,https://gate2026.iitg.ac.in/download.html,XH-C4,https://gate2026.iitg.ac.in/doc/download/2024/XH-C4FinalAnswerKey.pdf,PDF solution/answer,English,"Official GATE archive, papers and answer keys",,,yes
India,GA/EM/DM,GA/EM/DM,A,exam archive,GATE downloads archive,https://gate2026.iitg.ac.in/download.html,XH-C5,https://gate2026.iitg.ac.in/doc/download/2024/XH-C5FinalAnswerKey.pdf,PDF solution/answer,English,"Official GATE archive, papers and answer keys",,,yes
India,GA/EM/DM,GA/EM/DM,A,exam archive,GATE downloads archive,https://gate2026.iitg.ac.in/download.html,XH-C6,https://gate2026.iitg.ac.in/doc/download/2024/XH-C6FinalAnswerKey.pdf,PDF solution/answer,English,"Official GATE archive, papers and answer keys",,,yes
India,GA/EM/DM,GA/EM/DM,A,exam archive,GATE downloads archive,https://gate2026.iitg.ac.in/download.html,XL,https://gate2026.iitg.ac.in/doc/download/2024/XLFinalAnswerKey.pdf,PDF solution/answer,English,"Official GATE archive, papers and answer keys",,,yes
India,GA/EM/DM,GA/EM/DM,A,exam archive,GATE downloads archive,https://gate2026.iitg.ac.in/download.html,Biotechnology,https://gate2026.iitg.ac.in/doc/download/2025/BT2025.pdf,PDF resource,English,"Official GATE archive, papers and answer keys",,,yes
India,GA/EM/DM,GA/EM/DM,A,exam archive,GATE downloads archive,https://gate2026.iitg.ac.in/download.html,Civil Engineering,https://gate2026.iitg.ac.in/doc/download/2025/CE12025.pdf,PDF resource,English,"Official GATE archive, papers and answer keys",,,yes
India,GA/EM/DM,GA/EM/DM,A,exam archive,GATE downloads archive,https://gate2026.iitg.ac.in/download.html,Chemical Engineering,https://gate2026.iitg.ac.in/doc/download/2025/CH2025.pdf,PDF resource,English,"Official GATE archive, papers and answer keys",,,yes
India,GA/EM/DM,GA/EM/DM,A,exam archive,GATE downloads archive,https://gate2026.iitg.ac.in/download.html,Geology and Geophysics - Geology,https://gate2026.iitg.ac.in/doc/download/2025/GG-1_2025.pdf,PDF resource,English,"Official GATE archive, papers and answer keys",,,yes
India,GA/EM/DM,GA/EM/DM,A,exam archive,GATE downloads archive,https://gate2026.iitg.ac.in/download.html,Geology and Geophysics - Geophysics,https://gate2026.iitg.ac.in/doc/download/2025/GG-2_2025.pdf,PDF resource,English,"Official GATE archive, papers and answer keys",,,yes
India,GA/EM/DM,GA/EM/DM,A,exam archive,GATE downloads archive,https://gate2026.iitg.ac.in/download.html,Physics,https://gate2026.iitg.ac.in/doc/download/2025/PH2025.pdf,PDF resource,English,"Official GATE archive, papers and answer keys",,,yes
India,GA/EM/DM,GA/EM/DM,A,exam archive,GATE downloads archive,https://gate2026.iitg.ac.in/download.html,AE,https://gate2026.iitg.ac.in/doc/download/2025_Key/AE_Keys.pdf,PDF resource,English,"Official GATE archive, papers and answer keys",,,yes
India,GA/EM/DM,GA/EM/DM,A,exam archive,GATE downloads archive,https://gate2026.iitg.ac.in/download.html,AG,https://gate2026.iitg.ac.in/doc/download/2025_Key/AG_Keys.pdf,PDF resource,English,"Official GATE archive, papers and answer keys",,,yes
India,GA/EM/DM,GA/EM/DM,A,exam archive,GATE downloads archive,https://gate2026.iitg.ac.in/download.html,AR,https://gate2026.iitg.ac.in/doc/download/2025_Key/AR_Keys.pdf,PDF resource,English,"Official GATE archive, papers and answer keys",,,yes
India,GA/EM/DM,GA/EM/DM,A,exam archive,GATE downloads archive,https://gate2026.iitg.ac.in/download.html,BM,https://gate2026.iitg.ac.in/doc/download/2025_Key/BM_Keys.pdf,PDF resource,English,"Official GATE archive, papers and answer keys",,,yes
India,GA/EM/DM,GA/EM/DM,A,exam archive,GATE downloads archive,https://gate2026.iitg.ac.in/download.html,BT,https://gate2026.iitg.ac.in/doc/download/2025_Key/BT_Keys.pdf,PDF resource,English,"Official GATE archive, papers and answer keys",,,yes
India,GA/EM/DM,GA/EM/DM,A,exam archive,GATE downloads archive,https://gate2026.iitg.ac.in/download.html,CE-1,https://gate2026.iitg.ac.in/doc/download/2025_Key/CE1_Keys.pdf,PDF resource,English,"Official GATE archive, papers and answer keys",,,yes
India,GA/EM/DM,GA/EM/DM,A,exam archive,GATE downloads archive,https://gate2026.iitg.ac.in/download.html,CE-2,https://gate2026.iitg.ac.in/doc/download/2025_Key/CE2_Keys.pdf,PDF resource,English,"Official GATE archive, papers and answer keys",,,yes
India,GA/EM/DM,GA/EM/DM,A,exam archive,GATE downloads archive,https://gate2026.iitg.ac.in/download.html,CH,https://gate2026.iitg.ac.in/doc/download/2025_Key/CH_Keys.pdf,PDF resource,English,"Official GATE archive, papers and answer keys",,,yes
India,GA/EM/DM,GA/EM/DM,A,exam archive,GATE downloads archive,https://gate2026.iitg.ac.in/download.html,CS-1,https://gate2026.iitg.ac.in/doc/download/2025_Key/CS1_Keys.pdf,PDF resource,English,"Official GATE archive, papers and answer keys",,,yes
India,GA/EM/DM,GA/EM/DM,A,exam archive,GATE downloads archive,https://gate2026.iitg.ac.in/download.html,CS-2,https://gate2026.iitg.ac.in/doc/download/2025_Key/CS2_Keys.pdf,PDF resource,English,"Official GATE archive, papers and answer keys",,,yes
India,GA/EM/DM,GA/EM/DM,A,exam archive,GATE downloads archive,https://gate2026.iitg.ac.in/download.html,CY,https://gate2026.iitg.ac.in/doc/download/2025_Key/CY_Keys.pdf,PDF resource,English,"Official GATE archive, papers and answer keys",,,yes
India,GA/EM/DM,GA/EM/DM,A,exam archive,GATE downloads archive,https://gate2026.iitg.ac.in/download.html,DA,https://gate2026.iitg.ac.in/doc/download/2025_Key/DA_Keys.pdf,PDF resource,English,"Official GATE archive, papers and answer keys",,,yes
India,GA/EM/DM,GA/EM/DM,A,exam archive,GATE downloads archive,https://gate2026.iitg.ac.in/download.html,EC,https://gate2026.iitg.ac.in/doc/download/2025_Key/EC_Keys.pdf,PDF resource,English,"Official GATE archive, papers and answer keys",,,yes
India,GA/EM/DM,GA/EM/DM,A,exam archive,GATE downloads archive,https://gate2026.iitg.ac.in/download.html,EE,https://gate2026.iitg.ac.in/doc/download/2025_Key/EE_Keys.pdf,PDF resource,English,"Official GATE archive, papers and answer keys",,,yes
India,GA/EM/DM,GA/EM/DM,A,exam archive,GATE downloads archive,https://gate2026.iitg.ac.in/download.html,ES,https://gate2026.iitg.ac.in/doc/download/2025_Key/ES_Keys.pdf,PDF resource,English,"Official GATE archive, papers and answer keys",,,yes
India,GA/EM/DM,GA/EM/DM,A,exam archive,GATE downloads archive,https://gate2026.iitg.ac.in/download.html,EY,https://gate2026.iitg.ac.in/doc/download/2025_Key/EY_Keys.pdf,PDF resource,English,"Official GATE archive, papers and answer keys",,,yes
India,GA/EM/DM,GA/EM/DM,A,exam archive,GATE downloads archive,https://gate2026.iitg.ac.in/download.html,GE,https://gate2026.iitg.ac.in/doc/download/2025_Key/GE_Keys.pdf,PDF resource,English,"Official GATE archive, papers and answer keys",,,yes
India,GA/EM/DM,GA/EM/DM,A,exam archive,GATE downloads archive,https://gate2026.iitg.ac.in/download.html,GG-1,https://gate2026.iitg.ac.in/doc/download/2025_Key/GG1_Keys.pdf,PDF resource,English,"Official GATE archive, papers and answer keys",,,yes
India,GA/EM/DM,GA/EM/DM,A,exam archive,GATE downloads archive,https://gate2026.iitg.ac.in/download.html,GG-2,https://gate2026.iitg.ac.in/doc/download/2025_Key/GG2_Keys.pdf,PDF resource,English,"Official GATE archive, papers and answer keys",,,yes
India,GA/EM/DM,GA/EM/DM,A,exam archive,GATE downloads archive,https://gate2026.iitg.ac.in/download.html,IN,https://gate2026.iitg.ac.in/doc/download/2025_Key/IN_Keys.pdf,PDF resource,English,"Official GATE archive, papers and answer keys",,,yes
India,GA/EM/DM,GA/EM/DM,A,exam archive,GATE downloads archive,https://gate2026.iitg.ac.in/download.html,MA,https://gate2026.iitg.ac.in/doc/download/2025_Key/MA_Keys.pdf,PDF resource,English,"Official GATE archive, papers and answer keys",,,yes
India,GA/EM/DM,GA/EM/DM,A,exam archive,GATE downloads archive,https://gate2026.iitg.ac.in/download.html,ME,https://gate2026.iitg.ac.in/doc/download/2025_Key/ME_Keys.pdf,PDF resource,English,"Official GATE archive, papers and answer keys",,,yes
India,GA/EM/DM,GA/EM/DM,A,exam archive,GATE downloads archive,https://gate2026.iitg.ac.in/download.html,MN,https://gate2026.iitg.ac.in/doc/download/2025_Key/MN_Keys.pdf,PDF resource,English,"Official GATE archive, papers and answer keys",,,yes
India,GA/EM/DM,GA/EM/DM,A,exam archive,GATE downloads archive,https://gate2026.iitg.ac.in/download.html,MT,https://gate2026.iitg.ac.in/doc/download/2025_Key/MT_Keys.pdf,PDF resource,English,"Official GATE archive, papers and answer keys",,,yes
India,GA/EM/DM,GA/EM/DM,A,exam archive,GATE downloads archive,https://gate2026.iitg.ac.in/download.html,NM,https://gate2026.iitg.ac.in/doc/download/2025_Key/NM_Keys.pdf,PDF resource,English,"Official GATE archive, papers and answer keys",,,yes
India,GA/EM/DM,GA/EM/DM,A,exam archive,GATE downloads archive,https://gate2026.iitg.ac.in/download.html,PE,https://gate2026.iitg.ac.in/doc/download/2025_Key/PE_Keys.pdf,PDF resource,English,"Official GATE archive, papers and answer keys",,,yes
India,GA/EM/DM,GA/EM/DM,A,exam archive,GATE downloads archive,https://gate2026.iitg.ac.in/download.html,PH,https://gate2026.iitg.ac.in/doc/download/2025_Key/PH_Keys.pdf,PDF resource,English,"Official GATE archive, papers and answer keys",,,yes
India,GA/EM/DM,GA/EM/DM,A,exam archive,GATE downloads archive,https://gate2026.iitg.ac.in/download.html,PI,https://gate2026.iitg.ac.in/doc/download/2025_Key/PI_Keys.pdf,PDF resource,English,"Official GATE archive, papers and answer keys",,,yes
India,GA/EM/DM,GA/EM/DM,A,exam archive,GATE downloads archive,https://gate2026.iitg.ac.in/download.html,ST,https://gate2026.iitg.ac.in/doc/download/2025_Key/ST_Keys.pdf,PDF resource,English,"Official GATE archive, papers and answer keys",,,yes
India,GA/EM/DM,GA/EM/DM,A,exam archive,GATE downloads archive,https://gate2026.iitg.ac.in/download.html,TF,https://gate2026.iitg.ac.in/doc/download/2025_Key/TF_Keys.pdf,PDF resource,English,"Official GATE archive, papers and answer keys",,,yes
India,GA/EM/DM,GA/EM/DM,A,exam archive,GATE downloads archive,https://gate2026.iitg.ac.in/download.html,XE,https://gate2026.iitg.ac.in/doc/download/2025_Key/XE_Keys.pdf,PDF resource,English,"Official GATE archive, papers and answer keys",,,yes
India,GA/EM/DM,GA/EM/DM,A,exam archive,GATE downloads archive,https://gate2026.iitg.ac.in/download.html,XH-C1,https://gate2026.iitg.ac.in/doc/download/2025_Key/XHC1_Keys.pdf,PDF resource,English,"Official GATE archive, papers and answer keys",,,yes
India,GA/EM/DM,GA/EM/DM,A,exam archive,GATE downloads archive,https://gate2026.iitg.ac.in/download.html,XH-C2,https://gate2026.iitg.ac.in/doc/download/2025_Key/XHC2_Keys.pdf,PDF resource,English,"Official GATE archive, papers and answer keys",,,yes
India,GA/EM/DM,GA/EM/DM,A,exam archive,GATE downloads archive,https://gate2026.iitg.ac.in/download.html,XH-C3,https://gate2026.iitg.ac.in/doc/download/2025_Key/XHC3_Keys.pdf,PDF resource,English,"Official GATE archive, papers and answer keys",,,yes
India,GA/EM/DM,GA/EM/DM,A,exam archive,GATE downloads archive,https://gate2026.iitg.ac.in/download.html,XH-C4,https://gate2026.iitg.ac.in/doc/download/2025_Key/XHC4_Keys.pdf,PDF resource,English,"Official GATE archive, papers and answer keys",,,yes
India,GA/EM/DM,GA/EM/DM,A,exam archive,GATE downloads archive,https://gate2026.iitg.ac.in/download.html,XH-C5,https://gate2026.iitg.ac.in/doc/download/2025_Key/XHC5_Keys.pdf,PDF resource,English,"Official GATE archive, papers and answer keys",,,yes
India,GA/EM/DM,GA/EM/DM,A,exam archive,GATE downloads archive,https://gate2026.iitg.ac.in/download.html,XH-C6,https://gate2026.iitg.ac.in/doc/download/2025_Key/XHC6_Keys.pdf,PDF resource,English,"Official GATE archive, papers and answer keys",,,yes
India,GA/EM/DM,GA/EM/DM,A,exam archive,GATE downloads archive,https://gate2026.iitg.ac.in/download.html,XL,https://gate2026.iitg.ac.in/doc/download/2025_Key/XL_Keys.pdf,PDF resource,English,"Official GATE archive, papers and answer keys",,,yes
India,GA/EM/DM,GA/EM/DM,A,exam archive,GATE downloads archive,https://gate2026.iitg.ac.in/download.html,AE,https://gate2026.iitg.ac.in/doc/download/Answer_keys2021/ae_2021.pdf,PDF solution/answer,English,"Official GATE archive, papers and answer keys",,,yes
India,GA/EM/DM,GA/EM/DM,A,exam archive,GATE downloads archive,https://gate2026.iitg.ac.in/download.html,AG,https://gate2026.iitg.ac.in/doc/download/Answer_keys2021/ag_2021.pdf,PDF solution/answer,English,"Official GATE archive, papers and answer keys",,,yes
India,GA/EM/DM,GA/EM/DM,A,exam archive,GATE downloads archive,https://gate2026.iitg.ac.in/download.html,AR,https://gate2026.iitg.ac.in/doc/download/Answer_keys2021/ar_2021.pdf,PDF solution/answer,English,"Official GATE archive, papers and answer keys",,,yes
India,GA/EM/DM,GA/EM/DM,A,exam archive,GATE downloads archive,https://gate2026.iitg.ac.in/download.html,BM,https://gate2026.iitg.ac.in/doc/download/Answer_keys2021/bm_2021.pdf,PDF solution/answer,English,"Official GATE archive, papers and answer keys",,,yes
India,GA/EM/DM,GA/EM/DM,A,exam archive,GATE downloads archive,https://gate2026.iitg.ac.in/download.html,BT,https://gate2026.iitg.ac.in/doc/download/Answer_keys2021/bt_2021.pdf,PDF solution/answer,English,"Official GATE archive, papers and answer keys",,,yes
India,GA/EM/DM,GA/EM/DM,A,exam archive,GATE downloads archive,https://gate2026.iitg.ac.in/download.html,CE,https://gate2026.iitg.ac.in/doc/download/Answer_keys2021/ce_merged_2021.pdf,PDF solution/answer,English,"Official GATE archive, papers and answer keys",,,yes
India,GA/EM/DM,GA/EM/DM,A,exam archive,GATE downloads archive,https://gate2026.iitg.ac.in/download.html,CH,https://gate2026.iitg.ac.in/doc/download/Answer_keys2021/ch_2021.pdf,PDF solution/answer,English,"Official GATE archive, papers and answer keys",,,yes
India,GA/EM/DM,GA/EM/DM,A,exam archive,GATE downloads archive,https://gate2026.iitg.ac.in/download.html,CS,https://gate2026.iitg.ac.in/doc/download/Answer_keys2021/cs_merged_2021.pdf,PDF solution/answer,English,"Official GATE archive, papers and answer keys",,,yes
India,GA/EM/DM,GA/EM/DM,A,exam archive,GATE downloads archive,https://gate2026.iitg.ac.in/download.html,CY,https://gate2026.iitg.ac.in/doc/download/Answer_keys2021/cy_2021.pdf,PDF solution/answer,English,"Official GATE archive, papers and answer keys",,,yes
India,GA/EM/DM,GA/EM/DM,A,exam archive,GATE downloads archive,https://gate2026.iitg.ac.in/download.html,EC,https://gate2026.iitg.ac.in/doc/download/Answer_keys2021/ec_2021.pdf,PDF solution/answer,English,"Official GATE archive, papers and answer keys",,,yes
India,GA/EM/DM,GA/EM/DM,A,exam archive,GATE downloads archive,https://gate2026.iitg.ac.in/download.html,EE,https://gate2026.iitg.ac.in/doc/download/Answer_keys2021/ee_2021.pdf,PDF solution/answer,English,"Official GATE archive, papers and answer keys",,,yes
India,GA/EM/DM,GA/EM/DM,A,exam archive,GATE downloads archive,https://gate2026.iitg.ac.in/download.html,ES,https://gate2026.iitg.ac.in/doc/download/Answer_keys2021/es_2021.pdf,PDF solution/answer,English,"Official GATE archive, papers and answer keys",,,yes
India,GA/EM/DM,GA/EM/DM,A,exam archive,GATE downloads archive,https://gate2026.iitg.ac.in/download.html,EY,https://gate2026.iitg.ac.in/doc/download/Answer_keys2021/ey_2021.pdf,PDF solution/answer,English,"Official GATE archive, papers and answer keys",,,yes
India,GA/EM/DM,GA/EM/DM,A,exam archive,GATE downloads archive,https://gate2026.iitg.ac.in/download.html,GG,https://gate2026.iitg.ac.in/doc/download/Answer_keys2021/gg_2021.pdf,PDF solution/answer,English,"Official GATE archive, papers and answer keys",,,yes
India,GA/EM/DM,GA/EM/DM,A,exam archive,GATE downloads archive,https://gate2026.iitg.ac.in/download.html,IN,https://gate2026.iitg.ac.in/doc/download/Answer_keys2021/in_2021.pdf,PDF solution/answer,English,"Official GATE archive, papers and answer keys",,,yes
India,GA/EM/DM,GA/EM/DM,A,exam archive,GATE downloads archive,https://gate2026.iitg.ac.in/download.html,MA,https://gate2026.iitg.ac.in/doc/download/Answer_keys2021/ma_2021.pdf,PDF solution/answer,English,"Official GATE archive, papers and answer keys",,,yes
India,GA/EM/DM,GA/EM/DM,A,exam archive,GATE downloads archive,https://gate2026.iitg.ac.in/download.html,ME,https://gate2026.iitg.ac.in/doc/download/Answer_keys2021/me_merged_2021.pdf,PDF solution/answer,English,"Official GATE archive, papers and answer keys",,,yes
India,GA/EM/DM,GA/EM/DM,A,exam archive,GATE downloads archive,https://gate2026.iitg.ac.in/download.html,MN,https://gate2026.iitg.ac.in/doc/download/Answer_keys2021/mn_2021.pdf,PDF solution/answer,English,"Official GATE archive, papers and answer keys",,,yes
India,GA/EM/DM,GA/EM/DM,A,exam archive,GATE downloads archive,https://gate2026.iitg.ac.in/download.html,MT,https://gate2026.iitg.ac.in/doc/download/Answer_keys2021/mt_2021.pdf,PDF solution/answer,English,"Official GATE archive, papers and answer keys",,,yes
India,GA/EM/DM,GA/EM/DM,A,exam archive,GATE downloads archive,https://gate2026.iitg.ac.in/download.html,PE,https://gate2026.iitg.ac.in/doc/download/Answer_keys2021/pe_2021.pdf,PDF solution/answer,English,"Official GATE archive, papers and answer keys",,,yes
India,GA/EM/DM,GA/EM/DM,A,exam archive,GATE downloads archive,https://gate2026.iitg.ac.in/download.html,PH,https://gate2026.iitg.ac.in/doc/download/Answer_keys2021/ph_2021.pdf,PDF solution/answer,English,"Official GATE archive, papers and answer keys",,,yes
India,GA/EM/DM,GA/EM/DM,A,exam archive,GATE downloads archive,https://gate2026.iitg.ac.in/download.html,PI,https://gate2026.iitg.ac.in/doc/download/Answer_keys2021/pi_2021.pdf,PDF solution/answer,English,"Official GATE archive, papers and answer keys",,,yes
India,GA/EM/DM,GA/EM/DM,A,exam archive,GATE downloads archive,https://gate2026.iitg.ac.in/download.html,ST,https://gate2026.iitg.ac.in/doc/download/Answer_keys2021/st_2021.pdf,PDF solution/answer,English,"Official GATE archive, papers and answer keys",,,yes
India,GA/EM/DM,GA/EM/DM,A,exam archive,GATE downloads archive,https://gate2026.iitg.ac.in/download.html,TF,https://gate2026.iitg.ac.in/doc/download/Answer_keys2021/tf_2021.pdf,PDF solution/answer,English,"Official GATE archive, papers and answer keys",,,yes
India,GA/EM/DM,GA/EM/DM,A,exam archive,GATE downloads archive,https://gate2026.iitg.ac.in/download.html,XE,https://gate2026.iitg.ac.in/doc/download/Answer_keys2021/xe_2021_merged.pdf,PDF solution/answer,English,"Official GATE archive, papers and answer keys",,,yes
India,GA/EM/DM,GA/EM/DM,A,exam archive,GATE downloads archive,https://gate2026.iitg.ac.in/download.html,XH,https://gate2026.iitg.ac.in/doc/download/Answer_keys2021/xh-2021_merged.pdf,PDF solution/answer,English,"Official GATE archive, papers and answer keys",,,yes
India,GA/EM/DM,GA/EM/DM,A,exam archive,GATE downloads archive,https://gate2026.iitg.ac.in/download.html,XL,https://gate2026.iitg.ac.in/doc/download/Answer_keys2021/xl-2021_merged.pdf,PDF solution/answer,English,"Official GATE archive, papers and answer keys",,,yes
India,GA/EM/DM,GA/EM/DM,A,exam archive,GATE downloads archive,https://gate2026.iitg.ac.in/download.html,AE,https://gate2026.iitg.ac.in/doc/download/Answer_keys2022/ae_2022.pdf,PDF solution/answer,English,"Official GATE archive, papers and answer keys",,,yes
India,GA/EM/DM,GA/EM/DM,A,exam archive,GATE downloads archive,https://gate2026.iitg.ac.in/download.html,AG,https://gate2026.iitg.ac.in/doc/download/Answer_keys2022/ag_2022.pdf,PDF solution/answer,English,"Official GATE archive, papers and answer keys",,,yes
India,GA/EM/DM,GA/EM/DM,A,exam archive,GATE downloads archive,https://gate2026.iitg.ac.in/download.html,AR,https://gate2026.iitg.ac.in/doc/download/Answer_keys2022/ar_2022.pdf,PDF solution/answer,English,"Official GATE archive, papers and answer keys",,,yes
India,GA/EM/DM,GA/EM/DM,A,exam archive,GATE downloads archive,https://gate2026.iitg.ac.in/download.html,BM,https://gate2026.iitg.ac.in/doc/download/Answer_keys2022/bm_2022.pdf,PDF solution/answer,English,"Official GATE archive, papers and answer keys",,,yes
India,GA/EM/DM,GA/EM/DM,A,exam archive,GATE downloads archive,https://gate2026.iitg.ac.in/download.html,BT,https://gate2026.iitg.ac.in/doc/download/Answer_keys2022/bt_2022.pdf,PDF solution/answer,English,"Official GATE archive, papers and answer keys",,,yes
India,GA/EM/DM,GA/EM/DM,A,exam archive,GATE downloads archive,https://gate2026.iitg.ac.in/download.html,CE,https://gate2026.iitg.ac.in/doc/download/Answer_keys2022/ce_2022.pdf,PDF solution/answer,English,"Official GATE archive, papers and answer keys",,,yes
India,GA/EM/DM,GA/EM/DM,A,exam archive,GATE downloads archive,https://gate2026.iitg.ac.in/download.html,CH,https://gate2026.iitg.ac.in/doc/download/Answer_keys2022/ch_2022.pdf,PDF solution/answer,English,"Official GATE archive, papers and answer keys",,,yes
India,GA/EM/DM,GA/EM/DM,A,exam archive,GATE downloads archive,https://gate2026.iitg.ac.in/download.html,CS,https://gate2026.iitg.ac.in/doc/download/Answer_keys2022/cs_2022.pdf,PDF solution/answer,English,"Official GATE archive, papers and answer keys",,,yes
India,GA/EM/DM,GA/EM/DM,A,exam archive,GATE downloads archive,https://gate2026.iitg.ac.in/download.html,CY,https://gate2026.iitg.ac.in/doc/download/Answer_keys2022/cy_2022.pdf,PDF solution/answer,English,"Official GATE archive, papers and answer keys",,,yes
India,GA/EM/DM,GA/EM/DM,A,exam archive,GATE downloads archive,https://gate2026.iitg.ac.in/download.html,EC,https://gate2026.iitg.ac.in/doc/download/Answer_keys2022/ec_2022.pdf,PDF solution/answer,English,"Official GATE archive, papers and answer keys",,,yes
India,GA/EM/DM,GA/EM/DM,A,exam archive,GATE downloads archive,https://gate2026.iitg.ac.in/download.html,EE,https://gate2026.iitg.ac.in/doc/download/Answer_keys2022/ee_2022.pdf,PDF solution/answer,English,"Official GATE archive, papers and answer keys",,,yes
India,GA/EM/DM,GA/EM/DM,A,exam archive,GATE downloads archive,https://gate2026.iitg.ac.in/download.html,ES,https://gate2026.iitg.ac.in/doc/download/Answer_keys2022/es_2022.pdf,PDF solution/answer,English,"Official GATE archive, papers and answer keys",,,yes
India,GA/EM/DM,GA/EM/DM,A,exam archive,GATE downloads archive,https://gate2026.iitg.ac.in/download.html,EY,https://gate2026.iitg.ac.in/doc/download/Answer_keys2022/ey_2022.pdf,PDF solution/answer,English,"Official GATE archive, papers and answer keys",,,yes
India,GA/EM/DM,GA/EM/DM,A,exam archive,GATE downloads archive,https://gate2026.iitg.ac.in/download.html,GE,https://gate2026.iitg.ac.in/doc/download/Answer_keys2022/ge_2022.pdf,PDF solution/answer,English,"Official GATE archive, papers and answer keys",,,yes
India,GA/EM/DM,GA/EM/DM,A,exam archive,GATE downloads archive,https://gate2026.iitg.ac.in/download.html,GG,https://gate2026.iitg.ac.in/doc/download/Answer_keys2022/gg-merged_2022.pdf,PDF solution/answer,English,"Official GATE archive, papers and answer keys",,,yes
India,GA/EM/DM,GA/EM/DM,A,exam archive,GATE downloads archive,https://gate2026.iitg.ac.in/download.html,IN,https://gate2026.iitg.ac.in/doc/download/Answer_keys2022/in_2022.pdf,PDF solution/answer,English,"Official GATE archive, papers and answer keys",,,yes
India,GA/EM/DM,GA/EM/DM,A,exam archive,GATE downloads archive,https://gate2026.iitg.ac.in/download.html,MA,https://gate2026.iitg.ac.in/doc/download/Answer_keys2022/ma_2022.pdf,PDF solution/answer,English,"Official GATE archive, papers and answer keys",,,yes
India,GA/EM/DM,GA/EM/DM,A,exam archive,GATE downloads archive,https://gate2026.iitg.ac.in/download.html,ME,https://gate2026.iitg.ac.in/doc/download/Answer_keys2022/me-merged_2022.pdf,PDF solution/answer,English,"Official GATE archive, papers and answer keys",,,yes
India,GA/EM/DM,GA/EM/DM,A,exam archive,GATE downloads archive,https://gate2026.iitg.ac.in/download.html,MN,https://gate2026.iitg.ac.in/doc/download/Answer_keys2022/mn_2022.pdf,PDF solution/answer,English,"Official GATE archive, papers and answer keys",,,yes
India,GA/EM/DM,GA/EM/DM,A,exam archive,GATE downloads archive,https://gate2026.iitg.ac.in/download.html,MT,https://gate2026.iitg.ac.in/doc/download/Answer_keys2022/mt_2022.pdf,PDF solution/answer,English,"Official GATE archive, papers and answer keys",,,yes
India,GA/EM/DM,GA/EM/DM,A,exam archive,GATE downloads archive,https://gate2026.iitg.ac.in/download.html,NM,https://gate2026.iitg.ac.in/doc/download/Answer_keys2022/nm_2022.pdf,PDF solution/answer,English,"Official GATE archive, papers and answer keys",,,yes
India,GA/EM/DM,GA/EM/DM,A,exam archive,GATE downloads archive,https://gate2026.iitg.ac.in/download.html,PE,https://gate2026.iitg.ac.in/doc/download/Answer_keys2022/pe_2022.pdf,PDF solution/answer,English,"Official GATE archive, papers and answer keys",,,yes
India,GA/EM/DM,GA/EM/DM,A,exam archive,GATE downloads archive,https://gate2026.iitg.ac.in/download.html,PH,https://gate2026.iitg.ac.in/doc/download/Answer_keys2022/ph_2022.pdf,PDF solution/answer,English,"Official GATE archive, papers and answer keys",,,yes
India,GA/EM/DM,GA/EM/DM,A,exam archive,GATE downloads archive,https://gate2026.iitg.ac.in/download.html,PI,https://gate2026.iitg.ac.in/doc/download/Answer_keys2022/pi_2022.pdf,PDF solution/answer,English,"Official GATE archive, papers and answer keys",,,yes
India,GA/EM/DM,GA/EM/DM,A,exam archive,GATE downloads archive,https://gate2026.iitg.ac.in/download.html,ST,https://gate2026.iitg.ac.in/doc/download/Answer_keys2022/st_2022.pdf,PDF solution/answer,English,"Official GATE archive, papers and answer keys",,,yes
India,GA/EM/DM,GA/EM/DM,A,exam archive,GATE downloads archive,https://gate2026.iitg.ac.in/download.html,TF,https://gate2026.iitg.ac.in/doc/download/Answer_keys2022/tf_2022.pdf,PDF solution/answer,English,"Official GATE archive, papers and answer keys",,,yes
India,GA/EM/DM,GA/EM/DM,A,exam archive,GATE downloads archive,https://gate2026.iitg.ac.in/download.html,XE,https://gate2026.iitg.ac.in/doc/download/Answer_keys2022/xe_2022.pdf,PDF solution/answer,English,"Official GATE archive, papers and answer keys",,,yes
India,GA/EM/DM,GA/EM/DM,A,exam archive,GATE downloads archive,https://gate2026.iitg.ac.in/download.html,XH,https://gate2026.iitg.ac.in/doc/download/Answer_keys2022/xh_2022.pdf,PDF solution/answer,English,"Official GATE archive, papers and answer keys",,,yes
India,GA/EM/DM,GA/EM/DM,A,exam archive,GATE downloads archive,https://gate2026.iitg.ac.in/download.html,XL,https://gate2026.iitg.ac.in/doc/download/Answer_keys2022/xl_2022.pdf,PDF solution/answer,English,"Official GATE archive, papers and answer keys",,,yes
India,GA/EM/DM,GA/EM/DM,A,exam archive,GATE downloads archive,https://gate2026.iitg.ac.in/download.html,AE,https://gate2026.iitg.ac.in/doc/download/Answer_keys2023/AE_ANS_GATE2023.pdf,PDF solution/answer,English,"Official GATE archive, papers and answer keys",,,yes
India,GA/EM/DM,GA/EM/DM,A,exam archive,GATE downloads archive,https://gate2026.iitg.ac.in/download.html,AG,https://gate2026.iitg.ac.in/doc/download/Answer_keys2023/AG_ANS_GATE2023.pdf,PDF solution/answer,English,"Official GATE archive, papers and answer keys",,,yes
India,GA/EM/DM,GA/EM/DM,A,exam archive,GATE downloads archive,https://gate2026.iitg.ac.in/download.html,AR,https://gate2026.iitg.ac.in/doc/download/Answer_keys2023/AR_ANS_GATE2023.pdf,PDF solution/answer,English,"Official GATE archive, papers and answer keys",,,yes
India,GA/EM/DM,GA/EM/DM,A,exam archive,GATE downloads archive,https://gate2026.iitg.ac.in/download.html,BM,https://gate2026.iitg.ac.in/doc/download/Answer_keys2023/BM_ANS_GATE2023.pdf,PDF solution/answer,English,"Official GATE archive, papers and answer keys",,,yes
India,GA/EM/DM,GA/EM/DM,A,exam archive,GATE downloads archive,https://gate2026.iitg.ac.in/download.html,BT,https://gate2026.iitg.ac.in/doc/download/Answer_keys2023/BT_ANS_GATE2023.pdf,PDF solution/answer,English,"Official GATE archive, papers and answer keys",,,yes
India,GA/EM/DM,GA/EM/DM,A,exam archive,GATE downloads archive,https://gate2026.iitg.ac.in/download.html,CE-1,https://gate2026.iitg.ac.in/doc/download/Answer_keys2023/CE1_ANS_GATE2023.pdf,PDF solution/answer,English,"Official GATE archive, papers and answer keys",,,yes
India,GA/EM/DM,GA/EM/DM,A,exam archive,GATE downloads archive,https://gate2026.iitg.ac.in/download.html,CE-2,https://gate2026.iitg.ac.in/doc/download/Answer_keys2023/CE2_ANS_GATE2023.pdf,PDF solution/answer,English,"Official GATE archive, papers and answer keys",,,yes
India,GA/EM/DM,GA/EM/DM,A,exam archive,GATE downloads archive,https://gate2026.iitg.ac.in/download.html,CH,https://gate2026.iitg.ac.in/doc/download/Answer_keys2023/CH_ANS_GATE2023.pdf,PDF solution/answer,English,"Official GATE archive, papers and answer keys",,,yes
India,GA/EM/DM,GA/EM/DM,A,exam archive,GATE downloads archive,https://gate2026.iitg.ac.in/download.html,CS,https://gate2026.iitg.ac.in/doc/download/Answer_keys2023/CS_ANS_GATE2023.pdf,PDF solution/answer,English,"Official GATE archive, papers and answer keys",,,yes
India,GA/EM/DM,GA/EM/DM,A,exam archive,GATE downloads archive,https://gate2026.iitg.ac.in/download.html,CY,https://gate2026.iitg.ac.in/doc/download/Answer_keys2023/CY_ANS_GATE2023.pdf,PDF solution/answer,English,"Official GATE archive, papers and answer keys",,,yes
India,GA/EM/DM,GA/EM/DM,A,exam archive,GATE downloads archive,https://gate2026.iitg.ac.in/download.html,EC,https://gate2026.iitg.ac.in/doc/download/Answer_keys2023/EC_ANS_GATE2023.pdf,PDF solution/answer,English,"Official GATE archive, papers and answer keys",,,yes
India,GA/EM/DM,GA/EM/DM,A,exam archive,GATE downloads archive,https://gate2026.iitg.ac.in/download.html,EE,https://gate2026.iitg.ac.in/doc/download/Answer_keys2023/EE_ANS_GATE2023.pdf,PDF solution/answer,English,"Official GATE archive, papers and answer keys",,,yes
India,GA/EM/DM,GA/EM/DM,A,exam archive,GATE downloads archive,https://gate2026.iitg.ac.in/download.html,ES,https://gate2026.iitg.ac.in/doc/download/Answer_keys2023/ES_ANS_GATE2023.pdf,PDF solution/answer,English,"Official GATE archive, papers and answer keys",,,yes
India,GA/EM/DM,GA/EM/DM,A,exam archive,GATE downloads archive,https://gate2026.iitg.ac.in/download.html,EY,https://gate2026.iitg.ac.in/doc/download/Answer_keys2023/EY_ANS_GATE2023.pdf,PDF solution/answer,English,"Official GATE archive, papers and answer keys",,,yes
India,GA/EM/DM,GA/EM/DM,A,exam archive,GATE downloads archive,https://gate2026.iitg.ac.in/download.html,GE,https://gate2026.iitg.ac.in/doc/download/Answer_keys2023/GE_ANS_GATE2023.pdf,PDF solution/answer,English,"Official GATE archive, papers and answer keys",,,yes
India,GA/EM/DM,GA/EM/DM,A,exam archive,GATE downloads archive,https://gate2026.iitg.ac.in/download.html,GG-1,https://gate2026.iitg.ac.in/doc/download/Answer_keys2023/GG_G1_ANS_GATE2023.pdf,PDF solution/answer,English,"Official GATE archive, papers and answer keys",,,yes
India,GA/EM/DM,GA/EM/DM,A,exam archive,GATE downloads archive,https://gate2026.iitg.ac.in/download.html,GG-2,https://gate2026.iitg.ac.in/doc/download/Answer_keys2023/GG_G2_ANS_GATE2023.pdf,PDF solution/answer,English,"Official GATE archive, papers and answer keys",,,yes
India,GA/EM/DM,GA/EM/DM,A,exam archive,GATE downloads archive,https://gate2026.iitg.ac.in/download.html,IN,https://gate2026.iitg.ac.in/doc/download/Answer_keys2023/IN_ANS_GATE2023.pdf,PDF solution/answer,English,"Official GATE archive, papers and answer keys",,,yes
India,GA/EM/DM,GA/EM/DM,A,exam archive,GATE downloads archive,https://gate2026.iitg.ac.in/download.html,MA,https://gate2026.iitg.ac.in/doc/download/Answer_keys2023/MA_ANS_GATE2023.pdf,PDF solution/answer,English,"Official GATE archive, papers and answer keys",,,yes
India,GA/EM/DM,GA/EM/DM,A,exam archive,GATE downloads archive,https://gate2026.iitg.ac.in/download.html,ME,https://gate2026.iitg.ac.in/doc/download/Answer_keys2023/ME_ANS_GATE2023.pdf,PDF solution/answer,English,"Official GATE archive, papers and answer keys",,,yes
India,GA/EM/DM,GA/EM/DM,A,exam archive,GATE downloads archive,https://gate2026.iitg.ac.in/download.html,MN,https://gate2026.iitg.ac.in/doc/download/Answer_keys2023/MN_ANS_GATE2023.pdf,PDF solution/answer,English,"Official GATE archive, papers and answer keys",,,yes
India,GA/EM/DM,GA/EM/DM,A,exam archive,GATE downloads archive,https://gate2026.iitg.ac.in/download.html,MT,https://gate2026.iitg.ac.in/doc/download/Answer_keys2023/MT_ANS_GATE2023.pdf,PDF solution/answer,English,"Official GATE archive, papers and answer keys",,,yes
India,GA/EM/DM,GA/EM/DM,A,exam archive,GATE downloads archive,https://gate2026.iitg.ac.in/download.html,NM,https://gate2026.iitg.ac.in/doc/download/Answer_keys2023/NM_ANS_GATE2023.pdf,PDF solution/answer,English,"Official GATE archive, papers and answer keys",,,yes
India,GA/EM/DM,GA/EM/DM,A,exam archive,GATE downloads archive,https://gate2026.iitg.ac.in/download.html,PE,https://gate2026.iitg.ac.in/doc/download/Answer_keys2023/PE_ANS_GATE2023.pdf,PDF solution/answer,English,"Official GATE archive, papers and answer keys",,,yes
India,GA/EM/DM,GA/EM/DM,A,exam archive,GATE downloads archive,https://gate2026.iitg.ac.in/download.html,PH,https://gate2026.iitg.ac.in/doc/download/Answer_keys2023/PH_ANS_GATE2023.pdf,PDF solution/answer,English,"Official GATE archive, papers and answer keys",,,yes
India,GA/EM/DM,GA/EM/DM,A,exam archive,GATE downloads archive,https://gate2026.iitg.ac.in/download.html,PI,https://gate2026.iitg.ac.in/doc/download/Answer_keys2023/PI_ANS_GATE2023.pdf,PDF solution/answer,English,"Official GATE archive, papers and answer keys",,,yes
India,GA/EM/DM,GA/EM/DM,A,exam archive,GATE downloads archive,https://gate2026.iitg.ac.in/download.html,ST,https://gate2026.iitg.ac.in/doc/download/Answer_keys2023/ST_ANS_GATE2023.pdf,PDF solution/answer,English,"Official GATE archive, papers and answer keys",,,yes
India,GA/EM/DM,GA/EM/DM,A,exam archive,GATE downloads archive,https://gate2026.iitg.ac.in/download.html,TF,https://gate2026.iitg.ac.in/doc/download/Answer_keys2023/TF_ANS_GATE2023.pdf,PDF solution/answer,English,"Official GATE archive, papers and answer keys",,,yes
India,GA/EM/DM,GA/EM/DM,A,exam archive,GATE downloads archive,https://gate2026.iitg.ac.in/download.html,XE,https://gate2026.iitg.ac.in/doc/download/Answer_keys2023/XE_ANS_GATE2023.pdf,PDF solution/answer,English,"Official GATE archive, papers and answer keys",,,yes
India,GA/EM/DM,GA/EM/DM,A,exam archive,GATE downloads archive,https://gate2026.iitg.ac.in/download.html,XH,https://gate2026.iitg.ac.in/doc/download/Answer_keys2023/XH_ANS_GATE2023.pdf,PDF solution/answer,English,"Official GATE archive, papers and answer keys",,,yes
India,GA/EM/DM,GA/EM/DM,A,exam archive,GATE downloads archive,https://gate2026.iitg.ac.in/download.html,XL,https://gate2026.iitg.ac.in/doc/download/Answer_keys2023/XL_ANS_GATE2023.pdf,PDF solution/answer,English,"Official GATE archive, papers and answer keys",,,yes
India,GA/EM/DM,GA/EM/DM,A,exam archive,GATE downloads archive,https://gate2026.iitg.ac.in/download.html,GATE 2026 NEWSPAPER ADVERTISEMENT,https://gate2026.iitg.ac.in/doc/download/GATE2026_Newspaper_Advertisement.pdf,PDF paper/problem,English,"Official GATE archive, papers and answer keys",,,yes
India,GA/EM/DM,GA/EM/DM,A,exam archive,GATE downloads archive,https://gate2026.iitg.ac.in/download.html,GATE downloads archive — official gateway,https://gate2026.iitg.ac.in/download.html,Official gateway,English,"Official GATE archive, papers and answer keys",,,yes
India,GA/EM/DM,GA/EM/DM,B,exam archive,GATE downloads archive,https://gate2026.iitg.ac.in/download.html,Exam Cities,https://gate2026.iitg.ac.in/exam-cities.html,HTML paper/problem/practice,English,"Official GATE archive, papers and answer keys",,,yes
India,GA/EM/DM,GA/EM/DM,B,exam archive,GATE downloads archive,https://gate2026.iitg.ac.in/download.html,GATE 2026 Test PAPERS & Syllabus,https://gate2026.iitg.ac.in/exam-papers-and-syllabus.html,HTML paper/problem/practice,English,"Official GATE archive, papers and answer keys",,,yes
India,GA/EM/DM,GA/EM/DM,B,exam archive,GATE downloads archive,https://gate2026.iitg.ac.in/download.html,GATE 2026 Examination Schedule,https://gate2026.iitg.ac.in/examination-schedule.html,HTML paper/problem/practice,English,"Official GATE archive, papers and answer keys",,,yes
India,GA/EM/DM,GA/EM/DM,B,exam archive,GATE downloads archive,https://gate2026.iitg.ac.in/download.html,Mock Test Links,https://gate2026.iitg.ac.in/mock-test-links.html,HTML paper/problem/practice,English,"Official GATE archive, papers and answer keys",,,yes
India,GA/EM/DM,GA/EM/DM,B,exam archive,GATE downloads archive,https://gate2026.iitg.ac.in/download.html,Question Paper Pattern,https://gate2026.iitg.ac.in/question-paper-pattern.html,HTML paper/problem/practice,English,"Official GATE archive, papers and answer keys",,,yes
India,GA/EM/DM,GA/EM/DM,B,exam archive,GATE downloads archive,https://gate2026.iitg.ac.in/download.html,GATE 2026 Two-Paper Combinations,https://gate2026.iitg.ac.in/two-paper-combinations.html,HTML paper/problem/practice,English,"Official GATE archive, papers and answer keys",,,yes
India,EM/GA,EM/GA,A,exam archive,JEE Advanced archive,https://jeeadv.ac.in/archive.html,JEE Advanced archive — official gateway,https://jeeadv.ac.in/archive.html,Official gateway,English,Official engineering entrance archive and AAT,,,yes
India,EM/GA,EM/GA,A,exam archive,JEE Advanced archive,https://jeeadv.ac.in/archive.html,Download,https://jeeadv.ac.in/past_qps/2007_1.pdf,PDF resource,English,Official engineering entrance archive and AAT,,,yes
India,EM/GA,EM/GA,A,exam archive,JEE Advanced archive,https://jeeadv.ac.in/archive.html,Download,https://jeeadv.ac.in/past_qps/2007_2.pdf,PDF resource,English,Official engineering entrance archive and AAT,,,yes
India,EM/GA,EM/GA,A,exam archive,JEE Advanced archive,https://jeeadv.ac.in/archive.html,Download,https://jeeadv.ac.in/past_qps/2008_1.pdf,PDF resource,English,Official engineering entrance archive and AAT,,,yes
India,EM/GA,EM/GA,A,exam archive,JEE Advanced archive,https://jeeadv.ac.in/archive.html,Download,https://jeeadv.ac.in/past_qps/2008_2.pdf,PDF resource,English,Official engineering entrance archive and AAT,,,yes
India,EM/GA,EM/GA,A,exam archive,JEE Advanced archive,https://jeeadv.ac.in/archive.html,Download,https://jeeadv.ac.in/past_qps/2009_1.pdf,PDF resource,English,Official engineering entrance archive and AAT,,,yes
India,EM/GA,EM/GA,A,exam archive,JEE Advanced archive,https://jeeadv.ac.in/archive.html,Download,https://jeeadv.ac.in/past_qps/2009_2.pdf,PDF resource,English,Official engineering entrance archive and AAT,,,yes
India,EM/GA,EM/GA,A,exam archive,JEE Advanced archive,https://jeeadv.ac.in/archive.html,Download,https://jeeadv.ac.in/past_qps/2010_1.pdf,PDF resource,English,Official engineering entrance archive and AAT,,,yes
India,EM/GA,EM/GA,A,exam archive,JEE Advanced archive,https://jeeadv.ac.in/archive.html,Download,https://jeeadv.ac.in/past_qps/2010_2.pdf,PDF resource,English,Official engineering entrance archive and AAT,,,yes
India,EM/GA,EM/GA,A,exam archive,JEE Advanced archive,https://jeeadv.ac.in/archive.html,Download,https://jeeadv.ac.in/past_qps/2011_1.pdf,PDF resource,English,Official engineering entrance archive and AAT,,,yes
India,EM/GA,EM/GA,A,exam archive,JEE Advanced archive,https://jeeadv.ac.in/archive.html,Download,https://jeeadv.ac.in/past_qps/2011_2.pdf,PDF resource,English,Official engineering entrance archive and AAT,,,yes
India,EM/GA,EM/GA,A,exam archive,JEE Advanced archive,https://jeeadv.ac.in/archive.html,Download,https://jeeadv.ac.in/past_qps/2012_1.pdf,PDF resource,English,Official engineering entrance archive and AAT,,,yes
India,EM/GA,EM/GA,A,exam archive,JEE Advanced archive,https://jeeadv.ac.in/archive.html,Download,https://jeeadv.ac.in/past_qps/2012_2.pdf,PDF resource,English,Official engineering entrance archive and AAT,,,yes
India,EM/GA,EM/GA,A,exam archive,JEE Advanced archive,https://jeeadv.ac.in/archive.html,Download,https://jeeadv.ac.in/past_qps/2013_1.pdf,PDF resource,English,Official engineering entrance archive and AAT,,,yes
India,EM/GA,EM/GA,A,exam archive,JEE Advanced archive,https://jeeadv.ac.in/archive.html,Download,https://jeeadv.ac.in/past_qps/2013_2.pdf,PDF resource,English,Official engineering entrance archive and AAT,,,yes
India,EM/GA,EM/GA,A,exam archive,JEE Advanced archive,https://jeeadv.ac.in/archive.html,Download,https://jeeadv.ac.in/past_qps/2014_1.pdf,PDF resource,English,Official engineering entrance archive and AAT,,,yes
India,EM/GA,EM/GA,A,exam archive,JEE Advanced archive,https://jeeadv.ac.in/archive.html,Download,https://jeeadv.ac.in/past_qps/2014_2.pdf,PDF resource,English,Official engineering entrance archive and AAT,,,yes
India,EM/GA,EM/GA,A,exam archive,JEE Advanced archive,https://jeeadv.ac.in/archive.html,Download,https://jeeadv.ac.in/past_qps/2015_1.pdf,PDF resource,English,Official engineering entrance archive and AAT,,,yes
India,EM/GA,EM/GA,A,exam archive,JEE Advanced archive,https://jeeadv.ac.in/archive.html,Download,https://jeeadv.ac.in/past_qps/2015_2.pdf,PDF resource,English,Official engineering entrance archive and AAT,,,yes
India,EM/GA,EM/GA,A,exam archive,JEE Advanced archive,https://jeeadv.ac.in/archive.html,Download,https://jeeadv.ac.in/past_qps/2016_1.pdf,PDF resource,English,Official engineering entrance archive and AAT,,,yes
India,EM/GA,EM/GA,A,exam archive,JEE Advanced archive,https://jeeadv.ac.in/archive.html,Download,https://jeeadv.ac.in/past_qps/2016_2.pdf,PDF resource,English,Official engineering entrance archive and AAT,,,yes
India,EM/GA,EM/GA,A,exam archive,JEE Advanced archive,https://jeeadv.ac.in/archive.html,Download,https://jeeadv.ac.in/past_qps/2017_1.pdf,PDF resource,English,Official engineering entrance archive and AAT,,,yes
India,EM/GA,EM/GA,A,exam archive,JEE Advanced archive,https://jeeadv.ac.in/archive.html,Download,https://jeeadv.ac.in/past_qps/2017_2.pdf,PDF resource,English,Official engineering entrance archive and AAT,,,yes
India,EM/GA,EM/GA,A,exam archive,JEE Advanced archive,https://jeeadv.ac.in/archive.html,Download,https://jeeadv.ac.in/past_qps/2018_1.pdf,PDF resource,English,Official engineering entrance archive and AAT,,,yes
India,EM/GA,EM/GA,A,exam archive,JEE Advanced archive,https://jeeadv.ac.in/archive.html,Download,https://jeeadv.ac.in/past_qps/2018_2.pdf,PDF resource,English,Official engineering entrance archive and AAT,,,yes
India,EM/GA,EM/GA,A,exam archive,JEE Advanced archive,https://jeeadv.ac.in/archive.html,Download,https://jeeadv.ac.in/past_qps/2019_1_English.pdf,PDF resource,English,Official engineering entrance archive and AAT,,,yes
India,EM/GA,EM/GA,A,exam archive,JEE Advanced archive,https://jeeadv.ac.in/archive.html,Download,https://jeeadv.ac.in/past_qps/2019_1_Hindi.pdf,PDF resource,English,Official engineering entrance archive and AAT,,,yes
India,EM/GA,EM/GA,A,exam archive,JEE Advanced archive,https://jeeadv.ac.in/archive.html,Download,https://jeeadv.ac.in/past_qps/2019_2_English.pdf,PDF resource,English,Official engineering entrance archive and AAT,,,yes
India,EM/GA,EM/GA,A,exam archive,JEE Advanced archive,https://jeeadv.ac.in/archive.html,Download,https://jeeadv.ac.in/past_qps/2019_2_Hindi.pdf,PDF resource,English,Official engineering entrance archive and AAT,,,yes
India,EM/GA,EM/GA,A,exam archive,JEE Advanced archive,https://jeeadv.ac.in/archive.html,Download,https://jeeadv.ac.in/past_qps/2020_1_English.pdf,PDF resource,English,Official engineering entrance archive and AAT,,,yes
India,EM/GA,EM/GA,A,exam archive,JEE Advanced archive,https://jeeadv.ac.in/archive.html,Download,https://jeeadv.ac.in/past_qps/2020_1_Hindi.pdf,PDF resource,English,Official engineering entrance archive and AAT,,,yes
India,EM/GA,EM/GA,A,exam archive,JEE Advanced archive,https://jeeadv.ac.in/archive.html,Download,https://jeeadv.ac.in/past_qps/2020_2_English.pdf,PDF resource,English,Official engineering entrance archive and AAT,,,yes
India,EM/GA,EM/GA,A,exam archive,JEE Advanced archive,https://jeeadv.ac.in/archive.html,Download,https://jeeadv.ac.in/past_qps/2020_2_Hindi.pdf,PDF resource,English,Official engineering entrance archive and AAT,,,yes
India,EM/GA,EM/GA,A,exam archive,JEE Advanced archive,https://jeeadv.ac.in/archive.html,Download,https://jeeadv.ac.in/past_qps/2021_1_English.pdf,PDF resource,English,Official engineering entrance archive and AAT,,,yes
India,EM/GA,EM/GA,A,exam archive,JEE Advanced archive,https://jeeadv.ac.in/archive.html,Download,https://jeeadv.ac.in/past_qps/2021_1_Hindi.pdf,PDF resource,English,Official engineering entrance archive and AAT,,,yes
India,EM/GA,EM/GA,A,exam archive,JEE Advanced archive,https://jeeadv.ac.in/archive.html,Download,https://jeeadv.ac.in/past_qps/2021_2_English.pdf,PDF resource,English,Official engineering entrance archive and AAT,,,yes
India,EM/GA,EM/GA,A,exam archive,JEE Advanced archive,https://jeeadv.ac.in/archive.html,Download,https://jeeadv.ac.in/past_qps/2021_2_Hindi.pdf,PDF resource,English,Official engineering entrance archive and AAT,,,yes
India,EM/GA,EM/GA,A,exam archive,JEE Advanced archive,https://jeeadv.ac.in/archive.html,Download,https://jeeadv.ac.in/past_qps/2022_1_English.pdf,PDF resource,English,Official engineering entrance archive and AAT,,,yes
India,EM/GA,EM/GA,A,exam archive,JEE Advanced archive,https://jeeadv.ac.in/archive.html,Download,https://jeeadv.ac.in/past_qps/2022_1_Hindi.pdf,PDF resource,English,Official engineering entrance archive and AAT,,,yes
India,EM/GA,EM/GA,A,exam archive,JEE Advanced archive,https://jeeadv.ac.in/archive.html,Download,https://jeeadv.ac.in/past_qps/2022_2_English.pdf,PDF resource,English,Official engineering entrance archive and AAT,,,yes
India,EM/GA,EM/GA,A,exam archive,JEE Advanced archive,https://jeeadv.ac.in/archive.html,Download,https://jeeadv.ac.in/past_qps/2022_2_Hindi.pdf,PDF resource,English,Official engineering entrance archive and AAT,,,yes
India,EM/GA,EM/GA,A,exam archive,JEE Advanced archive,https://jeeadv.ac.in/archive.html,Download,https://jeeadv.ac.in/past_qps/2023_1_English.pdf,PDF resource,English,Official engineering entrance archive and AAT,,,yes
India,EM/GA,EM/GA,A,exam archive,JEE Advanced archive,https://jeeadv.ac.in/archive.html,Download,https://jeeadv.ac.in/past_qps/2023_1_Hindi.pdf,PDF resource,English,Official engineering entrance archive and AAT,,,yes
India,EM/GA,EM/GA,A,exam archive,JEE Advanced archive,https://jeeadv.ac.in/archive.html,Download,https://jeeadv.ac.in/past_qps/2023_2_English.pdf,PDF resource,English,Official engineering entrance archive and AAT,,,yes
India,EM/GA,EM/GA,A,exam archive,JEE Advanced archive,https://jeeadv.ac.in/archive.html,Download,https://jeeadv.ac.in/past_qps/2023_2_Hindi.pdf,PDF resource,English,Official engineering entrance archive and AAT,,,yes
India,EM/GA,EM/GA,A,exam archive,JEE Advanced archive,https://jeeadv.ac.in/archive.html,Download,https://jeeadv.ac.in/past_qps/2024_1_English.pdf,PDF resource,English,Official engineering entrance archive and AAT,,,yes
India,EM/GA,EM/GA,A,exam archive,JEE Advanced archive,https://jeeadv.ac.in/archive.html,Download,https://jeeadv.ac.in/past_qps/2024_1_Hindi.pdf,PDF resource,English,Official engineering entrance archive and AAT,,,yes
India,EM/GA,EM/GA,A,exam archive,JEE Advanced archive,https://jeeadv.ac.in/archive.html,Download,https://jeeadv.ac.in/past_qps/2024_2_English.pdf,PDF resource,English,Official engineering entrance archive and AAT,,,yes
India,EM/GA,EM/GA,A,exam archive,JEE Advanced archive,https://jeeadv.ac.in/archive.html,Download,https://jeeadv.ac.in/past_qps/2024_2_Hindi.pdf,PDF resource,English,Official engineering entrance archive and AAT,,,yes
India,EM/GA,EM/GA,A,exam archive,JEE Advanced archive,https://jeeadv.ac.in/archive.html,Download,https://jeeadv.ac.in/past_qps/2025_1_English.pdf,PDF resource,English,Official engineering entrance archive and AAT,,,yes
India,EM/GA,EM/GA,A,exam archive,JEE Advanced archive,https://jeeadv.ac.in/archive.html,Download,https://jeeadv.ac.in/past_qps/2025_1_Hindi.pdf,PDF resource,English,Official engineering entrance archive and AAT,,,yes
India,EM/GA,EM/GA,A,exam archive,JEE Advanced archive,https://jeeadv.ac.in/archive.html,Download,https://jeeadv.ac.in/past_qps/2025_2_English.pdf,PDF resource,English,Official engineering entrance archive and AAT,,,yes
India,EM/GA,EM/GA,A,exam archive,JEE Advanced archive,https://jeeadv.ac.in/archive.html,Download,https://jeeadv.ac.in/past_qps/2025_2_Hindi.pdf,PDF resource,English,Official engineering entrance archive and AAT,,,yes
India,EM/GA,EM/GA,A,exam archive,JEE Advanced archive,https://jeeadv.ac.in/archive.html,Download,https://jeeadv.ac.in/past_qps/AAT-2016.pdf,PDF resource,English,Official engineering entrance archive and AAT,,,yes
India,EM/GA,EM/GA,A,exam archive,JEE Advanced archive,https://jeeadv.ac.in/archive.html,Download,https://jeeadv.ac.in/past_qps/AAT-2017.pdf,PDF resource,English,Official engineering entrance archive and AAT,,,yes
India,EM/GA,EM/GA,A,exam archive,JEE Advanced archive,https://jeeadv.ac.in/archive.html,Download,https://jeeadv.ac.in/past_qps/AAT-2018.pdf,PDF resource,English,Official engineering entrance archive and AAT,,,yes
India,EM/GA,EM/GA,A,exam archive,JEE Advanced archive,https://jeeadv.ac.in/archive.html,Download,https://jeeadv.ac.in/past_qps/AAT-2019.pdf,PDF resource,English,Official engineering entrance archive and AAT,,,yes
India,EM/GA,EM/GA,A,exam archive,JEE Advanced archive,https://jeeadv.ac.in/archive.html,Download,https://jeeadv.ac.in/past_qps/AAT-2020.pdf,PDF resource,English,Official engineering entrance archive and AAT,,,yes
India,EM/GA,EM/GA,A,exam archive,JEE Advanced archive,https://jeeadv.ac.in/archive.html,Download,https://jeeadv.ac.in/past_qps/AAT-2021.pdf,PDF resource,English,Official engineering entrance archive and AAT,,,yes
India,EM/GA,EM/GA,A,exam archive,JEE Advanced archive,https://jeeadv.ac.in/archive.html,Download,https://jeeadv.ac.in/past_qps/AAT-2022.pdf,PDF resource,English,Official engineering entrance archive and AAT,,,yes
India,EM/GA,EM/GA,A,exam archive,JEE Advanced archive,https://jeeadv.ac.in/archive.html,Download,https://jeeadv.ac.in/past_qps/AAT-2023.pdf,PDF resource,English,Official engineering entrance archive and AAT,,,yes
India,EM/GA,EM/GA,A,exam archive,JEE Advanced archive,https://jeeadv.ac.in/archive.html,Download,https://jeeadv.ac.in/past_qps/AAT-2024.pdf,PDF resource,English,Official engineering entrance archive and AAT,,,yes
India,EM/GA,EM/GA,A,exam archive,JEE Advanced archive,https://jeeadv.ac.in/archive.html,Download,https://jeeadv.ac.in/past_qps/AAT-2025.pdf,PDF resource,English,Official engineering entrance archive and AAT,,,yes
India,EM/DM,EM/DM,B,Olympiad archive,HBCSE Olympiad past papers,https://olympiads.hbcse.tifr.res.in/how-to-prepare/past-papers/,Olympiads,https://olympiads.hbcse.tifr.res.in/,HTML source/link,English/Hindi,Official mathematics and science Olympiad papers and solutions,,,yes
India,EM/DM,EM/DM,B,Olympiad archive,HBCSE Olympiad past papers,https://olympiads.hbcse.tifr.res.in/how-to-prepare/past-papers/,Funding,https://olympiads.hbcse.tifr.res.in/about-olympiads/funding/,HTML source/link,English/Hindi,Official mathematics and science Olympiad papers and solutions,,,yes
India,EM/DM,EM/DM,B,Olympiad archive,HBCSE Olympiad past papers,https://olympiads.hbcse.tifr.res.in/how-to-prepare/past-papers/,Infosys Award Function,https://olympiads.hbcse.tifr.res.in/about-olympiads/infosys-award-function/,HTML source/link,English/Hindi,Official mathematics and science Olympiad papers and solutions,,,yes
India,EM/DM,EM/DM,B,Olympiad archive,HBCSE Olympiad past papers,https://olympiads.hbcse.tifr.res.in/how-to-prepare/past-papers/,Infosys Awards Function 2017,https://olympiads.hbcse.tifr.res.in/about-olympiads/infosys-award-function/infosys-award-function-2017/,HTML source/link,English/Hindi,Official mathematics and science Olympiad papers and solutions,,,yes
India,EM/DM,EM/DM,B,Olympiad archive,HBCSE Olympiad past papers,https://olympiads.hbcse.tifr.res.in/how-to-prepare/past-papers/,Infosys Award Function 2018,https://olympiads.hbcse.tifr.res.in/about-olympiads/infosys-award-function/infosys-award-function-2018/,HTML source/link,English/Hindi,Official mathematics and science Olympiad papers and solutions,,,yes
India,EM/DM,EM/DM,B,Olympiad archive,HBCSE Olympiad past papers,https://olympiads.hbcse.tifr.res.in/how-to-prepare/past-papers/,Infosys Award Function 2021,https://olympiads.hbcse.tifr.res.in/about-olympiads/infosys-award-function/infosys-award-function-2021/,HTML source/link,English/Hindi,Official mathematics and science Olympiad papers and solutions,,,yes
India,EM/DM,EM/DM,B,Olympiad archive,HBCSE Olympiad past papers,https://olympiads.hbcse.tifr.res.in/how-to-prepare/past-papers/,Infosys Award Function 2022,https://olympiads.hbcse.tifr.res.in/about-olympiads/infosys-award-function/infosys-award-function-2022/,HTML source/link,English/Hindi,Official mathematics and science Olympiad papers and solutions,,,yes
India,EM/DM,EM/DM,B,Olympiad archive,HBCSE Olympiad past papers,https://olympiads.hbcse.tifr.res.in/how-to-prepare/past-papers/,Infosys Award Function 2023,https://olympiads.hbcse.tifr.res.in/about-olympiads/infosys-award-function/infosys-award-function-2023/,HTML source/link,English/Hindi,Official mathematics and science Olympiad papers and solutions,,,yes
India,EM/DM,EM/DM,B,Olympiad archive,HBCSE Olympiad past papers,https://olympiads.hbcse.tifr.res.in/how-to-prepare/past-papers/,Infosys Award Function 2024,https://olympiads.hbcse.tifr.res.in/about-olympiads/infosys-award-function/infosys-award-function-2024/,HTML source/link,English/Hindi,Official mathematics and science Olympiad papers and solutions,,,yes
India,EM/DM,EM/DM,B,Olympiad archive,HBCSE Olympiad past papers,https://olympiads.hbcse.tifr.res.in/how-to-prepare/past-papers/,Infosys Award Function 2025,https://olympiads.hbcse.tifr.res.in/about-olympiads/infosys-award-function/infosys-award-function-2025/,HTML source/link,English/Hindi,Official mathematics and science Olympiad papers and solutions,,,yes
India,EM/DM,EM/DM,B,Olympiad archive,HBCSE Olympiad past papers,https://olympiads.hbcse.tifr.res.in/how-to-prepare/past-papers/,People,https://olympiads.hbcse.tifr.res.in/about-olympiads/people/,HTML source/link,English/Hindi,Official mathematics and science Olympiad papers and solutions,,,yes
India,EM/DM,EM/DM,B,Olympiad archive,HBCSE Olympiad past papers,https://olympiads.hbcse.tifr.res.in/how-to-prepare/past-papers/,Performance,https://olympiads.hbcse.tifr.res.in/about-olympiads/performance/,HTML source/link,English/Hindi,Official mathematics and science Olympiad papers and solutions,,,yes
India,EM/DM,EM/DM,B,Olympiad archive,HBCSE Olympiad past papers,https://olympiads.hbcse.tifr.res.in/how-to-prepare/past-papers/,Stages,https://olympiads.hbcse.tifr.res.in/about-olympiads/stages/,HTML source/link,English/Hindi,Official mathematics and science Olympiad papers and solutions,,,yes
India,EM/DM,EM/DM,B,Olympiad archive,HBCSE Olympiad past papers,https://olympiads.hbcse.tifr.res.in/how-to-prepare/past-papers/,Answer Key to PRMO 2018,https://olympiads.hbcse.tifr.res.in/answer-key-to-prmo-2018/,HTML solution/answer,English/Hindi,Official mathematics and science Olympiad papers and solutions,,,yes
India,EM/DM,EM/DM,B,Olympiad archive,HBCSE Olympiad past papers,https://olympiads.hbcse.tifr.res.in/how-to-prepare/past-papers/,For Teachers,https://olympiads.hbcse.tifr.res.in/for-teachers/,HTML source/link,English/Hindi,Official mathematics and science Olympiad papers and solutions,,,yes
India,EM/DM,EM/DM,B,Olympiad archive,HBCSE Olympiad past papers,https://olympiads.hbcse.tifr.res.in/how-to-prepare/past-papers/,Eligibility,https://olympiads.hbcse.tifr.res.in/how-to-participate/eligibility/,HTML source/link,English/Hindi,Official mathematics and science Olympiad papers and solutions,,,yes
India,EM/DM,EM/DM,B,Olympiad archive,HBCSE Olympiad past papers,https://olympiads.hbcse.tifr.res.in/how-to-prepare/past-papers/,Enrollment,https://olympiads.hbcse.tifr.res.in/how-to-participate/enrollment/,HTML source/link,English/Hindi,Official mathematics and science Olympiad papers and solutions,,,yes
India,EM/DM,EM/DM,B,Olympiad archive,HBCSE Olympiad past papers,https://olympiads.hbcse.tifr.res.in/how-to-prepare/past-papers/,Olympiad Books,https://olympiads.hbcse.tifr.res.in/how-to-prepare/olympiad-books/,HTML source/link,English/Hindi,Official mathematics and science Olympiad papers and solutions,,,yes
India,EM/DM,EM/DM,A,Olympiad archive,HBCSE Olympiad past papers,https://olympiads.hbcse.tifr.res.in/how-to-prepare/past-papers/,HBCSE Olympiad past papers — official gateway,https://olympiads.hbcse.tifr.res.in/how-to-prepare/past-papers/,Official gateway,English/Hindi,Official mathematics and science Olympiad papers and solutions,,,yes
India,EM/DM,EM/DM,B,Olympiad archive,HBCSE Olympiad past papers,https://olympiads.hbcse.tifr.res.in/how-to-prepare/past-papers/,How To Prepare,https://olympiads.hbcse.tifr.res.in/how-to-prepare/past-papers/#%20,HTML paper/problem/practice,English/Hindi,Official mathematics and science Olympiad papers and solutions,,,yes
India,EM/DM,EM/DM,B,Olympiad archive,HBCSE Olympiad past papers,https://olympiads.hbcse.tifr.res.in/how-to-prepare/past-papers/,Syllabus,https://olympiads.hbcse.tifr.res.in/how-to-prepare/syllabus/,HTML source/link,English/Hindi,Official mathematics and science Olympiad papers and solutions,,,yes
India,EM/DM,EM/DM,B,Olympiad archive,HBCSE Olympiad past papers,https://olympiads.hbcse.tifr.res.in/how-to-prepare/past-papers/,Information Brochures,https://olympiads.hbcse.tifr.res.in/information-brochures/,HTML source/link,English/Hindi,Official mathematics and science Olympiad papers and solutions,,,yes
India,EM/DM,EM/DM,B,Olympiad archive,HBCSE Olympiad past papers,https://olympiads.hbcse.tifr.res.in/how-to-prepare/past-papers/,KEY for PRMO 2017,https://olympiads.hbcse.tifr.res.in/key-for-prmo-2017/,HTML source/link,English/Hindi,Official mathematics and science Olympiad papers and solutions,,,yes
India,EM/DM,EM/DM,B,Olympiad archive,HBCSE Olympiad past papers,https://olympiads.hbcse.tifr.res.in/how-to-prepare/past-papers/,Mathematical Olympiad 2025-2026,https://olympiads.hbcse.tifr.res.in/mathematical-olympiad-2025-2026/,HTML source/link,English/Hindi,Official mathematics and science Olympiad papers and solutions,,,yes
India,EM/DM,EM/DM,B,Olympiad archive,HBCSE Olympiad past papers,https://olympiads.hbcse.tifr.res.in/how-to-prepare/past-papers/,Mathematical Olympiad 2026-2027,https://olympiads.hbcse.tifr.res.in/mathematical-olympiad-2026-2027/,HTML source/link,English/Hindi,Official mathematics and science Olympiad papers and solutions,,,yes
India,EM/DM,EM/DM,B,Olympiad archive,HBCSE Olympiad past papers,https://olympiads.hbcse.tifr.res.in/how-to-prepare/past-papers/,Olympiads 2025-2026,https://olympiads.hbcse.tifr.res.in/olympiads-2025-2026/,HTML source/link,English/Hindi,Official mathematics and science Olympiad papers and solutions,,,yes
India,EM/DM,EM/DM,B,Olympiad archive,HBCSE Olympiad past papers,https://olympiads.hbcse.tifr.res.in/how-to-prepare/past-papers/,Olympiads 2026-2027,https://olympiads.hbcse.tifr.res.in/olympiads-2026-2027/,HTML source/link,English/Hindi,Official mathematics and science Olympiad papers and solutions,,,yes
India,EM/DM,EM/DM,A,Olympiad archive,HBCSE Olympiad past papers,https://olympiads.hbcse.tifr.res.in/how-to-prepare/past-papers/,Model Solutions,https://olympiads.hbcse.tifr.res.in/olympiads/wp-content/uploads/2016/08/Answerkey-INBO-2011.pdf,PDF solution/answer,English/Hindi,Official mathematics and science Olympiad papers and solutions,,,yes
India,EM/DM,EM/DM,A,Olympiad archive,HBCSE Olympiad past papers,https://olympiads.hbcse.tifr.res.in/how-to-prepare/past-papers/,Sample OMR sheet showing marked answers,https://olympiads.hbcse.tifr.res.in/olympiads/wp-content/uploads/2016/08/sample-OMR-sheet-marking.pdf,PDF solution/answer,English/Hindi,Official mathematics and science Olympiad papers and solutions,,,yes
India,EM/DM,EM/DM,A,Olympiad archive,HBCSE Olympiad past papers,https://olympiads.hbcse.tifr.res.in/how-to-prepare/past-papers/,Sample PRMO questions,https://olympiads.hbcse.tifr.res.in/olympiads/wp-content/uploads/2016/08/sample-prmo-questions.pdf,PDF paper/problem,English/Hindi,Official mathematics and science Olympiad papers and solutions,,,yes
India,EM/DM,EM/DM,A,Olympiad archive,HBCSE Olympiad past papers,https://olympiads.hbcse.tifr.res.in/how-to-prepare/past-papers/,English Version,https://olympiads.hbcse.tifr.res.in/olympiads/wp-content/uploads/2016/09/INMO-2016-English-Version.pdf,PDF resource,English/Hindi,Official mathematics and science Olympiad papers and solutions,,,yes
India,EM/DM,EM/DM,A,Olympiad archive,HBCSE Olympiad past papers,https://olympiads.hbcse.tifr.res.in/how-to-prepare/past-papers/,.Hindi Version,https://olympiads.hbcse.tifr.res.in/olympiads/wp-content/uploads/2016/09/INMO-2016-hindi-version.pdf,PDF resource,English/Hindi,Official mathematics and science Olympiad papers and solutions,,,yes
India,EM/DM,EM/DM,A,Olympiad archive,HBCSE Olympiad past papers,https://olympiads.hbcse.tifr.res.in/how-to-prepare/past-papers/,CRMO 2014 Paper 2,https://olympiads.hbcse.tifr.res.in/olympiads/wp-content/uploads/2016/09/crmo-14-2.pdf,PDF paper/problem,English/Hindi,Official mathematics and science Olympiad papers and solutions,,,yes
India,EM/DM,EM/DM,A,Olympiad archive,HBCSE Olympiad past papers,https://olympiads.hbcse.tifr.res.in/how-to-prepare/past-papers/,CRMO 2014 Paper 3,https://olympiads.hbcse.tifr.res.in/olympiads/wp-content/uploads/2016/09/crmo-14-3.pdf,PDF paper/problem,English/Hindi,Official mathematics and science Olympiad papers and solutions,,,yes
India,EM/DM,EM/DM,A,Olympiad archive,HBCSE Olympiad past papers,https://olympiads.hbcse.tifr.res.in/how-to-prepare/past-papers/,CRMO 2014 Paper 4,https://olympiads.hbcse.tifr.res.in/olympiads/wp-content/uploads/2016/09/crmo-14-4.pdf,PDF paper/problem,English/Hindi,Official mathematics and science Olympiad papers and solutions,,,yes
India,EM/DM,EM/DM,A,Olympiad archive,HBCSE Olympiad past papers,https://olympiads.hbcse.tifr.res.in/how-to-prepare/past-papers/,RMO 2014 (Mumbai region),https://olympiads.hbcse.tifr.res.in/olympiads/wp-content/uploads/2016/09/crmo-14-5.pdf,PDF resource,English/Hindi,Official mathematics and science Olympiad papers and solutions,,,yes
India,EM/DM,EM/DM,A,Olympiad archive,HBCSE Olympiad past papers,https://olympiads.hbcse.tifr.res.in/how-to-prepare/past-papers/,CRMO 2015 Paper 1,https://olympiads.hbcse.tifr.res.in/olympiads/wp-content/uploads/2016/09/crmo-15-1.pdf,PDF paper/problem,English/Hindi,Official mathematics and science Olympiad papers and solutions,,,yes
India,EM/DM,EM/DM,A,Olympiad archive,HBCSE Olympiad past papers,https://olympiads.hbcse.tifr.res.in/how-to-prepare/past-papers/,CRMO 2015 Paper 2,https://olympiads.hbcse.tifr.res.in/olympiads/wp-content/uploads/2016/09/crmo-15-2.pdf,PDF paper/problem,English/Hindi,Official mathematics and science Olympiad papers and solutions,,,yes
India,EM/DM,EM/DM,A,Olympiad archive,HBCSE Olympiad past papers,https://olympiads.hbcse.tifr.res.in/how-to-prepare/past-papers/,CRMO 2015 Paper 3,https://olympiads.hbcse.tifr.res.in/olympiads/wp-content/uploads/2016/09/crmo-15-3.pdf,PDF paper/problem,English/Hindi,Official mathematics and science Olympiad papers and solutions,,,yes
India,EM/DM,EM/DM,A,Olympiad archive,HBCSE Olympiad past papers,https://olympiads.hbcse.tifr.res.in/how-to-prepare/past-papers/,CRMO 2015 Paper 4,https://olympiads.hbcse.tifr.res.in/olympiads/wp-content/uploads/2016/09/crmo-15-4.pdf,PDF paper/problem,English/Hindi,Official mathematics and science Olympiad papers and solutions,,,yes
India,EM/DM,EM/DM,A,Olympiad archive,HBCSE Olympiad past papers,https://olympiads.hbcse.tifr.res.in/how-to-prepare/past-papers/,RMO Paper 2015 (Mumbai region),https://olympiads.hbcse.tifr.res.in/olympiads/wp-content/uploads/2016/09/crmo-15-5.pdf,PDF paper/problem,English/Hindi,Official mathematics and science Olympiad papers and solutions,,,yes
India,EM/DM,EM/DM,A,Olympiad archive,HBCSE Olympiad past papers,https://olympiads.hbcse.tifr.res.in/how-to-prepare/past-papers/,CRMO 2013 Paper 1,https://olympiads.hbcse.tifr.res.in/olympiads/wp-content/uploads/2016/09/crmo-2013-paper-1.pdf,PDF paper/problem,English/Hindi,Official mathematics and science Olympiad papers and solutions,,,yes
India,EM/DM,EM/DM,A,Olympiad archive,HBCSE Olympiad past papers,https://olympiads.hbcse.tifr.res.in/how-to-prepare/past-papers/,CRMO 2013 Paper 2,https://olympiads.hbcse.tifr.res.in/olympiads/wp-content/uploads/2016/09/crmo-2013-paper-2.pdf,PDF paper/problem,English/Hindi,Official mathematics and science Olympiad papers and solutions,,,yes
India,EM/DM,EM/DM,A,Olympiad archive,HBCSE Olympiad past papers,https://olympiads.hbcse.tifr.res.in/how-to-prepare/past-papers/,CRMO 2013 Paper 3,https://olympiads.hbcse.tifr.res.in/olympiads/wp-content/uploads/2016/09/crmo-2013-paper-3.pdf,PDF paper/problem,English/Hindi,Official mathematics and science Olympiad papers and solutions,,,yes
India,EM/DM,EM/DM,A,Olympiad archive,HBCSE Olympiad past papers,https://olympiads.hbcse.tifr.res.in/how-to-prepare/past-papers/,CRMO 2013 Paper 4,https://olympiads.hbcse.tifr.res.in/olympiads/wp-content/uploads/2016/09/crmo-2013-paper-4.pdf,PDF paper/problem,English/Hindi,Official mathematics and science Olympiad papers and solutions,,,yes
India,EM/DM,EM/DM,A,Olympiad archive,HBCSE Olympiad past papers,https://olympiads.hbcse.tifr.res.in/how-to-prepare/past-papers/,Solution,https://olympiads.hbcse.tifr.res.in/olympiads/wp-content/uploads/2016/09/crmo-2013-solutions-1.pdf,PDF solution/answer,English/Hindi,Official mathematics and science Olympiad papers and solutions,,,yes
India,EM/DM,EM/DM,A,Olympiad archive,HBCSE Olympiad past papers,https://olympiads.hbcse.tifr.res.in/how-to-prepare/past-papers/,Solution,https://olympiads.hbcse.tifr.res.in/olympiads/wp-content/uploads/2016/09/crmo-2013-solutions-2.pdf,PDF solution/answer,English/Hindi,Official mathematics and science Olympiad papers and solutions,,,yes
India,EM/DM,EM/DM,A,Olympiad archive,HBCSE Olympiad past papers,https://olympiads.hbcse.tifr.res.in/how-to-prepare/past-papers/,Solution,https://olympiads.hbcse.tifr.res.in/olympiads/wp-content/uploads/2016/09/crmo-2013-solutions-4.pdf,PDF solution/answer,English/Hindi,Official mathematics and science Olympiad papers and solutions,,,yes
India,EM/DM,EM/DM,A,Olympiad archive,HBCSE Olympiad past papers,https://olympiads.hbcse.tifr.res.in/how-to-prepare/past-papers/,CRMO 2012 Paper & Solution 1,https://olympiads.hbcse.tifr.res.in/olympiads/wp-content/uploads/2016/09/crmosol-12-1.pdf,PDF solution/answer,English/Hindi,Official mathematics and science Olympiad papers and solutions,,,yes
India,EM/DM,EM/DM,A,Olympiad archive,HBCSE Olympiad past papers,https://olympiads.hbcse.tifr.res.in/how-to-prepare/past-papers/,CRMO 2012 Paper & Solution 2,https://olympiads.hbcse.tifr.res.in/olympiads/wp-content/uploads/2016/09/crmosol-12-2.pdf,PDF solution/answer,English/Hindi,Official mathematics and science Olympiad papers and solutions,,,yes
India,EM/DM,EM/DM,A,Olympiad archive,HBCSE Olympiad past papers,https://olympiads.hbcse.tifr.res.in/how-to-prepare/past-papers/,CRMO 2012 Paper & Solution 3,https://olympiads.hbcse.tifr.res.in/olympiads/wp-content/uploads/2016/09/crmosol-12-3.pdf,PDF solution/answer,English/Hindi,Official mathematics and science Olympiad papers and solutions,,,yes
India,EM/DM,EM/DM,A,Olympiad archive,HBCSE Olympiad past papers,https://olympiads.hbcse.tifr.res.in/how-to-prepare/past-papers/,CRMO 2012 Paper & Solution 4,https://olympiads.hbcse.tifr.res.in/olympiads/wp-content/uploads/2016/09/crmosol-12-4.pdf,PDF solution/answer,English/Hindi,Official mathematics and science Olympiad papers and solutions,,,yes
India,EM/DM,EM/DM,A,Olympiad archive,HBCSE Olympiad past papers,https://olympiads.hbcse.tifr.res.in/how-to-prepare/past-papers/,Model Solutions,https://olympiads.hbcse.tifr.res.in/olympiads/wp-content/uploads/2016/09/inao2011-Q-S.pdf,PDF solution/answer,English/Hindi,Official mathematics and science Olympiad papers and solutions,,,yes
India,EM/DM,EM/DM,A,Olympiad archive,HBCSE Olympiad past papers,https://olympiads.hbcse.tifr.res.in/how-to-prepare/past-papers/,Model Solutions,https://olympiads.hbcse.tifr.res.in/olympiads/wp-content/uploads/2016/09/inao2012-Q-S.pdf,PDF solution/answer,English/Hindi,Official mathematics and science Olympiad papers and solutions,,,yes
India,EM/DM,EM/DM,A,Olympiad archive,HBCSE Olympiad past papers,https://olympiads.hbcse.tifr.res.in/how-to-prepare/past-papers/,Model Solutions,https://olympiads.hbcse.tifr.res.in/olympiads/wp-content/uploads/2016/09/inao2014-Q-S.pdf,PDF solution/answer,English/Hindi,Official mathematics and science Olympiad papers and solutions,,,yes
India,EM/DM,EM/DM,A,Olympiad archive,HBCSE Olympiad past papers,https://olympiads.hbcse.tifr.res.in/how-to-prepare/past-papers/,Model Solutions,https://olympiads.hbcse.tifr.res.in/olympiads/wp-content/uploads/2016/09/inao2015-Q-S.pdf,PDF solution/answer,English/Hindi,Official mathematics and science Olympiad papers and solutions,,,yes
India,EM/DM,EM/DM,A,Olympiad archive,HBCSE Olympiad past papers,https://olympiads.hbcse.tifr.res.in/how-to-prepare/past-papers/,Model Solutions,https://olympiads.hbcse.tifr.res.in/olympiads/wp-content/uploads/2016/09/inao2016-Q-S.pdf,PDF solution/answer,English/Hindi,Official mathematics and science Olympiad papers and solutions,,,yes
India,EM/DM,EM/DM,A,Olympiad archive,HBCSE Olympiad past papers,https://olympiads.hbcse.tifr.res.in/how-to-prepare/past-papers/,Question Paper,https://olympiads.hbcse.tifr.res.in/olympiads/wp-content/uploads/2016/09/inaoJr2009-Q.pdf,PDF paper/problem,English/Hindi,Official mathematics and science Olympiad papers and solutions,,,yes
India,EM/DM,EM/DM,A,Olympiad archive,HBCSE Olympiad past papers,https://olympiads.hbcse.tifr.res.in/how-to-prepare/past-papers/,Model Solutions,https://olympiads.hbcse.tifr.res.in/olympiads/wp-content/uploads/2016/09/inaoJr2009-S.pdf,PDF solution/answer,English/Hindi,Official mathematics and science Olympiad papers and solutions,,,yes
India,EM/DM,EM/DM,A,Olympiad archive,HBCSE Olympiad past papers,https://olympiads.hbcse.tifr.res.in/how-to-prepare/past-papers/,Question Paper,https://olympiads.hbcse.tifr.res.in/olympiads/wp-content/uploads/2016/09/inaoJr2010-Q.pdf,PDF paper/problem,English/Hindi,Official mathematics and science Olympiad papers and solutions,,,yes
India,EM/DM,EM/DM,A,Olympiad archive,HBCSE Olympiad past papers,https://olympiads.hbcse.tifr.res.in/how-to-prepare/past-papers/,Model Solutions,https://olympiads.hbcse.tifr.res.in/olympiads/wp-content/uploads/2016/09/inaoJr2010-S.pdf,PDF solution/answer,English/Hindi,Official mathematics and science Olympiad papers and solutions,,,yes
India,EM/DM,EM/DM,A,Olympiad archive,HBCSE Olympiad past papers,https://olympiads.hbcse.tifr.res.in/how-to-prepare/past-papers/,Model Solutions,https://olympiads.hbcse.tifr.res.in/olympiads/wp-content/uploads/2016/09/inaoSr2008-Q-S.pdf,PDF solution/answer,English/Hindi,Official mathematics and science Olympiad papers and solutions,,,yes
India,EM/DM,EM/DM,A,Olympiad archive,HBCSE Olympiad past papers,https://olympiads.hbcse.tifr.res.in/how-to-prepare/past-papers/,Question Paper,https://olympiads.hbcse.tifr.res.in/olympiads/wp-content/uploads/2016/09/inaoSr2009-Q.pdf,PDF paper/problem,English/Hindi,Official mathematics and science Olympiad papers and solutions,,,yes
India,EM/DM,EM/DM,A,Olympiad archive,HBCSE Olympiad past papers,https://olympiads.hbcse.tifr.res.in/how-to-prepare/past-papers/,Model Solutions,https://olympiads.hbcse.tifr.res.in/olympiads/wp-content/uploads/2016/09/inaoSr2009-S.pdf,PDF solution/answer,English/Hindi,Official mathematics and science Olympiad papers and solutions,,,yes
India,EM/DM,EM/DM,A,Olympiad archive,HBCSE Olympiad past papers,https://olympiads.hbcse.tifr.res.in/how-to-prepare/past-papers/,Question Paper,https://olympiads.hbcse.tifr.res.in/olympiads/wp-content/uploads/2016/09/inaoSr2010-Q.pdf,PDF paper/problem,English/Hindi,Official mathematics and science Olympiad papers and solutions,,,yes
India,EM/DM,EM/DM,A,Olympiad archive,HBCSE Olympiad past papers,https://olympiads.hbcse.tifr.res.in/how-to-prepare/past-papers/,Model Solutions,https://olympiads.hbcse.tifr.res.in/olympiads/wp-content/uploads/2016/09/inaoSr2010-S.pdf,PDF solution/answer,English/Hindi,Official mathematics and science Olympiad papers and solutions,,,yes
India,EM/DM,EM/DM,A,Olympiad archive,HBCSE Olympiad past papers,https://olympiads.hbcse.tifr.res.in/how-to-prepare/past-papers/,Question Paper,https://olympiads.hbcse.tifr.res.in/olympiads/wp-content/uploads/2016/09/inbo2005-Q.pdf,PDF paper/problem,English/Hindi,Official mathematics and science Olympiad papers and solutions,,,yes
India,EM/DM,EM/DM,A,Olympiad archive,HBCSE Olympiad past papers,https://olympiads.hbcse.tifr.res.in/how-to-prepare/past-papers/,Question Paper,https://olympiads.hbcse.tifr.res.in/olympiads/wp-content/uploads/2016/09/inbo2009-Q.pdf,PDF paper/problem,English/Hindi,Official mathematics and science Olympiad papers and solutions,,,yes
India,EM/DM,EM/DM,A,Olympiad archive,HBCSE Olympiad past papers,https://olympiads.hbcse.tifr.res.in/how-to-prepare/past-papers/,Model Solutions,https://olympiads.hbcse.tifr.res.in/olympiads/wp-content/uploads/2016/09/inbo2009-S.pdf,PDF solution/answer,English/Hindi,Official mathematics and science Olympiad papers and solutions,,,yes
India,EM/DM,EM/DM,A,Olympiad archive,HBCSE Olympiad past papers,https://olympiads.hbcse.tifr.res.in/how-to-prepare/past-papers/,Question Paper,https://olympiads.hbcse.tifr.res.in/olympiads/wp-content/uploads/2016/09/inbo2010-Q.pdf,PDF paper/problem,English/Hindi,Official mathematics and science Olympiad papers and solutions,,,yes
India,EM/DM,EM/DM,A,Olympiad archive,HBCSE Olympiad past papers,https://olympiads.hbcse.tifr.res.in/how-to-prepare/past-papers/,Model Solutions,https://olympiads.hbcse.tifr.res.in/olympiads/wp-content/uploads/2016/09/inbo2010-S.pdf,PDF solution/answer,English/Hindi,Official mathematics and science Olympiad papers and solutions,,,yes
India,EM/DM,EM/DM,A,Olympiad archive,HBCSE Olympiad past papers,https://olympiads.hbcse.tifr.res.in/how-to-prepare/past-papers/,Question Paper,https://olympiads.hbcse.tifr.res.in/olympiads/wp-content/uploads/2016/09/inbo2012-Q.pdf,PDF paper/problem,English/Hindi,Official mathematics and science Olympiad papers and solutions,,,yes
India,EM/DM,EM/DM,A,Olympiad archive,HBCSE Olympiad past papers,https://olympiads.hbcse.tifr.res.in/how-to-prepare/past-papers/,Model Solutions,https://olympiads.hbcse.tifr.res.in/olympiads/wp-content/uploads/2016/09/inbo2012-S.pdf,PDF solution/answer,English/Hindi,Official mathematics and science Olympiad papers and solutions,,,yes
India,EM/DM,EM/DM,A,Olympiad archive,HBCSE Olympiad past papers,https://olympiads.hbcse.tifr.res.in/how-to-prepare/past-papers/,Question Paper,https://olympiads.hbcse.tifr.res.in/olympiads/wp-content/uploads/2016/09/inbo2013-Q.pdf,PDF paper/problem,English/Hindi,Official mathematics and science Olympiad papers and solutions,,,yes
India,EM/DM,EM/DM,A,Olympiad archive,HBCSE Olympiad past papers,https://olympiads.hbcse.tifr.res.in/how-to-prepare/past-papers/,Model Solutions,https://olympiads.hbcse.tifr.res.in/olympiads/wp-content/uploads/2016/09/inbo2013-S.pdf,PDF solution/answer,English/Hindi,Official mathematics and science Olympiad papers and solutions,,,yes
India,EM/DM,EM/DM,A,Olympiad archive,HBCSE Olympiad past papers,https://olympiads.hbcse.tifr.res.in/how-to-prepare/past-papers/,Question Paper,https://olympiads.hbcse.tifr.res.in/olympiads/wp-content/uploads/2016/09/inbo2014-Q.pdf,PDF paper/problem,English/Hindi,Official mathematics and science Olympiad papers and solutions,,,yes
India,EM/DM,EM/DM,A,Olympiad archive,HBCSE Olympiad past papers,https://olympiads.hbcse.tifr.res.in/how-to-prepare/past-papers/,Model Solutions,https://olympiads.hbcse.tifr.res.in/olympiads/wp-content/uploads/2016/09/inbo2014-S.pdf,PDF solution/answer,English/Hindi,Official mathematics and science Olympiad papers and solutions,,,yes
India,EM/DM,EM/DM,A,Olympiad archive,HBCSE Olympiad past papers,https://olympiads.hbcse.tifr.res.in/how-to-prepare/past-papers/,Question Paper,https://olympiads.hbcse.tifr.res.in/olympiads/wp-content/uploads/2016/09/inbo2015-Q.pdf,PDF paper/problem,English/Hindi,Official mathematics and science Olympiad papers and solutions,,,yes
India,EM/DM,EM/DM,A,Olympiad archive,HBCSE Olympiad past papers,https://olympiads.hbcse.tifr.res.in/how-to-prepare/past-papers/,Model Solutions,https://olympiads.hbcse.tifr.res.in/olympiads/wp-content/uploads/2016/09/inbo2015-S.pdf,PDF solution/answer,English/Hindi,Official mathematics and science Olympiad papers and solutions,,,yes
India,EM/DM,EM/DM,A,Olympiad archive,HBCSE Olympiad past papers,https://olympiads.hbcse.tifr.res.in/how-to-prepare/past-papers/,Question Paper,https://olympiads.hbcse.tifr.res.in/olympiads/wp-content/uploads/2016/09/inbo2016-Q.pdf,PDF paper/problem,English/Hindi,Official mathematics and science Olympiad papers and solutions,,,yes
India,EM/DM,EM/DM,A,Olympiad archive,HBCSE Olympiad past papers,https://olympiads.hbcse.tifr.res.in/how-to-prepare/past-papers/,Model Solutions,https://olympiads.hbcse.tifr.res.in/olympiads/wp-content/uploads/2016/09/inbo2016-S.pdf,PDF solution/answer,English/Hindi,Official mathematics and science Olympiad papers and solutions,,,yes
India,EM/DM,EM/DM,A,Olympiad archive,HBCSE Olympiad past papers,https://olympiads.hbcse.tifr.res.in/how-to-prepare/past-papers/,Model Solutions,https://olympiads.hbcse.tifr.res.in/olympiads/wp-content/uploads/2016/09/incho2009-S.pdf,PDF solution/answer,English/Hindi,Official mathematics and science Olympiad papers and solutions,,,yes
India,EM/DM,EM/DM,A,Olympiad archive,HBCSE Olympiad past papers,https://olympiads.hbcse.tifr.res.in/how-to-prepare/past-papers/,Question Paper,https://olympiads.hbcse.tifr.res.in/olympiads/wp-content/uploads/2016/09/incho2010-Q.pdf,PDF paper/problem,English/Hindi,Official mathematics and science Olympiad papers and solutions,,,yes
India,EM/DM,EM/DM,A,Olympiad archive,HBCSE Olympiad past papers,https://olympiads.hbcse.tifr.res.in/how-to-prepare/past-papers/,Model Solutions,https://olympiads.hbcse.tifr.res.in/olympiads/wp-content/uploads/2016/09/incho2010-S.pdf,PDF solution/answer,English/Hindi,Official mathematics and science Olympiad papers and solutions,,,yes
India,EM/DM,EM/DM,A,Olympiad archive,HBCSE Olympiad past papers,https://olympiads.hbcse.tifr.res.in/how-to-prepare/past-papers/,Question Paper,https://olympiads.hbcse.tifr.res.in/olympiads/wp-content/uploads/2016/09/incho2012-Q.pdf,PDF paper/problem,English/Hindi,Official mathematics and science Olympiad papers and solutions,,,yes
India,EM/DM,EM/DM,A,Olympiad archive,HBCSE Olympiad past papers,https://olympiads.hbcse.tifr.res.in/how-to-prepare/past-papers/,Model Solutions,https://olympiads.hbcse.tifr.res.in/olympiads/wp-content/uploads/2016/09/incho2012-S.pdf,PDF solution/answer,English/Hindi,Official mathematics and science Olympiad papers and solutions,,,yes
India,EM/DM,EM/DM,A,Olympiad archive,HBCSE Olympiad past papers,https://olympiads.hbcse.tifr.res.in/how-to-prepare/past-papers/,Question Paper,https://olympiads.hbcse.tifr.res.in/olympiads/wp-content/uploads/2016/09/incho2013-Q.pdf,PDF paper/problem,English/Hindi,Official mathematics and science Olympiad papers and solutions,,,yes
India,EM/DM,EM/DM,A,Olympiad archive,HBCSE Olympiad past papers,https://olympiads.hbcse.tifr.res.in/how-to-prepare/past-papers/,Model Solutions,https://olympiads.hbcse.tifr.res.in/olympiads/wp-content/uploads/2016/09/incho2013-S.pdf,PDF solution/answer,English/Hindi,Official mathematics and science Olympiad papers and solutions,,,yes
India,EM/DM,EM/DM,A,Olympiad archive,HBCSE Olympiad past papers,https://olympiads.hbcse.tifr.res.in/how-to-prepare/past-papers/,Question Paper,https://olympiads.hbcse.tifr.res.in/olympiads/wp-content/uploads/2016/09/incho2014-Q.pdf,PDF paper/problem,English/Hindi,Official mathematics and science Olympiad papers and solutions,,,yes
India,EM/DM,EM/DM,A,Olympiad archive,HBCSE Olympiad past papers,https://olympiads.hbcse.tifr.res.in/how-to-prepare/past-papers/,Model Solutions,https://olympiads.hbcse.tifr.res.in/olympiads/wp-content/uploads/2016/09/incho2014-S.pdf,PDF solution/answer,English/Hindi,Official mathematics and science Olympiad papers and solutions,,,yes
India,EM/DM,EM/DM,A,Olympiad archive,HBCSE Olympiad past papers,https://olympiads.hbcse.tifr.res.in/how-to-prepare/past-papers/,Question Paper,https://olympiads.hbcse.tifr.res.in/olympiads/wp-content/uploads/2016/09/incho2015-Q.pdf,PDF paper/problem,English/Hindi,Official mathematics and science Olympiad papers and solutions,,,yes
India,EM/DM,EM/DM,A,Olympiad archive,HBCSE Olympiad past papers,https://olympiads.hbcse.tifr.res.in/how-to-prepare/past-papers/,Model Solutions,https://olympiads.hbcse.tifr.res.in/olympiads/wp-content/uploads/2016/09/incho2015-S.pdf,PDF solution/answer,English/Hindi,Official mathematics and science Olympiad papers and solutions,,,yes
India,EM/DM,EM/DM,A,Olympiad archive,HBCSE Olympiad past papers,https://olympiads.hbcse.tifr.res.in/how-to-prepare/past-papers/,Question Paper,https://olympiads.hbcse.tifr.res.in/olympiads/wp-content/uploads/2016/09/injso2009-Q.pdf,PDF paper/problem,English/Hindi,Official mathematics and science Olympiad papers and solutions,,,yes
India,EM/DM,EM/DM,A,Olympiad archive,HBCSE Olympiad past papers,https://olympiads.hbcse.tifr.res.in/how-to-prepare/past-papers/,Model Solutions,https://olympiads.hbcse.tifr.res.in/olympiads/wp-content/uploads/2016/09/injso2009-S.pdf,PDF solution/answer,English/Hindi,Official mathematics and science Olympiad papers and solutions,,,yes
India,EM/DM,EM/DM,A,Olympiad archive,HBCSE Olympiad past papers,https://olympiads.hbcse.tifr.res.in/how-to-prepare/past-papers/,Question Paper,https://olympiads.hbcse.tifr.res.in/olympiads/wp-content/uploads/2016/09/injso2010-Q.pdf,PDF paper/problem,English/Hindi,Official mathematics and science Olympiad papers and solutions,,,yes
India,EM/DM,EM/DM,A,Olympiad archive,HBCSE Olympiad past papers,https://olympiads.hbcse.tifr.res.in/how-to-prepare/past-papers/,Model Solutions,https://olympiads.hbcse.tifr.res.in/olympiads/wp-content/uploads/2016/09/injso2010-S.pdf,PDF solution/answer,English/Hindi,Official mathematics and science Olympiad papers and solutions,,,yes
India,EM/DM,EM/DM,A,Olympiad archive,HBCSE Olympiad past papers,https://olympiads.hbcse.tifr.res.in/how-to-prepare/past-papers/,Question Paper,https://olympiads.hbcse.tifr.res.in/olympiads/wp-content/uploads/2016/09/injso2011-Q.pdf,PDF paper/problem,English/Hindi,Official mathematics and science Olympiad papers and solutions,,,yes
India,EM/DM,EM/DM,A,Olympiad archive,HBCSE Olympiad past papers,https://olympiads.hbcse.tifr.res.in/how-to-prepare/past-papers/,Model Solutions,https://olympiads.hbcse.tifr.res.in/olympiads/wp-content/uploads/2016/09/injso2011-S.pdf,PDF solution/answer,English/Hindi,Official mathematics and science Olympiad papers and solutions,,,yes
India,EM/DM,EM/DM,A,Olympiad archive,HBCSE Olympiad past papers,https://olympiads.hbcse.tifr.res.in/how-to-prepare/past-papers/,Question Paper,https://olympiads.hbcse.tifr.res.in/olympiads/wp-content/uploads/2016/09/injso2012-Q.pdf,PDF paper/problem,English/Hindi,Official mathematics and science Olympiad papers and solutions,,,yes
India,EM/DM,EM/DM,A,Olympiad archive,HBCSE Olympiad past papers,https://olympiads.hbcse.tifr.res.in/how-to-prepare/past-papers/,Model Solutions,https://olympiads.hbcse.tifr.res.in/olympiads/wp-content/uploads/2016/09/injso2012-S.pdf,PDF solution/answer,English/Hindi,Official mathematics and science Olympiad papers and solutions,,,yes
India,EM/DM,EM/DM,A,Olympiad archive,HBCSE Olympiad past papers,https://olympiads.hbcse.tifr.res.in/how-to-prepare/past-papers/,Question Paper,https://olympiads.hbcse.tifr.res.in/olympiads/wp-content/uploads/2016/09/injso2013-Q.pdf,PDF paper/problem,English/Hindi,Official mathematics and science Olympiad papers and solutions,,,yes
India,EM/DM,EM/DM,A,Olympiad archive,HBCSE Olympiad past papers,https://olympiads.hbcse.tifr.res.in/how-to-prepare/past-papers/,Model Solutions,https://olympiads.hbcse.tifr.res.in/olympiads/wp-content/uploads/2016/09/injso2013-S.pdf,PDF solution/answer,English/Hindi,Official mathematics and science Olympiad papers and solutions,,,yes
India,EM/DM,EM/DM,A,Olympiad archive,HBCSE Olympiad past papers,https://olympiads.hbcse.tifr.res.in/how-to-prepare/past-papers/,Question Paper,https://olympiads.hbcse.tifr.res.in/olympiads/wp-content/uploads/2016/09/injso2014-Q.pdf,PDF paper/problem,English/Hindi,Official mathematics and science Olympiad papers and solutions,,,yes
India,EM/DM,EM/DM,A,Olympiad archive,HBCSE Olympiad past papers,https://olympiads.hbcse.tifr.res.in/how-to-prepare/past-papers/,Model Solutions,https://olympiads.hbcse.tifr.res.in/olympiads/wp-content/uploads/2016/09/injso2014-S.pdf,PDF solution/answer,English/Hindi,Official mathematics and science Olympiad papers and solutions,,,yes
India,EM/DM,EM/DM,A,Olympiad archive,HBCSE Olympiad past papers,https://olympiads.hbcse.tifr.res.in/how-to-prepare/past-papers/,Question Paper,https://olympiads.hbcse.tifr.res.in/olympiads/wp-content/uploads/2016/09/injso2015-Q.pdf,PDF paper/problem,English/Hindi,Official mathematics and science Olympiad papers and solutions,,,yes
India,EM/DM,EM/DM,A,Olympiad archive,HBCSE Olympiad past papers,https://olympiads.hbcse.tifr.res.in/how-to-prepare/past-papers/,Model Solutions,https://olympiads.hbcse.tifr.res.in/olympiads/wp-content/uploads/2016/09/injso2015-S.pdf,PDF solution/answer,English/Hindi,Official mathematics and science Olympiad papers and solutions,,,yes
India,EM/DM,EM/DM,A,Olympiad archive,HBCSE Olympiad past papers,https://olympiads.hbcse.tifr.res.in/how-to-prepare/past-papers/,Question Paper,https://olympiads.hbcse.tifr.res.in/olympiads/wp-content/uploads/2016/09/injso2016-Q.pdf,PDF paper/problem,English/Hindi,Official mathematics and science Olympiad papers and solutions,,,yes
India,EM/DM,EM/DM,A,Olympiad archive,HBCSE Olympiad past papers,https://olympiads.hbcse.tifr.res.in/how-to-prepare/past-papers/,Model Solutions,https://olympiads.hbcse.tifr.res.in/olympiads/wp-content/uploads/2016/09/injso2016-S.pdf,PDF solution/answer,English/Hindi,Official mathematics and science Olympiad papers and solutions,,,yes
India,EM/DM,EM/DM,A,Olympiad archive,HBCSE Olympiad past papers,https://olympiads.hbcse.tifr.res.in/how-to-prepare/past-papers/,INMO 2002,https://olympiads.hbcse.tifr.res.in/olympiads/wp-content/uploads/2016/09/inmo-2002.pdf,PDF resource,English/Hindi,Official mathematics and science Olympiad papers and solutions,,,yes
India,EM/DM,EM/DM,A,Olympiad archive,HBCSE Olympiad past papers,https://olympiads.hbcse.tifr.res.in/how-to-prepare/past-papers/,INMO 2003,https://olympiads.hbcse.tifr.res.in/olympiads/wp-content/uploads/2016/09/inmo-2003.pdf,PDF resource,English/Hindi,Official mathematics and science Olympiad papers and solutions,,,yes
India,EM/DM,EM/DM,A,Olympiad archive,HBCSE Olympiad past papers,https://olympiads.hbcse.tifr.res.in/how-to-prepare/past-papers/,INMO 2004,https://olympiads.hbcse.tifr.res.in/olympiads/wp-content/uploads/2016/09/inmo-2004.pdf,PDF resource,English/Hindi,Official mathematics and science Olympiad papers and solutions,,,yes
India,EM/DM,EM/DM,A,Olympiad archive,HBCSE Olympiad past papers,https://olympiads.hbcse.tifr.res.in/how-to-prepare/past-papers/,INMO 2005,https://olympiads.hbcse.tifr.res.in/olympiads/wp-content/uploads/2016/09/inmo-2005.pdf,PDF resource,English/Hindi,Official mathematics and science Olympiad papers and solutions,,,yes
India,EM/DM,EM/DM,A,Olympiad archive,HBCSE Olympiad past papers,https://olympiads.hbcse.tifr.res.in/how-to-prepare/past-papers/,INMO 2006,https://olympiads.hbcse.tifr.res.in/olympiads/wp-content/uploads/2016/09/inmo-2006.pdf,PDF resource,English/Hindi,Official mathematics and science Olympiad papers and solutions,,,yes
India,EM/DM,EM/DM,A,Olympiad archive,HBCSE Olympiad past papers,https://olympiads.hbcse.tifr.res.in/how-to-prepare/past-papers/,INMO 2007,https://olympiads.hbcse.tifr.res.in/olympiads/wp-content/uploads/2016/09/inmo-2007.pdf,PDF resource,English/Hindi,Official mathematics and science Olympiad papers and solutions,,,yes
India,EM/DM,EM/DM,A,Olympiad archive,HBCSE Olympiad past papers,https://olympiads.hbcse.tifr.res.in/how-to-prepare/past-papers/,INMO 2009,https://olympiads.hbcse.tifr.res.in/olympiads/wp-content/uploads/2016/09/inmo-2009-1.pdf,PDF resource,English/Hindi,Official mathematics and science Olympiad papers and solutions,,,yes
India,EM/DM,EM/DM,A,Olympiad archive,HBCSE Olympiad past papers,https://olympiads.hbcse.tifr.res.in/how-to-prepare/past-papers/,INMO 2012,https://olympiads.hbcse.tifr.res.in/olympiads/wp-content/uploads/2016/09/inmo-2012.pdf,PDF resource,English/Hindi,Official mathematics and science Olympiad papers and solutions,,,yes
India,EM/DM,EM/DM,A,Olympiad archive,HBCSE Olympiad past papers,https://olympiads.hbcse.tifr.res.in/how-to-prepare/past-papers/,INMO 2014,https://olympiads.hbcse.tifr.res.in/olympiads/wp-content/uploads/2016/09/inmo-2014.pdf,PDF resource,English/Hindi,Official mathematics and science Olympiad papers and solutions,,,yes
India,EM/DM,EM/DM,A,Olympiad archive,HBCSE Olympiad past papers,https://olympiads.hbcse.tifr.res.in/how-to-prepare/past-papers/,INMO 2000,https://olympiads.hbcse.tifr.res.in/olympiads/wp-content/uploads/2016/09/inmo-sol-2000.pdf,PDF resource,English/Hindi,Official mathematics and science Olympiad papers and solutions,,,yes
India,EM/DM,EM/DM,A,Olympiad archive,HBCSE Olympiad past papers,https://olympiads.hbcse.tifr.res.in/how-to-prepare/past-papers/,INMO 2001,https://olympiads.hbcse.tifr.res.in/olympiads/wp-content/uploads/2016/09/inmo-sol-2001.pdf,PDF resource,English/Hindi,Official mathematics and science Olympiad papers and solutions,,,yes
India,EM/DM,EM/DM,A,Olympiad archive,HBCSE Olympiad past papers,https://olympiads.hbcse.tifr.res.in/how-to-prepare/past-papers/,INMO 2011,https://olympiads.hbcse.tifr.res.in/olympiads/wp-content/uploads/2016/09/inmo-sol-2011.pdf,PDF resource,English/Hindi,Official mathematics and science Olympiad papers and solutions,,,yes
India,EM/DM,EM/DM,A,Olympiad archive,HBCSE Olympiad past papers,https://olympiads.hbcse.tifr.res.in/how-to-prepare/past-papers/,INMO 2013,https://olympiads.hbcse.tifr.res.in/olympiads/wp-content/uploads/2016/09/inmo2013-solutions.pdf,PDF solution/answer,English/Hindi,Official mathematics and science Olympiad papers and solutions,,,yes
India,EM/DM,EM/DM,A,Olympiad archive,HBCSE Olympiad past papers,https://olympiads.hbcse.tifr.res.in/how-to-prepare/past-papers/,INMO 2015,https://olympiads.hbcse.tifr.res.in/olympiads/wp-content/uploads/2016/09/inmosol-15.pdf,PDF resource,English/Hindi,Official mathematics and science Olympiad papers and solutions,,,yes
India,EM/DM,EM/DM,A,Olympiad archive,HBCSE Olympiad past papers,https://olympiads.hbcse.tifr.res.in/how-to-prepare/past-papers/,Question Paper,https://olympiads.hbcse.tifr.res.in/olympiads/wp-content/uploads/2016/09/inpho2008-Q.pdf,PDF paper/problem,English/Hindi,Official mathematics and science Olympiad papers and solutions,,,yes
India,EM/DM,EM/DM,A,Olympiad archive,HBCSE Olympiad past papers,https://olympiads.hbcse.tifr.res.in/how-to-prepare/past-papers/,Question Paper,https://olympiads.hbcse.tifr.res.in/olympiads/wp-content/uploads/2016/09/inpho2009-Q.pdf,PDF paper/problem,English/Hindi,Official mathematics and science Olympiad papers and solutions,,,yes
India,EM/DM,EM/DM,A,Olympiad archive,HBCSE Olympiad past papers,https://olympiads.hbcse.tifr.res.in/how-to-prepare/past-papers/,Model Solutions,https://olympiads.hbcse.tifr.res.in/olympiads/wp-content/uploads/2016/09/inpho2009-S.pdf,PDF solution/answer,English/Hindi,Official mathematics and science Olympiad papers and solutions,,,yes
India,EM/DM,EM/DM,A,Olympiad archive,HBCSE Olympiad past papers,https://olympiads.hbcse.tifr.res.in/how-to-prepare/past-papers/,Question Paper,https://olympiads.hbcse.tifr.res.in/olympiads/wp-content/uploads/2016/09/inpho2010-Q.pdf,PDF paper/problem,English/Hindi,Official mathematics and science Olympiad papers and solutions,,,yes
India,EM/DM,EM/DM,A,Olympiad archive,HBCSE Olympiad past papers,https://olympiads.hbcse.tifr.res.in/how-to-prepare/past-papers/,Model Solutions,https://olympiads.hbcse.tifr.res.in/olympiads/wp-content/uploads/2016/09/inpho2010-S.pdf,PDF solution/answer,English/Hindi,Official mathematics and science Olympiad papers and solutions,,,yes
India,EM/DM,EM/DM,A,Olympiad archive,HBCSE Olympiad past papers,https://olympiads.hbcse.tifr.res.in/how-to-prepare/past-papers/,Question Paper,https://olympiads.hbcse.tifr.res.in/olympiads/wp-content/uploads/2016/09/inpho2011-Q.pdf,PDF paper/problem,English/Hindi,Official mathematics and science Olympiad papers and solutions,,,yes
India,EM/DM,EM/DM,A,Olympiad archive,HBCSE Olympiad past papers,https://olympiads.hbcse.tifr.res.in/how-to-prepare/past-papers/,Question Paper,https://olympiads.hbcse.tifr.res.in/olympiads/wp-content/uploads/2016/09/inpho2012-Q.pdf,PDF paper/problem,English/Hindi,Official mathematics and science Olympiad papers and solutions,,,yes
India,EM/DM,EM/DM,A,Olympiad archive,HBCSE Olympiad past papers,https://olympiads.hbcse.tifr.res.in/how-to-prepare/past-papers/,Model Solutions,https://olympiads.hbcse.tifr.res.in/olympiads/wp-content/uploads/2016/09/inpho2012-S.pdf,PDF solution/answer,English/Hindi,Official mathematics and science Olympiad papers and solutions,,,yes
India,EM/DM,EM/DM,A,Olympiad archive,HBCSE Olympiad past papers,https://olympiads.hbcse.tifr.res.in/how-to-prepare/past-papers/,Question Paper,https://olympiads.hbcse.tifr.res.in/olympiads/wp-content/uploads/2016/09/inpho2013-Q.pdf,PDF paper/problem,English/Hindi,Official mathematics and science Olympiad papers and solutions,,,yes
India,EM/DM,EM/DM,A,Olympiad archive,HBCSE Olympiad past papers,https://olympiads.hbcse.tifr.res.in/how-to-prepare/past-papers/,Model Solutions,https://olympiads.hbcse.tifr.res.in/olympiads/wp-content/uploads/2016/09/inpho2013-S.pdf,PDF solution/answer,English/Hindi,Official mathematics and science Olympiad papers and solutions,,,yes
India,EM/DM,EM/DM,A,Olympiad archive,HBCSE Olympiad past papers,https://olympiads.hbcse.tifr.res.in/how-to-prepare/past-papers/,Question Paper & Model Solutions,https://olympiads.hbcse.tifr.res.in/olympiads/wp-content/uploads/2016/09/inpho2014-Q-S.pdf,PDF solution/answer,English/Hindi,Official mathematics and science Olympiad papers and solutions,,,yes
India,EM/DM,EM/DM,A,Olympiad archive,HBCSE Olympiad past papers,https://olympiads.hbcse.tifr.res.in/how-to-prepare/past-papers/,Question Paper & Model Solutions,https://olympiads.hbcse.tifr.res.in/olympiads/wp-content/uploads/2016/09/inpho2015-Q-S.pdf,PDF solution/answer,English/Hindi,Official mathematics and science Olympiad papers and solutions,,,yes
India,EM/DM,EM/DM,A,Olympiad archive,HBCSE Olympiad past papers,https://olympiads.hbcse.tifr.res.in/how-to-prepare/past-papers/,Question Paper & Model Solutions,https://olympiads.hbcse.tifr.res.in/olympiads/wp-content/uploads/2016/09/inpho2016-Q-S.pdf,PDF solution/answer,English/Hindi,Official mathematics and science Olympiad papers and solutions,,,yes
India,EM/DM,EM/DM,A,Olympiad archive,HBCSE Olympiad past papers,https://olympiads.hbcse.tifr.res.in/how-to-prepare/past-papers/,PRMO 2012,https://olympiads.hbcse.tifr.res.in/olympiads/wp-content/uploads/2016/09/prermo2012.pdf,PDF resource,English/Hindi,Official mathematics and science Olympiad papers and solutions,,,yes
India,EM/DM,EM/DM,A,Olympiad archive,HBCSE Olympiad past papers,https://olympiads.hbcse.tifr.res.in/how-to-prepare/past-papers/,PRMO 2013,https://olympiads.hbcse.tifr.res.in/olympiads/wp-content/uploads/2016/09/prermo2013.pdf,PDF resource,English/Hindi,Official mathematics and science Olympiad papers and solutions,,,yes
India,EM/DM,EM/DM,A,Olympiad archive,HBCSE Olympiad past papers,https://olympiads.hbcse.tifr.res.in/how-to-prepare/past-papers/,PRMO 2014,https://olympiads.hbcse.tifr.res.in/olympiads/wp-content/uploads/2016/09/prermo2014.pdf,PDF resource,English/Hindi,Official mathematics and science Olympiad papers and solutions,,,yes
India,EM/DM,EM/DM,A,Olympiad archive,HBCSE Olympiad past papers,https://olympiads.hbcse.tifr.res.in/how-to-prepare/past-papers/,1.PRMO 2015 set a,https://olympiads.hbcse.tifr.res.in/olympiads/wp-content/uploads/2016/09/prermo2015-1-a.pdf,PDF resource,English/Hindi,Official mathematics and science Olympiad papers and solutions,,,yes
India,EM/DM,EM/DM,A,Olympiad archive,HBCSE Olympiad past papers,https://olympiads.hbcse.tifr.res.in/how-to-prepare/past-papers/,2.PRMO 2015 set b,https://olympiads.hbcse.tifr.res.in/olympiads/wp-content/uploads/2016/09/prermo2015-1-b.pdf,PDF resource,English/Hindi,Official mathematics and science Olympiad papers and solutions,,,yes
India,EM/DM,EM/DM,A,Olympiad archive,HBCSE Olympiad past papers,https://olympiads.hbcse.tifr.res.in/how-to-prepare/past-papers/,RMO 2004,https://olympiads.hbcse.tifr.res.in/olympiads/wp-content/uploads/2016/09/rmo-2004.pdf,PDF resource,English/Hindi,Official mathematics and science Olympiad papers and solutions,,,yes
India,EM/DM,EM/DM,A,Olympiad archive,HBCSE Olympiad past papers,https://olympiads.hbcse.tifr.res.in/how-to-prepare/past-papers/,RMO 2005,https://olympiads.hbcse.tifr.res.in/olympiads/wp-content/uploads/2016/09/rmo-2005.pdf,PDF resource,English/Hindi,Official mathematics and science Olympiad papers and solutions,,,yes
India,EM/DM,EM/DM,A,Olympiad archive,HBCSE Olympiad past papers,https://olympiads.hbcse.tifr.res.in/how-to-prepare/past-papers/,RMO 2006,https://olympiads.hbcse.tifr.res.in/olympiads/wp-content/uploads/2016/09/rmo-2006.pdf,PDF resource,English/Hindi,Official mathematics and science Olympiad papers and solutions,,,yes
India,EM/DM,EM/DM,A,Olympiad archive,HBCSE Olympiad past papers,https://olympiads.hbcse.tifr.res.in/how-to-prepare/past-papers/,RMO 2007,https://olympiads.hbcse.tifr.res.in/olympiads/wp-content/uploads/2016/09/rmo-2007.pdf,PDF resource,English/Hindi,Official mathematics and science Olympiad papers and solutions,,,yes
India,EM/DM,EM/DM,A,Olympiad archive,HBCSE Olympiad past papers,https://olympiads.hbcse.tifr.res.in/how-to-prepare/past-papers/,RMO 2008,https://olympiads.hbcse.tifr.res.in/olympiads/wp-content/uploads/2016/09/rmo-2008.pdf,PDF resource,English/Hindi,Official mathematics and science Olympiad papers and solutions,,,yes
India,EM/DM,EM/DM,A,Olympiad archive,HBCSE Olympiad past papers,https://olympiads.hbcse.tifr.res.in/how-to-prepare/past-papers/,RMO 2009,https://olympiads.hbcse.tifr.res.in/olympiads/wp-content/uploads/2016/09/rmo-2009.pdf,PDF resource,English/Hindi,Official mathematics and science Olympiad papers and solutions,,,yes
India,EM/DM,EM/DM,A,Olympiad archive,HBCSE Olympiad past papers,https://olympiads.hbcse.tifr.res.in/how-to-prepare/past-papers/,RMO 2010,https://olympiads.hbcse.tifr.res.in/olympiads/wp-content/uploads/2016/09/rmo-2010.pdf,PDF resource,English/Hindi,Official mathematics and science Olympiad papers and solutions,,,yes
India,EM/DM,EM/DM,A,Olympiad archive,HBCSE Olympiad past papers,https://olympiads.hbcse.tifr.res.in/how-to-prepare/past-papers/,RMO 2011,https://olympiads.hbcse.tifr.res.in/olympiads/wp-content/uploads/2016/09/rmo-2011-solutions.pdf,PDF solution/answer,English/Hindi,Official mathematics and science Olympiad papers and solutions,,,yes
India,EM/DM,EM/DM,A,Olympiad archive,HBCSE Olympiad past papers,https://olympiads.hbcse.tifr.res.in/how-to-prepare/past-papers/,RMO 2012 (Mumbai region) Paper & Solution,https://olympiads.hbcse.tifr.res.in/olympiads/wp-content/uploads/2016/09/rmo-2012-mumbai-region.pdf,PDF solution/answer,English/Hindi,Official mathematics and science Olympiad papers and solutions,,,yes
India,EM/DM,EM/DM,A,Olympiad archive,HBCSE Olympiad past papers,https://olympiads.hbcse.tifr.res.in/how-to-prepare/past-papers/,RMO 2013 (Mumbai region),https://olympiads.hbcse.tifr.res.in/olympiads/wp-content/uploads/2016/09/rmo-2013-mumbai-region.pdf,PDF resource,English/Hindi,Official mathematics and science Olympiad papers and solutions,,,yes
India,EM/DM,EM/DM,A,Olympiad archive,HBCSE Olympiad past papers,https://olympiads.hbcse.tifr.res.in/how-to-prepare/past-papers/,RMO 2002,https://olympiads.hbcse.tifr.res.in/olympiads/wp-content/uploads/2016/09/rmo-sol-2002.pdf,PDF resource,English/Hindi,Official mathematics and science Olympiad papers and solutions,,,yes
India,EM/DM,EM/DM,A,Olympiad archive,HBCSE Olympiad past papers,https://olympiads.hbcse.tifr.res.in/how-to-prepare/past-papers/,RMO 2001,https://olympiads.hbcse.tifr.res.in/olympiads/wp-content/uploads/2016/09/rmo2001.pdf,PDF resource,English/Hindi,Official mathematics and science Olympiad papers and solutions,,,yes
India,EM/DM,EM/DM,A,Olympiad archive,HBCSE Olympiad past papers,https://olympiads.hbcse.tifr.res.in/how-to-prepare/past-papers/,Solution,https://olympiads.hbcse.tifr.res.in/olympiads/wp-content/uploads/2016/09/sol-crmo-14-1.pdf,PDF solution/answer,English/Hindi,Official mathematics and science Olympiad papers and solutions,,,yes
India,EM/DM,EM/DM,A,Olympiad archive,HBCSE Olympiad past papers,https://olympiads.hbcse.tifr.res.in/how-to-prepare/past-papers/,Solution,https://olympiads.hbcse.tifr.res.in/olympiads/wp-content/uploads/2016/09/sol-crmo-14-2.pdf,PDF solution/answer,English/Hindi,Official mathematics and science Olympiad papers and solutions,,,yes
India,EM/DM,EM/DM,A,Olympiad archive,HBCSE Olympiad past papers,https://olympiads.hbcse.tifr.res.in/how-to-prepare/past-papers/,Solution,https://olympiads.hbcse.tifr.res.in/olympiads/wp-content/uploads/2016/09/sol-crmo-14-3.pdf,PDF solution/answer,English/Hindi,Official mathematics and science Olympiad papers and solutions,,,yes
India,EM/DM,EM/DM,A,Olympiad archive,HBCSE Olympiad past papers,https://olympiads.hbcse.tifr.res.in/how-to-prepare/past-papers/,Solution,https://olympiads.hbcse.tifr.res.in/olympiads/wp-content/uploads/2016/09/sol-crmo-14-4.pdf,PDF solution/answer,English/Hindi,Official mathematics and science Olympiad papers and solutions,,,yes
India,EM/DM,EM/DM,A,Olympiad archive,HBCSE Olympiad past papers,https://olympiads.hbcse.tifr.res.in/how-to-prepare/past-papers/,Solution,https://olympiads.hbcse.tifr.res.in/olympiads/wp-content/uploads/2016/09/sol-crmo-14-5.pdf,PDF solution/answer,English/Hindi,Official mathematics and science Olympiad papers and solutions,,,yes
India,EM/DM,EM/DM,A,Olympiad archive,HBCSE Olympiad past papers,https://olympiads.hbcse.tifr.res.in/how-to-prepare/past-papers/,Solution,https://olympiads.hbcse.tifr.res.in/olympiads/wp-content/uploads/2016/09/sol-crmo15-1.pdf,PDF solution/answer,English/Hindi,Official mathematics and science Olympiad papers and solutions,,,yes
India,EM/DM,EM/DM,A,Olympiad archive,HBCSE Olympiad past papers,https://olympiads.hbcse.tifr.res.in/how-to-prepare/past-papers/,Solution,https://olympiads.hbcse.tifr.res.in/olympiads/wp-content/uploads/2016/09/sol-crmo15-2.pdf,PDF solution/answer,English/Hindi,Official mathematics and science Olympiad papers and solutions,,,yes
India,EM/DM,EM/DM,A,Olympiad archive,HBCSE Olympiad past papers,https://olympiads.hbcse.tifr.res.in/how-to-prepare/past-papers/,Solution,https://olympiads.hbcse.tifr.res.in/olympiads/wp-content/uploads/2016/09/sol-crmo15-3.pdf,PDF solution/answer,English/Hindi,Official mathematics and science Olympiad papers and solutions,,,yes
India,EM/DM,EM/DM,A,Olympiad archive,HBCSE Olympiad past papers,https://olympiads.hbcse.tifr.res.in/how-to-prepare/past-papers/,Solution,https://olympiads.hbcse.tifr.res.in/olympiads/wp-content/uploads/2016/09/sol-crmo15-4.pdf,PDF solution/answer,English/Hindi,Official mathematics and science Olympiad papers and solutions,,,yes
India,EM/DM,EM/DM,A,Olympiad archive,HBCSE Olympiad past papers,https://olympiads.hbcse.tifr.res.in/how-to-prepare/past-papers/,Solution,https://olympiads.hbcse.tifr.res.in/olympiads/wp-content/uploads/2016/09/sol-crmo15-5.pdf,PDF solution/answer,English/Hindi,Official mathematics and science Olympiad papers and solutions,,,yes
India,EM/DM,EM/DM,A,Olympiad archive,HBCSE Olympiad past papers,https://olympiads.hbcse.tifr.res.in/how-to-prepare/past-papers/,Solution,https://olympiads.hbcse.tifr.res.in/olympiads/wp-content/uploads/2016/09/sol-inmo16.pdf,PDF solution/answer,English/Hindi,Official mathematics and science Olympiad papers and solutions,,,yes
India,EM/DM,EM/DM,A,Olympiad archive,HBCSE Olympiad past papers,https://olympiads.hbcse.tifr.res.in/how-to-prepare/past-papers/,Solution,https://olympiads.hbcse.tifr.res.in/olympiads/wp-content/uploads/2016/09/solutions-to-rmo-2013-mumbai-region.pdf,PDF solution/answer,English/Hindi,Official mathematics and science Olympiad papers and solutions,,,yes
India,EM/DM,EM/DM,A,Olympiad archive,HBCSE Olympiad past papers,https://olympiads.hbcse.tifr.res.in/how-to-prepare/past-papers/,Solution,https://olympiads.hbcse.tifr.res.in/olympiads/wp-content/uploads/2016/11/1sol.pdf,PDF solution/answer,English/Hindi,Official mathematics and science Olympiad papers and solutions,,,yes
India,EM/DM,EM/DM,A,Olympiad archive,HBCSE Olympiad past papers,https://olympiads.hbcse.tifr.res.in/how-to-prepare/past-papers/,Solution,https://olympiads.hbcse.tifr.res.in/olympiads/wp-content/uploads/2016/11/2sol.pdf,PDF solution/answer,English/Hindi,Official mathematics and science Olympiad papers and solutions,,,yes
India,EM/DM,EM/DM,A,Olympiad archive,HBCSE Olympiad past papers,https://olympiads.hbcse.tifr.res.in/how-to-prepare/past-papers/,Solution,https://olympiads.hbcse.tifr.res.in/olympiads/wp-content/uploads/2016/11/3sol.pdf,PDF solution/answer,English/Hindi,Official mathematics and science Olympiad papers and solutions,,,yes
India,EM/DM,EM/DM,A,Olympiad archive,HBCSE Olympiad past papers,https://olympiads.hbcse.tifr.res.in/how-to-prepare/past-papers/,Solution,https://olympiads.hbcse.tifr.res.in/olympiads/wp-content/uploads/2016/11/4sol.pdf,PDF solution/answer,English/Hindi,Official mathematics and science Olympiad papers and solutions,,,yes
India,EM/DM,EM/DM,A,Olympiad archive,HBCSE Olympiad past papers,https://olympiads.hbcse.tifr.res.in/how-to-prepare/past-papers/,CRMO 2016 Paper 1,https://olympiads.hbcse.tifr.res.in/olympiads/wp-content/uploads/2016/11/QPcrmo-16_1.pdf,PDF paper/problem,English/Hindi,Official mathematics and science Olympiad papers and solutions,,,yes
India,EM/DM,EM/DM,A,Olympiad archive,HBCSE Olympiad past papers,https://olympiads.hbcse.tifr.res.in/how-to-prepare/past-papers/,CRMO 2016 Paper 2,https://olympiads.hbcse.tifr.res.in/olympiads/wp-content/uploads/2016/11/QPcrmo-16_2.pdf,PDF paper/problem,English/Hindi,Official mathematics and science Olympiad papers and solutions,,,yes
India,EM/DM,EM/DM,A,Olympiad archive,HBCSE Olympiad past papers,https://olympiads.hbcse.tifr.res.in/how-to-prepare/past-papers/,CRMO 2016 Paper 3,https://olympiads.hbcse.tifr.res.in/olympiads/wp-content/uploads/2016/11/QPcrmo-16_3.pdf,PDF paper/problem,English/Hindi,Official mathematics and science Olympiad papers and solutions,,,yes
India,EM/DM,EM/DM,A,Olympiad archive,HBCSE Olympiad past papers,https://olympiads.hbcse.tifr.res.in/how-to-prepare/past-papers/,CRMO 2016 Paper 4,https://olympiads.hbcse.tifr.res.in/olympiads/wp-content/uploads/2016/11/crmo-16_4.pdf,PDF paper/problem,English/Hindi,Official mathematics and science Olympiad papers and solutions,,,yes
India,EM/DM,EM/DM,A,Olympiad archive,HBCSE Olympiad past papers,https://olympiads.hbcse.tifr.res.in/how-to-prepare/past-papers/,Model Solutions,https://olympiads.hbcse.tifr.res.in/olympiads/wp-content/uploads/2017/01/Frozen-solutions-INChO-2011.pdf,PDF solution/answer,English/Hindi,Official mathematics and science Olympiad papers and solutions,,,yes
India,EM/DM,EM/DM,A,Olympiad archive,HBCSE Olympiad past papers,https://olympiads.hbcse.tifr.res.in/how-to-prepare/past-papers/,Model Solutions,https://olympiads.hbcse.tifr.res.in/olympiads/wp-content/uploads/2017/01/Frozen-solutions-INChO-2016.pdf,PDF solution/answer,English/Hindi,Official mathematics and science Olympiad papers and solutions,,,yes
India,EM/DM,EM/DM,A,Olympiad archive,HBCSE Olympiad past papers,https://olympiads.hbcse.tifr.res.in/how-to-prepare/past-papers/,Question Paper,https://olympiads.hbcse.tifr.res.in/olympiads/wp-content/uploads/2017/01/INBO2017-Question.pdf,PDF paper/problem,English/Hindi,Official mathematics and science Olympiad papers and solutions,,,yes
India,EM/DM,EM/DM,A,Olympiad archive,HBCSE Olympiad past papers,https://olympiads.hbcse.tifr.res.in/how-to-prepare/past-papers/,Question Paper,https://olympiads.hbcse.tifr.res.in/olympiads/wp-content/uploads/2017/01/INChO-2016.pdf,PDF paper/problem,English/Hindi,Official mathematics and science Olympiad papers and solutions,,,yes
India,EM/DM,EM/DM,A,Olympiad archive,HBCSE Olympiad past papers,https://olympiads.hbcse.tifr.res.in/how-to-prepare/past-papers/,Question Paper,https://olympiads.hbcse.tifr.res.in/olympiads/wp-content/uploads/2017/01/INChO2017-Question.pdf,PDF paper/problem,English/Hindi,Official mathematics and science Olympiad papers and solutions,,,yes
India,EM/DM,EM/DM,A,Olympiad archive,HBCSE Olympiad past papers,https://olympiads.hbcse.tifr.res.in/how-to-prepare/past-papers/,Question Paper,https://olympiads.hbcse.tifr.res.in/olympiads/wp-content/uploads/2017/01/INJSO2017-Question.pdf,PDF paper/problem,English/Hindi,Official mathematics and science Olympiad papers and solutions,,,yes
India,EM/DM,EM/DM,A,Olympiad archive,HBCSE Olympiad past papers,https://olympiads.hbcse.tifr.res.in/how-to-prepare/past-papers/,Model Solutions,https://olympiads.hbcse.tifr.res.in/olympiads/wp-content/uploads/2017/01/Solutions-INChO-2008.pdf,PDF solution/answer,English/Hindi,Official mathematics and science Olympiad papers and solutions,,,yes
India,EM/DM,EM/DM,A,Olympiad archive,HBCSE Olympiad past papers,https://olympiads.hbcse.tifr.res.in/how-to-prepare/past-papers/,INMO 2017,https://olympiads.hbcse.tifr.res.in/olympiads/wp-content/uploads/2017/01/inmo2017.pdf,PDF resource,English/Hindi,Official mathematics and science Olympiad papers and solutions,,,yes
India,EM/DM,EM/DM,A,Olympiad archive,HBCSE Olympiad past papers,https://olympiads.hbcse.tifr.res.in/how-to-prepare/past-papers/,Solution,https://olympiads.hbcse.tifr.res.in/olympiads/wp-content/uploads/2017/01/sol-inmo_17.pdf,PDF solution/answer,English/Hindi,Official mathematics and science Olympiad papers and solutions,,,yes
India,EM/DM,EM/DM,A,Olympiad archive,HBCSE Olympiad past papers,https://olympiads.hbcse.tifr.res.in/how-to-prepare/past-papers/,Model Solutions,https://olympiads.hbcse.tifr.res.in/olympiads/wp-content/uploads/2017/02/INAO2017-Solution-20170215.pdf,PDF solution/answer,English/Hindi,Official mathematics and science Olympiad papers and solutions,,,yes
India,EM/DM,EM/DM,A,Olympiad archive,HBCSE Olympiad past papers,https://olympiads.hbcse.tifr.res.in/how-to-prepare/past-papers/,Model Solutions,https://olympiads.hbcse.tifr.res.in/olympiads/wp-content/uploads/2017/02/INBO2017-Solution-20170215.pdf,PDF solution/answer,English/Hindi,Official mathematics and science Olympiad papers and solutions,,,yes
India,EM/DM,EM/DM,A,Olympiad archive,HBCSE Olympiad past papers,https://olympiads.hbcse.tifr.res.in/how-to-prepare/past-papers/,Model Solutions,https://olympiads.hbcse.tifr.res.in/olympiads/wp-content/uploads/2017/02/INChO2017-Solution-20170215.pdf,PDF solution/answer,English/Hindi,Official mathematics and science Olympiad papers and solutions,,,yes
India,EM/DM,EM/DM,A,Olympiad archive,HBCSE Olympiad past papers,https://olympiads.hbcse.tifr.res.in/how-to-prepare/past-papers/,Model Solutions,https://olympiads.hbcse.tifr.res.in/olympiads/wp-content/uploads/2017/02/INJSO2017-Solution-20170215.pdf,PDF solution/answer,English/Hindi,Official mathematics and science Olympiad papers and solutions,,,yes
India,EM/DM,EM/DM,A,Olympiad archive,HBCSE Olympiad past papers,https://olympiads.hbcse.tifr.res.in/how-to-prepare/past-papers/,Question Paper & Model Solutions,https://olympiads.hbcse.tifr.res.in/olympiads/wp-content/uploads/2017/02/INPhO2017-Solution-20170215.pdf,PDF solution/answer,English/Hindi,Official mathematics and science Olympiad papers and solutions,,,yes
India,EM/DM,EM/DM,A,Olympiad archive,HBCSE Olympiad past papers,https://olympiads.hbcse.tifr.res.in/how-to-prepare/past-papers/,PRMO question paper 2017,https://olympiads.hbcse.tifr.res.in/olympiads/wp-content/uploads/2017/08/prmo2017.pdf,PDF paper/problem,English/Hindi,Official mathematics and science Olympiad papers and solutions,,,yes
India,EM/DM,EM/DM,A,Olympiad archive,HBCSE Olympiad past papers,https://olympiads.hbcse.tifr.res.in/how-to-prepare/past-papers/,Question Paper,https://olympiads.hbcse.tifr.res.in/olympiads/wp-content/uploads/2017/09/INAO2018-Question.pdf,PDF paper/problem,English/Hindi,Official mathematics and science Olympiad papers and solutions,,,yes
India,EM/DM,EM/DM,A,Olympiad archive,HBCSE Olympiad past papers,https://olympiads.hbcse.tifr.res.in/how-to-prepare/past-papers/,Model Solutions,https://olympiads.hbcse.tifr.res.in/olympiads/wp-content/uploads/2017/09/INAO2018-Solution-20180213.pdf,PDF solution/answer,English/Hindi,Official mathematics and science Olympiad papers and solutions,,,yes
India,EM/DM,EM/DM,A,Olympiad archive,HBCSE Olympiad past papers,https://olympiads.hbcse.tifr.res.in/how-to-prepare/past-papers/,Question Paper,https://olympiads.hbcse.tifr.res.in/olympiads/wp-content/uploads/2017/09/INBO2018-Question.pdf,PDF paper/problem,English/Hindi,Official mathematics and science Olympiad papers and solutions,,,yes
India,EM/DM,EM/DM,A,Olympiad archive,HBCSE Olympiad past papers,https://olympiads.hbcse.tifr.res.in/how-to-prepare/past-papers/,Model Solutions,https://olympiads.hbcse.tifr.res.in/olympiads/wp-content/uploads/2017/09/INBO2018-Solution-20180213.pdf,PDF solution/answer,English/Hindi,Official mathematics and science Olympiad papers and solutions,,,yes
India,EM/DM,EM/DM,A,Olympiad archive,HBCSE Olympiad past papers,https://olympiads.hbcse.tifr.res.in/how-to-prepare/past-papers/,Question Paper,https://olympiads.hbcse.tifr.res.in/olympiads/wp-content/uploads/2017/09/INChO2018-Question.pdf,PDF paper/problem,English/Hindi,Official mathematics and science Olympiad papers and solutions,,,yes
India,EM/DM,EM/DM,A,Olympiad archive,HBCSE Olympiad past papers,https://olympiads.hbcse.tifr.res.in/how-to-prepare/past-papers/,Model Solutions,https://olympiads.hbcse.tifr.res.in/olympiads/wp-content/uploads/2017/09/INChO2018-Solution-20180213.pdf,PDF solution/answer,English/Hindi,Official mathematics and science Olympiad papers and solutions,,,yes
India,EM/DM,EM/DM,A,Olympiad archive,HBCSE Olympiad past papers,https://olympiads.hbcse.tifr.res.in/how-to-prepare/past-papers/,Question Paper,https://olympiads.hbcse.tifr.res.in/olympiads/wp-content/uploads/2017/09/INJSO2018-Question.pdf,PDF paper/problem,English/Hindi,Official mathematics and science Olympiad papers and solutions,,,yes
India,EM/DM,EM/DM,A,Olympiad archive,HBCSE Olympiad past papers,https://olympiads.hbcse.tifr.res.in/how-to-prepare/past-papers/,Model Solutions,https://olympiads.hbcse.tifr.res.in/olympiads/wp-content/uploads/2017/09/INJSO2018-Solution-20180228.pdf,PDF solution/answer,English/Hindi,Official mathematics and science Olympiad papers and solutions,,,yes
India,EM/DM,EM/DM,A,Olympiad archive,HBCSE Olympiad past papers,https://olympiads.hbcse.tifr.res.in/how-to-prepare/past-papers/,Question Paper,https://olympiads.hbcse.tifr.res.in/olympiads/wp-content/uploads/2017/09/INPhO2018-Question.pdf,PDF paper/problem,English/Hindi,Official mathematics and science Olympiad papers and solutions,,,yes
India,EM/DM,EM/DM,A,Olympiad archive,HBCSE Olympiad past papers,https://olympiads.hbcse.tifr.res.in/how-to-prepare/past-papers/,Model Solutions,https://olympiads.hbcse.tifr.res.in/olympiads/wp-content/uploads/2017/09/INPhO2018-Solution-20180213.pdf,PDF solution/answer,English/Hindi,Official mathematics and science Olympiad papers and solutions,,,yes
India,EM/DM,EM/DM,A,Olympiad archive,HBCSE Olympiad past papers,https://olympiads.hbcse.tifr.res.in/how-to-prepare/past-papers/,RMO 2017,https://olympiads.hbcse.tifr.res.in/olympiads/wp-content/uploads/2017/10/rmo2017.pdf,PDF resource,English/Hindi,Official mathematics and science Olympiad papers and solutions,,,yes
India,EM/DM,EM/DM,A,Olympiad archive,HBCSE Olympiad past papers,https://olympiads.hbcse.tifr.res.in/how-to-prepare/past-papers/,Solution,https://olympiads.hbcse.tifr.res.in/olympiads/wp-content/uploads/2017/10/sol-crmo-20171.pdf,PDF solution/answer,English/Hindi,Official mathematics and science Olympiad papers and solutions,,,yes
India,EM/DM,EM/DM,A,Olympiad archive,HBCSE Olympiad past papers,https://olympiads.hbcse.tifr.res.in/how-to-prepare/past-papers/,Question Paper,https://olympiads.hbcse.tifr.res.in/olympiads/wp-content/uploads/2017/11/INChO-2011.pdf,PDF paper/problem,English/Hindi,Official mathematics and science Olympiad papers and solutions,,,yes
India,EM/DM,EM/DM,A,Olympiad archive,HBCSE Olympiad past papers,https://olympiads.hbcse.tifr.res.in/how-to-prepare/past-papers/,Question Paper,https://olympiads.hbcse.tifr.res.in/olympiads/wp-content/uploads/2018/03/INCHO-2009-paper.pdf,PDF paper/problem,English/Hindi,Official mathematics and science Olympiad papers and solutions,,,yes
India,EM/DM,EM/DM,A,Olympiad archive,HBCSE Olympiad past papers,https://olympiads.hbcse.tifr.res.in/how-to-prepare/past-papers/,Question Paper,https://olympiads.hbcse.tifr.res.in/olympiads/wp-content/uploads/2018/03/INChO-2008.pdf,PDF paper/problem,English/Hindi,Official mathematics and science Olympiad papers and solutions,,,yes
India,EM/DM,EM/DM,A,Olympiad archive,HBCSE Olympiad past papers,https://olympiads.hbcse.tifr.res.in/how-to-prepare/past-papers/,QP (Hindi),https://olympiads.hbcse.tifr.res.in/olympiads/wp-content/uploads/2018/05/INAO2019-Question-hi.pdf,PDF paper/problem,English/Hindi,Official mathematics and science Olympiad papers and solutions,,,yes
India,EM/DM,EM/DM,A,Olympiad archive,HBCSE Olympiad past papers,https://olympiads.hbcse.tifr.res.in/how-to-prepare/past-papers/,"QP (English) ,",https://olympiads.hbcse.tifr.res.in/olympiads/wp-content/uploads/2018/05/INAO2019-Question.pdf,PDF paper/problem,English/Hindi,Official mathematics and science Olympiad papers and solutions,,,yes
India,EM/DM,EM/DM,A,Olympiad archive,HBCSE Olympiad past papers,https://olympiads.hbcse.tifr.res.in/how-to-prepare/past-papers/,Model Solutions,https://olympiads.hbcse.tifr.res.in/olympiads/wp-content/uploads/2018/05/INAO2019-Solution-20190219.pdf,PDF solution/answer,English/Hindi,Official mathematics and science Olympiad papers and solutions,,,yes
India,EM/DM,EM/DM,A,Olympiad archive,HBCSE Olympiad past papers,https://olympiads.hbcse.tifr.res.in/how-to-prepare/past-papers/,Model Solutions,https://olympiads.hbcse.tifr.res.in/olympiads/wp-content/uploads/2018/05/INBO-Solution-20190219.pdf,PDF solution/answer,English/Hindi,Official mathematics and science Olympiad papers and solutions,,,yes
India,EM/DM,EM/DM,A,Olympiad archive,HBCSE Olympiad past papers,https://olympiads.hbcse.tifr.res.in/how-to-prepare/past-papers/,QP (Hindi),https://olympiads.hbcse.tifr.res.in/olympiads/wp-content/uploads/2018/05/INBO2019-Question-hi.pdf,PDF paper/problem,English/Hindi,Official mathematics and science Olympiad papers and solutions,,,yes
India,EM/DM,EM/DM,A,Olympiad archive,HBCSE Olympiad past papers,https://olympiads.hbcse.tifr.res.in/how-to-prepare/past-papers/,QP (English),https://olympiads.hbcse.tifr.res.in/olympiads/wp-content/uploads/2018/05/INBO2019-Question.pdf,PDF paper/problem,English/Hindi,Official mathematics and science Olympiad papers and solutions,,,yes
India,EM/DM,EM/DM,A,Olympiad archive,HBCSE Olympiad past papers,https://olympiads.hbcse.tifr.res.in/how-to-prepare/past-papers/,QP (Hindi),https://olympiads.hbcse.tifr.res.in/olympiads/wp-content/uploads/2018/05/INCHO2019-Question-hi.pdf,PDF paper/problem,English/Hindi,Official mathematics and science Olympiad papers and solutions,,,yes
India,EM/DM,EM/DM,A,Olympiad archive,HBCSE Olympiad past papers,https://olympiads.hbcse.tifr.res.in/how-to-prepare/past-papers/,QP (English),https://olympiads.hbcse.tifr.res.in/olympiads/wp-content/uploads/2018/05/INChO2019-Question.pdf,PDF paper/problem,English/Hindi,Official mathematics and science Olympiad papers and solutions,,,yes
India,EM/DM,EM/DM,A,Olympiad archive,HBCSE Olympiad past papers,https://olympiads.hbcse.tifr.res.in/how-to-prepare/past-papers/,Model Solutions,https://olympiads.hbcse.tifr.res.in/olympiads/wp-content/uploads/2018/05/INChO2019-Solution-20190219.pdf,PDF solution/answer,English/Hindi,Official mathematics and science Olympiad papers and solutions,,,yes
India,EM/DM,EM/DM,A,Olympiad archive,HBCSE Olympiad past papers,https://olympiads.hbcse.tifr.res.in/how-to-prepare/past-papers/,Model Solutions,https://olympiads.hbcse.tifr.res.in/olympiads/wp-content/uploads/2018/05/INJSO-Solution-20190219.pdf,PDF solution/answer,English/Hindi,Official mathematics and science Olympiad papers and solutions,,,yes
India,EM/DM,EM/DM,A,Olympiad archive,HBCSE Olympiad past papers,https://olympiads.hbcse.tifr.res.in/how-to-prepare/past-papers/,QP (Hindi),https://olympiads.hbcse.tifr.res.in/olympiads/wp-content/uploads/2018/05/INJSO2019-Question-hi.pdf,PDF paper/problem,English/Hindi,Official mathematics and science Olympiad papers and solutions,,,yes
India,EM/DM,EM/DM,A,Olympiad archive,HBCSE Olympiad past papers,https://olympiads.hbcse.tifr.res.in/how-to-prepare/past-papers/,QP (English),https://olympiads.hbcse.tifr.res.in/olympiads/wp-content/uploads/2018/05/INJSO2019-Question.pdf,PDF paper/problem,English/Hindi,Official mathematics and science Olympiad papers and solutions,,,yes
India,EM/DM,EM/DM,A,Olympiad archive,HBCSE Olympiad past papers,https://olympiads.hbcse.tifr.res.in/how-to-prepare/past-papers/,QP (Hindi),https://olympiads.hbcse.tifr.res.in/olympiads/wp-content/uploads/2018/05/INPhO2019-Question-hi.pdf,PDF paper/problem,English/Hindi,Official mathematics and science Olympiad papers and solutions,,,yes
India,EM/DM,EM/DM,A,Olympiad archive,HBCSE Olympiad past papers,https://olympiads.hbcse.tifr.res.in/how-to-prepare/past-papers/,QP (English),https://olympiads.hbcse.tifr.res.in/olympiads/wp-content/uploads/2018/05/INPhO2019-Question.pdf,PDF paper/problem,English/Hindi,Official mathematics and science Olympiad papers and solutions,,,yes
India,EM/DM,EM/DM,A,Olympiad archive,HBCSE Olympiad past papers,https://olympiads.hbcse.tifr.res.in/how-to-prepare/past-papers/,Model Solutions,https://olympiads.hbcse.tifr.res.in/olympiads/wp-content/uploads/2018/05/INPhO2019-Solution-20190219.pdf,PDF solution/answer,English/Hindi,Official mathematics and science Olympiad papers and solutions,,,yes
India,EM/DM,EM/DM,A,Olympiad archive,HBCSE Olympiad past papers,https://olympiads.hbcse.tifr.res.in/how-to-prepare/past-papers/,Answer Key for RMO 2018 (KL-TN),https://olympiads.hbcse.tifr.res.in/olympiads/wp-content/uploads/2018/05/solutions-KL-TN-18.pdf,PDF solution/answer,English/Hindi,Official mathematics and science Olympiad papers and solutions,,,yes
India,EM/DM,EM/DM,A,Olympiad archive,HBCSE Olympiad past papers,https://olympiads.hbcse.tifr.res.in/how-to-prepare/past-papers/,Answer Key to RMO 2018,https://olympiads.hbcse.tifr.res.in/olympiads/wp-content/uploads/2018/05/solutions-crmo-18.pdf,PDF solution/answer,English/Hindi,Official mathematics and science Olympiad papers and solutions,,,yes
India,EM/DM,EM/DM,A,Olympiad archive,HBCSE Olympiad past papers,https://olympiads.hbcse.tifr.res.in/how-to-prepare/past-papers/,PRMO 2018 Question Paper,https://olympiads.hbcse.tifr.res.in/olympiads/wp-content/uploads/2018/08/PRMO18_Question_Paper.pdf,PDF paper/problem,English/Hindi,Official mathematics and science Olympiad papers and solutions,,,yes
India,EM/DM,EM/DM,A,Olympiad archive,HBCSE Olympiad past papers,https://olympiads.hbcse.tifr.res.in/how-to-prepare/past-papers/,Answer Key to INMO 2019,https://olympiads.hbcse.tifr.res.in/olympiads/wp-content/uploads/2019/02/Inmo-2019-Solutions.pdf,PDF solution/answer,English/Hindi,Official mathematics and science Olympiad papers and solutions,,,yes
India,EM/DM,EM/DM,B,Olympiad archive,HBCSE Olympiad past papers,https://olympiads.hbcse.tifr.res.in/how-to-prepare/past-papers/,Science Olympiad 2025-2026,https://olympiads.hbcse.tifr.res.in/science-olympiad-2025-2026/,HTML source/link,English/Hindi,Official mathematics and science Olympiad papers and solutions,,,yes
India,EM/DM,EM/DM,B,Olympiad archive,HBCSE Olympiad past papers,https://olympiads.hbcse.tifr.res.in/how-to-prepare/past-papers/,Science Olympiad 2026-2027,https://olympiads.hbcse.tifr.res.in/science-olympiad-2026-2027/,HTML source/link,English/Hindi,Official mathematics and science Olympiad papers and solutions,,,yes
India,EM/DM,EM/DM,A,Olympiad archive,HBCSE Olympiad past papers,https://olympiads.hbcse.tifr.res.in/how-to-prepare/past-papers/,PRMO 2019 Question Paper,https://olympiads.hbcse.tifr.res.in/wp-content/uploads/2019/08/PRMO-2019-Question-Paper.pdf,PDF paper/problem,English/Hindi,Official mathematics and science Olympiad papers and solutions,,,yes
India,EM/DM,EM/DM,A,Olympiad archive,HBCSE Olympiad past papers,https://olympiads.hbcse.tifr.res.in/how-to-prepare/past-papers/,Answer Key to PRMO 2019,https://olympiads.hbcse.tifr.res.in/wp-content/uploads/2019/08/PRMO-2019-ans-key-19.pdf,PDF solution/answer,English/Hindi,Official mathematics and science Olympiad papers and solutions,,,yes
India,EM/DM,EM/DM,A,Olympiad archive,HBCSE Olympiad past papers,https://olympiads.hbcse.tifr.res.in/how-to-prepare/past-papers/,Question Paper,https://olympiads.hbcse.tifr.res.in/wp-content/uploads/2019/08/Theory_Paper-INBO2011.pdf,PDF paper/problem,English/Hindi,Official mathematics and science Olympiad papers and solutions,,,yes
India,EM/DM,EM/DM,A,Olympiad archive,HBCSE Olympiad past papers,https://olympiads.hbcse.tifr.res.in/how-to-prepare/past-papers/,RMO Question Paper 2019,https://olympiads.hbcse.tifr.res.in/wp-content/uploads/2019/10/rmoengfirst2019.pdf,PDF paper/problem,English/Hindi,Official mathematics and science Olympiad papers and solutions,,,yes
India,EM/DM,EM/DM,A,Olympiad archive,HBCSE Olympiad past papers,https://olympiads.hbcse.tifr.res.in/how-to-prepare/past-papers/,Answer Key to RMO 2019,https://olympiads.hbcse.tifr.res.in/wp-content/uploads/2019/10/rmosolutions2019.pdf,PDF solution/answer,English/Hindi,Official mathematics and science Olympiad papers and solutions,,,yes
India,EM/DM,EM/DM,A,Olympiad archive,HBCSE Olympiad past papers,https://olympiads.hbcse.tifr.res.in/how-to-prepare/past-papers/,Model Solutions,https://olympiads.hbcse.tifr.res.in/wp-content/uploads/2020/02/INAO2020-Solutions-20200220.pdf,PDF solution/answer,English/Hindi,Official mathematics and science Olympiad papers and solutions,,,yes
India,EM/DM,EM/DM,A,Olympiad archive,HBCSE Olympiad past papers,https://olympiads.hbcse.tifr.res.in/how-to-prepare/past-papers/,Model Solutions,https://olympiads.hbcse.tifr.res.in/wp-content/uploads/2020/02/INBO2020-Solutions-20200220.pdf,PDF solution/answer,English/Hindi,Official mathematics and science Olympiad papers and solutions,,,yes
India,EM/DM,EM/DM,A,Olympiad archive,HBCSE Olympiad past papers,https://olympiads.hbcse.tifr.res.in/how-to-prepare/past-papers/,Model Solutions,https://olympiads.hbcse.tifr.res.in/wp-content/uploads/2020/02/INChO2020-Solutions-20200220.pdf,PDF solution/answer,English/Hindi,Official mathematics and science Olympiad papers and solutions,,,yes
India,EM/DM,EM/DM,A,Olympiad archive,HBCSE Olympiad past papers,https://olympiads.hbcse.tifr.res.in/how-to-prepare/past-papers/,Model Solutions,https://olympiads.hbcse.tifr.res.in/wp-content/uploads/2020/02/INJSO2020-Solutions-20200220.pdf,PDF solution/answer,English/Hindi,Official mathematics and science Olympiad papers and solutions,,,yes
India,EM/DM,EM/DM,A,Olympiad archive,HBCSE Olympiad past papers,https://olympiads.hbcse.tifr.res.in/how-to-prepare/past-papers/,QP (English),https://olympiads.hbcse.tifr.res.in/wp-content/uploads/2020/02/INPHO2020-Questions-en.pdf,PDF paper/problem,English/Hindi,Official mathematics and science Olympiad papers and solutions,,,yes
India,EM/DM,EM/DM,A,Olympiad archive,HBCSE Olympiad past papers,https://olympiads.hbcse.tifr.res.in/how-to-prepare/past-papers/,QP (Hindi),https://olympiads.hbcse.tifr.res.in/wp-content/uploads/2020/02/INPhO2020-Questions-hi.pdf,PDF paper/problem,English/Hindi,Official mathematics and science Olympiad papers and solutions,,,yes
India,EM/DM,EM/DM,A,Olympiad archive,HBCSE Olympiad past papers,https://olympiads.hbcse.tifr.res.in/how-to-prepare/past-papers/,INMO 2020 – Solutions,https://olympiads.hbcse.tifr.res.in/wp-content/uploads/2020/02/sol-inmo-20.pdf,PDF solution/answer,English/Hindi,Official mathematics and science Olympiad papers and solutions,,,yes
India,EM/DM,EM/DM,A,Olympiad archive,HBCSE Olympiad past papers,https://olympiads.hbcse.tifr.res.in/how-to-prepare/past-papers/,QP (Hindi),https://olympiads.hbcse.tifr.res.in/wp-content/uploads/2020/03/INChO2020-Questions-hi.pdf,PDF paper/problem,English/Hindi,Official mathematics and science Olympiad papers and solutions,,,yes
India,EM/DM,EM/DM,A,Olympiad archive,HBCSE Olympiad past papers,https://olympiads.hbcse.tifr.res.in/how-to-prepare/past-papers/,Model Solutions,https://olympiads.hbcse.tifr.res.in/wp-content/uploads/2020/03/INPHO2020-Solutions-20200220.pdf,PDF solution/answer,English/Hindi,Official mathematics and science Olympiad papers and solutions,,,yes
India,EM/DM,EM/DM,A,Olympiad archive,HBCSE Olympiad past papers,https://olympiads.hbcse.tifr.res.in/how-to-prepare/past-papers/,INMO 2020 – Questions,https://olympiads.hbcse.tifr.res.in/wp-content/uploads/2020/04/inmo-20-QP-4_0.pdf,PDF paper/problem,English/Hindi,Official mathematics and science Olympiad papers and solutions,,,yes
India,EM/DM,EM/DM,A,Olympiad archive,HBCSE Olympiad past papers,https://olympiads.hbcse.tifr.res.in/how-to-prepare/past-papers/,QP (English),https://olympiads.hbcse.tifr.res.in/wp-content/uploads/2021/01/IOQJS2021-PartII-Questions-en.pdf,PDF paper/problem,English/Hindi,Official mathematics and science Olympiad papers and solutions,,,yes
India,EM/DM,EM/DM,A,Olympiad archive,HBCSE Olympiad past papers,https://olympiads.hbcse.tifr.res.in/how-to-prepare/past-papers/,QP (Hindi),https://olympiads.hbcse.tifr.res.in/wp-content/uploads/2021/01/IOQJS2021-PartII-Questions-hi.pdf,PDF paper/problem,English/Hindi,Official mathematics and science Olympiad papers and solutions,,,yes
India,EM/DM,EM/DM,A,Olympiad archive,HBCSE Olympiad past papers,https://olympiads.hbcse.tifr.res.in/how-to-prepare/past-papers/,Model Solutions,https://olympiads.hbcse.tifr.res.in/wp-content/uploads/2021/01/IOQJS2021-PartII-Solutions-20210128.pdf,PDF solution/answer,English/Hindi,Official mathematics and science Olympiad papers and solutions,,,yes
India,EM/DM,EM/DM,A,Olympiad archive,HBCSE Olympiad past papers,https://olympiads.hbcse.tifr.res.in/how-to-prepare/past-papers/,QP (English),https://olympiads.hbcse.tifr.res.in/wp-content/uploads/2021/02/IOQA2021-PartII-Questions-en.pdf,PDF paper/problem,English/Hindi,Official mathematics and science Olympiad papers and solutions,,,yes
India,EM/DM,EM/DM,A,Olympiad archive,HBCSE Olympiad past papers,https://olympiads.hbcse.tifr.res.in/how-to-prepare/past-papers/,QP (Hindi),https://olympiads.hbcse.tifr.res.in/wp-content/uploads/2021/02/IOQA2021-PartII-Questions-hi.pdf,PDF paper/problem,English/Hindi,Official mathematics and science Olympiad papers and solutions,,,yes
India,EM/DM,EM/DM,A,Olympiad archive,HBCSE Olympiad past papers,https://olympiads.hbcse.tifr.res.in/how-to-prepare/past-papers/,Model Solutions,https://olympiads.hbcse.tifr.res.in/wp-content/uploads/2021/02/IOQA2021-PartII-Solutions-20210217.pdf,PDF solution/answer,English/Hindi,Official mathematics and science Olympiad papers and solutions,,,yes
India,EM/DM,EM/DM,A,Olympiad archive,HBCSE Olympiad past papers,https://olympiads.hbcse.tifr.res.in/how-to-prepare/past-papers/,QP (English),https://olympiads.hbcse.tifr.res.in/wp-content/uploads/2021/02/IOQB2021-PartII-Questions-en.pdf,PDF paper/problem,English/Hindi,Official mathematics and science Olympiad papers and solutions,,,yes
India,EM/DM,EM/DM,A,Olympiad archive,HBCSE Olympiad past papers,https://olympiads.hbcse.tifr.res.in/how-to-prepare/past-papers/,QP (Hindi),https://olympiads.hbcse.tifr.res.in/wp-content/uploads/2021/02/IOQB2021-PartII-Questions-hi.pdf,PDF paper/problem,English/Hindi,Official mathematics and science Olympiad papers and solutions,,,yes
India,EM/DM,EM/DM,A,Olympiad archive,HBCSE Olympiad past papers,https://olympiads.hbcse.tifr.res.in/how-to-prepare/past-papers/,Model Solutions,https://olympiads.hbcse.tifr.res.in/wp-content/uploads/2021/02/IOQB2021-PartII-Solutions-20210217.pdf,PDF solution/answer,English/Hindi,Official mathematics and science Olympiad papers and solutions,,,yes
India,EM/DM,EM/DM,A,Olympiad archive,HBCSE Olympiad past papers,https://olympiads.hbcse.tifr.res.in/how-to-prepare/past-papers/,QP (English),https://olympiads.hbcse.tifr.res.in/wp-content/uploads/2021/02/IOQC2021-PartII-Questions-en.pdf,PDF paper/problem,English/Hindi,Official mathematics and science Olympiad papers and solutions,,,yes
India,EM/DM,EM/DM,A,Olympiad archive,HBCSE Olympiad past papers,https://olympiads.hbcse.tifr.res.in/how-to-prepare/past-papers/,QP (Hindi),https://olympiads.hbcse.tifr.res.in/wp-content/uploads/2021/02/IOQC2021-PartII-Questions-hi.pdf,PDF paper/problem,English/Hindi,Official mathematics and science Olympiad papers and solutions,,,yes
India,EM/DM,EM/DM,A,Olympiad archive,HBCSE Olympiad past papers,https://olympiads.hbcse.tifr.res.in/how-to-prepare/past-papers/,QP (English),https://olympiads.hbcse.tifr.res.in/wp-content/uploads/2021/02/IOQP2021-PartII-Questions-en.pdf,PDF paper/problem,English/Hindi,Official mathematics and science Olympiad papers and solutions,,,yes
India,EM/DM,EM/DM,A,Olympiad archive,HBCSE Olympiad past papers,https://olympiads.hbcse.tifr.res.in/how-to-prepare/past-papers/,QP (Hindi),https://olympiads.hbcse.tifr.res.in/wp-content/uploads/2021/02/IOQP2021-PartII-Questions-hi.pdf,PDF paper/problem,English/Hindi,Official mathematics and science Olympiad papers and solutions,,,yes
India,EM/DM,EM/DM,A,Olympiad archive,HBCSE Olympiad past papers,https://olympiads.hbcse.tifr.res.in/how-to-prepare/past-papers/,Model Solutions,https://olympiads.hbcse.tifr.res.in/wp-content/uploads/2021/02/IOQP2021-PartII-Solutions-20210217.pdf,PDF solution/answer,English/Hindi,Official mathematics and science Olympiad papers and solutions,,,yes
India,EM/DM,EM/DM,A,Olympiad archive,HBCSE Olympiad past papers,https://olympiads.hbcse.tifr.res.in/how-to-prepare/past-papers/,INMO 2021 – Questions,https://olympiads.hbcse.tifr.res.in/wp-content/uploads/2021/03/INMO21FINAL.pdf,PDF paper/problem,English/Hindi,Official mathematics and science Olympiad papers and solutions,,,yes
India,EM/DM,EM/DM,A,Olympiad archive,HBCSE Olympiad past papers,https://olympiads.hbcse.tifr.res.in/how-to-prepare/past-papers/,IOQM 2020 -Questions,https://olympiads.hbcse.tifr.res.in/wp-content/uploads/2021/03/IOQM-question-paper.pdf,PDF paper/problem,English/Hindi,Official mathematics and science Olympiad papers and solutions,,,yes
India,EM/DM,EM/DM,A,Olympiad archive,HBCSE Olympiad past papers,https://olympiads.hbcse.tifr.res.in/how-to-prepare/past-papers/,IOQM 2020 – Answer Key,https://olympiads.hbcse.tifr.res.in/wp-content/uploads/2021/03/IOQM2021Anskey.pdf,PDF solution/answer,English/Hindi,Official mathematics and science Olympiad papers and solutions,,,yes
India,EM/DM,EM/DM,A,Olympiad archive,HBCSE Olympiad past papers,https://olympiads.hbcse.tifr.res.in/how-to-prepare/past-papers/,INMO 2021 – Solution,https://olympiads.hbcse.tifr.res.in/wp-content/uploads/2021/04/INMO_2021_solutions.pdf,PDF solution/answer,English/Hindi,Official mathematics and science Olympiad papers and solutions,,,yes
India,EM/DM,EM/DM,A,Olympiad archive,HBCSE Olympiad past papers,https://olympiads.hbcse.tifr.res.in/how-to-prepare/past-papers/,Model Solutions,https://olympiads.hbcse.tifr.res.in/wp-content/uploads/2021/04/IOQC2021-PartII-Solutions-20210413.pdf,PDF solution/answer,English/Hindi,Official mathematics and science Olympiad papers and solutions,,,yes
India,EM/DM,EM/DM,A,Olympiad archive,HBCSE Olympiad past papers,https://olympiads.hbcse.tifr.res.in/how-to-prepare/past-papers/,Infosys Award Function 2019,https://olympiads.hbcse.tifr.res.in/wp-content/uploads/2021/12/infosys_broch_2019.pdf,PDF resource,English/Hindi,Official mathematics and science Olympiad papers and solutions,,,yes
India,EM/DM,EM/DM,A,Olympiad archive,HBCSE Olympiad past papers,https://olympiads.hbcse.tifr.res.in/how-to-prepare/past-papers/,QP (English),https://olympiads.hbcse.tifr.res.in/wp-content/uploads/2022/03/IOQA2022-PartII-Questions-en.pdf,PDF paper/problem,English/Hindi,Official mathematics and science Olympiad papers and solutions,,,yes
India,EM/DM,EM/DM,A,Olympiad archive,HBCSE Olympiad past papers,https://olympiads.hbcse.tifr.res.in/how-to-prepare/past-papers/,QP (Hindi),https://olympiads.hbcse.tifr.res.in/wp-content/uploads/2022/03/IOQA2022-PartII-Questions-hi.pdf,PDF paper/problem,English/Hindi,Official mathematics and science Olympiad papers and solutions,,,yes
India,EM/DM,EM/DM,A,Olympiad archive,HBCSE Olympiad past papers,https://olympiads.hbcse.tifr.res.in/how-to-prepare/past-papers/,Model Solutions,https://olympiads.hbcse.tifr.res.in/wp-content/uploads/2022/03/IOQA2022-PartII-Solutions-20220503.pdf,PDF solution/answer,English/Hindi,Official mathematics and science Olympiad papers and solutions,,,yes
India,EM/DM,EM/DM,A,Olympiad archive,HBCSE Olympiad past papers,https://olympiads.hbcse.tifr.res.in/how-to-prepare/past-papers/,QP (English),https://olympiads.hbcse.tifr.res.in/wp-content/uploads/2022/03/IOQB2022-PartII-Questions-en.pdf,PDF paper/problem,English/Hindi,Official mathematics and science Olympiad papers and solutions,,,yes
India,EM/DM,EM/DM,A,Olympiad archive,HBCSE Olympiad past papers,https://olympiads.hbcse.tifr.res.in/how-to-prepare/past-papers/,QP (Hindi),https://olympiads.hbcse.tifr.res.in/wp-content/uploads/2022/03/IOQB2022-PartII-Questions-hi.pdf,PDF paper/problem,English/Hindi,Official mathematics and science Olympiad papers and solutions,,,yes
India,EM/DM,EM/DM,A,Olympiad archive,HBCSE Olympiad past papers,https://olympiads.hbcse.tifr.res.in/how-to-prepare/past-papers/,Model Solutions,https://olympiads.hbcse.tifr.res.in/wp-content/uploads/2022/03/IOQB2022-PartII-Solutions-20220503.pdf,PDF solution/answer,English/Hindi,Official mathematics and science Olympiad papers and solutions,,,yes
India,EM/DM,EM/DM,A,Olympiad archive,HBCSE Olympiad past papers,https://olympiads.hbcse.tifr.res.in/how-to-prepare/past-papers/,QP (English),https://olympiads.hbcse.tifr.res.in/wp-content/uploads/2022/03/IOQC2022-PartII-Questions-en.pdf,PDF paper/problem,English/Hindi,Official mathematics and science Olympiad papers and solutions,,,yes
India,EM/DM,EM/DM,A,Olympiad archive,HBCSE Olympiad past papers,https://olympiads.hbcse.tifr.res.in/how-to-prepare/past-papers/,Model Solutions,https://olympiads.hbcse.tifr.res.in/wp-content/uploads/2022/03/IOQC2022-PartII-Solutions-20220503.pdf,PDF solution/answer,English/Hindi,Official mathematics and science Olympiad papers and solutions,,,yes
India,EM/DM,EM/DM,A,Olympiad archive,HBCSE Olympiad past papers,https://olympiads.hbcse.tifr.res.in/how-to-prepare/past-papers/,QP (English),https://olympiads.hbcse.tifr.res.in/wp-content/uploads/2022/03/IOQJS2022-PartII-Questions-en.pdf,PDF paper/problem,English/Hindi,Official mathematics and science Olympiad papers and solutions,,,yes
India,EM/DM,EM/DM,A,Olympiad archive,HBCSE Olympiad past papers,https://olympiads.hbcse.tifr.res.in/how-to-prepare/past-papers/,QP (Hindi),https://olympiads.hbcse.tifr.res.in/wp-content/uploads/2022/03/IOQJS2022-PartII-Questions-hi.pdf,PDF paper/problem,English/Hindi,Official mathematics and science Olympiad papers and solutions,,,yes
India,EM/DM,EM/DM,A,Olympiad archive,HBCSE Olympiad past papers,https://olympiads.hbcse.tifr.res.in/how-to-prepare/past-papers/,Model Solutions,https://olympiads.hbcse.tifr.res.in/wp-content/uploads/2022/03/IOQJS2022-PartII-Solutions-20220503.pdf,PDF solution/answer,English/Hindi,Official mathematics and science Olympiad papers and solutions,,,yes
India,EM/DM,EM/DM,A,Olympiad archive,HBCSE Olympiad past papers,https://olympiads.hbcse.tifr.res.in/how-to-prepare/past-papers/,QP (Hindi),https://olympiads.hbcse.tifr.res.in/wp-content/uploads/2022/03/IOQP2022-PartII-Questions-en-1.pdf,PDF paper/problem,English/Hindi,Official mathematics and science Olympiad papers and solutions,,,yes
India,EM/DM,EM/DM,A,Olympiad archive,HBCSE Olympiad past papers,https://olympiads.hbcse.tifr.res.in/how-to-prepare/past-papers/,QP (English),https://olympiads.hbcse.tifr.res.in/wp-content/uploads/2022/03/IOQP2022-PartII-Questions-en.pdf,PDF paper/problem,English/Hindi,Official mathematics and science Olympiad papers and solutions,,,yes
India,EM/DM,EM/DM,A,Olympiad archive,HBCSE Olympiad past papers,https://olympiads.hbcse.tifr.res.in/how-to-prepare/past-papers/,Model Solutions,https://olympiads.hbcse.tifr.res.in/wp-content/uploads/2022/03/IOQP2022-PartII-Solutions-20220503.pdf,PDF solution/answer,English/Hindi,Official mathematics and science Olympiad papers and solutions,,,yes
India,EM/DM,EM/DM,A,Olympiad archive,HBCSE Olympiad past papers,https://olympiads.hbcse.tifr.res.in/how-to-prepare/past-papers/,CRMO 2014 Paper 1,https://olympiads.hbcse.tifr.res.in/wp-content/uploads/2022/05/sol_crmo_14_1.pdf,PDF paper/problem,English/Hindi,Official mathematics and science Olympiad papers and solutions,,,yes
India,EM/DM,EM/DM,A,Olympiad archive,HBCSE Olympiad past papers,https://olympiads.hbcse.tifr.res.in/how-to-prepare/past-papers/,IOQM2021-22 Part A -Answer Key,https://olympiads.hbcse.tifr.res.in/wp-content/uploads/2022/07/IOQM-Part-A-answer-key-.pdf,PDF solution/answer,English/Hindi,Official mathematics and science Olympiad papers and solutions,,,yes
India,EM/DM,EM/DM,A,Olympiad archive,HBCSE Olympiad past papers,https://olympiads.hbcse.tifr.res.in/how-to-prepare/past-papers/,IOQM2021-22 Part A -Question Paper,https://olympiads.hbcse.tifr.res.in/wp-content/uploads/2022/07/IOQM2021_partA_final.pdf,PDF paper/problem,English/Hindi,Official mathematics and science Olympiad papers and solutions,,,yes
India,EM/DM,EM/DM,A,Olympiad archive,HBCSE Olympiad past papers,https://olympiads.hbcse.tifr.res.in/how-to-prepare/past-papers/,IOQM2021-22 Part B Questions & Solutions,https://olympiads.hbcse.tifr.res.in/wp-content/uploads/2022/07/Part_B_2022_Solutions_revised.pdf,PDF solution/answer,English/Hindi,Official mathematics and science Olympiad papers and solutions,,,yes
India,EM/DM,EM/DM,A,Olympiad archive,HBCSE Olympiad past papers,https://olympiads.hbcse.tifr.res.in/how-to-prepare/past-papers/,INMO 2010,https://olympiads.hbcse.tifr.res.in/wp-content/uploads/2022/12/INMO2010.pdf,PDF resource,English/Hindi,Official mathematics and science Olympiad papers and solutions,,,yes
India,EM/DM,EM/DM,A,Olympiad archive,HBCSE Olympiad past papers,https://olympiads.hbcse.tifr.res.in/how-to-prepare/past-papers/,IOQM2022-23 Question Paper & Answer Key,https://olympiads.hbcse.tifr.res.in/wp-content/uploads/2022/12/IOQM_22_finalversion_for_publish.pdf,PDF solution/answer,English/Hindi,Official mathematics and science Olympiad papers and solutions,,,yes
India,EM/DM,EM/DM,A,Olympiad archive,HBCSE Olympiad past papers,https://olympiads.hbcse.tifr.res.in/how-to-prepare/past-papers/,QP (Hindi),https://olympiads.hbcse.tifr.res.in/wp-content/uploads/2023/01/INAO2023-Question-hi.pdf,PDF paper/problem,English/Hindi,Official mathematics and science Olympiad papers and solutions,,,yes
India,EM/DM,EM/DM,A,Olympiad archive,HBCSE Olympiad past papers,https://olympiads.hbcse.tifr.res.in/how-to-prepare/past-papers/,QP (English),https://olympiads.hbcse.tifr.res.in/wp-content/uploads/2023/01/INAO2023-Question.pdf,PDF paper/problem,English/Hindi,Official mathematics and science Olympiad papers and solutions,,,yes
India,EM/DM,EM/DM,A,Olympiad archive,HBCSE Olympiad past papers,https://olympiads.hbcse.tifr.res.in/how-to-prepare/past-papers/,QP (English),https://olympiads.hbcse.tifr.res.in/wp-content/uploads/2023/01/INBO2023-Questions-en.pdf,PDF paper/problem,English/Hindi,Official mathematics and science Olympiad papers and solutions,,,yes
India,EM/DM,EM/DM,A,Olympiad archive,HBCSE Olympiad past papers,https://olympiads.hbcse.tifr.res.in/how-to-prepare/past-papers/,QP (Hindi),https://olympiads.hbcse.tifr.res.in/wp-content/uploads/2023/01/INBO2023-Questions-hi.pdf,PDF paper/problem,English/Hindi,Official mathematics and science Olympiad papers and solutions,,,yes
India,EM/DM,EM/DM,A,Olympiad archive,HBCSE Olympiad past papers,https://olympiads.hbcse.tifr.res.in/how-to-prepare/past-papers/,QP( Hindi),https://olympiads.hbcse.tifr.res.in/wp-content/uploads/2023/01/INChO2023-Question-hi.pdf,PDF paper/problem,English/Hindi,Official mathematics and science Olympiad papers and solutions,,,yes
India,EM/DM,EM/DM,A,Olympiad archive,HBCSE Olympiad past papers,https://olympiads.hbcse.tifr.res.in/how-to-prepare/past-papers/,QP (English),https://olympiads.hbcse.tifr.res.in/wp-content/uploads/2023/01/INChO2023-Question.pdf,PDF paper/problem,English/Hindi,Official mathematics and science Olympiad papers and solutions,,,yes
India,EM/DM,EM/DM,A,Olympiad archive,HBCSE Olympiad past papers,https://olympiads.hbcse.tifr.res.in/how-to-prepare/past-papers/,QP (Hindi),https://olympiads.hbcse.tifr.res.in/wp-content/uploads/2023/01/INJSO2023-Question-hi.pdf,PDF paper/problem,English/Hindi,Official mathematics and science Olympiad papers and solutions,,,yes
India,EM/DM,EM/DM,A,Olympiad archive,HBCSE Olympiad past papers,https://olympiads.hbcse.tifr.res.in/how-to-prepare/past-papers/,QP (English),https://olympiads.hbcse.tifr.res.in/wp-content/uploads/2023/01/INJSO2023-Question.pdf,PDF paper/problem,English/Hindi,Official mathematics and science Olympiad papers and solutions,,,yes
India,EM/DM,EM/DM,A,Olympiad archive,HBCSE Olympiad past papers,https://olympiads.hbcse.tifr.res.in/how-to-prepare/past-papers/,1. Question Paper,https://olympiads.hbcse.tifr.res.in/wp-content/uploads/2023/01/INMO23_qp.pdf,PDF paper/problem,English/Hindi,Official mathematics and science Olympiad papers and solutions,,,yes
India,EM/DM,EM/DM,A,Olympiad archive,HBCSE Olympiad past papers,https://olympiads.hbcse.tifr.res.in/how-to-prepare/past-papers/,QP (Hindi),https://olympiads.hbcse.tifr.res.in/wp-content/uploads/2023/01/INPhO2023-Question-hi.pdf,PDF paper/problem,English/Hindi,Official mathematics and science Olympiad papers and solutions,,,yes
India,EM/DM,EM/DM,A,Olympiad archive,HBCSE Olympiad past papers,https://olympiads.hbcse.tifr.res.in/how-to-prepare/past-papers/,QP (English),https://olympiads.hbcse.tifr.res.in/wp-content/uploads/2023/01/INPhO2023-Question.pdf,PDF paper/problem,English/Hindi,Official mathematics and science Olympiad papers and solutions,,,yes
India,EM/DM,EM/DM,A,Olympiad archive,HBCSE Olympiad past papers,https://olympiads.hbcse.tifr.res.in/how-to-prepare/past-papers/,Model Solutions,https://olympiads.hbcse.tifr.res.in/wp-content/uploads/2023/02/INAO2023-Solution-20230215.pdf,PDF solution/answer,English/Hindi,Official mathematics and science Olympiad papers and solutions,,,yes
India,EM/DM,EM/DM,A,Olympiad archive,HBCSE Olympiad past papers,https://olympiads.hbcse.tifr.res.in/how-to-prepare/past-papers/,Model Solutions,https://olympiads.hbcse.tifr.res.in/wp-content/uploads/2023/02/INBO2023-Solutions-20230215.pdf,PDF solution/answer,English/Hindi,Official mathematics and science Olympiad papers and solutions,,,yes
India,EM/DM,EM/DM,A,Olympiad archive,HBCSE Olympiad past papers,https://olympiads.hbcse.tifr.res.in/how-to-prepare/past-papers/,Model Solutions,https://olympiads.hbcse.tifr.res.in/wp-content/uploads/2023/02/INJSO2023-Solution-20230215.pdf,PDF solution/answer,English/Hindi,Official mathematics and science Olympiad papers and solutions,,,yes
India,EM/DM,EM/DM,A,Olympiad archive,HBCSE Olympiad past papers,https://olympiads.hbcse.tifr.res.in/how-to-prepare/past-papers/,Model Solutions,https://olympiads.hbcse.tifr.res.in/wp-content/uploads/2023/02/INPhO2023-Solution-20230215.pdf,PDF solution/answer,English/Hindi,Official mathematics and science Olympiad papers and solutions,,,yes
India,EM/DM,EM/DM,A,Olympiad archive,HBCSE Olympiad past papers,https://olympiads.hbcse.tifr.res.in/how-to-prepare/past-papers/,Model Solutions,https://olympiads.hbcse.tifr.res.in/wp-content/uploads/2023/03/INChO2023-Solution-20230215.pdf,PDF solution/answer,English/Hindi,Official mathematics and science Olympiad papers and solutions,,,yes
India,EM/DM,EM/DM,A,Olympiad archive,HBCSE Olympiad past papers,https://olympiads.hbcse.tifr.res.in/how-to-prepare/past-papers/,2. Solutions,https://olympiads.hbcse.tifr.res.in/wp-content/uploads/2023/03/solutions.pdf,PDF solution/answer,English/Hindi,Official mathematics and science Olympiad papers and solutions,,,yes
India,EM/DM,EM/DM,A,Olympiad archive,HBCSE Olympiad past papers,https://olympiads.hbcse.tifr.res.in/how-to-prepare/past-papers/,RMO23-24 KV & JNV Question Paper,https://olympiads.hbcse.tifr.res.in/wp-content/uploads/2023/10/KVJNV_Bilingual.pdf,PDF paper/problem,English/Hindi,Official mathematics and science Olympiad papers and solutions,,,yes
India,EM/DM,EM/DM,A,Olympiad archive,HBCSE Olympiad past papers,https://olympiads.hbcse.tifr.res.in/how-to-prepare/past-papers/,RMO2023-24-Non KV & Non JNV Question Paper,https://olympiads.hbcse.tifr.res.in/wp-content/uploads/2023/10/rmo-combined.pdf,PDF paper/problem,English/Hindi,Official mathematics and science Olympiad papers and solutions,,,yes
India,EM/DM,EM/DM,A,Olympiad archive,HBCSE Olympiad past papers,https://olympiads.hbcse.tifr.res.in/how-to-prepare/past-papers/,KV & JNV – Answer Key,https://olympiads.hbcse.tifr.res.in/wp-content/uploads/2023/11/KV-n-JNV.pdf,PDF solution/answer,English/Hindi,Official mathematics and science Olympiad papers and solutions,,,yes
India,EM/DM,EM/DM,A,Olympiad archive,HBCSE Olympiad past papers,https://olympiads.hbcse.tifr.res.in/how-to-prepare/past-papers/,Non – KV & Non JNV – Answer Key,https://olympiads.hbcse.tifr.res.in/wp-content/uploads/2023/11/NonKV-or-Non-JNV.pdf,PDF solution/answer,English/Hindi,Official mathematics and science Olympiad papers and solutions,,,yes
India,EM/DM,EM/DM,A,Olympiad archive,HBCSE Olympiad past papers,https://olympiads.hbcse.tifr.res.in/how-to-prepare/past-papers/,QP (Hindi),https://olympiads.hbcse.tifr.res.in/wp-content/uploads/2024/02/INAO2024-Question-hi.pdf,PDF paper/problem,English/Hindi,Official mathematics and science Olympiad papers and solutions,,,yes
India,EM/DM,EM/DM,A,Olympiad archive,HBCSE Olympiad past papers,https://olympiads.hbcse.tifr.res.in/how-to-prepare/past-papers/,QP (English),https://olympiads.hbcse.tifr.res.in/wp-content/uploads/2024/02/INAO2024-Question.pdf,PDF paper/problem,English/Hindi,Official mathematics and science Olympiad papers and solutions,,,yes
India,EM/DM,EM/DM,A,Olympiad archive,HBCSE Olympiad past papers,https://olympiads.hbcse.tifr.res.in/how-to-prepare/past-papers/,Model Solutions,https://olympiads.hbcse.tifr.res.in/wp-content/uploads/2024/02/INAO2024-Solution-20240220.pdf,PDF solution/answer,English/Hindi,Official mathematics and science Olympiad papers and solutions,,,yes
India,EM/DM,EM/DM,A,Olympiad archive,HBCSE Olympiad past papers,https://olympiads.hbcse.tifr.res.in/how-to-prepare/past-papers/,QP (English),https://olympiads.hbcse.tifr.res.in/wp-content/uploads/2024/02/INBO2024-Question-en.pdf,PDF paper/problem,English/Hindi,Official mathematics and science Olympiad papers and solutions,,,yes
India,EM/DM,EM/DM,A,Olympiad archive,HBCSE Olympiad past papers,https://olympiads.hbcse.tifr.res.in/how-to-prepare/past-papers/,QP (Hindi),https://olympiads.hbcse.tifr.res.in/wp-content/uploads/2024/02/INBO2024-Question-hi.pdf,PDF paper/problem,English/Hindi,Official mathematics and science Olympiad papers and solutions,,,yes
India,EM/DM,EM/DM,A,Olympiad archive,HBCSE Olympiad past papers,https://olympiads.hbcse.tifr.res.in/how-to-prepare/past-papers/,Model Solutions,https://olympiads.hbcse.tifr.res.in/wp-content/uploads/2024/02/INBO2024-Solution-20240220.pdf,PDF solution/answer,English/Hindi,Official mathematics and science Olympiad papers and solutions,,,yes
India,EM/DM,EM/DM,A,Olympiad archive,HBCSE Olympiad past papers,https://olympiads.hbcse.tifr.res.in/how-to-prepare/past-papers/,QP (English),https://olympiads.hbcse.tifr.res.in/wp-content/uploads/2024/02/INChO2024-Question-1.pdf,PDF paper/problem,English/Hindi,Official mathematics and science Olympiad papers and solutions,,,yes
India,EM/DM,EM/DM,A,Olympiad archive,HBCSE Olympiad past papers,https://olympiads.hbcse.tifr.res.in/how-to-prepare/past-papers/,QP (Hindi),https://olympiads.hbcse.tifr.res.in/wp-content/uploads/2024/02/INChO2024-Question-hi.pdf,PDF paper/problem,English/Hindi,Official mathematics and science Olympiad papers and solutions,,,yes
India,EM/DM,EM/DM,A,Olympiad archive,HBCSE Olympiad past papers,https://olympiads.hbcse.tifr.res.in/how-to-prepare/past-papers/,Model Solutions,https://olympiads.hbcse.tifr.res.in/wp-content/uploads/2024/02/INChO2024-Solution-20240220.pdf,PDF solution/answer,English/Hindi,Official mathematics and science Olympiad papers and solutions,,,yes
India,EM/DM,EM/DM,A,Olympiad archive,HBCSE Olympiad past papers,https://olympiads.hbcse.tifr.res.in/how-to-prepare/past-papers/,2. Solutions,https://olympiads.hbcse.tifr.res.in/wp-content/uploads/2024/02/INMO_2024_final_solutions.pdf,PDF solution/answer,English/Hindi,Official mathematics and science Olympiad papers and solutions,,,yes
India,EM/DM,EM/DM,A,Olympiad archive,HBCSE Olympiad past papers,https://olympiads.hbcse.tifr.res.in/how-to-prepare/past-papers/,QP (Hindi),https://olympiads.hbcse.tifr.res.in/wp-content/uploads/2024/02/INPHO2024-Question-hi.pdf,PDF paper/problem,English/Hindi,Official mathematics and science Olympiad papers and solutions,,,yes
India,EM/DM,EM/DM,A,Olympiad archive,HBCSE Olympiad past papers,https://olympiads.hbcse.tifr.res.in/how-to-prepare/past-papers/,QP (English),https://olympiads.hbcse.tifr.res.in/wp-content/uploads/2024/02/INPHO2024-Question.pdf,PDF paper/problem,English/Hindi,Official mathematics and science Olympiad papers and solutions,,,yes
India,EM/DM,EM/DM,A,Olympiad archive,HBCSE Olympiad past papers,https://olympiads.hbcse.tifr.res.in/how-to-prepare/past-papers/,Model Solutions,https://olympiads.hbcse.tifr.res.in/wp-content/uploads/2024/02/INPhO2024-Solution-20240220.pdf,PDF solution/answer,English/Hindi,Official mathematics and science Olympiad papers and solutions,,,yes
India,EM/DM,EM/DM,A,Olympiad archive,HBCSE Olympiad past papers,https://olympiads.hbcse.tifr.res.in/how-to-prepare/past-papers/,1.,https://olympiads.hbcse.tifr.res.in/wp-content/uploads/2024/03/INMO2024-Q.-Paper.pdf,PDF paper/problem,English/Hindi,Official mathematics and science Olympiad papers and solutions,,,yes
India,EM/DM,EM/DM,A,Olympiad archive,HBCSE Olympiad past papers,https://olympiads.hbcse.tifr.res.in/how-to-prepare/past-papers/,RMO2024 Problem with Solutions,https://olympiads.hbcse.tifr.res.in/wp-content/uploads/2024/11/Official-Solutions-for-RMO-2024.pdf,PDF solution/answer,English/Hindi,Official mathematics and science Olympiad papers and solutions,,,yes
India,EM/DM,EM/DM,A,Olympiad archive,HBCSE Olympiad past papers,https://olympiads.hbcse.tifr.res.in/how-to-prepare/past-papers/,1. Question Paper,https://olympiads.hbcse.tifr.res.in/wp-content/uploads/2025/01/INMO2025_Hindi_English.pdf,PDF paper/problem,English/Hindi,Official mathematics and science Olympiad papers and solutions,,,yes
India,EM/DM,EM/DM,A,Olympiad archive,HBCSE Olympiad past papers,https://olympiads.hbcse.tifr.res.in/how-to-prepare/past-papers/,Model Solutions,https://olympiads.hbcse.tifr.res.in/wp-content/uploads/2025/02/INAO-Solutions-20250221.pdf,PDF solution/answer,English/Hindi,Official mathematics and science Olympiad papers and solutions,,,yes
India,EM/DM,EM/DM,A,Olympiad archive,HBCSE Olympiad past papers,https://olympiads.hbcse.tifr.res.in/how-to-prepare/past-papers/,QP (Hindi),https://olympiads.hbcse.tifr.res.in/wp-content/uploads/2025/02/INAO2025-Question-hi.pdf,PDF paper/problem,English/Hindi,Official mathematics and science Olympiad papers and solutions,,,yes
India,EM/DM,EM/DM,A,Olympiad archive,HBCSE Olympiad past papers,https://olympiads.hbcse.tifr.res.in/how-to-prepare/past-papers/,QP (English),https://olympiads.hbcse.tifr.res.in/wp-content/uploads/2025/02/INAO2025-Question.pdf,PDF paper/problem,English/Hindi,Official mathematics and science Olympiad papers and solutions,,,yes
India,EM/DM,EM/DM,A,Olympiad archive,HBCSE Olympiad past papers,https://olympiads.hbcse.tifr.res.in/how-to-prepare/past-papers/,QP (Hindi),https://olympiads.hbcse.tifr.res.in/wp-content/uploads/2025/02/INBO2025-Question-hi.pdf,PDF paper/problem,English/Hindi,Official mathematics and science Olympiad papers and solutions,,,yes
India,EM/DM,EM/DM,A,Olympiad archive,HBCSE Olympiad past papers,https://olympiads.hbcse.tifr.res.in/how-to-prepare/past-papers/,QP (English),https://olympiads.hbcse.tifr.res.in/wp-content/uploads/2025/02/INBO2025-Question.pdf,PDF paper/problem,English/Hindi,Official mathematics and science Olympiad papers and solutions,,,yes
India,EM/DM,EM/DM,A,Olympiad archive,HBCSE Olympiad past papers,https://olympiads.hbcse.tifr.res.in/how-to-prepare/past-papers/,Model Solutions,https://olympiads.hbcse.tifr.res.in/wp-content/uploads/2025/02/INBO2025-Solution-20250219.pdf,PDF solution/answer,English/Hindi,Official mathematics and science Olympiad papers and solutions,,,yes
India,EM/DM,EM/DM,A,Olympiad archive,HBCSE Olympiad past papers,https://olympiads.hbcse.tifr.res.in/how-to-prepare/past-papers/,QP (Hindi),https://olympiads.hbcse.tifr.res.in/wp-content/uploads/2025/02/INChO2025-Question-hi.pdf,PDF paper/problem,English/Hindi,Official mathematics and science Olympiad papers and solutions,,,yes
India,EM/DM,EM/DM,A,Olympiad archive,HBCSE Olympiad past papers,https://olympiads.hbcse.tifr.res.in/how-to-prepare/past-papers/,QP (English),https://olympiads.hbcse.tifr.res.in/wp-content/uploads/2025/02/INChO2025-Question.pdf,PDF paper/problem,English/Hindi,Official mathematics and science Olympiad papers and solutions,,,yes
India,EM/DM,EM/DM,A,Olympiad archive,HBCSE Olympiad past papers,https://olympiads.hbcse.tifr.res.in/how-to-prepare/past-papers/,Model Solutions,https://olympiads.hbcse.tifr.res.in/wp-content/uploads/2025/02/INChO2025-Solution-20250219.pdf,PDF solution/answer,English/Hindi,Official mathematics and science Olympiad papers and solutions,,,yes
India,EM/DM,EM/DM,A,Olympiad archive,HBCSE Olympiad past papers,https://olympiads.hbcse.tifr.res.in/how-to-prepare/past-papers/,QP (Hindi),https://olympiads.hbcse.tifr.res.in/wp-content/uploads/2025/02/INPhO2025-Question-hi.pdf,PDF paper/problem,English/Hindi,Official mathematics and science Olympiad papers and solutions,,,yes
India,EM/DM,EM/DM,A,Olympiad archive,HBCSE Olympiad past papers,https://olympiads.hbcse.tifr.res.in/how-to-prepare/past-papers/,QP (English),https://olympiads.hbcse.tifr.res.in/wp-content/uploads/2025/02/INPhO2025-Question.pdf,PDF paper/problem,English/Hindi,Official mathematics and science Olympiad papers and solutions,,,yes
India,EM/DM,EM/DM,A,Olympiad archive,HBCSE Olympiad past papers,https://olympiads.hbcse.tifr.res.in/how-to-prepare/past-papers/,Model Solutions,https://olympiads.hbcse.tifr.res.in/wp-content/uploads/2025/02/INPhO2025-Solution-20250219.pdf,PDF solution/answer,English/Hindi,Official mathematics and science Olympiad papers and solutions,,,yes
India,EM/DM,EM/DM,A,Olympiad archive,HBCSE Olympiad past papers,https://olympiads.hbcse.tifr.res.in/how-to-prepare/past-papers/,English,https://olympiads.hbcse.tifr.res.in/wp-content/uploads/2025/04/ioqm-2024-english.pdf,PDF resource,English/Hindi,Official mathematics and science Olympiad papers and solutions,,,yes
India,EM/DM,EM/DM,A,Olympiad archive,HBCSE Olympiad past papers,https://olympiads.hbcse.tifr.res.in/how-to-prepare/past-papers/,Answer Key,https://olympiads.hbcse.tifr.res.in/wp-content/uploads/2025/04/ioqm2024-answerkey.pdf,PDF solution/answer,English/Hindi,Official mathematics and science Olympiad papers and solutions,,,yes
India,EM/DM,EM/DM,A,Olympiad archive,HBCSE Olympiad past papers,https://olympiads.hbcse.tifr.res.in/how-to-prepare/past-papers/,Hindi,https://olympiads.hbcse.tifr.res.in/wp-content/uploads/2025/04/ioqm2024-hindi.pdf,PDF resource,English/Hindi,Official mathematics and science Olympiad papers and solutions,,,yes
India,EM/DM,EM/DM,A,Olympiad archive,HBCSE Olympiad past papers,https://olympiads.hbcse.tifr.res.in/how-to-prepare/past-papers/,English,https://olympiads.hbcse.tifr.res.in/wp-content/uploads/2025/10/en.M1.pdf,PDF resource,English/Hindi,Official mathematics and science Olympiad papers and solutions,,,yes
India,EM/DM,EM/DM,A,Olympiad archive,HBCSE Olympiad past papers,https://olympiads.hbcse.tifr.res.in/how-to-prepare/past-papers/,English,https://olympiads.hbcse.tifr.res.in/wp-content/uploads/2025/10/en.ver1_.pdf,PDF resource,English/Hindi,Official mathematics and science Olympiad papers and solutions,,,yes
India,EM/DM,EM/DM,A,Olympiad archive,HBCSE Olympiad past papers,https://olympiads.hbcse.tifr.res.in/how-to-prepare/past-papers/,Answer Key,https://olympiads.hbcse.tifr.res.in/wp-content/uploads/2025/10/final-key-28th-September.pdf,PDF solution/answer,English/Hindi,Official mathematics and science Olympiad papers and solutions,,,yes
India,EM/DM,EM/DM,A,Olympiad archive,HBCSE Olympiad past papers,https://olympiads.hbcse.tifr.res.in/how-to-prepare/past-papers/,Answer Key,https://olympiads.hbcse.tifr.res.in/wp-content/uploads/2025/10/final-key-7th-September.pdf,PDF solution/answer,English/Hindi,Official mathematics and science Olympiad papers and solutions,,,yes
India,EM/DM,EM/DM,A,Olympiad archive,HBCSE Olympiad past papers,https://olympiads.hbcse.tifr.res.in/how-to-prepare/past-papers/,Hindi,https://olympiads.hbcse.tifr.res.in/wp-content/uploads/2025/10/hi.M1.pdf,PDF resource,English/Hindi,Official mathematics and science Olympiad papers and solutions,,,yes
India,EM/DM,EM/DM,A,Olympiad archive,HBCSE Olympiad past papers,https://olympiads.hbcse.tifr.res.in/how-to-prepare/past-papers/,Hindi,https://olympiads.hbcse.tifr.res.in/wp-content/uploads/2025/10/hi.ver1_.pdf,PDF resource,English/Hindi,Official mathematics and science Olympiad papers and solutions,,,yes
India,EM/DM,EM/DM,A,Olympiad archive,HBCSE Olympiad past papers,https://olympiads.hbcse.tifr.res.in/how-to-prepare/past-papers/,English,https://olympiads.hbcse.tifr.res.in/wp-content/uploads/2025/11/RMO-2025-Paper-1.pdf,PDF paper/problem,English/Hindi,Official mathematics and science Olympiad papers and solutions,,,yes
India,EM/DM,EM/DM,A,Olympiad archive,HBCSE Olympiad past papers,https://olympiads.hbcse.tifr.res.in/how-to-prepare/past-papers/,English,https://olympiads.hbcse.tifr.res.in/wp-content/uploads/2025/11/RMO-2025-Paper-2.pdf,PDF paper/problem,English/Hindi,Official mathematics and science Olympiad papers and solutions,,,yes
India,EM/DM,EM/DM,A,Olympiad archive,HBCSE Olympiad past papers,https://olympiads.hbcse.tifr.res.in/how-to-prepare/past-papers/,Hindi,https://olympiads.hbcse.tifr.res.in/wp-content/uploads/2025/11/rmo_nov_2025_paper-1_hindi.pdf,PDF paper/problem,English/Hindi,Official mathematics and science Olympiad papers and solutions,,,yes
India,EM/DM,EM/DM,A,Olympiad archive,HBCSE Olympiad past papers,https://olympiads.hbcse.tifr.res.in/how-to-prepare/past-papers/,Hindi,https://olympiads.hbcse.tifr.res.in/wp-content/uploads/2025/11/rmo_nov_2025_paper-2_hindi.pdf,PDF paper/problem,English/Hindi,Official mathematics and science Olympiad papers and solutions,,,yes
India,EM/DM,EM/DM,A,Olympiad archive,HBCSE Olympiad past papers,https://olympiads.hbcse.tifr.res.in/how-to-prepare/past-papers/,KV-NVS RMO 2025 Solutions,https://olympiads.hbcse.tifr.res.in/wp-content/uploads/2025/12/KV-RMO-2025-solutions.pdf,PDF solution/answer,English/Hindi,Official mathematics and science Olympiad papers and solutions,,,yes
India,EM/DM,EM/DM,A,Olympiad archive,HBCSE Olympiad past papers,https://olympiads.hbcse.tifr.res.in/how-to-prepare/past-papers/,RMO 2025 Solutions,https://olympiads.hbcse.tifr.res.in/wp-content/uploads/2025/12/RMO-2025-solutions.pdf,PDF solution/answer,English/Hindi,Official mathematics and science Olympiad papers and solutions,,,yes
India,EM/DM,EM/DM,A,Olympiad archive,HBCSE Olympiad past papers,https://olympiads.hbcse.tifr.res.in/how-to-prepare/past-papers/,Answer Booklet,https://olympiads.hbcse.tifr.res.in/wp-content/uploads/2026/01/INAO2024-Answerbooklet.pdf,PDF solution/answer,English/Hindi,Official mathematics and science Olympiad papers and solutions,,,yes
India,EM/DM,EM/DM,A,Olympiad archive,HBCSE Olympiad past papers,https://olympiads.hbcse.tifr.res.in/how-to-prepare/past-papers/,Answer Booklet,https://olympiads.hbcse.tifr.res.in/wp-content/uploads/2026/01/INAO2025-Answerbooklet.pdf,PDF solution/answer,English/Hindi,Official mathematics and science Olympiad papers and solutions,,,yes
India,EM/DM,EM/DM,A,Olympiad archive,HBCSE Olympiad past papers,https://olympiads.hbcse.tifr.res.in/how-to-prepare/past-papers/,Answer Booklet,https://olympiads.hbcse.tifr.res.in/wp-content/uploads/2026/01/INBO2024-Answerbooklet.pdf,PDF solution/answer,English/Hindi,Official mathematics and science Olympiad papers and solutions,,,yes
India,EM/DM,EM/DM,A,Olympiad archive,HBCSE Olympiad past papers,https://olympiads.hbcse.tifr.res.in/how-to-prepare/past-papers/,Answer Booklet,https://olympiads.hbcse.tifr.res.in/wp-content/uploads/2026/01/INBO2025-Answerbooklet.pdf,PDF solution/answer,English/Hindi,Official mathematics and science Olympiad papers and solutions,,,yes
India,EM/DM,EM/DM,A,Olympiad archive,HBCSE Olympiad past papers,https://olympiads.hbcse.tifr.res.in/how-to-prepare/past-papers/,Answer Booklet,https://olympiads.hbcse.tifr.res.in/wp-content/uploads/2026/01/INCHO2025-Answerbooklet.pdf,PDF solution/answer,English/Hindi,Official mathematics and science Olympiad papers and solutions,,,yes
India,EM/DM,EM/DM,A,Olympiad archive,HBCSE Olympiad past papers,https://olympiads.hbcse.tifr.res.in/how-to-prepare/past-papers/,English,https://olympiads.hbcse.tifr.res.in/wp-content/uploads/2026/01/INMO-2026.pdf,PDF resource,English/Hindi,Official mathematics and science Olympiad papers and solutions,,,yes
India,EM/DM,EM/DM,A,Olympiad archive,HBCSE Olympiad past papers,https://olympiads.hbcse.tifr.res.in/how-to-prepare/past-papers/,Hindi,https://olympiads.hbcse.tifr.res.in/wp-content/uploads/2026/01/INMO_2025_hindi_correct.pdf,PDF resource,English/Hindi,Official mathematics and science Olympiad papers and solutions,,,yes
India,EM/DM,EM/DM,A,Olympiad archive,HBCSE Olympiad past papers,https://olympiads.hbcse.tifr.res.in/how-to-prepare/past-papers/,Answer Booklet,https://olympiads.hbcse.tifr.res.in/wp-content/uploads/2026/01/INPHO2024-Answerbooklet.pdf,PDF solution/answer,English/Hindi,Official mathematics and science Olympiad papers and solutions,,,yes
India,EM/DM,EM/DM,A,Olympiad archive,HBCSE Olympiad past papers,https://olympiads.hbcse.tifr.res.in/how-to-prepare/past-papers/,Answer Booklet,https://olympiads.hbcse.tifr.res.in/wp-content/uploads/2026/01/INPHO2025-Answerbooklet.pdf,PDF solution/answer,English/Hindi,Official mathematics and science Olympiad papers and solutions,,,yes
India,EM/DM,EM/DM,A,Olympiad archive,HBCSE Olympiad past papers,https://olympiads.hbcse.tifr.res.in/how-to-prepare/past-papers/,QP (English),https://olympiads.hbcse.tifr.res.in/wp-content/uploads/ino20/INAO2020-Questions-en.pdf,PDF paper/problem,English/Hindi,Official mathematics and science Olympiad papers and solutions,,,yes
India,EM/DM,EM/DM,A,Olympiad archive,HBCSE Olympiad past papers,https://olympiads.hbcse.tifr.res.in/how-to-prepare/past-papers/,QP (Hindi),https://olympiads.hbcse.tifr.res.in/wp-content/uploads/ino20/INAO2020-Questions-hi.pdf,PDF paper/problem,English/Hindi,Official mathematics and science Olympiad papers and solutions,,,yes
India,EM/DM,EM/DM,A,Olympiad archive,HBCSE Olympiad past papers,https://olympiads.hbcse.tifr.res.in/how-to-prepare/past-papers/,QP (English),https://olympiads.hbcse.tifr.res.in/wp-content/uploads/ino20/INBO2020-Questions-en.pdf,PDF paper/problem,English/Hindi,Official mathematics and science Olympiad papers and solutions,,,yes
India,EM/DM,EM/DM,A,Olympiad archive,HBCSE Olympiad past papers,https://olympiads.hbcse.tifr.res.in/how-to-prepare/past-papers/,QP (Hindi),https://olympiads.hbcse.tifr.res.in/wp-content/uploads/ino20/INBO2020-Questions-hi.pdf,PDF paper/problem,English/Hindi,Official mathematics and science Olympiad papers and solutions,,,yes
India,EM/DM,EM/DM,A,Olympiad archive,HBCSE Olympiad past papers,https://olympiads.hbcse.tifr.res.in/how-to-prepare/past-papers/,QP (English),https://olympiads.hbcse.tifr.res.in/wp-content/uploads/ino20/INChO2020-Questions-en.pdf,PDF paper/problem,English/Hindi,Official mathematics and science Olympiad papers and solutions,,,yes
India,EM/DM,EM/DM,A,Olympiad archive,HBCSE Olympiad past papers,https://olympiads.hbcse.tifr.res.in/how-to-prepare/past-papers/,QP (English),https://olympiads.hbcse.tifr.res.in/wp-content/uploads/ino20/INJSO2020-Questions-en.pdf,PDF paper/problem,English/Hindi,Official mathematics and science Olympiad papers and solutions,,,yes
India,EM/DM,EM/DM,A,Olympiad archive,HBCSE Olympiad past papers,https://olympiads.hbcse.tifr.res.in/how-to-prepare/past-papers/,QP (Hindi),https://olympiads.hbcse.tifr.res.in/wp-content/uploads/ino20/INJSO2020-Questions-hi.pdf,PDF paper/problem,English/Hindi,Official mathematics and science Olympiad papers and solutions,,,yes
India,GA,GA,B,exam archive,UPSC previous question papers,https://www.upsc.gov.in/examinations/previous-question-papers,Marks Information,https://upsconline.gov.in/marksheet/exam/marksheet_system/,HTML paper/problem/practice,English,Official General Ability and Intelligence and other papers,,,yes
India,EM/DM,EM/DM,A,exam archive,TIFR past question papers,https://www.tifr.res.in/academics/past_question_papers.php,Examination Board,https://www.tifr.res.in/academics/docs/D-8-2025-26_Constitutio_of_Examination_Board_TIFR_GS_Programme.pdf,PDF paper/problem,English,Official graduate entrance papers,,,yes
India,EM/DM,EM/DM,A,exam archive,TIFR past question papers,https://www.tifr.res.in/academics/past_question_papers.php,Advertisement,https://www.tifr.res.in/academics/docs/GS-2026_Advertisement.pdf,PDF resource,English,Official graduate entrance papers,,,yes
India,EM/DM,EM/DM,A,exam archive,TIFR past question papers,https://www.tifr.res.in/academics/past_question_papers.php,Poster,https://www.tifr.res.in/academics/docs/GS-2026_Poster.pdf,PDF resource,English,Official graduate entrance papers,,,yes
India,EM/DM,EM/DM,A,exam archive,TIFR past question papers,https://www.tifr.res.in/academics/past_question_papers.php,MSc Wildlife Biology and Conservation,https://www.tifr.res.in/academics/docs/past_QP/GS2010-QP-BIO-M.SC.-WILDLIFE.pdf,PDF resource,English,Official graduate entrance papers,,,yes
India,EM/DM,EM/DM,A,exam archive,TIFR past question papers,https://www.tifr.res.in/academics/past_question_papers.php,Biology,https://www.tifr.res.in/academics/docs/past_QP/GS2010-QP-BIO.pdf,PDF resource,English,Official graduate entrance papers,,,yes
India,EM/DM,EM/DM,A,exam archive,TIFR past question papers,https://www.tifr.res.in/academics/past_question_papers.php,Chemistry,https://www.tifr.res.in/academics/docs/past_QP/GS2010-QP-CHM.PDF,PDF resource,English,Official graduate entrance papers,,,yes
India,EM/DM,EM/DM,A,exam archive,TIFR past question papers,https://www.tifr.res.in/academics/past_question_papers.php,Computer & Systems Sciences,https://www.tifr.res.in/academics/docs/past_QP/GS2010-QP-CSS.PDF,PDF resource,English,Official graduate entrance papers,,,yes
India,EM/DM,EM/DM,A,exam archive,TIFR past question papers,https://www.tifr.res.in/academics/past_question_papers.php,Mathematics,https://www.tifr.res.in/academics/docs/past_QP/GS2010-QP-MTH.PDF,PDF resource,English,Official graduate entrance papers,,,yes
India,EM/DM,EM/DM,A,exam archive,TIFR past question papers,https://www.tifr.res.in/academics/past_question_papers.php,Physics,https://www.tifr.res.in/academics/docs/past_QP/GS2010-QP-PHY.PDF,PDF resource,English,Official graduate entrance papers,,,yes
India,EM/DM,EM/DM,A,exam archive,TIFR past question papers,https://www.tifr.res.in/academics/past_question_papers.php,Biology,https://www.tifr.res.in/academics/docs/past_QP/GS2011_QP_Biology.pdf,PDF resource,English,Official graduate entrance papers,,,yes
India,EM/DM,EM/DM,A,exam archive,TIFR past question papers,https://www.tifr.res.in/academics/past_question_papers.php,Chemistry,https://www.tifr.res.in/academics/docs/past_QP/GS2011_QP_Chemistry.pdf,PDF resource,English,Official graduate entrance papers,,,yes
India,EM/DM,EM/DM,A,exam archive,TIFR past question papers,https://www.tifr.res.in/academics/past_question_papers.php,Computer & Systems Sciences,https://www.tifr.res.in/academics/docs/past_QP/GS2011_QP_Computer.pdf,PDF resource,English,Official graduate entrance papers,,,yes
India,EM/DM,EM/DM,A,exam archive,TIFR past question papers,https://www.tifr.res.in/academics/past_question_papers.php,Mathematics,https://www.tifr.res.in/academics/docs/past_QP/GS2011_QP_Maths.pdf,PDF resource,English,Official graduate entrance papers,,,yes
India,EM/DM,EM/DM,A,exam archive,TIFR past question papers,https://www.tifr.res.in/academics/past_question_papers.php,Physics,https://www.tifr.res.in/academics/docs/past_QP/GS2011_QP_Physics.pdf,PDF resource,English,Official graduate entrance papers,,,yes
India,EM/DM,EM/DM,A,exam archive,TIFR past question papers,https://www.tifr.res.in/academics/past_question_papers.php,Biology,https://www.tifr.res.in/academics/docs/past_QP/GS2012_QP_BIO.pdf,PDF resource,English,Official graduate entrance papers,,,yes
India,EM/DM,EM/DM,A,exam archive,TIFR past question papers,https://www.tifr.res.in/academics/past_question_papers.php,Chemistry-X,https://www.tifr.res.in/academics/docs/past_QP/GS2012_QP_CHM_X.pdf,PDF resource,English,Official graduate entrance papers,,,yes
India,EM/DM,EM/DM,A,exam archive,TIFR past question papers,https://www.tifr.res.in/academics/past_question_papers.php,Chemistry-Y,https://www.tifr.res.in/academics/docs/past_QP/GS2012_QP_CHM_Y.pdf,PDF resource,English,Official graduate entrance papers,,,yes
India,EM/DM,EM/DM,A,exam archive,TIFR past question papers,https://www.tifr.res.in/academics/past_question_papers.php,Computer & Systems Sciences,https://www.tifr.res.in/academics/docs/past_QP/GS2012_QP_CSS.pdf,PDF resource,English,Official graduate entrance papers,,,yes
India,EM/DM,EM/DM,A,exam archive,TIFR past question papers,https://www.tifr.res.in/academics/past_question_papers.php,Mathematics,https://www.tifr.res.in/academics/docs/past_QP/GS2012_QP_MTH.pdf,PDF resource,English,Official graduate entrance papers,,,yes
India,EM/DM,EM/DM,A,exam archive,TIFR past question papers,https://www.tifr.res.in/academics/past_question_papers.php,Physics-X,https://www.tifr.res.in/academics/docs/past_QP/GS2012_QP_PHY_X.pdf,PDF resource,English,Official graduate entrance papers,,,yes
India,EM/DM,EM/DM,A,exam archive,TIFR past question papers,https://www.tifr.res.in/academics/past_question_papers.php,Physics-Y,https://www.tifr.res.in/academics/docs/past_QP/GS2012_QP_PHY_Y.pdf,PDF resource,English,Official graduate entrance papers,,,yes
India,EM/DM,EM/DM,A,exam archive,TIFR past question papers,https://www.tifr.res.in/academics/past_question_papers.php,MSc Wildlife Biology and Conservation,https://www.tifr.res.in/academics/docs/past_QP/GS2012_QP_WLBIO.pdf,PDF resource,English,Official graduate entrance papers,,,yes
India,EM/DM,EM/DM,A,exam archive,TIFR past question papers,https://www.tifr.res.in/academics/past_question_papers.php,Biology,https://www.tifr.res.in/academics/docs/past_QP/GS2013_QP_BIO.pdf,PDF resource,English,Official graduate entrance papers,,,yes
India,EM/DM,EM/DM,A,exam archive,TIFR past question papers,https://www.tifr.res.in/academics/past_question_papers.php,Chemistry-X,https://www.tifr.res.in/academics/docs/past_QP/GS2013_QP_CHM_X.pdf,PDF resource,English,Official graduate entrance papers,,,yes
India,EM/DM,EM/DM,A,exam archive,TIFR past question papers,https://www.tifr.res.in/academics/past_question_papers.php,Chemistry-Y,https://www.tifr.res.in/academics/docs/past_QP/GS2013_QP_CHM_Y.pdf,PDF resource,English,Official graduate entrance papers,,,yes
India,EM/DM,EM/DM,A,exam archive,TIFR past question papers,https://www.tifr.res.in/academics/past_question_papers.php,Computer & Systems Sciences,https://www.tifr.res.in/academics/docs/past_QP/GS2013_QP_CSS.pdf,PDF resource,English,Official graduate entrance papers,,,yes
India,EM/DM,EM/DM,A,exam archive,TIFR past question papers,https://www.tifr.res.in/academics/past_question_papers.php,Mathematics,https://www.tifr.res.in/academics/docs/past_QP/GS2013_QP_MTH.pdf,PDF resource,English,Official graduate entrance papers,,,yes
India,EM/DM,EM/DM,A,exam archive,TIFR past question papers,https://www.tifr.res.in/academics/past_question_papers.php,Physics-X,https://www.tifr.res.in/academics/docs/past_QP/GS2013_QP_PHY_X.pdf,PDF resource,English,Official graduate entrance papers,,,yes
India,EM/DM,EM/DM,A,exam archive,TIFR past question papers,https://www.tifr.res.in/academics/past_question_papers.php,Physics-Y,https://www.tifr.res.in/academics/docs/past_QP/GS2013_QP_PHY_Y.pdf,PDF resource,English,Official graduate entrance papers,,,yes
India,EM/DM,EM/DM,A,exam archive,TIFR past question papers,https://www.tifr.res.in/academics/past_question_papers.php,Biology,https://www.tifr.res.in/academics/docs/past_QP/GS2014_QP_BIO.pdf,PDF resource,English,Official graduate entrance papers,,,yes
India,EM/DM,EM/DM,A,exam archive,TIFR past question papers,https://www.tifr.res.in/academics/past_question_papers.php,Chemistry-X,https://www.tifr.res.in/academics/docs/past_QP/GS2014_QP_CHM_X.pdf,PDF resource,English,Official graduate entrance papers,,,yes
India,EM/DM,EM/DM,A,exam archive,TIFR past question papers,https://www.tifr.res.in/academics/past_question_papers.php,Chemistry-Y,https://www.tifr.res.in/academics/docs/past_QP/GS2014_QP_CHM_Y.pdf,PDF resource,English,Official graduate entrance papers,,,yes
India,EM/DM,EM/DM,A,exam archive,TIFR past question papers,https://www.tifr.res.in/academics/past_question_papers.php,Computer & Systems Sciences,https://www.tifr.res.in/academics/docs/past_QP/GS2014_QP_CSS.pdf,PDF resource,English,Official graduate entrance papers,,,yes
India,EM/DM,EM/DM,A,exam archive,TIFR past question papers,https://www.tifr.res.in/academics/past_question_papers.php,Mathematics,https://www.tifr.res.in/academics/docs/past_QP/GS2014_QP_MTH.pdf,PDF resource,English,Official graduate entrance papers,,,yes
India,EM/DM,EM/DM,A,exam archive,TIFR past question papers,https://www.tifr.res.in/academics/past_question_papers.php,Physics-X,https://www.tifr.res.in/academics/docs/past_QP/GS2014_QP_PHY_X.pdf,PDF resource,English,Official graduate entrance papers,,,yes
India,EM/DM,EM/DM,A,exam archive,TIFR past question papers,https://www.tifr.res.in/academics/past_question_papers.php,Physics-Y,https://www.tifr.res.in/academics/docs/past_QP/GS2014_QP_PHY_Y.pdf,PDF resource,English,Official graduate entrance papers,,,yes
India,EM/DM,EM/DM,A,exam archive,TIFR past question papers,https://www.tifr.res.in/academics/past_question_papers.php,MSc Wildlife Biology and Conservation,https://www.tifr.res.in/academics/docs/past_QP/GS2014_QP_WLBIO.pdf,PDF resource,English,Official graduate entrance papers,,,yes
India,EM/DM,EM/DM,A,exam archive,TIFR past question papers,https://www.tifr.res.in/academics/past_question_papers.php,Biology,https://www.tifr.res.in/academics/docs/past_QP/GS2015_QP_BIO.pdf,PDF resource,English,Official graduate entrance papers,,,yes
India,EM/DM,EM/DM,A,exam archive,TIFR past question papers,https://www.tifr.res.in/academics/past_question_papers.php,Chemistry-X,https://www.tifr.res.in/academics/docs/past_QP/GS2015_QP_CHM_X.pdf,PDF resource,English,Official graduate entrance papers,,,yes
India,EM/DM,EM/DM,A,exam archive,TIFR past question papers,https://www.tifr.res.in/academics/past_question_papers.php,Chemistry-Y,https://www.tifr.res.in/academics/docs/past_QP/GS2015_QP_CHM_Y.pdf,PDF resource,English,Official graduate entrance papers,,,yes
India,EM/DM,EM/DM,A,exam archive,TIFR past question papers,https://www.tifr.res.in/academics/past_question_papers.php,Computer & Systems Sciences,https://www.tifr.res.in/academics/docs/past_QP/GS2015_QP_CSS.pdf,PDF resource,English,Official graduate entrance papers,,,yes
India,EM/DM,EM/DM,A,exam archive,TIFR past question papers,https://www.tifr.res.in/academics/past_question_papers.php,Mathematics,https://www.tifr.res.in/academics/docs/past_QP/GS2015_QP_MTH.pdf,PDF resource,English,Official graduate entrance papers,,,yes
India,EM/DM,EM/DM,A,exam archive,TIFR past question papers,https://www.tifr.res.in/academics/past_question_papers.php,Physics-X,https://www.tifr.res.in/academics/docs/past_QP/GS2015_QP_PHY_X.pdf,PDF resource,English,Official graduate entrance papers,,,yes
India,EM/DM,EM/DM,A,exam archive,TIFR past question papers,https://www.tifr.res.in/academics/past_question_papers.php,Physics-Y,https://www.tifr.res.in/academics/docs/past_QP/GS2015_QP_PHY_Y.pdf,PDF resource,English,Official graduate entrance papers,,,yes
India,EM/DM,EM/DM,A,exam archive,TIFR past question papers,https://www.tifr.res.in/academics/past_question_papers.php,Biology,https://www.tifr.res.in/academics/docs/past_QP/GS2016_QP_BIO.pdf,PDF resource,English,Official graduate entrance papers,,,yes
India,EM/DM,EM/DM,A,exam archive,TIFR past question papers,https://www.tifr.res.in/academics/past_question_papers.php,Chemistry-X,https://www.tifr.res.in/academics/docs/past_QP/GS2016_QP_CHM_X.pdf,PDF resource,English,Official graduate entrance papers,,,yes
India,EM/DM,EM/DM,A,exam archive,TIFR past question papers,https://www.tifr.res.in/academics/past_question_papers.php,Chemistry-Y,https://www.tifr.res.in/academics/docs/past_QP/GS2016_QP_CHM_Y.pdf,PDF resource,English,Official graduate entrance papers,,,yes
India,EM/DM,EM/DM,A,exam archive,TIFR past question papers,https://www.tifr.res.in/academics/past_question_papers.php,Computer & Systems Sciences,https://www.tifr.res.in/academics/docs/past_QP/GS2016_QP_CSS.pdf,PDF resource,English,Official graduate entrance papers,,,yes
India,EM/DM,EM/DM,A,exam archive,TIFR past question papers,https://www.tifr.res.in/academics/past_question_papers.php,Mathematics,https://www.tifr.res.in/academics/docs/past_QP/GS2016_QP_MTH.pdf,PDF resource,English,Official graduate entrance papers,,,yes
India,EM/DM,EM/DM,A,exam archive,TIFR past question papers,https://www.tifr.res.in/academics/past_question_papers.php,Physics-X,https://www.tifr.res.in/academics/docs/past_QP/GS2016_QP_PHY_X.pdf,PDF resource,English,Official graduate entrance papers,,,yes
India,EM/DM,EM/DM,A,exam archive,TIFR past question papers,https://www.tifr.res.in/academics/past_question_papers.php,Physics-Y,https://www.tifr.res.in/academics/docs/past_QP/GS2016_QP_PHY_Y.pdf,PDF resource,English,Official graduate entrance papers,,,yes
India,EM/DM,EM/DM,A,exam archive,TIFR past question papers,https://www.tifr.res.in/academics/past_question_papers.php,Biology,https://www.tifr.res.in/academics/docs/past_QP/GS2017_QP_BIO.pdf,PDF resource,English,Official graduate entrance papers,,,yes
India,EM/DM,EM/DM,A,exam archive,TIFR past question papers,https://www.tifr.res.in/academics/past_question_papers.php,Chemistry-X,https://www.tifr.res.in/academics/docs/past_QP/GS2017_QP_CHM_X.pdf,PDF resource,English,Official graduate entrance papers,,,yes
India,EM/DM,EM/DM,A,exam archive,TIFR past question papers,https://www.tifr.res.in/academics/past_question_papers.php,Chemistry-Y,https://www.tifr.res.in/academics/docs/past_QP/GS2017_QP_CHM_Y.pdf,PDF resource,English,Official graduate entrance papers,,,yes
India,EM/DM,EM/DM,A,exam archive,TIFR past question papers,https://www.tifr.res.in/academics/past_question_papers.php,Computer & Systems Sciences,https://www.tifr.res.in/academics/docs/past_QP/GS2017_QP_CSS.pdf,PDF resource,English,Official graduate entrance papers,,,yes
India,EM/DM,EM/DM,A,exam archive,TIFR past question papers,https://www.tifr.res.in/academics/past_question_papers.php,Mathematics,https://www.tifr.res.in/academics/docs/past_QP/GS2017_QP_MTH.pdf,PDF resource,English,Official graduate entrance papers,,,yes
India,EM/DM,EM/DM,A,exam archive,TIFR past question papers,https://www.tifr.res.in/academics/past_question_papers.php,Physics-X,https://www.tifr.res.in/academics/docs/past_QP/GS2017_QP_PHY_X.pdf,PDF resource,English,Official graduate entrance papers,,,yes
India,EM/DM,EM/DM,A,exam archive,TIFR past question papers,https://www.tifr.res.in/academics/past_question_papers.php,Physics-Y,https://www.tifr.res.in/academics/docs/past_QP/GS2017_QP_PHY_Y.pdf,PDF resource,English,Official graduate entrance papers,,,yes
India,EM/DM,EM/DM,A,exam archive,TIFR past question papers,https://www.tifr.res.in/academics/past_question_papers.php,Physics-X,https://www.tifr.res.in/academics/docs/past_QP/GS2018_PHY_X.pdf,PDF resource,English,Official graduate entrance papers,,,yes
India,EM/DM,EM/DM,A,exam archive,TIFR past question papers,https://www.tifr.res.in/academics/past_question_papers.php,Physics-Y,https://www.tifr.res.in/academics/docs/past_QP/GS2018_PHY_Y.pdf,PDF resource,English,Official graduate entrance papers,,,yes
India,EM/DM,EM/DM,A,exam archive,TIFR past question papers,https://www.tifr.res.in/academics/past_question_papers.php,Biology,https://www.tifr.res.in/academics/docs/past_QP/GS2018_QP_BIO.pdf,PDF resource,English,Official graduate entrance papers,,,yes
India,EM/DM,EM/DM,A,exam archive,TIFR past question papers,https://www.tifr.res.in/academics/past_question_papers.php,Chemistry-X,https://www.tifr.res.in/academics/docs/past_QP/GS2018_QP_CHM_X.pdf,PDF resource,English,Official graduate entrance papers,,,yes
India,EM/DM,EM/DM,A,exam archive,TIFR past question papers,https://www.tifr.res.in/academics/past_question_papers.php,Chemistry-Y,https://www.tifr.res.in/academics/docs/past_QP/GS2018_QP_CHM_Y.pdf,PDF resource,English,Official graduate entrance papers,,,yes
India,EM/DM,EM/DM,A,exam archive,TIFR past question papers,https://www.tifr.res.in/academics/past_question_papers.php,Computer & Systems Sciences,https://www.tifr.res.in/academics/docs/past_QP/GS2018_QP_CSS.pdf,PDF resource,English,Official graduate entrance papers,,,yes
India,EM/DM,EM/DM,A,exam archive,TIFR past question papers,https://www.tifr.res.in/academics/past_question_papers.php,Mathematics,https://www.tifr.res.in/academics/docs/past_QP/GS2018_QP_MTH.pdf,PDF resource,English,Official graduate entrance papers,,,yes
India,EM/DM,EM/DM,A,exam archive,TIFR past question papers,https://www.tifr.res.in/academics/past_question_papers.php,MSc Wildlife Biology and Conservation,https://www.tifr.res.in/academics/docs/past_QP/GS2018_QP_WLBIO.pdf,PDF resource,English,Official graduate entrance papers,,,yes
India,EM/DM,EM/DM,A,exam archive,TIFR past question papers,https://www.tifr.res.in/academics/past_question_papers.php,Biology,https://www.tifr.res.in/academics/docs/past_QP/GS2019_QP_BIO.pdf,PDF resource,English,Official graduate entrance papers,,,yes
India,EM/DM,EM/DM,A,exam archive,TIFR past question papers,https://www.tifr.res.in/academics/past_question_papers.php,Chemistry,https://www.tifr.res.in/academics/docs/past_QP/GS2019_QP_CHM.pdf,PDF resource,English,Official graduate entrance papers,,,yes
India,EM/DM,EM/DM,A,exam archive,TIFR past question papers,https://www.tifr.res.in/academics/past_question_papers.php,Computer & Systems Sciences,https://www.tifr.res.in/academics/docs/past_QP/GS2019_QP_CS.pdf,PDF resource,English,Official graduate entrance papers,,,yes
India,EM/DM,EM/DM,A,exam archive,TIFR past question papers,https://www.tifr.res.in/academics/past_question_papers.php,Mathematics,https://www.tifr.res.in/academics/docs/past_QP/GS2019_QP_MTH.pdf,PDF resource,English,Official graduate entrance papers,,,yes
India,EM/DM,EM/DM,A,exam archive,TIFR past question papers,https://www.tifr.res.in/academics/past_question_papers.php,Physics-IPHD,https://www.tifr.res.in/academics/docs/past_QP/GS2019_QP_PHY_IPHD.pdf,PDF resource,English,Official graduate entrance papers,,,yes
India,EM/DM,EM/DM,A,exam archive,TIFR past question papers,https://www.tifr.res.in/academics/past_question_papers.php,Physics-PHD,https://www.tifr.res.in/academics/docs/past_QP/GS2019_QP_PHY_PHD.pdf,PDF resource,English,Official graduate entrance papers,,,yes
India,EM/DM,EM/DM,A,exam archive,TIFR past question papers,https://www.tifr.res.in/academics/past_question_papers.php,Biology,https://www.tifr.res.in/academics/docs/past_QP/GS2020_QP_BIO.pdf,PDF resource,English,Official graduate entrance papers,,,yes
India,EM/DM,EM/DM,A,exam archive,TIFR past question papers,https://www.tifr.res.in/academics/past_question_papers.php,Chemistry,https://www.tifr.res.in/academics/docs/past_QP/GS2020_QP_CHM.pdf,PDF resource,English,Official graduate entrance papers,,,yes
India,EM/DM,EM/DM,A,exam archive,TIFR past question papers,https://www.tifr.res.in/academics/past_question_papers.php,Computer & Systems Sciences,https://www.tifr.res.in/academics/docs/past_QP/GS2020_QP_CSS.pdf,PDF resource,English,Official graduate entrance papers,,,yes
India,EM/DM,EM/DM,A,exam archive,TIFR past question papers,https://www.tifr.res.in/academics/past_question_papers.php,Mathematics,https://www.tifr.res.in/academics/docs/past_QP/GS2020_QP_MTH.pdf,PDF resource,English,Official graduate entrance papers,,,yes
India,EM/DM,EM/DM,A,exam archive,TIFR past question papers,https://www.tifr.res.in/academics/past_question_papers.php,Physics,https://www.tifr.res.in/academics/docs/past_QP/GS2020_QP_PHY.pdf,PDF resource,English,Official graduate entrance papers,,,yes
India,EM/DM,EM/DM,A,exam archive,TIFR past question papers,https://www.tifr.res.in/academics/past_question_papers.php,MSc Wildlife Biology and Conservation,https://www.tifr.res.in/academics/docs/past_QP/GS2020_QP_WLBIO.pdf,PDF resource,English,Official graduate entrance papers,,,yes
India,EM/DM,EM/DM,A,exam archive,TIFR past question papers,https://www.tifr.res.in/academics/past_question_papers.php,Biology,https://www.tifr.res.in/academics/docs/past_QP/GS2021_QP_BIO.pdf,PDF resource,English,Official graduate entrance papers,,,yes
India,EM/DM,EM/DM,A,exam archive,TIFR past question papers,https://www.tifr.res.in/academics/past_question_papers.php,Chemistry,https://www.tifr.res.in/academics/docs/past_QP/GS2021_QP_CHM.pdf,PDF resource,English,Official graduate entrance papers,,,yes
India,EM/DM,EM/DM,A,exam archive,TIFR past question papers,https://www.tifr.res.in/academics/past_question_papers.php,Computer & Systems Sciences,https://www.tifr.res.in/academics/docs/past_QP/GS2021_QP_CSS.pdf,PDF resource,English,Official graduate entrance papers,,,yes
India,EM/DM,EM/DM,A,exam archive,TIFR past question papers,https://www.tifr.res.in/academics/past_question_papers.php,Physics,https://www.tifr.res.in/academics/docs/past_QP/GS2021_QP_PHY.pdf,PDF resource,English,Official graduate entrance papers,,,yes
India,EM/DM,EM/DM,A,exam archive,TIFR past question papers,https://www.tifr.res.in/academics/past_question_papers.php,Biology,https://www.tifr.res.in/academics/docs/past_QP/GS2022_QP_BIO.pdf,PDF resource,English,Official graduate entrance papers,,,yes
India,EM/DM,EM/DM,A,exam archive,TIFR past question papers,https://www.tifr.res.in/academics/past_question_papers.php,Chemistry,https://www.tifr.res.in/academics/docs/past_QP/GS2022_QP_CHM.pdf,PDF resource,English,Official graduate entrance papers,,,yes
India,EM/DM,EM/DM,A,exam archive,TIFR past question papers,https://www.tifr.res.in/academics/past_question_papers.php,Computer & Systems Sciences,https://www.tifr.res.in/academics/docs/past_QP/GS2022_QP_CSS.pdf,PDF resource,English,Official graduate entrance papers,,,yes
India,EM/DM,EM/DM,A,exam archive,TIFR past question papers,https://www.tifr.res.in/academics/past_question_papers.php,Physics,https://www.tifr.res.in/academics/docs/past_QP/GS2022_QP_PHY.pdf,PDF resource,English,Official graduate entrance papers,,,yes
India,EM/DM,EM/DM,A,exam archive,TIFR past question papers,https://www.tifr.res.in/academics/past_question_papers.php,MSc Wildlife Biology and Conservation,https://www.tifr.res.in/academics/docs/past_QP/GS2022_QP_WLBIO.pdf,PDF resource,English,Official graduate entrance papers,,,yes
India,EM/DM,EM/DM,A,exam archive,TIFR past question papers,https://www.tifr.res.in/academics/past_question_papers.php,Biology,https://www.tifr.res.in/academics/docs/past_QP/GS2023_QP_BIO.pdf,PDF resource,English,Official graduate entrance papers,,,yes
India,EM/DM,EM/DM,A,exam archive,TIFR past question papers,https://www.tifr.res.in/academics/past_question_papers.php,Chemistry,https://www.tifr.res.in/academics/docs/past_QP/GS2023_QP_CHM.pdf,PDF resource,English,Official graduate entrance papers,,,yes
India,EM/DM,EM/DM,A,exam archive,TIFR past question papers,https://www.tifr.res.in/academics/past_question_papers.php,Computer & Systems Sciences,https://www.tifr.res.in/academics/docs/past_QP/GS2023_QP_CSS.pdf,PDF resource,English,Official graduate entrance papers,,,yes
India,EM/DM,EM/DM,A,exam archive,TIFR past question papers,https://www.tifr.res.in/academics/past_question_papers.php,Physics,https://www.tifr.res.in/academics/docs/past_QP/GS2023_QP_PHY.pdf,PDF resource,English,Official graduate entrance papers,,,yes
India,EM/DM,EM/DM,A,exam archive,TIFR past question papers,https://www.tifr.res.in/academics/past_question_papers.php,Science Education,https://www.tifr.res.in/academics/docs/past_QP/GS2023_QP_SED.pdf,PDF resource,English,Official graduate entrance papers,,,yes
India,EM/DM,EM/DM,A,exam archive,TIFR past question papers,https://www.tifr.res.in/academics/past_question_papers.php,Biology,https://www.tifr.res.in/academics/docs/past_QP/GS2024_QP_Bio_JGEEBILS.pdf,PDF resource,English,Official graduate entrance papers,,,yes
India,EM/DM,EM/DM,A,exam archive,TIFR past question papers,https://www.tifr.res.in/academics/past_question_papers.php,Computer Science,https://www.tifr.res.in/academics/docs/past_QP/GS2024_QP_CS.pdf,PDF resource,English,Official graduate entrance papers,,,yes
India,EM/DM,EM/DM,A,exam archive,TIFR past question papers,https://www.tifr.res.in/academics/past_question_papers.php,Chemistry,https://www.tifr.res.in/academics/docs/past_QP/GS2024_QP_Chemistry.pdf,PDF resource,English,Official graduate entrance papers,,,yes
India,EM/DM,EM/DM,A,exam archive,TIFR past question papers,https://www.tifr.res.in/academics/past_question_papers.php,Learning Information & Data Sciences,https://www.tifr.res.in/academics/docs/past_QP/GS2024_QP_LIDS.pdf,PDF resource,English,Official graduate entrance papers,,,yes
India,EM/DM,EM/DM,A,exam archive,TIFR past question papers,https://www.tifr.res.in/academics/past_question_papers.php,Physics (IPhD),https://www.tifr.res.in/academics/docs/past_QP/GS2024_QP_Phys_IPhD.pdf,PDF resource,English,Official graduate entrance papers,,,yes
India,EM/DM,EM/DM,A,exam archive,TIFR past question papers,https://www.tifr.res.in/academics/past_question_papers.php,Physics (PhD),https://www.tifr.res.in/academics/docs/past_QP/GS2024_QP_Phys_PhD.pdf,PDF resource,English,Official graduate entrance papers,,,yes
India,EM/DM,EM/DM,A,exam archive,TIFR past question papers,https://www.tifr.res.in/academics/past_question_papers.php,Science Education,https://www.tifr.res.in/academics/docs/past_QP/GS2024_QP_SE.pdf,PDF resource,English,Official graduate entrance papers,,,yes
India,EM/DM,EM/DM,A,exam archive,TIFR past question papers,https://www.tifr.res.in/academics/past_question_papers.php,Wildlife Biology & Conservation,https://www.tifr.res.in/academics/docs/past_QP/GS2024_QP_WLBIO.pdf,PDF resource,English,Official graduate entrance papers,,,yes
India,EM/DM,EM/DM,A,exam archive,TIFR past question papers,https://www.tifr.res.in/academics/past_question_papers.php,Biology,https://www.tifr.res.in/academics/docs/past_QP/GS2025_QP_Biology.pdf,PDF resource,English,Official graduate entrance papers,,,yes
India,EM/DM,EM/DM,A,exam archive,TIFR past question papers,https://www.tifr.res.in/academics/past_question_papers.php,Computer Science,https://www.tifr.res.in/academics/docs/past_QP/GS2025_QP_CS_LIDS.pdf,PDF resource,English,Official graduate entrance papers,,,yes
India,EM/DM,EM/DM,A,exam archive,TIFR past question papers,https://www.tifr.res.in/academics/past_question_papers.php,Chemistry,https://www.tifr.res.in/academics/docs/past_QP/GS2025_QP_Chemistry.pdf,PDF resource,English,Official graduate entrance papers,,,yes
India,EM/DM,EM/DM,A,exam archive,TIFR past question papers,https://www.tifr.res.in/academics/past_question_papers.php,Mathematics-PhD at CAM,https://www.tifr.res.in/academics/docs/past_QP/GS2025_QP_Mathematics_PhD_CAM.pdf,PDF resource,English,Official graduate entrance papers,,,yes
India,EM/DM,EM/DM,A,exam archive,TIFR past question papers,https://www.tifr.res.in/academics/past_question_papers.php,Physics (IPhD),https://www.tifr.res.in/academics/docs/past_QP/GS2025_QP_Physics_IPhd.pdf,PDF resource,English,Official graduate entrance papers,,,yes
India,EM/DM,EM/DM,A,exam archive,TIFR past question papers,https://www.tifr.res.in/academics/past_question_papers.php,Physics (PhD),https://www.tifr.res.in/academics/docs/past_QP/GS2025_QP_Physics_PhD.pdf,PDF resource,English,Official graduate entrance papers,,,yes
India,EM/DM,EM/DM,A,exam archive,TIFR past question papers,https://www.tifr.res.in/academics/past_question_papers.php,Science Education,https://www.tifr.res.in/academics/docs/past_QP/GS2025_QP_Science_Education.pdf,PDF resource,English,Official graduate entrance papers,,,yes
India,EM/DM,EM/DM,A,exam archive,TIFR past question papers,https://www.tifr.res.in/academics/past_question_papers.php,Biology,https://www.tifr.res.in/academics/docs/past_QP/GS2026_QP_Biology.pdf,PDF resource,English,Official graduate entrance papers,,,yes
India,EM/DM,EM/DM,A,exam archive,TIFR past question papers,https://www.tifr.res.in/academics/past_question_papers.php,Computer Science,https://www.tifr.res.in/academics/docs/past_QP/GS2026_QP_CS_LIDS.pdf,PDF resource,English,Official graduate entrance papers,,,yes
India,EM/DM,EM/DM,A,exam archive,TIFR past question papers,https://www.tifr.res.in/academics/past_question_papers.php,Chemistry,https://www.tifr.res.in/academics/docs/past_QP/GS2026_QP_Chemistry.pdf,PDF resource,English,Official graduate entrance papers,,,yes
India,EM/DM,EM/DM,A,exam archive,TIFR past question papers,https://www.tifr.res.in/academics/past_question_papers.php,Mathematics-PhD at CAM,https://www.tifr.res.in/academics/docs/past_QP/GS2026_QP_Mathematics_PhD_CAM.pdf,PDF resource,English,Official graduate entrance papers,,,yes
India,EM/DM,EM/DM,A,exam archive,TIFR past question papers,https://www.tifr.res.in/academics/past_question_papers.php,Physics (IPhD),https://www.tifr.res.in/academics/docs/past_QP/GS2026_QP_Physics_I-PhD.pdf,PDF resource,English,Official graduate entrance papers,,,yes
India,EM/DM,EM/DM,A,exam archive,TIFR past question papers,https://www.tifr.res.in/academics/past_question_papers.php,Physics (PhD),https://www.tifr.res.in/academics/docs/past_QP/GS2026_QP_Physics_PhD.pdf,PDF resource,English,Official graduate entrance papers,,,yes
India,EM/DM,EM/DM,A,exam archive,TIFR past question papers,https://www.tifr.res.in/academics/past_question_papers.php,Science Education,https://www.tifr.res.in/academics/docs/past_QP/GS2026_QP_Science_Education.pdf,PDF resource,English,Official graduate entrance papers,,,yes
India,EM/DM,EM/DM,A,exam archive,TIFR past question papers,https://www.tifr.res.in/academics/past_question_papers.php,Wildlife Biology & Conservation,https://www.tifr.res.in/academics/docs/past_QP/GS2026_QP_WL_Biology.pdf,PDF resource,English,Official graduate entrance papers,,,yes
India,EM/DM,EM/DM,B,exam archive,TIFR past question papers,https://www.tifr.res.in/academics/past_question_papers.php,GATE/JEST/CSIR/Other Exams,https://www.tifr.res.in/academics/gate_jest_csir.php,HTML paper/problem/practice,English,Official graduate entrance papers,,,yes
India,EM/DM,EM/DM,B,exam archive,TIFR past question papers,https://www.tifr.res.in/academics/past_question_papers.php,TIFR External GS Exam,https://www.tifr.res.in/academics/gs_advertisement.php,HTML paper/problem/practice,English,Official graduate entrance papers,,,yes
India,EM/DM,EM/DM,B,exam archive,TIFR past question papers,https://www.tifr.res.in/academics/past_question_papers.php,TIFR External GS Exam,https://www.tifr.res.in/academics/gs_external_exam.php,HTML paper/problem/practice,English,Official graduate entrance papers,,,yes
India,EM/DM,EM/DM,B,exam archive,TIFR past question papers,https://www.tifr.res.in/academics/past_question_papers.php,Final Answer Keys,https://www.tifr.res.in/academics/gs_final_keys.php,HTML solution/answer,English,Official graduate entrance papers,,,yes
India,EM/DM,EM/DM,B,exam archive,TIFR past question papers,https://www.tifr.res.in/academics/past_question_papers.php,Questions,https://www.tifr.res.in/academics/gs_questions.php,HTML paper/problem/practice,English,Official graduate entrance papers,,,yes
India,EM/DM,EM/DM,A,exam archive,TIFR past question papers,https://www.tifr.res.in/academics/past_question_papers.php,TIFR past question papers — official gateway,https://www.tifr.res.in/academics/past_question_papers.php,Official gateway,English,Official graduate entrance papers,,,yes
India,EM/DM,EM/DM,B,exam archive,TIFR past question papers,https://www.tifr.res.in/academics/past_question_papers.php,Syllabus and Exam instructions,https://www.tifr.res.in/academics/syllabus.php,HTML paper/problem/practice,English,Official graduate entrance papers,,,yes
India,GA/DM,GA/DM,B,exam archive,UGC NET previous question papers,https://www.ugcnetonline.in/previous_question_papers.php,Archive,https://www.ugcnetonline.in/news.php,HTML source/link,English,Official UGC-NET archive,,,yes
India,GA/DM,GA/DM,A,exam archive,UGC NET previous question papers,https://www.ugcnetonline.in/previous_question_papers.php,UGC NET previous question papers — official gateway,https://www.ugcnetonline.in/previous_question_papers.php,Official gateway,English,Official UGC-NET archive,,,yes
India,GA/DM,GA/DM,B,exam archive,UGC NET previous question papers,https://www.ugcnetonline.in/previous_question_papers.php,Question Papers of NET Dec. 2009,https://www.ugcnetonline.in/question_papers_dec2009.php,HTML paper/problem/practice,English,Official UGC-NET archive,,,yes
India,GA/DM,GA/DM,B,exam archive,UGC NET previous question papers,https://www.ugcnetonline.in/previous_question_papers.php,Question Papers of NET Dec. 2010,https://www.ugcnetonline.in/question_papers_dec2010.php,HTML paper/problem/practice,English,Official UGC-NET archive,,,yes
India,GA/DM,GA/DM,B,exam archive,UGC NET previous question papers,https://www.ugcnetonline.in/previous_question_papers.php,Question Papers of NET Dec. 2011,https://www.ugcnetonline.in/question_papers_dec2011.php,HTML paper/problem/practice,English,Official UGC-NET archive,,,yes
India,GA/DM,GA/DM,B,exam archive,UGC NET previous question papers,https://www.ugcnetonline.in/previous_question_papers.php,Question Papers of NET December 2014,https://www.ugcnetonline.in/question_papers_dec2014.php,HTML paper/problem/practice,English,Official UGC-NET archive,,,yes
India,GA/DM,GA/DM,B,exam archive,UGC NET previous question papers,https://www.ugcnetonline.in/previous_question_papers.php,Question Papers of NET December 2015,https://www.ugcnetonline.in/question_papers_dec2015.php,HTML paper/problem/practice,English,Official UGC-NET archive,,,yes
India,GA/DM,GA/DM,B,exam archive,UGC NET previous question papers,https://www.ugcnetonline.in/previous_question_papers.php,Question Papers of NET Dec. 2012,https://www.ugcnetonline.in/question_papers_december2012.php,HTML paper/problem/practice,English,Official UGC-NET archive,,,yes
India,GA/DM,GA/DM,B,exam archive,UGC NET previous question papers,https://www.ugcnetonline.in/previous_question_papers.php,Question Papers of NET Dec. 2013,https://www.ugcnetonline.in/question_papers_december2013.php,HTML paper/problem/practice,English,Official UGC-NET archive,,,yes
India,GA/DM,GA/DM,B,exam archive,UGC NET previous question papers,https://www.ugcnetonline.in/previous_question_papers.php,Question Papers of NET January 2017,https://www.ugcnetonline.in/question_papers_jan2017.php,HTML paper/problem/practice,English,Official UGC-NET archive,,,yes
India,GA/DM,GA/DM,B,exam archive,UGC NET previous question papers,https://www.ugcnetonline.in/previous_question_papers.php,Question Papers of NET July 2018,https://www.ugcnetonline.in/question_papers_july2018.php,HTML paper/problem/practice,English,Official UGC-NET archive,,,yes
India,GA/DM,GA/DM,B,exam archive,UGC NET previous question papers,https://www.ugcnetonline.in/previous_question_papers.php,Question Papers of NET June 2009,https://www.ugcnetonline.in/question_papers_june2009.php,HTML paper/problem/practice,English,Official UGC-NET archive,,,yes
India,GA/DM,GA/DM,B,exam archive,UGC NET previous question papers,https://www.ugcnetonline.in/previous_question_papers.php,Question Papers of NET June 2010,https://www.ugcnetonline.in/question_papers_june2010.php,HTML paper/problem/practice,English,Official UGC-NET archive,,,yes
India,GA/DM,GA/DM,B,exam archive,UGC NET previous question papers,https://www.ugcnetonline.in/previous_question_papers.php,Question Papers of NET June 2011,https://www.ugcnetonline.in/question_papers_june2011.php,HTML paper/problem/practice,English,Official UGC-NET archive,,,yes
India,GA/DM,GA/DM,B,exam archive,UGC NET previous question papers,https://www.ugcnetonline.in/previous_question_papers.php,Question Papers of NET June 2012,https://www.ugcnetonline.in/question_papers_june2012.php,HTML paper/problem/practice,English,Official UGC-NET archive,,,yes
India,GA/DM,GA/DM,B,exam archive,UGC NET previous question papers,https://www.ugcnetonline.in/previous_question_papers.php,"Question Papers of NET June 2013 (UGC NET on 30th June, 2013)",https://www.ugcnetonline.in/question_papers_june2013.php,HTML paper/problem/practice,English,Official UGC-NET archive,,,yes
India,GA/DM,GA/DM,B,exam archive,UGC NET previous question papers,https://www.ugcnetonline.in/previous_question_papers.php,"Question Papers of NET June 2013 (UGC NET re-conducted on 08th Sept., 2013)",https://www.ugcnetonline.in/question_papers_june2013_reconducted_08092013.php,HTML paper/problem/practice,English,Official UGC-NET archive,,,yes
India,GA/DM,GA/DM,B,exam archive,UGC NET previous question papers,https://www.ugcnetonline.in/previous_question_papers.php,Question Papers of NET June 2014,https://www.ugcnetonline.in/question_papers_june2014.php,HTML paper/problem/practice,English,Official UGC-NET archive,,,yes
India,GA/DM,GA/DM,B,exam archive,UGC NET previous question papers,https://www.ugcnetonline.in/previous_question_papers.php,Question Papers of NET June 2015,https://www.ugcnetonline.in/question_papers_june2015.php,HTML paper/problem/practice,English,Official UGC-NET archive,,,yes
India,GA/DM,GA/DM,B,exam archive,UGC NET previous question papers,https://www.ugcnetonline.in/previous_question_papers.php,Question Papers of NET November 2017,https://www.ugcnetonline.in/question_papers_nov2017.php,HTML paper/problem/practice,English,Official UGC-NET archive,,,yes
India,GA,GA,B,exam archive,UPSC previous question papers,https://www.upsc.gov.in/examinations/previous-question-papers,Common mistakes committed by the candidates in Conventional Papers,https://www.upsc.gov.in/examination/common-mistakes-committed-candidates-conventional-papers,HTML paper/problem/practice,English,Official General Ability and Intelligence and other papers,,,yes
India,GA,GA,B,exam archive,UPSC previous question papers,https://www.upsc.gov.in/examinations/previous-question-papers,Specimen Question Cum Answer Booklet (QCAB),https://www.upsc.gov.in/examination/model-question-and-answer-booklets,HTML solution/answer,English,Official General Ability and Intelligence and other papers,,,yes
India,GA,GA,B,exam archive,UPSC previous question papers,https://www.upsc.gov.in/examinations/previous-question-papers,Active Examinations,https://www.upsc.gov.in/examinations/active-exams,HTML paper/problem/practice,English,Official General Ability and Intelligence and other papers,,,yes
India,GA,GA,B,exam archive,UPSC previous question papers,https://www.upsc.gov.in/examinations/previous-question-papers,Answer Keys,https://www.upsc.gov.in/examinations/answer-key,HTML solution/answer,English,Official General Ability and Intelligence and other papers,,,yes
India,GA,GA,B,exam archive,UPSC previous question papers,https://www.upsc.gov.in/examinations/previous-question-papers,Cut-off Marks,https://www.upsc.gov.in/examinations/cutoff-marks--,HTML paper/problem/practice,English,Official General Ability and Intelligence and other papers,,,yes
India,GA,GA,B,exam archive,UPSC previous question papers,https://www.upsc.gov.in/examinations/previous-question-papers,Demo Files,https://www.upsc.gov.in/examinations/demo-files-computer-based-combined-medical-service-examination,HTML paper/problem/practice,English,Official General Ability and Intelligence and other papers,,,yes
India,GA,GA,B,exam archive,UPSC previous question papers,https://www.upsc.gov.in/examinations/previous-question-papers,Calendar,https://www.upsc.gov.in/examinations/exam-calendar,HTML paper/problem/practice,English,Official General Ability and Intelligence and other papers,,,yes
India,GA,GA,B,exam archive,UPSC previous question papers,https://www.upsc.gov.in/examinations/previous-question-papers,Forthcoming Examinations,https://www.upsc.gov.in/examinations/forthcoming-exams,HTML paper/problem/practice,English,Official General Ability and Intelligence and other papers,,,yes
India,GA,GA,B,exam archive,UPSC previous question papers,https://www.upsc.gov.in/examinations/previous-question-papers,Marks of Recommended Candidates,https://www.upsc.gov.in/examinations/marks-recommended-candidates,HTML paper/problem/practice,English,Official General Ability and Intelligence and other papers,,,yes
India,GA,GA,B,exam archive,UPSC previous question papers,https://www.upsc.gov.in/examinations/previous-question-papers,Marks of Recommended Candidates (Reserve List),https://www.upsc.gov.in/examinations/marks-recommended-candidates-reserve-list,HTML paper/problem/practice,English,Official General Ability and Intelligence and other papers,,,yes
India,GA,GA,A,exam archive,UPSC previous question papers,https://www.upsc.gov.in/examinations/previous-question-papers,UPSC previous question papers — official gateway,https://www.upsc.gov.in/examinations/previous-question-papers,Official gateway,English,Official General Ability and Intelligence and other papers,,,yes
India,GA,GA,B,exam archive,UPSC previous question papers,https://www.upsc.gov.in/examinations/previous-question-papers,View Archives >>,https://www.upsc.gov.in/examinations/previous-question-papers/archives,HTML paper/problem/practice,English,Official General Ability and Intelligence and other papers,,,yes
India,GA,GA,B,exam archive,UPSC previous question papers,https://www.upsc.gov.in/examinations/previous-question-papers,Representation on Question Papers,https://www.upsc.gov.in/examinations/representation-question-papers,HTML paper/problem/practice,English,Official General Ability and Intelligence and other papers,,,yes
India,GA,GA,B,exam archive,UPSC previous question papers,https://www.upsc.gov.in/examinations/previous-question-papers,Revised Syllabus and Scheme,https://www.upsc.gov.in/examinations/revised-syllabus-scheme,HTML paper/problem/practice,English,Official General Ability and Intelligence and other papers,,,yes
India,GA,GA,B,exam archive,UPSC previous question papers,https://www.upsc.gov.in/examinations/previous-question-papers,हिन्दी,https://www.upsc.gov.in/hi/examinations/previous-question-papers,HTML paper/problem/practice,English,Official General Ability and Intelligence and other papers,,,yes
India,GA,GA,B,exam archive,UPSC previous question papers,https://www.upsc.gov.in/examinations/previous-question-papers,Recruitment Tests,https://www.upsc.gov.in/recruitment/recruitment-test,HTML paper/problem/practice,English,Official General Ability and Intelligence and other papers,,,yes
India,GA,GA,B,exam archive,UPSC previous question papers,https://www.upsc.gov.in/examinations/previous-question-papers,Representation on Question Papers,https://www.upsc.gov.in/recruitment/time-frame-representation,HTML paper/problem/practice,English,Official General Ability and Intelligence and other papers,,,yes
India,GA,GA,A,exam archive,UPSC previous question papers,https://www.upsc.gov.in/examinations/previous-question-papers,(2.17 MB),https://www.upsc.gov.in/sites/default/files/AGRICULTURE-PAPER%20II-QP-CSM-25-010925.pdf,PDF paper/problem,English,Official General Ability and Intelligence and other papers,,,yes
India,GA,GA,A,exam archive,UPSC previous question papers,https://www.upsc.gov.in/examinations/previous-question-papers,(2.32 MB),https://www.upsc.gov.in/sites/default/files/AGRICULTURE-PAPER-I-QP-CSM-25-010925.pdf,PDF paper/problem,English,Official General Ability and Intelligence and other papers,,,yes
India,GA,GA,A,exam archive,UPSC previous question papers,https://www.upsc.gov.in/examinations/previous-question-papers,(2.57 MB),https://www.upsc.gov.in/sites/default/files/ANI-HUSB-VETER-SCIENCE-PAPER%20I--QP-CSM-25-010925.pdf,PDF paper/problem,English,Official General Ability and Intelligence and other papers,,,yes
India,GA,GA,A,exam archive,UPSC previous question papers,https://www.upsc.gov.in/examinations/previous-question-papers,(2.1 MB),https://www.upsc.gov.in/sites/default/files/ANI-HUSB-VETER-SCIENCE-PAPER%20II--QP-CSM-25-010925.pdf,PDF paper/problem,English,Official General Ability and Intelligence and other papers,,,yes
India,GA,GA,A,exam archive,UPSC previous question papers,https://www.upsc.gov.in/examinations/previous-question-papers,(1.77 MB),https://www.upsc.gov.in/sites/default/files/ANTHROPOLOGY-PAPER%20I-QP-CSM-25-010925.pdf,PDF paper/problem,English,Official General Ability and Intelligence and other papers,,,yes
India,GA,GA,A,exam archive,UPSC previous question papers,https://www.upsc.gov.in/examinations/previous-question-papers,(1.9 MB),https://www.upsc.gov.in/sites/default/files/ANTHROPOLOGY-PAPER-II-QP-CSM-25-010925.pdf,PDF paper/problem,English,Official General Ability and Intelligence and other papers,,,yes
India,GA,GA,A,exam archive,UPSC previous question papers,https://www.upsc.gov.in/examinations/previous-question-papers,(3.22 MB),https://www.upsc.gov.in/sites/default/files/ASSAMESE-COMPULSORY-QP-CSM-25-010925.pdf,PDF resource,English,Official General Ability and Intelligence and other papers,,,yes
India,GA,GA,A,exam archive,UPSC previous question papers,https://www.upsc.gov.in/examinations/previous-question-papers,(1.08 MB),https://www.upsc.gov.in/sites/default/files/ASSAMESE-LITERATURE-PAPER%20I-QP-CSM-25-010925.pdf,PDF paper/problem,English,Official General Ability and Intelligence and other papers,,,yes
India,GA,GA,A,exam archive,UPSC previous question papers,https://www.upsc.gov.in/examinations/previous-question-papers,(3.15 MB),https://www.upsc.gov.in/sites/default/files/BENGALI-COMPULSORY-QP-CSM-25-010925.pdf,PDF resource,English,Official General Ability and Intelligence and other papers,,,yes
India,GA,GA,A,exam archive,UPSC previous question papers,https://www.upsc.gov.in/examinations/previous-question-papers,(2.91 MB),https://www.upsc.gov.in/sites/default/files/BODO-COMPULSORY-QP-CSM-25-010925.pdf,PDF resource,English,Official General Ability and Intelligence and other papers,,,yes
India,GA,GA,A,exam archive,UPSC previous question papers,https://www.upsc.gov.in/examinations/previous-question-papers,(1.06 MB),https://www.upsc.gov.in/sites/default/files/BODO-LITERATURE-PAPER-I-QP-CSM-25-010925.pdf,PDF paper/problem,English,Official General Ability and Intelligence and other papers,,,yes
India,GA,GA,A,exam archive,UPSC previous question papers,https://www.upsc.gov.in/examinations/previous-question-papers,(1022.7 KB),https://www.upsc.gov.in/sites/default/files/BODO-LITERATURE-PAPER-II-QP-CSM-25-010925.pdf,PDF paper/problem,English,Official General Ability and Intelligence and other papers,,,yes
India,GA,GA,A,exam archive,UPSC previous question papers,https://www.upsc.gov.in/examinations/previous-question-papers,(2.55 MB),https://www.upsc.gov.in/sites/default/files/BOTANY-PAPER-I-QP-CSM-25-010925.pdf,PDF paper/problem,English,Official General Ability and Intelligence and other papers,,,yes
India,GA,GA,A,exam archive,UPSC previous question papers,https://www.upsc.gov.in/examinations/previous-question-papers,(1.79 MB),https://www.upsc.gov.in/sites/default/files/BOTANY-PAPER-II-QP-CSM-25-010925.pdf,PDF paper/problem,English,Official General Ability and Intelligence and other papers,,,yes
India,GA,GA,A,exam archive,UPSC previous question papers,https://www.upsc.gov.in/examinations/previous-question-papers,(6.34 MB),https://www.upsc.gov.in/sites/default/files/CHEMISTRY-PAPER-I-QP-CSM-25-010925.pdf,PDF paper/problem,English,Official General Ability and Intelligence and other papers,,,yes
India,GA,GA,A,exam archive,UPSC previous question papers,https://www.upsc.gov.in/examinations/previous-question-papers,(4.8 MB),https://www.upsc.gov.in/sites/default/files/CHEMISTRY-PAPER-II-QP-CSM-25-010925.pdf,PDF paper/problem,English,Official General Ability and Intelligence and other papers,,,yes
India,GA,GA,A,exam archive,UPSC previous question papers,https://www.upsc.gov.in/examinations/previous-question-papers,(8.32 MB),https://www.upsc.gov.in/sites/default/files/CIVIL-ENGINEERING-PAPER%20I-QP-CSM-25-010925.pdf,PDF paper/problem,English,Official General Ability and Intelligence and other papers,,,yes
India,GA,GA,A,exam archive,UPSC previous question papers,https://www.upsc.gov.in/examinations/previous-question-papers,(4.96 MB),https://www.upsc.gov.in/sites/default/files/CIVIL-ENGINEERING-PAPER%20II-QP-CSM-25-010925.pdf,PDF paper/problem,English,Official General Ability and Intelligence and other papers,,,yes
India,GA,GA,A,exam archive,UPSC previous question papers,https://www.upsc.gov.in/examinations/previous-question-papers,(12.38 MB),https://www.upsc.gov.in/sites/default/files/CIVIL-ENGINEERING-PAPER-I-QP-ESEM-25-110825.pdf,PDF paper/problem,English,Official General Ability and Intelligence and other papers,,,yes
India,GA,GA,A,exam archive,UPSC previous question papers,https://www.upsc.gov.in/examinations/previous-question-papers,(5.69 MB),https://www.upsc.gov.in/sites/default/files/CIVIL-ENGINEERING-PAPER-II-QP-ESEM-25-110825.pdf,PDF paper/problem,English,Official General Ability and Intelligence and other papers,,,yes
India,GA,GA,A,exam archive,UPSC previous question papers,https://www.upsc.gov.in/examinations/previous-question-papers,(4.6 MB),https://www.upsc.gov.in/sites/default/files/COMMERCE-AND-ACCOUNTANCY-PAPER-I-QP-CSM-25-010925.pdf,PDF paper/problem,English,Official General Ability and Intelligence and other papers,,,yes
India,GA,GA,A,exam archive,UPSC previous question papers,https://www.upsc.gov.in/examinations/previous-question-papers,(2.78 MB),https://www.upsc.gov.in/sites/default/files/ECONOMICS-PAPER%20I-QP-CSM-25-010925.pdf,PDF paper/problem,English,Official General Ability and Intelligence and other papers,,,yes
India,GA,GA,A,exam archive,UPSC previous question papers,https://www.upsc.gov.in/examinations/previous-question-papers,(1.96 MB),https://www.upsc.gov.in/sites/default/files/ECONOMICS-PAPER%20II-QP-CSM-25-010925.pdf,PDF paper/problem,English,Official General Ability and Intelligence and other papers,,,yes
India,GA,GA,A,exam archive,UPSC previous question papers,https://www.upsc.gov.in/examinations/previous-question-papers,(6.6 MB),https://www.upsc.gov.in/sites/default/files/ELECTRICAL-ENGINEERING-PAPER%20I-QP-CSM-25-010925.pdf,PDF paper/problem,English,Official General Ability and Intelligence and other papers,,,yes
India,GA,GA,A,exam archive,UPSC previous question papers,https://www.upsc.gov.in/examinations/previous-question-papers,(5.12 MB),https://www.upsc.gov.in/sites/default/files/ELECTRICAL-ENGINEERING-PAPER%20II-QP-CSM-25-010925.pdf,PDF paper/problem,English,Official General Ability and Intelligence and other papers,,,yes
India,GA,GA,A,exam archive,UPSC previous question papers,https://www.upsc.gov.in/examinations/previous-question-papers,(6.12 MB),https://www.upsc.gov.in/sites/default/files/ELECTRICAL-ENGINEERING-PAPER%20II-QP-ESEM-25-110825.pdf,PDF paper/problem,English,Official General Ability and Intelligence and other papers,,,yes
India,GA,GA,A,exam archive,UPSC previous question papers,https://www.upsc.gov.in/examinations/previous-question-papers,(4.51 MB),https://www.upsc.gov.in/sites/default/files/ELECTRICAL-ENGINEERING-PAPER-I-QP-ESEM-25-110825.pdf,PDF paper/problem,English,Official General Ability and Intelligence and other papers,,,yes
India,GA,GA,A,exam archive,UPSC previous question papers,https://www.upsc.gov.in/examinations/previous-question-papers,(2.85 MB),https://www.upsc.gov.in/sites/default/files/ELECTRO-TELECOMN-ENGINEERING%20PAPER%20II-QP-ESEM-25-110825.pdf,PDF paper/problem,English,Official General Ability and Intelligence and other papers,,,yes
India,GA,GA,A,exam archive,UPSC previous question papers,https://www.upsc.gov.in/examinations/previous-question-papers,(4.14 MB),https://www.upsc.gov.in/sites/default/files/ELECTRO-TELECOMN-ENGINEERING-PAPER-I-QP-ESEM-25-110825.pdf,PDF paper/problem,English,Official General Ability and Intelligence and other papers,,,yes
India,GA,GA,A,exam archive,UPSC previous question papers,https://www.upsc.gov.in/examinations/previous-question-papers,(5.67 MB),https://www.upsc.gov.in/sites/default/files/ENGLISH-COMPULSORY-QP-CSM-25-010925.pdf,PDF resource,English,Official General Ability and Intelligence and other papers,,,yes
India,GA,GA,A,exam archive,UPSC previous question papers,https://www.upsc.gov.in/examinations/previous-question-papers,(1.52 MB),https://www.upsc.gov.in/sites/default/files/ENGLISH-LITERATURE-PAPER%20I-QP-CSM-25-010925.pdf,PDF paper/problem,English,Official General Ability and Intelligence and other papers,,,yes
India,GA,GA,A,exam archive,UPSC previous question papers,https://www.upsc.gov.in/examinations/previous-question-papers,(1.27 MB),https://www.upsc.gov.in/sites/default/files/ENGLISH-LITERATURE-PAPER%20II-QP-CSM-25-010925.pdf,PDF paper/problem,English,Official General Ability and Intelligence and other papers,,,yes
India,GA,GA,A,exam archive,UPSC previous question papers,https://www.upsc.gov.in/examinations/previous-question-papers,(977.44 KB),https://www.upsc.gov.in/sites/default/files/ESSAY-QP-CSM-25-010925.pdf,PDF resource,English,Official General Ability and Intelligence and other papers,,,yes
India,GA,GA,A,exam archive,UPSC previous question papers,https://www.upsc.gov.in/examinations/previous-question-papers,(1.75 MB),https://www.upsc.gov.in/sites/default/files/GENERAL-STUDIES-PAPER%20I-QP-CSM-25-010925.pdf,PDF paper/problem,English,Official General Ability and Intelligence and other papers,,,yes
India,GA,GA,A,exam archive,UPSC previous question papers,https://www.upsc.gov.in/examinations/previous-question-papers,(2.36 MB),https://www.upsc.gov.in/sites/default/files/GENERAL-STUDIES-PAPER-II-QP-CSM-25-010925.pdf,PDF paper/problem,English,Official General Ability and Intelligence and other papers,,,yes
India,GA,GA,A,exam archive,UPSC previous question papers,https://www.upsc.gov.in/examinations/previous-question-papers,(2.72 MB),https://www.upsc.gov.in/sites/default/files/GENERAL-STUDIES-PAPER-III-QP-CSM-25-010925.pdf,PDF paper/problem,English,Official General Ability and Intelligence and other papers,,,yes
India,GA,GA,A,exam archive,UPSC previous question papers,https://www.upsc.gov.in/examinations/previous-question-papers,(6.84 MB),https://www.upsc.gov.in/sites/default/files/GENERAL-STUDIES-PAPER-IV-QP-CSM-25-010925.pdf,PDF paper/problem,English,Official General Ability and Intelligence and other papers,,,yes
India,GA,GA,A,exam archive,UPSC previous question papers,https://www.upsc.gov.in/examinations/previous-question-papers,(3.05 MB),https://www.upsc.gov.in/sites/default/files/GEOGRAPHY-PAPER%20II-QP-CSM-25-010925.pdf,PDF paper/problem,English,Official General Ability and Intelligence and other papers,,,yes
India,GA,GA,A,exam archive,UPSC previous question papers,https://www.upsc.gov.in/examinations/previous-question-papers,(1.77 MB),https://www.upsc.gov.in/sites/default/files/GEOGRAPHY-PAPER-I-QP-CSM-25-010925.pdf,PDF paper/problem,English,Official General Ability and Intelligence and other papers,,,yes
India,GA,GA,A,exam archive,UPSC previous question papers,https://www.upsc.gov.in/examinations/previous-question-papers,(2.04 MB),https://www.upsc.gov.in/sites/default/files/GEOLOGY-PAPER%20I-QP-CSM-25-010925.pdf,PDF paper/problem,English,Official General Ability and Intelligence and other papers,,,yes
India,GA,GA,A,exam archive,UPSC previous question papers,https://www.upsc.gov.in/examinations/previous-question-papers,(2.26 MB),https://www.upsc.gov.in/sites/default/files/GEOLOGY-PAPER%20II-QP-CSM-25-010925.pdf,PDF paper/problem,English,Official General Ability and Intelligence and other papers,,,yes
India,GA,GA,A,exam archive,UPSC previous question papers,https://www.upsc.gov.in/examinations/previous-question-papers,(2.93 MB),https://www.upsc.gov.in/sites/default/files/GUJARATI-COMPULSORY-QP-CSM-25-010925.pdf,PDF resource,English,Official General Ability and Intelligence and other papers,,,yes
India,GA,GA,A,exam archive,UPSC previous question papers,https://www.upsc.gov.in/examinations/previous-question-papers,(1.21 MB),https://www.upsc.gov.in/sites/default/files/GUJARATI-LITERATURE-PAPER-I-QP-CSM-25-010925.pdf,PDF paper/problem,English,Official General Ability and Intelligence and other papers,,,yes
India,GA,GA,A,exam archive,UPSC previous question papers,https://www.upsc.gov.in/examinations/previous-question-papers,(4.81 MB),https://www.upsc.gov.in/sites/default/files/HINDI-COMPULSORY-QP-CSM-25-010925.pdf,PDF resource,English,Official General Ability and Intelligence and other papers,,,yes
India,GA,GA,A,exam archive,UPSC previous question papers,https://www.upsc.gov.in/examinations/previous-question-papers,(1.42 MB),https://www.upsc.gov.in/sites/default/files/HINDI-LITERATURE-PAPER-I-QP-CSM-25-010925.pdf,PDF paper/problem,English,Official General Ability and Intelligence and other papers,,,yes
India,GA,GA,A,exam archive,UPSC previous question papers,https://www.upsc.gov.in/examinations/previous-question-papers,(2.83 MB),https://www.upsc.gov.in/sites/default/files/HISTORY-PAPER%20I-QP-CSM-25-010925.pdf,PDF paper/problem,English,Official General Ability and Intelligence and other papers,,,yes
India,GA,GA,A,exam archive,UPSC previous question papers,https://www.upsc.gov.in/examinations/previous-question-papers,(2.37 MB),https://www.upsc.gov.in/sites/default/files/HISTORY-PAPER-II-QP-CSM-25-010925.pdf,PDF paper/problem,English,Official General Ability and Intelligence and other papers,,,yes
India,GA,GA,A,exam archive,UPSC previous question papers,https://www.upsc.gov.in/examinations/previous-question-papers,(3.89 MB),https://www.upsc.gov.in/sites/default/files/KANNADA-COMPULSORY-QP-CSM-25-010925.pdf,PDF resource,English,Official General Ability and Intelligence and other papers,,,yes
India,GA,GA,A,exam archive,UPSC previous question papers,https://www.upsc.gov.in/examinations/previous-question-papers,(1.4 MB),https://www.upsc.gov.in/sites/default/files/KANNADA-LITERATURE-PAPER%20II-QP-CSM-25-010925.pdf,PDF paper/problem,English,Official General Ability and Intelligence and other papers,,,yes
India,GA,GA,A,exam archive,UPSC previous question papers,https://www.upsc.gov.in/examinations/previous-question-papers,(3.92 MB),https://www.upsc.gov.in/sites/default/files/KASHMIRI-COMPULSORY-QP-CSM-25-010925.pdf,PDF resource,English,Official General Ability and Intelligence and other papers,,,yes
India,GA,GA,A,exam archive,UPSC previous question papers,https://www.upsc.gov.in/examinations/previous-question-papers,(2.02 MB),https://www.upsc.gov.in/sites/default/files/KASHMIRI-LITERATURE-PAPER%20I-QP-CSM-25-010925.pdf,PDF paper/problem,English,Official General Ability and Intelligence and other papers,,,yes
India,GA,GA,A,exam archive,UPSC previous question papers,https://www.upsc.gov.in/examinations/previous-question-papers,(2.63 MB),https://www.upsc.gov.in/sites/default/files/KASHMIRI-LITERATURE-PAPER%20II-QP-CSM-25-010925.pdf,PDF paper/problem,English,Official General Ability and Intelligence and other papers,,,yes
India,GA,GA,A,exam archive,UPSC previous question papers,https://www.upsc.gov.in/examinations/previous-question-papers,(2.99 MB),https://www.upsc.gov.in/sites/default/files/LAW-PAPER%20I-QP-CSM-25-010925.pdf,PDF paper/problem,English,Official General Ability and Intelligence and other papers,,,yes
India,GA,GA,A,exam archive,UPSC previous question papers,https://www.upsc.gov.in/examinations/previous-question-papers,(2.53 MB),https://www.upsc.gov.in/sites/default/files/LAW-PAPER-II-QP-CSM-25-010925.pdf,PDF paper/problem,English,Official General Ability and Intelligence and other papers,,,yes
India,GA,GA,A,exam archive,UPSC previous question papers,https://www.upsc.gov.in/examinations/previous-question-papers,(2.81 MB),https://www.upsc.gov.in/sites/default/files/MAITHILI-COMPULSORY-QP-CSM-25-010925.pdf,PDF resource,English,Official General Ability and Intelligence and other papers,,,yes
India,GA,GA,A,exam archive,UPSC previous question papers,https://www.upsc.gov.in/examinations/previous-question-papers,(1.17 MB),https://www.upsc.gov.in/sites/default/files/MAITHILI-LITERATURE-PAPER-II-QP-CSM-25-010925.pdf,PDF paper/problem,English,Official General Ability and Intelligence and other papers,,,yes
India,GA,GA,A,exam archive,UPSC previous question papers,https://www.upsc.gov.in/examinations/previous-question-papers,(1.88 MB),https://www.upsc.gov.in/sites/default/files/MALAYALAM%20-LITERATURE-PAPER-I-QP-CSM-25-010925.pdf,PDF paper/problem,English,Official General Ability and Intelligence and other papers,,,yes
India,GA,GA,A,exam archive,UPSC previous question papers,https://www.upsc.gov.in/examinations/previous-question-papers,(4.98 MB),https://www.upsc.gov.in/sites/default/files/MALAYALAM-COMPULSORY-QP-CSM-25-010925.pdf,PDF resource,English,Official General Ability and Intelligence and other papers,,,yes
India,GA,GA,A,exam archive,UPSC previous question papers,https://www.upsc.gov.in/examinations/previous-question-papers,(2.38 MB),https://www.upsc.gov.in/sites/default/files/MALAYALAM-LITERATURE-PAPER-II-QP-CSM-25-010925.pdf,PDF paper/problem,English,Official General Ability and Intelligence and other papers,,,yes
India,GA,GA,A,exam archive,UPSC previous question papers,https://www.upsc.gov.in/examinations/previous-question-papers,(3.99 MB),https://www.upsc.gov.in/sites/default/files/MANAGEMENT-PAPER-I-QP-CSM-25-010925.pdf,PDF paper/problem,English,Official General Ability and Intelligence and other papers,,,yes
India,GA,GA,A,exam archive,UPSC previous question papers,https://www.upsc.gov.in/examinations/previous-question-papers,(7.32 MB),https://www.upsc.gov.in/sites/default/files/MANAGEMENT-PAPER-II-QP-CSM-25-010925.pdf,PDF paper/problem,English,Official General Ability and Intelligence and other papers,,,yes
India,GA,GA,A,exam archive,UPSC previous question papers,https://www.upsc.gov.in/examinations/previous-question-papers,(1.12 MB),https://www.upsc.gov.in/sites/default/files/MANIPURI-LITERATURE-PAPER-II-QP-CSM-25-010925.pdf,PDF paper/problem,English,Official General Ability and Intelligence and other papers,,,yes
India,GA,GA,A,exam archive,UPSC previous question papers,https://www.upsc.gov.in/examinations/previous-question-papers,(4.75 MB),https://www.upsc.gov.in/sites/default/files/MARATHI-COMPULSORY-QP-CSM-25-010925.pdf,PDF resource,English,Official General Ability and Intelligence and other papers,,,yes
India,GA,GA,A,exam archive,UPSC previous question papers,https://www.upsc.gov.in/examinations/previous-question-papers,(1.2 MB),https://www.upsc.gov.in/sites/default/files/MARATHI-LITERATURE-PAPER%20I-QP-CSM-25-010925.pdf,PDF paper/problem,English,Official General Ability and Intelligence and other papers,,,yes
India,GA,GA,A,exam archive,UPSC previous question papers,https://www.upsc.gov.in/examinations/previous-question-papers,(1.02 MB),https://www.upsc.gov.in/sites/default/files/MARATHI-LITERATURE-PAPER-II-QP-CSM-25-010925.pdf,PDF paper/problem,English,Official General Ability and Intelligence and other papers,,,yes
India,GA,GA,A,exam archive,UPSC previous question papers,https://www.upsc.gov.in/examinations/previous-question-papers,(4.23 MB),https://www.upsc.gov.in/sites/default/files/MATHEMATICS-PAPER%20I-QP-CSM-25-010925.pdf,PDF paper/problem,English,Official General Ability and Intelligence and other papers,,,yes
India,GA,GA,A,exam archive,UPSC previous question papers,https://www.upsc.gov.in/examinations/previous-question-papers,(3.72 MB),https://www.upsc.gov.in/sites/default/files/MATHEMATICS-PAPER-II-QP-CSM-25-010925.pdf,PDF paper/problem,English,Official General Ability and Intelligence and other papers,,,yes
India,GA,GA,A,exam archive,UPSC previous question papers,https://www.upsc.gov.in/examinations/previous-question-papers,(7.61 MB),https://www.upsc.gov.in/sites/default/files/MECHANICAL-ENGINEERING-PAPER-I-QP-CSM-25-010925.pdf,PDF paper/problem,English,Official General Ability and Intelligence and other papers,,,yes
India,GA,GA,A,exam archive,UPSC previous question papers,https://www.upsc.gov.in/examinations/previous-question-papers,(5.21 MB),https://www.upsc.gov.in/sites/default/files/MECHANICAL-ENGINEERING-PAPER-I-QP-ESEM-25-110825.pdf,PDF paper/problem,English,Official General Ability and Intelligence and other papers,,,yes
India,GA,GA,A,exam archive,UPSC previous question papers,https://www.upsc.gov.in/examinations/previous-question-papers,(8.25 MB),https://www.upsc.gov.in/sites/default/files/MECHANICAL-ENGINEERING-PAPER-II-QP-CSM-25-010925.pdf,PDF paper/problem,English,Official General Ability and Intelligence and other papers,,,yes
India,GA,GA,A,exam archive,UPSC previous question papers,https://www.upsc.gov.in/examinations/previous-question-papers,(4.95 MB),https://www.upsc.gov.in/sites/default/files/MECHANICAL-ENGINEERING-PAPER-II-QP-ESEM-25-110825.pdf,PDF paper/problem,English,Official General Ability and Intelligence and other papers,,,yes
India,GA,GA,A,exam archive,UPSC previous question papers,https://www.upsc.gov.in/examinations/previous-question-papers,(4.41 MB),https://www.upsc.gov.in/sites/default/files/MEDICAL-SCIENCE-PAPER-I-QP-CSM-25-010925.pdf,PDF paper/problem,English,Official General Ability and Intelligence and other papers,,,yes
India,GA,GA,A,exam archive,UPSC previous question papers,https://www.upsc.gov.in/examinations/previous-question-papers,(2.67 MB),https://www.upsc.gov.in/sites/default/files/MEDICAL-SCIENCE-PAPER-II-QP-CSM-25-010925.pdf,PDF paper/problem,English,Official General Ability and Intelligence and other papers,,,yes
India,GA,GA,A,exam archive,UPSC previous question papers,https://www.upsc.gov.in/examinations/previous-question-papers,(2.92 MB),https://www.upsc.gov.in/sites/default/files/NEPALI-COMPULSORY-QP-CSM-25-010925.pdf,PDF resource,English,Official General Ability and Intelligence and other papers,,,yes
India,GA,GA,A,exam archive,UPSC previous question papers,https://www.upsc.gov.in/examinations/previous-question-papers,(3.54 MB),https://www.upsc.gov.in/sites/default/files/ODIA-COMPULSORY-QP-CSM-25-010925.pdf,PDF resource,English,Official General Ability and Intelligence and other papers,,,yes
India,GA,GA,A,exam archive,UPSC previous question papers,https://www.upsc.gov.in/examinations/previous-question-papers,(2.19 MB),https://www.upsc.gov.in/sites/default/files/PHILOSOPHY-PAPER-I-QP-CSM-25-010925.pdf,PDF paper/problem,English,Official General Ability and Intelligence and other papers,,,yes
India,GA,GA,A,exam archive,UPSC previous question papers,https://www.upsc.gov.in/examinations/previous-question-papers,(1.93 MB),https://www.upsc.gov.in/sites/default/files/PHILOSOPHY-PAPER-II-QP-CSM-25-010925.pdf,PDF paper/problem,English,Official General Ability and Intelligence and other papers,,,yes
India,GA,GA,A,exam archive,UPSC previous question papers,https://www.upsc.gov.in/examinations/previous-question-papers,(3.78 MB),https://www.upsc.gov.in/sites/default/files/PHYSICS-PAPER-I-QP-CSM-25-010925.pdf,PDF paper/problem,English,Official General Ability and Intelligence and other papers,,,yes
India,GA,GA,A,exam archive,UPSC previous question papers,https://www.upsc.gov.in/examinations/previous-question-papers,(2.52 MB),https://www.upsc.gov.in/sites/default/files/PHYSICS-PAPER-II-QP-CSM-25-010925.pdf,PDF paper/problem,English,Official General Ability and Intelligence and other papers,,,yes
India,GA,GA,A,exam archive,UPSC previous question papers,https://www.upsc.gov.in/examinations/previous-question-papers,(2.03 MB),https://www.upsc.gov.in/sites/default/files/POLITICAL-SCIENCE-INTERANATIONAL-RELATIONS-PAPER-I-QP-CSM-25-010925.pdf,PDF paper/problem,English,Official General Ability and Intelligence and other papers,,,yes
India,GA,GA,A,exam archive,UPSC previous question papers,https://www.upsc.gov.in/examinations/previous-question-papers,(2.3 MB),https://www.upsc.gov.in/sites/default/files/POLITICAL-SCIENCE-INTERANATIONAL-RELATIONS-PAPER-II-QP-CSM-25-010925.pdf,PDF paper/problem,English,Official General Ability and Intelligence and other papers,,,yes
India,GA,GA,A,exam archive,UPSC previous question papers,https://www.upsc.gov.in/examinations/previous-question-papers,(2.32 MB),https://www.upsc.gov.in/sites/default/files/PSYCHOLOGY-PAPER-I-QP-CSM-25-010925.pdf,PDF paper/problem,English,Official General Ability and Intelligence and other papers,,,yes
India,GA,GA,A,exam archive,UPSC previous question papers,https://www.upsc.gov.in/examinations/previous-question-papers,(1.72 MB),https://www.upsc.gov.in/sites/default/files/PSYCHOLOGY-PAPER-II-QP-CSM-25-010925.pdf,PDF paper/problem,English,Official General Ability and Intelligence and other papers,,,yes
India,GA,GA,A,exam archive,UPSC previous question papers,https://www.upsc.gov.in/examinations/previous-question-papers,(2.02 MB),https://www.upsc.gov.in/sites/default/files/PUBLIC-ADMINISTRATION-PAPER-I-QP-CSM-25-010925.pdf,PDF paper/problem,English,Official General Ability and Intelligence and other papers,,,yes
India,GA,GA,A,exam archive,UPSC previous question papers,https://www.upsc.gov.in/examinations/previous-question-papers,(1.8 MB),https://www.upsc.gov.in/sites/default/files/PUBLIC-ADMINISTRATION-PAPER-II-QP-CSM-25-010925.pdf,PDF paper/problem,English,Official General Ability and Intelligence and other papers,,,yes
India,GA,GA,A,exam archive,UPSC previous question papers,https://www.upsc.gov.in/examinations/previous-question-papers,(3.23 MB),https://www.upsc.gov.in/sites/default/files/PUNJABI-COMPULSORY-QP-CSM-25-010925.pdf,PDF resource,English,Official General Ability and Intelligence and other papers,,,yes
India,GA,GA,A,exam archive,UPSC previous question papers,https://www.upsc.gov.in/examinations/previous-question-papers,(1.67 MB),https://www.upsc.gov.in/sites/default/files/PUNJABI-LITERATURE-PAPER-I-QP-CSM-25-010925.pdf,PDF paper/problem,English,Official General Ability and Intelligence and other papers,,,yes
India,GA,GA,A,exam archive,UPSC previous question papers,https://www.upsc.gov.in/examinations/previous-question-papers,(2.64 MB),https://www.upsc.gov.in/sites/default/files/PUNJABI-LITERATURE-PAPER-II-QP-CSM-25-010925.pdf,PDF paper/problem,English,Official General Ability and Intelligence and other papers,,,yes
India,GA,GA,A,exam archive,UPSC previous question papers,https://www.upsc.gov.in/examinations/previous-question-papers,(31.76 MB),https://www.upsc.gov.in/sites/default/files/QP-CAPF-25-GENERAL-ABILITY-INTELLIGENCE-040825.pdf,PDF resource,English,Official General Ability and Intelligence and other papers,,,yes
India,GA,GA,A,exam archive,UPSC previous question papers,https://www.upsc.gov.in/examinations/previous-question-papers,(2.86 MB),https://www.upsc.gov.in/sites/default/files/QP-CAPF-25-GENERAL-STUDIES-ESSAY-COMPREHENSION-040825.pdf,PDF resource,English,Official General Ability and Intelligence and other papers,,,yes
India,GA,GA,A,exam archive,UPSC previous question papers,https://www.upsc.gov.in/examinations/previous-question-papers,(30.89 MB),https://www.upsc.gov.in/sites/default/files/QP-CAPF-Exam-2026-GENERAL-ABILITY-AND-INTELLIGENCE-200726.pdf,PDF paper/problem,English,Official General Ability and Intelligence and other papers,,,yes
India,GA,GA,A,exam archive,UPSC previous question papers,https://www.upsc.gov.in/examinations/previous-question-papers,(2.96 MB),https://www.upsc.gov.in/sites/default/files/QP-CAPF-Exam-2026-GENERAL-STUDIES-ESSAY-AND-COMPREHENSION-200726.pdf,PDF paper/problem,English,Official General Ability and Intelligence and other papers,,,yes
India,GA,GA,A,exam archive,UPSC previous question papers,https://www.upsc.gov.in/examinations/previous-question-papers,(30.05 MB),https://www.upsc.gov.in/sites/default/files/QP-CDS-I-26-ELEMENTARY-MATHEMATICS-130426.pdf,PDF resource,English,Official General Ability and Intelligence and other papers,,,yes
India,GA,GA,A,exam archive,UPSC previous question papers,https://www.upsc.gov.in/examinations/previous-question-papers,(14.65 MB),https://www.upsc.gov.in/sites/default/files/QP-CDS-I-26-ENGLISH-130426.pdf,PDF resource,English,Official General Ability and Intelligence and other papers,,,yes
India,GA,GA,A,exam archive,UPSC previous question papers,https://www.upsc.gov.in/examinations/previous-question-papers,(30.87 MB),https://www.upsc.gov.in/sites/default/files/QP-CDS-I-26-GENERAL-KNOWLEDGE-130426.pdf,PDF resource,English,Official General Ability and Intelligence and other papers,,,yes
India,GA,GA,A,exam archive,UPSC previous question papers,https://www.upsc.gov.in/examinations/previous-question-papers,(19.37 MB),https://www.upsc.gov.in/sites/default/files/QP-CDSE-I-25-ELEMENTARY-MATHEMATICS-150425.pdf,PDF resource,English,Official General Ability and Intelligence and other papers,,,yes
India,GA,GA,A,exam archive,UPSC previous question papers,https://www.upsc.gov.in/examinations/previous-question-papers,(19.96 MB),https://www.upsc.gov.in/sites/default/files/QP-CDSE-I-25-ENGLISH-150425.pdf,PDF resource,English,Official General Ability and Intelligence and other papers,,,yes
India,GA,GA,A,exam archive,UPSC previous question papers,https://www.upsc.gov.in/examinations/previous-question-papers,(25.52 MB),https://www.upsc.gov.in/sites/default/files/QP-CDSE-I-25-GENERAL-KNOWLEDGE-150425.pdf,PDF resource,English,Official General Ability and Intelligence and other papers,,,yes
India,GA,GA,A,exam archive,UPSC previous question papers,https://www.upsc.gov.in/examinations/previous-question-papers,(18.18 MB),https://www.upsc.gov.in/sites/default/files/QP-CDSE-II-2023-EleMath-04092023.pdf,PDF resource,English,Official General Ability and Intelligence and other papers,,,yes
India,GA,GA,A,exam archive,UPSC previous question papers,https://www.upsc.gov.in/examinations/previous-question-papers,(20.49 MB),https://www.upsc.gov.in/sites/default/files/QP-CDSE-II-2023-Eng-04092023.pdf,PDF resource,English,Official General Ability and Intelligence and other papers,,,yes
India,GA,GA,A,exam archive,UPSC previous question papers,https://www.upsc.gov.in/examinations/previous-question-papers,(29.22 MB),https://www.upsc.gov.in/sites/default/files/QP-CDSE-II-2023-GK-04092023.pdf,PDF resource,English,Official General Ability and Intelligence and other papers,,,yes
India,GA,GA,A,exam archive,UPSC previous question papers,https://www.upsc.gov.in/examinations/previous-question-papers,(28.54 MB),https://www.upsc.gov.in/sites/default/files/QP-CDSE-II-24-ELEMENTARY-MATHEMATICS-020924.pdf,PDF resource,English,Official General Ability and Intelligence and other papers,,,yes
India,GA,GA,A,exam archive,UPSC previous question papers,https://www.upsc.gov.in/examinations/previous-question-papers,(15 MB),https://www.upsc.gov.in/sites/default/files/QP-CDSE-II-24-ENGLISH-020924.pdf,PDF resource,English,Official General Ability and Intelligence and other papers,,,yes
India,GA,GA,A,exam archive,UPSC previous question papers,https://www.upsc.gov.in/examinations/previous-question-papers,(26.73 MB),https://www.upsc.gov.in/sites/default/files/QP-CDSE-II-24-GENERAL-KNOWLEDGE-020924.pdf,PDF resource,English,Official General Ability and Intelligence and other papers,,,yes
India,GA,GA,A,exam archive,UPSC previous question papers,https://www.upsc.gov.in/examinations/previous-question-papers,(22.37 MB),https://www.upsc.gov.in/sites/default/files/QP-CDSE-II-25-ELEMENTARY-MATHEMATICS-150925.pdf,PDF resource,English,Official General Ability and Intelligence and other papers,,,yes
India,GA,GA,A,exam archive,UPSC previous question papers,https://www.upsc.gov.in/examinations/previous-question-papers,(14.53 MB),https://www.upsc.gov.in/sites/default/files/QP-CDSE-II-25-ENGLISH-150925.pdf,PDF resource,English,Official General Ability and Intelligence and other papers,,,yes
India,GA,GA,A,exam archive,UPSC previous question papers,https://www.upsc.gov.in/examinations/previous-question-papers,(24.23 MB),https://www.upsc.gov.in/sites/default/files/QP-CDSE-II-25-GENERAL-KNOWLEDGE-150925.pdf,PDF resource,English,Official General Ability and Intelligence and other papers,,,yes
India,GA,GA,A,exam archive,UPSC previous question papers,https://www.upsc.gov.in/examinations/previous-question-papers,(2.91 MB),https://www.upsc.gov.in/sites/default/files/QP-CGSMain-24-CHEMISTRY-PAPER-I-240624.pdf,PDF paper/problem,English,Official General Ability and Intelligence and other papers,,,yes
India,GA,GA,A,exam archive,UPSC previous question papers,https://www.upsc.gov.in/examinations/previous-question-papers,(5.19 MB),https://www.upsc.gov.in/sites/default/files/QP-CGSMain-24-CHEMISTRY-PAPER-II-240624.pdf,PDF paper/problem,English,Official General Ability and Intelligence and other papers,,,yes
India,GA,GA,A,exam archive,UPSC previous question papers,https://www.upsc.gov.in/examinations/previous-question-papers,(2.6 MB),https://www.upsc.gov.in/sites/default/files/QP-CGSMain-24-CHEMISTRY-PAPER-III-240624.pdf,PDF paper/problem,English,Official General Ability and Intelligence and other papers,,,yes
India,GA,GA,A,exam archive,UPSC previous question papers,https://www.upsc.gov.in/examinations/previous-question-papers,(4.5 MB),https://www.upsc.gov.in/sites/default/files/QP-CGSMain-24-GEO-PHYSICS-PAPER-I-240624.pdf,PDF paper/problem,English,Official General Ability and Intelligence and other papers,,,yes
India,GA,GA,A,exam archive,UPSC previous question papers,https://www.upsc.gov.in/examinations/previous-question-papers,(4.13 MB),https://www.upsc.gov.in/sites/default/files/QP-CGSMain-24-GEO-PHYSICS-PAPER-II-240624.pdf,PDF paper/problem,English,Official General Ability and Intelligence and other papers,,,yes
India,GA,GA,A,exam archive,UPSC previous question papers,https://www.upsc.gov.in/examinations/previous-question-papers,(4.35 MB),https://www.upsc.gov.in/sites/default/files/QP-CGSMain-24-GEO-PHYSICS-PAPER-III-240624.pdf,PDF paper/problem,English,Official General Ability and Intelligence and other papers,,,yes
India,GA,GA,A,exam archive,UPSC previous question papers,https://www.upsc.gov.in/examinations/previous-question-papers,(3.61 MB),https://www.upsc.gov.in/sites/default/files/QP-CGSMain-24-GEOLOGY-PAPER-I-240624.pdf,PDF paper/problem,English,Official General Ability and Intelligence and other papers,,,yes
India,GA,GA,A,exam archive,UPSC previous question papers,https://www.upsc.gov.in/examinations/previous-question-papers,(1.5 MB),https://www.upsc.gov.in/sites/default/files/QP-CGSMain-24-GEOLOGY-PAPER-II-240624.pdf,PDF paper/problem,English,Official General Ability and Intelligence and other papers,,,yes
India,GA,GA,A,exam archive,UPSC previous question papers,https://www.upsc.gov.in/examinations/previous-question-papers,(3.93 MB),https://www.upsc.gov.in/sites/default/files/QP-CGSMain-24-GEOLOGY-PAPER-III-240624.pdf,PDF paper/problem,English,Official General Ability and Intelligence and other papers,,,yes
India,GA,GA,A,exam archive,UPSC previous question papers,https://www.upsc.gov.in/examinations/previous-question-papers,(1.52 MB),https://www.upsc.gov.in/sites/default/files/QP-CGSMain-24-HYDROGEOLOGY-240624.pdf,PDF resource,English,Official General Ability and Intelligence and other papers,,,yes
India,GA,GA,A,exam archive,UPSC previous question papers,https://www.upsc.gov.in/examinations/previous-question-papers,(2.63 MB),https://www.upsc.gov.in/sites/default/files/QP-CGeoScnstM-26-220626-CHEMISTRY-PAPER-1.pdf,PDF paper/problem,English,Official General Ability and Intelligence and other papers,,,yes
India,GA,GA,A,exam archive,UPSC previous question papers,https://www.upsc.gov.in/examinations/previous-question-papers,(2.51 MB),https://www.upsc.gov.in/sites/default/files/QP-CGeoScnstM-26-220626-CHEMISTRY-PAPER-II.pdf,PDF paper/problem,English,Official General Ability and Intelligence and other papers,,,yes
India,GA,GA,A,exam archive,UPSC previous question papers,https://www.upsc.gov.in/examinations/previous-question-papers,(3.85 MB),https://www.upsc.gov.in/sites/default/files/QP-CGeoScnstM-26-220626-CHEMISTRY-PAPER-III.pdf,PDF paper/problem,English,Official General Ability and Intelligence and other papers,,,yes
India,GA,GA,A,exam archive,UPSC previous question papers,https://www.upsc.gov.in/examinations/previous-question-papers,(2.68 MB),https://www.upsc.gov.in/sites/default/files/QP-CGeoScnstM-26-220626-GEO-PHYSICS-PAPER-I.pdf,PDF paper/problem,English,Official General Ability and Intelligence and other papers,,,yes
India,GA,GA,A,exam archive,UPSC previous question papers,https://www.upsc.gov.in/examinations/previous-question-papers,(3.05 MB),https://www.upsc.gov.in/sites/default/files/QP-CGeoScnstM-26-220626-GEO-PHYSICS-PAPER-III.pdf,PDF paper/problem,English,Official General Ability and Intelligence and other papers,,,yes
India,GA,GA,A,exam archive,UPSC previous question papers,https://www.upsc.gov.in/examinations/previous-question-papers,(1.43 MB),https://www.upsc.gov.in/sites/default/files/QP-CGeoScnstM-26-220626-GEOLOGY-PAPER-I.pdf,PDF paper/problem,English,Official General Ability and Intelligence and other papers,,,yes
India,GA,GA,A,exam archive,UPSC previous question papers,https://www.upsc.gov.in/examinations/previous-question-papers,(1.65 MB),https://www.upsc.gov.in/sites/default/files/QP-CGeoScnstM-26-220626-GEOLOGY-PAPER-II.pdf,PDF paper/problem,English,Official General Ability and Intelligence and other papers,,,yes
India,GA,GA,A,exam archive,UPSC previous question papers,https://www.upsc.gov.in/examinations/previous-question-papers,(1.45 MB),https://www.upsc.gov.in/sites/default/files/QP-CGeoScnstM-26-220626-GEOLOGY-PAPER-III.pdf,PDF paper/problem,English,Official General Ability and Intelligence and other papers,,,yes
India,GA,GA,A,exam archive,UPSC previous question papers,https://www.upsc.gov.in/examinations/previous-question-papers,(2.6 MB),https://www.upsc.gov.in/sites/default/files/QP-CGeoScnstM-26-220626-GEOPHYSICS-PAPER-II.pdf,PDF paper/problem,English,Official General Ability and Intelligence and other papers,,,yes
India,GA,GA,A,exam archive,UPSC previous question papers,https://www.upsc.gov.in/examinations/previous-question-papers,(1.29 MB),https://www.upsc.gov.in/sites/default/files/QP-CGeoScnstM-26-220626-HYDROGEOLOGY.pdf,PDF resource,English,Official General Ability and Intelligence and other papers,,,yes
India,GA,GA,A,exam archive,UPSC previous question papers,https://www.upsc.gov.in/examinations/previous-question-papers,(16.82 MB),https://www.upsc.gov.in/sites/default/files/QP-CGeoScnstP-25-CHEMISTRY-PAPER-II-100225.pdf,PDF paper/problem,English,Official General Ability and Intelligence and other papers,,,yes
India,GA,GA,A,exam archive,UPSC previous question papers,https://www.upsc.gov.in/examinations/previous-question-papers,(12.68 MB),https://www.upsc.gov.in/sites/default/files/QP-CGeoScnstP-25-GENERAL-STUDIES-PAPER-I-100225.pdf,PDF paper/problem,English,Official General Ability and Intelligence and other papers,,,yes
India,GA,GA,A,exam archive,UPSC previous question papers,https://www.upsc.gov.in/examinations/previous-question-papers,(13.57 MB),https://www.upsc.gov.in/sites/default/files/QP-CGeoScnstP-25-GEOLOGY-HYDROGEOLOGY-PAPER-II-100225.pdf,PDF paper/problem,English,Official General Ability and Intelligence and other papers,,,yes
India,GA,GA,A,exam archive,UPSC previous question papers,https://www.upsc.gov.in/examinations/previous-question-papers,(14.35 MB),https://www.upsc.gov.in/sites/default/files/QP-CGeoScnstP-25-GEOPHYSICS-PAPER-II-100225.pdf,PDF paper/problem,English,Official General Ability and Intelligence and other papers,,,yes
India,GA,GA,A,exam archive,UPSC previous question papers,https://www.upsc.gov.in/examinations/previous-question-papers,(20.14 MB),https://www.upsc.gov.in/sites/default/files/QP-CGeoScnstPrelExam-24-CHEMISTRY-190224.pdf,PDF paper/problem,English,Official General Ability and Intelligence and other papers,,,yes
India,GA,GA,A,exam archive,UPSC previous question papers,https://www.upsc.gov.in/examinations/previous-question-papers,(15.23 MB),https://www.upsc.gov.in/sites/default/files/QP-CGeoScnstPrelExam-24-GENERAL-STUDIES-200224r.pdf,PDF paper/problem,English,Official General Ability and Intelligence and other papers,,,yes
India,GA,GA,A,exam archive,UPSC previous question papers,https://www.upsc.gov.in/examinations/previous-question-papers,(13.6 MB),https://www.upsc.gov.in/sites/default/files/QP-CGeoScnstPrelExam-24-GEOLOGY_HYDROGEOLOGY-190224.pdf,PDF paper/problem,English,Official General Ability and Intelligence and other papers,,,yes
India,GA,GA,A,exam archive,UPSC previous question papers,https://www.upsc.gov.in/examinations/previous-question-papers,(16.35 MB),https://www.upsc.gov.in/sites/default/files/QP-CGeoScnstPrelExam-24-GEOPHYSICS-PAPER-190224.pdf,PDF paper/problem,English,Official General Ability and Intelligence and other papers,,,yes
India,GA,GA,A,exam archive,UPSC previous question papers,https://www.upsc.gov.in/examinations/previous-question-papers,(4.32 MB),https://www.upsc.gov.in/sites/default/files/QP-CISF-25-ESSAY-PRECIS-WRITING-COMPREHENSION-280425.pdf,PDF resource,English,Official General Ability and Intelligence and other papers,,,yes
India,GA,GA,A,exam archive,UPSC previous question papers,https://www.upsc.gov.in/examinations/previous-question-papers,(31.45 MB),https://www.upsc.gov.in/sites/default/files/QP-CISF-25-GENERAL-ABLITY-INTELLIGENCE-PROFESSIONAL-SKILL-280425.pdf,PDF resource,English,Official General Ability and Intelligence and other papers,,,yes
India,GA,GA,A,exam archive,UPSC previous question papers,https://www.upsc.gov.in/examinations/previous-question-papers,(5.22 MB),https://www.upsc.gov.in/sites/default/files/QP-CISF-AC-EXE-LDCE-23-ESSAY-PRECIS-WRITING-COMPREHENSION-031023.pdf,PDF resource,English,Official General Ability and Intelligence and other papers,,,yes
India,GA,GA,A,exam archive,UPSC previous question papers,https://www.upsc.gov.in/examinations/previous-question-papers,(27.31 MB),https://www.upsc.gov.in/sites/default/files/QP-CISF-AC-EXE-LDCE-23-GENERAL-ABILITY-INTELLIGENCE-PROFESSIONAL-031023.pdf,PDF resource,English,Official General Ability and Intelligence and other papers,,,yes
India,GA,GA,A,exam archive,UPSC previous question papers,https://www.upsc.gov.in/examinations/previous-question-papers,(3.29 MB),https://www.upsc.gov.in/sites/default/files/QP-CISF-AC-EXE-LDCE-24-ESSAY-PRECIS-WRITING-COMPREHENSION-110324.pdf,PDF resource,English,Official General Ability and Intelligence and other papers,,,yes
India,GA,GA,A,exam archive,UPSC previous question papers,https://www.upsc.gov.in/examinations/previous-question-papers,(23.94 MB),https://www.upsc.gov.in/sites/default/files/QP-CISF-AC-EXE-LDCE-24-GENERAL-ABILITY-INTELLIGENCE-PROFESSIONAL-SKILL-110324_0.pdf,PDF resource,English,Official General Ability and Intelligence and other papers,,,yes
India,GA,GA,A,exam archive,UPSC previous question papers,https://www.upsc.gov.in/examinations/previous-question-papers,(17.21 MB),https://www.upsc.gov.in/sites/default/files/QP-CMSE-24-PAPER-I-GENERAL-MEDICINE-AND-PEDIATRICS-150724.pdf,PDF paper/problem,English,Official General Ability and Intelligence and other papers,,,yes
India,GA,GA,A,exam archive,UPSC previous question papers,https://www.upsc.gov.in/examinations/previous-question-papers,(17.01 MB),https://www.upsc.gov.in/sites/default/files/QP-CMSE-24-PAPER-II-SURGERY-GYAE-OBST-PREVENT-SOCIAL-MEDCN-150724.pdf,PDF paper/problem,English,Official General Ability and Intelligence and other papers,,,yes
India,GA,GA,A,exam archive,UPSC previous question papers,https://www.upsc.gov.in/examinations/previous-question-papers,(17.37 MB),https://www.upsc.gov.in/sites/default/files/QP-CMSE-26-GnrlMdcnPediatrc-Paper-I-030826.pdf,PDF paper/problem,English,Official General Ability and Intelligence and other papers,,,yes
India,GA,GA,A,exam archive,UPSC previous question papers,https://www.upsc.gov.in/examinations/previous-question-papers,(16.07 MB),https://www.upsc.gov.in/sites/default/files/QP-CMSE-26-SrgryGynaeObstPvntSclMdcnPaper-II-03082026.pdf,PDF paper/problem,English,Official General Ability and Intelligence and other papers,,,yes
India,GA,GA,A,exam archive,UPSC previous question papers,https://www.upsc.gov.in/examinations/previous-question-papers,(20.19 MB),https://www.upsc.gov.in/sites/default/files/QP-CMS_2025_PAPER_01-210725.pdf,PDF paper/problem,English,Official General Ability and Intelligence and other papers,,,yes
India,GA,GA,A,exam archive,UPSC previous question papers,https://www.upsc.gov.in/examinations/previous-question-papers,(16.69 MB),https://www.upsc.gov.in/sites/default/files/QP-CMS_2025_PAPER_02-210725.pdf,PDF paper/problem,English,Official General Ability and Intelligence and other papers,,,yes
India,GA,GA,A,exam archive,UPSC previous question papers,https://www.upsc.gov.in/examinations/previous-question-papers,(2.34 MB),https://www.upsc.gov.in/sites/default/files/QP-CSM-23-AGRICULTURE-PAPER-I-29092023.pdf,PDF paper/problem,English,Official General Ability and Intelligence and other papers,,,yes
India,GA,GA,A,exam archive,UPSC previous question papers,https://www.upsc.gov.in/examinations/previous-question-papers,(2.88 MB),https://www.upsc.gov.in/sites/default/files/QP-CSM-23-AGRICULTURE-PAPER-II-29092023.pdf,PDF paper/problem,English,Official General Ability and Intelligence and other papers,,,yes
India,GA,GA,A,exam archive,UPSC previous question papers,https://www.upsc.gov.in/examinations/previous-question-papers,(2.75 MB),https://www.upsc.gov.in/sites/default/files/QP-CSM-23-AH-VS-PAPER-I-29092023.pdf,PDF paper/problem,English,Official General Ability and Intelligence and other papers,,,yes
India,GA,GA,A,exam archive,UPSC previous question papers,https://www.upsc.gov.in/examinations/previous-question-papers,(1.4 MB),https://www.upsc.gov.in/sites/default/files/QP-CSM-23-AH-VS-PAPER-II-29092023.pdf,PDF paper/problem,English,Official General Ability and Intelligence and other papers,,,yes
India,GA,GA,A,exam archive,UPSC previous question papers,https://www.upsc.gov.in/examinations/previous-question-papers,(3.33 MB),https://www.upsc.gov.in/sites/default/files/QP-CSM-23-ANTHROPOLOGY-PAPER-I-29092023.pdf,PDF paper/problem,English,Official General Ability and Intelligence and other papers,,,yes
India,GA,GA,A,exam archive,UPSC previous question papers,https://www.upsc.gov.in/examinations/previous-question-papers,(1.69 MB),https://www.upsc.gov.in/sites/default/files/QP-CSM-23-ANTHROPOLOGY-PAPER-II-29092023.pdf,PDF paper/problem,English,Official General Ability and Intelligence and other papers,,,yes
India,GA,GA,A,exam archive,UPSC previous question papers,https://www.upsc.gov.in/examinations/previous-question-papers,(4.46 MB),https://www.upsc.gov.in/sites/default/files/QP-CSM-23-ASSAMESE-COMPULSORY-290923.pdf,PDF resource,English,Official General Ability and Intelligence and other papers,,,yes
India,GA,GA,A,exam archive,UPSC previous question papers,https://www.upsc.gov.in/examinations/previous-question-papers,(3.27 MB),https://www.upsc.gov.in/sites/default/files/QP-CSM-23-BENGALI-COMPULSORY%29-290923.pdf,PDF resource,English,Official General Ability and Intelligence and other papers,,,yes
India,GA,GA,A,exam archive,UPSC previous question papers,https://www.upsc.gov.in/examinations/previous-question-papers,(1.12 MB),https://www.upsc.gov.in/sites/default/files/QP-CSM-23-BENGALI-LITERATURE-PAPER-I-290923.pdf,PDF paper/problem,English,Official General Ability and Intelligence and other papers,,,yes
India,GA,GA,A,exam archive,UPSC previous question papers,https://www.upsc.gov.in/examinations/previous-question-papers,(2.47 MB),https://www.upsc.gov.in/sites/default/files/QP-CSM-23-BODO-COMPULSORY-290923.pdf,PDF resource,English,Official General Ability and Intelligence and other papers,,,yes
India,GA,GA,A,exam archive,UPSC previous question papers,https://www.upsc.gov.in/examinations/previous-question-papers,(1.86 MB),https://www.upsc.gov.in/sites/default/files/QP-CSM-23-BOTANY-PAPER-I-29092023.pdf,PDF paper/problem,English,Official General Ability and Intelligence and other papers,,,yes
India,GA,GA,A,exam archive,UPSC previous question papers,https://www.upsc.gov.in/examinations/previous-question-papers,(2.54 MB),https://www.upsc.gov.in/sites/default/files/QP-CSM-23-BOTANY-PAPER-II-29092023.pdf,PDF paper/problem,English,Official General Ability and Intelligence and other papers,,,yes
India,GA,GA,A,exam archive,UPSC previous question papers,https://www.upsc.gov.in/examinations/previous-question-papers,(4.37 MB),https://www.upsc.gov.in/sites/default/files/QP-CSM-23-CHEMISTRY-PAPER-I-29092023.pdf,PDF paper/problem,English,Official General Ability and Intelligence and other papers,,,yes
India,GA,GA,A,exam archive,UPSC previous question papers,https://www.upsc.gov.in/examinations/previous-question-papers,(5.96 MB),https://www.upsc.gov.in/sites/default/files/QP-CSM-23-CHEMISTRY-PAPER-II-29092023.pdf,PDF paper/problem,English,Official General Ability and Intelligence and other papers,,,yes
India,GA,GA,A,exam archive,UPSC previous question papers,https://www.upsc.gov.in/examinations/previous-question-papers,(14.34 MB),https://www.upsc.gov.in/sites/default/files/QP-CSM-23-CIVIL-ENGINEERING-PAPER-I-29092023.pdf,PDF paper/problem,English,Official General Ability and Intelligence and other papers,,,yes
India,GA,GA,A,exam archive,UPSC previous question papers,https://www.upsc.gov.in/examinations/previous-question-papers,(6.12 MB),https://www.upsc.gov.in/sites/default/files/QP-CSM-23-CIVIL-ENGINEERING-PAPER-II-29092023.pdf,PDF paper/problem,English,Official General Ability and Intelligence and other papers,,,yes
India,GA,GA,A,exam archive,UPSC previous question papers,https://www.upsc.gov.in/examinations/previous-question-papers,(5.81 MB),https://www.upsc.gov.in/sites/default/files/QP-CSM-23-COMMERCE-ACCOUNTANCY-PAPER-I-29092023.pdf,PDF paper/problem,English,Official General Ability and Intelligence and other papers,,,yes
India,GA,GA,A,exam archive,UPSC previous question papers,https://www.upsc.gov.in/examinations/previous-question-papers,(3.58 MB),https://www.upsc.gov.in/sites/default/files/QP-CSM-23-COMMERCE-ACCOUNTANCY-PAPER-II-29092023.pdf,PDF paper/problem,English,Official General Ability and Intelligence and other papers,,,yes
India,GA,GA,A,exam archive,UPSC previous question papers,https://www.upsc.gov.in/examinations/previous-question-papers,(2.51 MB),https://www.upsc.gov.in/sites/default/files/QP-CSM-23-ECONOMICS-PAPER-I-29092023.pdf,PDF paper/problem,English,Official General Ability and Intelligence and other papers,,,yes
India,GA,GA,A,exam archive,UPSC previous question papers,https://www.upsc.gov.in/examinations/previous-question-papers,(2.25 MB),https://www.upsc.gov.in/sites/default/files/QP-CSM-23-ECONOMICS-PAPER-II-29092023.pdf,PDF paper/problem,English,Official General Ability and Intelligence and other papers,,,yes
India,GA,GA,A,exam archive,UPSC previous question papers,https://www.upsc.gov.in/examinations/previous-question-papers,(12.76 MB),https://www.upsc.gov.in/sites/default/files/QP-CSM-23-ELECTRICAL-ENGINEERING-PAPER-I-29092023.pdf,PDF paper/problem,English,Official General Ability and Intelligence and other papers,,,yes
India,GA,GA,A,exam archive,UPSC previous question papers,https://www.upsc.gov.in/examinations/previous-question-papers,(4.42 MB),https://www.upsc.gov.in/sites/default/files/QP-CSM-23-ELECTRICAL-ENGINEERING-PAPER-II-29092023.pdf,PDF paper/problem,English,Official General Ability and Intelligence and other papers,,,yes
India,GA,GA,A,exam archive,UPSC previous question papers,https://www.upsc.gov.in/examinations/previous-question-papers,(5.92 MB),https://www.upsc.gov.in/sites/default/files/QP-CSM-23-ENGLISH-COMPULSORY-290923.pdf,PDF resource,English,Official General Ability and Intelligence and other papers,,,yes
India,GA,GA,A,exam archive,UPSC previous question papers,https://www.upsc.gov.in/examinations/previous-question-papers,(1.39 MB),https://www.upsc.gov.in/sites/default/files/QP-CSM-23-ENGLISH-LITERATURE-PAPER-I-290923.pdf,PDF paper/problem,English,Official General Ability and Intelligence and other papers,,,yes
India,GA,GA,A,exam archive,UPSC previous question papers,https://www.upsc.gov.in/examinations/previous-question-papers,(1.35 MB),https://www.upsc.gov.in/sites/default/files/QP-CSM-23-ENGLISH-LITERATURE-PAPER-II--290923.pdf,PDF paper/problem,English,Official General Ability and Intelligence and other papers,,,yes
India,GA,GA,A,exam archive,UPSC previous question papers,https://www.upsc.gov.in/examinations/previous-question-papers,(1.76 MB),https://www.upsc.gov.in/sites/default/files/QP-CSM-23-ESSAY-180923.pdf,PDF resource,English,Official General Ability and Intelligence and other papers,,,yes
India,GA,GA,A,exam archive,UPSC previous question papers,https://www.upsc.gov.in/examinations/previous-question-papers,(1.64 MB),https://www.upsc.gov.in/sites/default/files/QP-CSM-23-GENERAL-STUDIES-PAPER-I-180923.pdf,PDF paper/problem,English,Official General Ability and Intelligence and other papers,,,yes
India,GA,GA,A,exam archive,UPSC previous question papers,https://www.upsc.gov.in/examinations/previous-question-papers,(3.16 MB),https://www.upsc.gov.in/sites/default/files/QP-CSM-23-GENERAL-STUDIES-PAPER-II-180923.pdf,PDF paper/problem,English,Official General Ability and Intelligence and other papers,,,yes
India,GA,GA,A,exam archive,UPSC previous question papers,https://www.upsc.gov.in/examinations/previous-question-papers,(2.04 MB),https://www.upsc.gov.in/sites/default/files/QP-CSM-23-GENERAL-STUDIES-PAPER-III-180923.pdf,PDF paper/problem,English,Official General Ability and Intelligence and other papers,,,yes
India,GA,GA,A,exam archive,UPSC previous question papers,https://www.upsc.gov.in/examinations/previous-question-papers,(10.66 MB),https://www.upsc.gov.in/sites/default/files/QP-CSM-23-GENERAL-STUDIES-PAPER-IV-180923.pdf,PDF paper/problem,English,Official General Ability and Intelligence and other papers,,,yes
India,GA,GA,A,exam archive,UPSC previous question papers,https://www.upsc.gov.in/examinations/previous-question-papers,(2.37 MB),https://www.upsc.gov.in/sites/default/files/QP-CSM-23-GEOGRAPHY-PAPER-I-29092023.pdf,PDF paper/problem,English,Official General Ability and Intelligence and other papers,,,yes
India,GA,GA,A,exam archive,UPSC previous question papers,https://www.upsc.gov.in/examinations/previous-question-papers,(2.54 MB),https://www.upsc.gov.in/sites/default/files/QP-CSM-23-GEOGRAPHY-PAPER-II-29092023.pdf,PDF paper/problem,English,Official General Ability and Intelligence and other papers,,,yes
India,GA,GA,A,exam archive,UPSC previous question papers,https://www.upsc.gov.in/examinations/previous-question-papers,(2.26 MB),https://www.upsc.gov.in/sites/default/files/QP-CSM-23-GEOLOGY-PAPER-I-29092023.pdf,PDF paper/problem,English,Official General Ability and Intelligence and other papers,,,yes
India,GA,GA,A,exam archive,UPSC previous question papers,https://www.upsc.gov.in/examinations/previous-question-papers,(1.87 MB),https://www.upsc.gov.in/sites/default/files/QP-CSM-23-GEOLOGY-PAPER-II-29092023.pdf,PDF paper/problem,English,Official General Ability and Intelligence and other papers,,,yes
India,GA,GA,A,exam archive,UPSC previous question papers,https://www.upsc.gov.in/examinations/previous-question-papers,(3.66 MB),https://www.upsc.gov.in/sites/default/files/QP-CSM-23-GUJARATI-COMPULSORY-290923.pdf,PDF resource,English,Official General Ability and Intelligence and other papers,,,yes
India,GA,GA,A,exam archive,UPSC previous question papers,https://www.upsc.gov.in/examinations/previous-question-papers,(2.01 MB),https://www.upsc.gov.in/sites/default/files/QP-CSM-23-GUJARATI-LITERATURE-PAPER-II-290923.pdf,PDF paper/problem,English,Official General Ability and Intelligence and other papers,,,yes
India,GA,GA,A,exam archive,UPSC previous question papers,https://www.upsc.gov.in/examinations/previous-question-papers,(4.22 MB),https://www.upsc.gov.in/sites/default/files/QP-CSM-23-HINDI-COMPULSORY-290923.pdf,PDF resource,English,Official General Ability and Intelligence and other papers,,,yes
India,GA,GA,A,exam archive,UPSC previous question papers,https://www.upsc.gov.in/examinations/previous-question-papers,(1.08 MB),https://www.upsc.gov.in/sites/default/files/QP-CSM-23-HINDI-LITERATURE-PAPER-I-290923.pdf,PDF paper/problem,English,Official General Ability and Intelligence and other papers,,,yes
India,GA,GA,A,exam archive,UPSC previous question papers,https://www.upsc.gov.in/examinations/previous-question-papers,(1.49 MB),https://www.upsc.gov.in/sites/default/files/QP-CSM-23-HINDI-LITERATURE-PAPER-II-290923.pdf,PDF paper/problem,English,Official General Ability and Intelligence and other papers,,,yes
India,GA,GA,A,exam archive,UPSC previous question papers,https://www.upsc.gov.in/examinations/previous-question-papers,(2.3 MB),https://www.upsc.gov.in/sites/default/files/QP-CSM-23-HISTORY-PAPER-I-29092023.pdf,PDF paper/problem,English,Official General Ability and Intelligence and other papers,,,yes
India,GA,GA,A,exam archive,UPSC previous question papers,https://www.upsc.gov.in/examinations/previous-question-papers,(4.3 MB),https://www.upsc.gov.in/sites/default/files/QP-CSM-23-HISTORY-PAPER-II-29092023.pdf,PDF paper/problem,English,Official General Ability and Intelligence and other papers,,,yes
India,GA,GA,A,exam archive,UPSC previous question papers,https://www.upsc.gov.in/examinations/previous-question-papers,(3.19 MB),https://www.upsc.gov.in/sites/default/files/QP-CSM-23-KANNADA-COMPULSORY-290923.pdf,PDF resource,English,Official General Ability and Intelligence and other papers,,,yes
India,GA,GA,A,exam archive,UPSC previous question papers,https://www.upsc.gov.in/examinations/previous-question-papers,(1.2 MB),https://www.upsc.gov.in/sites/default/files/QP-CSM-23-KANNADA-LITERATURE-PAPER-I--290923.pdf,PDF paper/problem,English,Official General Ability and Intelligence and other papers,,,yes
India,GA,GA,A,exam archive,UPSC previous question papers,https://www.upsc.gov.in/examinations/previous-question-papers,(1.42 MB),https://www.upsc.gov.in/sites/default/files/QP-CSM-23-KANNADA-LITERATURE-PAPER-II-290923.pdf,PDF paper/problem,English,Official General Ability and Intelligence and other papers,,,yes
India,GA,GA,A,exam archive,UPSC previous question papers,https://www.upsc.gov.in/examinations/previous-question-papers,(3.86 MB),https://www.upsc.gov.in/sites/default/files/QP-CSM-23-LAW-PAPER-I-29092023.pdf,PDF paper/problem,English,Official General Ability and Intelligence and other papers,,,yes
India,GA,GA,A,exam archive,UPSC previous question papers,https://www.upsc.gov.in/examinations/previous-question-papers,(3.18 MB),https://www.upsc.gov.in/sites/default/files/QP-CSM-23-LAW-PAPER-II-29092023.pdf,PDF paper/problem,English,Official General Ability and Intelligence and other papers,,,yes
India,GA,GA,A,exam archive,UPSC previous question papers,https://www.upsc.gov.in/examinations/previous-question-papers,(3.26 MB),https://www.upsc.gov.in/sites/default/files/QP-CSM-23-MAITHILI-COMPULSORY-290923.pdf,PDF resource,English,Official General Ability and Intelligence and other papers,,,yes
India,GA,GA,A,exam archive,UPSC previous question papers,https://www.upsc.gov.in/examinations/previous-question-papers,(941.98 KB),https://www.upsc.gov.in/sites/default/files/QP-CSM-23-MAITHILI-LITERATURE-PAPER-I-290923.pdf,PDF paper/problem,English,Official General Ability and Intelligence and other papers,,,yes
India,GA,GA,A,exam archive,UPSC previous question papers,https://www.upsc.gov.in/examinations/previous-question-papers,(1.8 MB),https://www.upsc.gov.in/sites/default/files/QP-CSM-23-MAITHILI-LITERATURE-PAPER-II-290923.pdf,PDF paper/problem,English,Official General Ability and Intelligence and other papers,,,yes
India,GA,GA,A,exam archive,UPSC previous question papers,https://www.upsc.gov.in/examinations/previous-question-papers,(3.2 MB),https://www.upsc.gov.in/sites/default/files/QP-CSM-23-MALAYALAM-COMPULSORY-290923.pdf,PDF resource,English,Official General Ability and Intelligence and other papers,,,yes
India,GA,GA,A,exam archive,UPSC previous question papers,https://www.upsc.gov.in/examinations/previous-question-papers,(1.86 MB),https://www.upsc.gov.in/sites/default/files/QP-CSM-23-MALAYALAM-LITERATURE-PAPER-I-290923.pdf,PDF paper/problem,English,Official General Ability and Intelligence and other papers,,,yes
India,GA,GA,A,exam archive,UPSC previous question papers,https://www.upsc.gov.in/examinations/previous-question-papers,(2.21 MB),https://www.upsc.gov.in/sites/default/files/QP-CSM-23-MALAYALAM-LITERATURE-PAPER-II-290923.pdf,PDF paper/problem,English,Official General Ability and Intelligence and other papers,,,yes
India,GA,GA,A,exam archive,UPSC previous question papers,https://www.upsc.gov.in/examinations/previous-question-papers,(2.87 MB),https://www.upsc.gov.in/sites/default/files/QP-CSM-23-MANAGEMENT-PAPER-I-29092023.pdf,PDF paper/problem,English,Official General Ability and Intelligence and other papers,,,yes
India,GA,GA,A,exam archive,UPSC previous question papers,https://www.upsc.gov.in/examinations/previous-question-papers,(6.06 MB),https://www.upsc.gov.in/sites/default/files/QP-CSM-23-MANAGEMENT-PAPER-II-29092023.pdf,PDF paper/problem,English,Official General Ability and Intelligence and other papers,,,yes
India,GA,GA,A,exam archive,UPSC previous question papers,https://www.upsc.gov.in/examinations/previous-question-papers,(3.69 MB),https://www.upsc.gov.in/sites/default/files/QP-CSM-23-MANIPURI-COMPULSORY-290923.pdf,PDF resource,English,Official General Ability and Intelligence and other papers,,,yes
India,GA,GA,A,exam archive,UPSC previous question papers,https://www.upsc.gov.in/examinations/previous-question-papers,(1.2 MB),https://www.upsc.gov.in/sites/default/files/QP-CSM-23-MANIPURI-LITERATURE-PAPER-I-290923.pdf,PDF paper/problem,English,Official General Ability and Intelligence and other papers,,,yes
India,GA,GA,A,exam archive,UPSC previous question papers,https://www.upsc.gov.in/examinations/previous-question-papers,(1.16 MB),https://www.upsc.gov.in/sites/default/files/QP-CSM-23-MANIPURI-LITERATURE-PAPER-II-290923.pdf,PDF paper/problem,English,Official General Ability and Intelligence and other papers,,,yes
India,GA,GA,A,exam archive,UPSC previous question papers,https://www.upsc.gov.in/examinations/previous-question-papers,(4.48 MB),https://www.upsc.gov.in/sites/default/files/QP-CSM-23-MARATHI-COMPULSORY-290923.pdf,PDF resource,English,Official General Ability and Intelligence and other papers,,,yes
India,GA,GA,A,exam archive,UPSC previous question papers,https://www.upsc.gov.in/examinations/previous-question-papers,(996.59 KB),https://www.upsc.gov.in/sites/default/files/QP-CSM-23-MARATHI-LITERATURE-PAPER-I-290923.pdf,PDF paper/problem,English,Official General Ability and Intelligence and other papers,,,yes
India,GA,GA,A,exam archive,UPSC previous question papers,https://www.upsc.gov.in/examinations/previous-question-papers,(1.27 MB),https://www.upsc.gov.in/sites/default/files/QP-CSM-23-MARATHI-LITERATURE-PAPER-II-290923.pdf,PDF paper/problem,English,Official General Ability and Intelligence and other papers,,,yes
India,GA,GA,A,exam archive,UPSC previous question papers,https://www.upsc.gov.in/examinations/previous-question-papers,(3.92 MB),https://www.upsc.gov.in/sites/default/files/QP-CSM-23-MATHEMATICS-PAPER-I-29092023.pdf,PDF paper/problem,English,Official General Ability and Intelligence and other papers,,,yes
India,GA,GA,A,exam archive,UPSC previous question papers,https://www.upsc.gov.in/examinations/previous-question-papers,(2.94 MB),https://www.upsc.gov.in/sites/default/files/QP-CSM-23-MATHEMATICS-PAPER-II-29092023.pdf,PDF paper/problem,English,Official General Ability and Intelligence and other papers,,,yes
India,GA,GA,A,exam archive,UPSC previous question papers,https://www.upsc.gov.in/examinations/previous-question-papers,(7.04 MB),https://www.upsc.gov.in/sites/default/files/QP-CSM-23-MECHANICAL-ENGINEERING-PAPER-I-29092023.pdf,PDF paper/problem,English,Official General Ability and Intelligence and other papers,,,yes
India,GA,GA,A,exam archive,UPSC previous question papers,https://www.upsc.gov.in/examinations/previous-question-papers,(6.63 MB),https://www.upsc.gov.in/sites/default/files/QP-CSM-23-MECHANICAL-ENGINEERING-PAPER-II-29092023.pdf,PDF paper/problem,English,Official General Ability and Intelligence and other papers,,,yes
India,GA,GA,A,exam archive,UPSC previous question papers,https://www.upsc.gov.in/examinations/previous-question-papers,(7.17 MB),https://www.upsc.gov.in/sites/default/files/QP-CSM-23-MEDICAL-SCIENCE-PAPER-I-29092023.pdf,PDF paper/problem,English,Official General Ability and Intelligence and other papers,,,yes
India,GA,GA,A,exam archive,UPSC previous question papers,https://www.upsc.gov.in/examinations/previous-question-papers,(3.22 MB),https://www.upsc.gov.in/sites/default/files/QP-CSM-23-MEDICAL-SCIENCE-PAPER-II-29092023.pdf,PDF paper/problem,English,Official General Ability and Intelligence and other papers,,,yes
India,GA,GA,A,exam archive,UPSC previous question papers,https://www.upsc.gov.in/examinations/previous-question-papers,(3.49 MB),https://www.upsc.gov.in/sites/default/files/QP-CSM-23-NEPALI-COMPULSORY-290923.pdf,PDF resource,English,Official General Ability and Intelligence and other papers,,,yes
India,GA,GA,A,exam archive,UPSC previous question papers,https://www.upsc.gov.in/examinations/previous-question-papers,(3.91 MB),https://www.upsc.gov.in/sites/default/files/QP-CSM-23-ODIA-COMPULSORY-290923.pdf,PDF resource,English,Official General Ability and Intelligence and other papers,,,yes
India,GA,GA,A,exam archive,UPSC previous question papers,https://www.upsc.gov.in/examinations/previous-question-papers,(2.55 MB),https://www.upsc.gov.in/sites/default/files/QP-CSM-23-PHILOSOPHY-PAPER-I-29092023.pdf,PDF paper/problem,English,Official General Ability and Intelligence and other papers,,,yes
India,GA,GA,A,exam archive,UPSC previous question papers,https://www.upsc.gov.in/examinations/previous-question-papers,(3.42 MB),https://www.upsc.gov.in/sites/default/files/QP-CSM-23-PHILOSOPHY-PAPER-II-29092023.pdf,PDF paper/problem,English,Official General Ability and Intelligence and other papers,,,yes
India,GA,GA,A,exam archive,UPSC previous question papers,https://www.upsc.gov.in/examinations/previous-question-papers,(6.95 MB),https://www.upsc.gov.in/sites/default/files/QP-CSM-23-PHYSICS-PAPER-I-29092023.pdf,PDF paper/problem,English,Official General Ability and Intelligence and other papers,,,yes
India,GA,GA,A,exam archive,UPSC previous question papers,https://www.upsc.gov.in/examinations/previous-question-papers,(3.65 MB),https://www.upsc.gov.in/sites/default/files/QP-CSM-23-PHYSICS-PAPER-II-29092023.pdf,PDF paper/problem,English,Official General Ability and Intelligence and other papers,,,yes
India,GA,GA,A,exam archive,UPSC previous question papers,https://www.upsc.gov.in/examinations/previous-question-papers,(1.64 MB),https://www.upsc.gov.in/sites/default/files/QP-CSM-23-POL-SC-IR-PAPER-I-29092023.pdf,PDF paper/problem,English,Official General Ability and Intelligence and other papers,,,yes
India,GA,GA,A,exam archive,UPSC previous question papers,https://www.upsc.gov.in/examinations/previous-question-papers,(3.45 MB),https://www.upsc.gov.in/sites/default/files/QP-CSM-23-POL-SC-IR-PAPER-II-29092023.pdf,PDF paper/problem,English,Official General Ability and Intelligence and other papers,,,yes
India,GA,GA,A,exam archive,UPSC previous question papers,https://www.upsc.gov.in/examinations/previous-question-papers,(1.94 MB),https://www.upsc.gov.in/sites/default/files/QP-CSM-23-PSYCHOLOGY-PAPER-I-29092023.pdf,PDF paper/problem,English,Official General Ability and Intelligence and other papers,,,yes
India,GA,GA,A,exam archive,UPSC previous question papers,https://www.upsc.gov.in/examinations/previous-question-papers,(1.8 MB),https://www.upsc.gov.in/sites/default/files/QP-CSM-23-PSYCHOLOGY-PAPER-II-29092023.pdf,PDF paper/problem,English,Official General Ability and Intelligence and other papers,,,yes
India,GA,GA,A,exam archive,UPSC previous question papers,https://www.upsc.gov.in/examinations/previous-question-papers,(2.49 MB),https://www.upsc.gov.in/sites/default/files/QP-CSM-23-PUBLIC%20ADMINISTRATION-PAPER-I-29092023.pdf,PDF paper/problem,English,Official General Ability and Intelligence and other papers,,,yes
India,GA,GA,A,exam archive,UPSC previous question papers,https://www.upsc.gov.in/examinations/previous-question-papers,(4.52 MB),https://www.upsc.gov.in/sites/default/files/QP-CSM-23-PUBLIC%20ADMINISTRATION-PAPER-II-29092023.pdf,PDF paper/problem,English,Official General Ability and Intelligence and other papers,,,yes
India,GA,GA,A,exam archive,UPSC previous question papers,https://www.upsc.gov.in/examinations/previous-question-papers,(4.08 MB),https://www.upsc.gov.in/sites/default/files/QP-CSM-23-PUNJABI-COMPULSORY-290923.pdf,PDF resource,English,Official General Ability and Intelligence and other papers,,,yes
India,GA,GA,A,exam archive,UPSC previous question papers,https://www.upsc.gov.in/examinations/previous-question-papers,(2.35 MB),https://www.upsc.gov.in/sites/default/files/QP-CSM-23-PUNJABI-LITERATURE-PAPER-I-290923.pdf,PDF paper/problem,English,Official General Ability and Intelligence and other papers,,,yes
India,GA,GA,A,exam archive,UPSC previous question papers,https://www.upsc.gov.in/examinations/previous-question-papers,(3.25 MB),https://www.upsc.gov.in/sites/default/files/QP-CSM-23-PUNJABI-LITERATURE-PAPER-II--290923.pdf,PDF paper/problem,English,Official General Ability and Intelligence and other papers,,,yes
India,GA,GA,A,exam archive,UPSC previous question papers,https://www.upsc.gov.in/examinations/previous-question-papers,(2.61 MB),https://www.upsc.gov.in/sites/default/files/QP-CSM-23-SANSKRIT-COMPULSORY-290923.pdf,PDF resource,English,Official General Ability and Intelligence and other papers,,,yes
India,GA,GA,A,exam archive,UPSC previous question papers,https://www.upsc.gov.in/examinations/previous-question-papers,(1.89 MB),https://www.upsc.gov.in/sites/default/files/QP-CSM-23-SANSKRIT-LITERATURE-%20PAPER-I-290923.pdf,PDF paper/problem,English,Official General Ability and Intelligence and other papers,,,yes
India,GA,GA,A,exam archive,UPSC previous question papers,https://www.upsc.gov.in/examinations/previous-question-papers,(1.21 MB),https://www.upsc.gov.in/sites/default/files/QP-CSM-23-SANSKRIT-LITERATURE-PAPER-II-290923.pdf,PDF paper/problem,English,Official General Ability and Intelligence and other papers,,,yes
India,GA,GA,A,exam archive,UPSC previous question papers,https://www.upsc.gov.in/examinations/previous-question-papers,(2.64 MB),https://www.upsc.gov.in/sites/default/files/QP-CSM-23-SINDHI-DEVANAGARI-COMPULSORY-290923.pdf,PDF resource,English,Official General Ability and Intelligence and other papers,,,yes
India,GA,GA,A,exam archive,UPSC previous question papers,https://www.upsc.gov.in/examinations/previous-question-papers,(1.21 MB),https://www.upsc.gov.in/sites/default/files/QP-CSM-23-SINDHI-DEVANAGARI-LITERATURE-PAPER-I-290923.pdf,PDF paper/problem,English,Official General Ability and Intelligence and other papers,,,yes
India,GA,GA,A,exam archive,UPSC previous question papers,https://www.upsc.gov.in/examinations/previous-question-papers,(1.47 MB),https://www.upsc.gov.in/sites/default/files/QP-CSM-23-SINDHI-DEVANAGARI-LITERATURE-PAPER-II-290923.pdf,PDF paper/problem,English,Official General Ability and Intelligence and other papers,,,yes
India,GA,GA,A,exam archive,UPSC previous question papers,https://www.upsc.gov.in/examinations/previous-question-papers,(3.7 MB),https://www.upsc.gov.in/sites/default/files/QP-CSM-23-SOCIOLOGY-PAPER-II-29092023.pdf,PDF paper/problem,English,Official General Ability and Intelligence and other papers,,,yes
India,GA,GA,A,exam archive,UPSC previous question papers,https://www.upsc.gov.in/examinations/previous-question-papers,(4.4 MB),https://www.upsc.gov.in/sites/default/files/QP-CSM-23-STATISTICS-PAPER-I-29092023.pdf,PDF paper/problem,English,Official General Ability and Intelligence and other papers,,,yes
India,GA,GA,A,exam archive,UPSC previous question papers,https://www.upsc.gov.in/examinations/previous-question-papers,(6.62 MB),https://www.upsc.gov.in/sites/default/files/QP-CSM-23-STATISTICS-PAPER-II-29092023.pdf,PDF paper/problem,English,Official General Ability and Intelligence and other papers,,,yes
India,GA,GA,A,exam archive,UPSC previous question papers,https://www.upsc.gov.in/examinations/previous-question-papers,(7.12 MB),https://www.upsc.gov.in/sites/default/files/QP-CSM-23-TAMIL-COMPULSORY-290923.pdf,PDF resource,English,Official General Ability and Intelligence and other papers,,,yes
India,GA,GA,A,exam archive,UPSC previous question papers,https://www.upsc.gov.in/examinations/previous-question-papers,(1.72 MB),https://www.upsc.gov.in/sites/default/files/QP-CSM-23-TAMIL-LITERATURE-PAPER-I-290923.pdf,PDF paper/problem,English,Official General Ability and Intelligence and other papers,,,yes
India,GA,GA,A,exam archive,UPSC previous question papers,https://www.upsc.gov.in/examinations/previous-question-papers,(1.82 MB),https://www.upsc.gov.in/sites/default/files/QP-CSM-23-TAMIL-LITERATURE-PAPER-II-290923.pdf,PDF paper/problem,English,Official General Ability and Intelligence and other papers,,,yes
India,GA,GA,A,exam archive,UPSC previous question papers,https://www.upsc.gov.in/examinations/previous-question-papers,(4.94 MB),https://www.upsc.gov.in/sites/default/files/QP-CSM-23-TELUGU-COMPULSORY-290923.pdf,PDF resource,English,Official General Ability and Intelligence and other papers,,,yes
India,GA,GA,A,exam archive,UPSC previous question papers,https://www.upsc.gov.in/examinations/previous-question-papers,(1.93 MB),https://www.upsc.gov.in/sites/default/files/QP-CSM-23-TELUGU-LITERATURE-PAPER-I-290923.pdf,PDF paper/problem,English,Official General Ability and Intelligence and other papers,,,yes
India,GA,GA,A,exam archive,UPSC previous question papers,https://www.upsc.gov.in/examinations/previous-question-papers,(2.96 MB),https://www.upsc.gov.in/sites/default/files/QP-CSM-23-TELUGU-LITERATURE-PAPER-II-290923.pdf,PDF paper/problem,English,Official General Ability and Intelligence and other papers,,,yes
India,GA,GA,A,exam archive,UPSC previous question papers,https://www.upsc.gov.in/examinations/previous-question-papers,(2.86 MB),https://www.upsc.gov.in/sites/default/files/QP-CSM-23-URDU-COMPULSORY-290923.pdf,PDF resource,English,Official General Ability and Intelligence and other papers,,,yes
India,GA,GA,A,exam archive,UPSC previous question papers,https://www.upsc.gov.in/examinations/previous-question-papers,(2.14 MB),https://www.upsc.gov.in/sites/default/files/QP-CSM-23-URDU-LITERATURE-PAPER-II-290923.pdf,PDF paper/problem,English,Official General Ability and Intelligence and other papers,,,yes
India,GA,GA,A,exam archive,UPSC previous question papers,https://www.upsc.gov.in/examinations/previous-question-papers,(1.5 MB),https://www.upsc.gov.in/sites/default/files/QP-CSM-23-ZOOLOGY-PAPER-I-29092023.pdf,PDF paper/problem,English,Official General Ability and Intelligence and other papers,,,yes
India,GA,GA,A,exam archive,UPSC previous question papers,https://www.upsc.gov.in/examinations/previous-question-papers,(2.06 MB),https://www.upsc.gov.in/sites/default/files/QP-CSM-23-ZOOLOGY-PAPER-II-29092023.pdf,PDF paper/problem,English,Official General Ability and Intelligence and other papers,,,yes
India,GA,GA,A,exam archive,UPSC previous question papers,https://www.upsc.gov.in/examinations/previous-question-papers,(2 MB),https://www.upsc.gov.in/sites/default/files/QP-CSM-24-AGRICULTURE-PAPER-I-031024.pdf,PDF paper/problem,English,Official General Ability and Intelligence and other papers,,,yes
India,GA,GA,A,exam archive,UPSC previous question papers,https://www.upsc.gov.in/examinations/previous-question-papers,(1.74 MB),https://www.upsc.gov.in/sites/default/files/QP-CSM-24-AGRICULTURE-PAPER-II-031024.pdf,PDF paper/problem,English,Official General Ability and Intelligence and other papers,,,yes
India,GA,GA,A,exam archive,UPSC previous question papers,https://www.upsc.gov.in/examinations/previous-question-papers,(1.83 MB),https://www.upsc.gov.in/sites/default/files/QP-CSM-24-ANIM-HUSB-VET-SCIENCE-PAPER-I-031024.pdf,PDF paper/problem,English,Official General Ability and Intelligence and other papers,,,yes
India,GA,GA,A,exam archive,UPSC previous question papers,https://www.upsc.gov.in/examinations/previous-question-papers,(1.62 MB),https://www.upsc.gov.in/sites/default/files/QP-CSM-24-ANTHROPOLOGY-PAPER-I-031024.pdf,PDF paper/problem,English,Official General Ability and Intelligence and other papers,,,yes
India,GA,GA,A,exam archive,UPSC previous question papers,https://www.upsc.gov.in/examinations/previous-question-papers,(2.68 MB),https://www.upsc.gov.in/sites/default/files/QP-CSM-24-ANTHROPOLOGY-PAPER-II-031024.pdf,PDF paper/problem,English,Official General Ability and Intelligence and other papers,,,yes
India,GA,GA,A,exam archive,UPSC previous question papers,https://www.upsc.gov.in/examinations/previous-question-papers,(2.1 MB),https://www.upsc.gov.in/sites/default/files/QP-CSM-24-BOTANY-PAPER-I-031024.pdf,PDF paper/problem,English,Official General Ability and Intelligence and other papers,,,yes
India,GA,GA,A,exam archive,UPSC previous question papers,https://www.upsc.gov.in/examinations/previous-question-papers,(2.34 MB),https://www.upsc.gov.in/sites/default/files/QP-CSM-24-BOTANY-PAPER-II-031024.pdf,PDF paper/problem,English,Official General Ability and Intelligence and other papers,,,yes
India,GA,GA,A,exam archive,UPSC previous question papers,https://www.upsc.gov.in/examinations/previous-question-papers,(4.96 MB),https://www.upsc.gov.in/sites/default/files/QP-CSM-24-CHEMISTRY-PAPER-I-031024.pdf,PDF paper/problem,English,Official General Ability and Intelligence and other papers,,,yes
India,GA,GA,A,exam archive,UPSC previous question papers,https://www.upsc.gov.in/examinations/previous-question-papers,(5.48 MB),https://www.upsc.gov.in/sites/default/files/QP-CSM-24-CHEMISTRY-PAPER-II-031024.pdf,PDF paper/problem,English,Official General Ability and Intelligence and other papers,,,yes
India,GA,GA,A,exam archive,UPSC previous question papers,https://www.upsc.gov.in/examinations/previous-question-papers,(7.61 MB),https://www.upsc.gov.in/sites/default/files/QP-CSM-24-CIVIL-ENGINEERING-PAPER-I-031024.pdf,PDF paper/problem,English,Official General Ability and Intelligence and other papers,,,yes
India,GA,GA,A,exam archive,UPSC previous question papers,https://www.upsc.gov.in/examinations/previous-question-papers,(7.51 MB),https://www.upsc.gov.in/sites/default/files/QP-CSM-24-CIVIL-ENGINEERING-PAPER-II-031024.pdf,PDF paper/problem,English,Official General Ability and Intelligence and other papers,,,yes
India,GA,GA,A,exam archive,UPSC previous question papers,https://www.upsc.gov.in/examinations/previous-question-papers,(8.09 MB),https://www.upsc.gov.in/sites/default/files/QP-CSM-24-COMMERCE-AND-ACCOUNTANCY-PAPER-I-031024.pdf,PDF paper/problem,English,Official General Ability and Intelligence and other papers,,,yes
India,GA,GA,A,exam archive,UPSC previous question papers,https://www.upsc.gov.in/examinations/previous-question-papers,(2.49 MB),https://www.upsc.gov.in/sites/default/files/QP-CSM-24-ECONOMICS-PAPER-I-031024.pdf,PDF paper/problem,English,Official General Ability and Intelligence and other papers,,,yes
India,GA,GA,A,exam archive,UPSC previous question papers,https://www.upsc.gov.in/examinations/previous-question-papers,(1.99 MB),https://www.upsc.gov.in/sites/default/files/QP-CSM-24-ECONOMICS-PAPER-II-031024.pdf,PDF paper/problem,English,Official General Ability and Intelligence and other papers,,,yes
India,GA,GA,A,exam archive,UPSC previous question papers,https://www.upsc.gov.in/examinations/previous-question-papers,(5.56 MB),https://www.upsc.gov.in/sites/default/files/QP-CSM-24-ELECTRICAL-ENGINEERING-PAPER-I-031024.pdf,PDF paper/problem,English,Official General Ability and Intelligence and other papers,,,yes
India,GA,GA,A,exam archive,UPSC previous question papers,https://www.upsc.gov.in/examinations/previous-question-papers,(8.08 MB),https://www.upsc.gov.in/sites/default/files/QP-CSM-24-ELECTRICAL-ENGINEERING-PAPER-II-031024.pdf,PDF paper/problem,English,Official General Ability and Intelligence and other papers,,,yes
India,GA,GA,A,exam archive,UPSC previous question papers,https://www.upsc.gov.in/examinations/previous-question-papers,(3.13 MB),https://www.upsc.gov.in/sites/default/files/QP-CSM-24-GEOGRAPHY-PAPER-I-031024.pdf,PDF paper/problem,English,Official General Ability and Intelligence and other papers,,,yes
India,GA,GA,A,exam archive,UPSC previous question papers,https://www.upsc.gov.in/examinations/previous-question-papers,(2.6 MB),https://www.upsc.gov.in/sites/default/files/QP-CSM-24-GEOGRAPHY-PAPER-II-031024.pdf,PDF paper/problem,English,Official General Ability and Intelligence and other papers,,,yes
India,GA,GA,A,exam archive,UPSC previous question papers,https://www.upsc.gov.in/examinations/previous-question-papers,(1.89 MB),https://www.upsc.gov.in/sites/default/files/QP-CSM-24-GEOLOGY-PAPER-I-031024.pdf,PDF paper/problem,English,Official General Ability and Intelligence and other papers,,,yes
India,GA,GA,A,exam archive,UPSC previous question papers,https://www.upsc.gov.in/examinations/previous-question-papers,(3.49 MB),https://www.upsc.gov.in/sites/default/files/QP-CSM-24-GEOLOGY-PAPER-II-031024.pdf,PDF paper/problem,English,Official General Ability and Intelligence and other papers,,,yes
India,GA,GA,A,exam archive,UPSC previous question papers,https://www.upsc.gov.in/examinations/previous-question-papers,(2.6 MB),https://www.upsc.gov.in/sites/default/files/QP-CSM-24-HISTORY-PAPER-I-031024.pdf,PDF paper/problem,English,Official General Ability and Intelligence and other papers,,,yes
India,GA,GA,A,exam archive,UPSC previous question papers,https://www.upsc.gov.in/examinations/previous-question-papers,(1.86 MB),https://www.upsc.gov.in/sites/default/files/QP-CSM-24-HISTORY-PAPER-II-031024.pdf,PDF paper/problem,English,Official General Ability and Intelligence and other papers,,,yes
India,GA,GA,A,exam archive,UPSC previous question papers,https://www.upsc.gov.in/examinations/previous-question-papers,(2.64 MB),https://www.upsc.gov.in/sites/default/files/QP-CSM-24-LAW-PAPER-I-031024.pdf,PDF paper/problem,English,Official General Ability and Intelligence and other papers,,,yes
India,GA,GA,A,exam archive,UPSC previous question papers,https://www.upsc.gov.in/examinations/previous-question-papers,(2.96 MB),https://www.upsc.gov.in/sites/default/files/QP-CSM-24-LAW-PAPER-II-031024.pdf,PDF paper/problem,English,Official General Ability and Intelligence and other papers,,,yes
India,GA,GA,A,exam archive,UPSC previous question papers,https://www.upsc.gov.in/examinations/previous-question-papers,(5 MB),https://www.upsc.gov.in/sites/default/files/QP-CSM-24-MANAGEMENT-PAPER-I-031024.pdf,PDF paper/problem,English,Official General Ability and Intelligence and other papers,,,yes
India,GA,GA,A,exam archive,UPSC previous question papers,https://www.upsc.gov.in/examinations/previous-question-papers,(3.54 MB),https://www.upsc.gov.in/sites/default/files/QP-CSM-24-MANAGEMENT-PAPER-II-031024.pdf,PDF paper/problem,English,Official General Ability and Intelligence and other papers,,,yes
India,GA,GA,A,exam archive,UPSC previous question papers,https://www.upsc.gov.in/examinations/previous-question-papers,(3.14 MB),https://www.upsc.gov.in/sites/default/files/QP-CSM-24-MATHEMATICS-PAPER-I-031024.pdf,PDF paper/problem,English,Official General Ability and Intelligence and other papers,,,yes
India,GA,GA,A,exam archive,UPSC previous question papers,https://www.upsc.gov.in/examinations/previous-question-papers,(4.75 MB),https://www.upsc.gov.in/sites/default/files/QP-CSM-24-MATHEMATICS-PAPER-II-031024.pdf,PDF paper/problem,English,Official General Ability and Intelligence and other papers,,,yes
India,GA,GA,A,exam archive,UPSC previous question papers,https://www.upsc.gov.in/examinations/previous-question-papers,(6.18 MB),https://www.upsc.gov.in/sites/default/files/QP-CSM-24-MECHANICAL-ENGINEERING-PAPER-I-031024.pdf,PDF paper/problem,English,Official General Ability and Intelligence and other papers,,,yes
India,GA,GA,A,exam archive,UPSC previous question papers,https://www.upsc.gov.in/examinations/previous-question-papers,(18.11 MB),https://www.upsc.gov.in/sites/default/files/QP-CSM-24-MECHANICAL-ENGINEERING-PAPER-II-031024.pdf,PDF paper/problem,English,Official General Ability and Intelligence and other papers,,,yes
India,GA,GA,A,exam archive,UPSC previous question papers,https://www.upsc.gov.in/examinations/previous-question-papers,(3.17 MB),https://www.upsc.gov.in/sites/default/files/QP-CSM-24-MEDICAL-SCIENCE-PAPER-I-031024.pdf,PDF paper/problem,English,Official General Ability and Intelligence and other papers,,,yes
India,GA,GA,A,exam archive,UPSC previous question papers,https://www.upsc.gov.in/examinations/previous-question-papers,(5.96 MB),https://www.upsc.gov.in/sites/default/files/QP-CSM-24-MEDICAL-SCIENCE-PAPER-II-031024.pdf,PDF paper/problem,English,Official General Ability and Intelligence and other papers,,,yes
India,GA,GA,A,exam archive,UPSC previous question papers,https://www.upsc.gov.in/examinations/previous-question-papers,(3.63 MB),https://www.upsc.gov.in/sites/default/files/QP-CSM-24-PHILOSOPHY-PAPER-I-031024.pdf,PDF paper/problem,English,Official General Ability and Intelligence and other papers,,,yes
India,GA,GA,A,exam archive,UPSC previous question papers,https://www.upsc.gov.in/examinations/previous-question-papers,(1.82 MB),https://www.upsc.gov.in/sites/default/files/QP-CSM-24-PHILOSOPHY-PAPER-II-031024.pdf,PDF paper/problem,English,Official General Ability and Intelligence and other papers,,,yes
India,GA,GA,A,exam archive,UPSC previous question papers,https://www.upsc.gov.in/examinations/previous-question-papers,(4.43 MB),https://www.upsc.gov.in/sites/default/files/QP-CSM-24-PHYSICS-PAPER-I-031024.pdf,PDF paper/problem,English,Official General Ability and Intelligence and other papers,,,yes
India,GA,GA,A,exam archive,UPSC previous question papers,https://www.upsc.gov.in/examinations/previous-question-papers,(4.21 MB),https://www.upsc.gov.in/sites/default/files/QP-CSM-24-PHYSICS-PAPER-II-031024.pdf,PDF paper/problem,English,Official General Ability and Intelligence and other papers,,,yes
India,GA,GA,A,exam archive,UPSC previous question papers,https://www.upsc.gov.in/examinations/previous-question-papers,(1.6 MB),https://www.upsc.gov.in/sites/default/files/QP-CSM-24-POLITICAL-SCIENCE-INTERNL%20-REL-PAPER-I-031024.pdf,PDF paper/problem,English,Official General Ability and Intelligence and other papers,,,yes
India,GA,GA,A,exam archive,UPSC previous question papers,https://www.upsc.gov.in/examinations/previous-question-papers,(3.46 MB),https://www.upsc.gov.in/sites/default/files/QP-CSM-24-POLITICAL-SCIENCE-INTERNL%20-REL-PAPER-II-031024.pdf,PDF paper/problem,English,Official General Ability and Intelligence and other papers,,,yes
India,GA,GA,A,exam archive,UPSC previous question papers,https://www.upsc.gov.in/examinations/previous-question-papers,(2.18 MB),https://www.upsc.gov.in/sites/default/files/QP-CSM-24-PSYCHOLOGY-PAPER-I-031024.pdf,PDF paper/problem,English,Official General Ability and Intelligence and other papers,,,yes
India,GA,GA,A,exam archive,UPSC previous question papers,https://www.upsc.gov.in/examinations/previous-question-papers,(2.17 MB),https://www.upsc.gov.in/sites/default/files/QP-CSM-24-PUBLIC-ADMINISTRATION-PAPER-I-031024.pdf,PDF paper/problem,English,Official General Ability and Intelligence and other papers,,,yes
India,GA,GA,A,exam archive,UPSC previous question papers,https://www.upsc.gov.in/examinations/previous-question-papers,(1.86 MB),https://www.upsc.gov.in/sites/default/files/QP-CSM-24-PUBLIC-ADMINISTRATION-PAPER-II-031024.pdf,PDF paper/problem,English,Official General Ability and Intelligence and other papers,,,yes
India,GA,GA,A,exam archive,UPSC previous question papers,https://www.upsc.gov.in/examinations/previous-question-papers,(3.27 MB),https://www.upsc.gov.in/sites/default/files/QP-CSM-24-SOCIOLOGY-PAPER-I-031024.pdf,PDF paper/problem,English,Official General Ability and Intelligence and other papers,,,yes
India,GA,GA,A,exam archive,UPSC previous question papers,https://www.upsc.gov.in/examinations/previous-question-papers,(1.82 MB),https://www.upsc.gov.in/sites/default/files/QP-CSM-24-SOCIOLOGY-PAPER-II-031024.pdf,PDF paper/problem,English,Official General Ability and Intelligence and other papers,,,yes
India,GA,GA,A,exam archive,UPSC previous question papers,https://www.upsc.gov.in/examinations/previous-question-papers,(4.33 MB),https://www.upsc.gov.in/sites/default/files/QP-CSM-24-STATISTICS-PAPER-I-031024.pdf,PDF paper/problem,English,Official General Ability and Intelligence and other papers,,,yes
India,GA,GA,A,exam archive,UPSC previous question papers,https://www.upsc.gov.in/examinations/previous-question-papers,(4.1 MB),https://www.upsc.gov.in/sites/default/files/QP-CSM-24-STATISTICS-PAPER-II-031024.pdf,PDF paper/problem,English,Official General Ability and Intelligence and other papers,,,yes
India,GA,GA,A,exam archive,UPSC previous question papers,https://www.upsc.gov.in/examinations/previous-question-papers,(2.6 MB),https://www.upsc.gov.in/sites/default/files/QP-CSM-24-ZOOLOGY-PAPER-I-031024.pdf,PDF paper/problem,English,Official General Ability and Intelligence and other papers,,,yes
India,GA,GA,A,exam archive,UPSC previous question papers,https://www.upsc.gov.in/examinations/previous-question-papers,(1.63 MB),https://www.upsc.gov.in/sites/default/files/QP-CSM-24-ZOOLOGY-PAPER-II-031024.pdf,PDF paper/problem,English,Official General Ability and Intelligence and other papers,,,yes
India,GA,GA,A,exam archive,UPSC previous question papers,https://www.upsc.gov.in/examinations/previous-question-papers,(29.11 MB),https://www.upsc.gov.in/sites/default/files/QP-CSP-24-GENERAL-STUDIES-PAPER-I-180624.pdf,PDF paper/problem,English,Official General Ability and Intelligence and other papers,,,yes
India,GA,GA,A,exam archive,UPSC previous question papers,https://www.upsc.gov.in/examinations/previous-question-papers,(29.85 MB),https://www.upsc.gov.in/sites/default/files/QP-CSP-24-GENERAL-STUDIES-PAPER-II-180624.pdf,PDF paper/problem,English,Official General Ability and Intelligence and other papers,,,yes
India,GA,GA,A,exam archive,UPSC previous question papers,https://www.upsc.gov.in/examinations/previous-question-papers,(27.8 MB),https://www.upsc.gov.in/sites/default/files/QP-CSP-25-GENERAL-STUDIES-PAPER-I-26052025.pdf,PDF paper/problem,English,Official General Ability and Intelligence and other papers,,,yes
India,GA,GA,A,exam archive,UPSC previous question papers,https://www.upsc.gov.in/examinations/previous-question-papers,(30.58 MB),https://www.upsc.gov.in/sites/default/files/QP-CSP-25-GENERAL-STUDIES-PAPER-II-26052025.pdf,PDF paper/problem,English,Official General Ability and Intelligence and other papers,,,yes
India,GA,GA,A,exam archive,UPSC previous question papers,https://www.upsc.gov.in/examinations/previous-question-papers,(8.55 MB),https://www.upsc.gov.in/sites/default/files/QP-ESEM-24-CIVIL-ENGINEERING-PAPER-I-240624.pdf,PDF paper/problem,English,Official General Ability and Intelligence and other papers,,,yes
India,GA,GA,A,exam archive,UPSC previous question papers,https://www.upsc.gov.in/examinations/previous-question-papers,(3.47 MB),https://www.upsc.gov.in/sites/default/files/QP-ESEM-24-CIVIL-ENGINEERING-PAPER-II-240624.pdf,PDF paper/problem,English,Official General Ability and Intelligence and other papers,,,yes
India,GA,GA,A,exam archive,UPSC previous question papers,https://www.upsc.gov.in/examinations/previous-question-papers,(6.7 MB),https://www.upsc.gov.in/sites/default/files/QP-ESEM-24-ELECTRICAL-ENGINEERING-PAPER-I-240624.pdf,PDF paper/problem,English,Official General Ability and Intelligence and other papers,,,yes
India,GA,GA,A,exam archive,UPSC previous question papers,https://www.upsc.gov.in/examinations/previous-question-papers,(3.76 MB),https://www.upsc.gov.in/sites/default/files/QP-ESEM-24-ELECTRICAL-ENGINEERING-PAPER-II-240624.pdf,PDF paper/problem,English,Official General Ability and Intelligence and other papers,,,yes
India,GA,GA,A,exam archive,UPSC previous question papers,https://www.upsc.gov.in/examinations/previous-question-papers,(6.76 MB),https://www.upsc.gov.in/sites/default/files/QP-ESEM-24-ELECTRONICS-TELECOMMUNICATION-ENGINEERING-PAPER-I-240624.pdf,PDF paper/problem,English,Official General Ability and Intelligence and other papers,,,yes
India,GA,GA,A,exam archive,UPSC previous question papers,https://www.upsc.gov.in/examinations/previous-question-papers,(3.75 MB),https://www.upsc.gov.in/sites/default/files/QP-ESEM-24-ELECTRONICS-TELECOMMUNICATION-ENGINEERING-PAPER-II-240624.pdf,PDF paper/problem,English,Official General Ability and Intelligence and other papers,,,yes
India,GA,GA,A,exam archive,UPSC previous question papers,https://www.upsc.gov.in/examinations/previous-question-papers,(8.14 MB),https://www.upsc.gov.in/sites/default/files/QP-ESEM-24-MECHANICAL-ENGINEERING-PAPER-I-240624.pdf,PDF paper/problem,English,Official General Ability and Intelligence and other papers,,,yes
India,GA,GA,A,exam archive,UPSC previous question papers,https://www.upsc.gov.in/examinations/previous-question-papers,(3.98 MB),https://www.upsc.gov.in/sites/default/files/QP-ESEM-24-MECHANICAL-ENGINEERING-PAPER-II-240624.pdf,PDF paper/problem,English,Official General Ability and Intelligence and other papers,,,yes
India,GA,GA,A,exam archive,UPSC previous question papers,https://www.upsc.gov.in/examinations/previous-question-papers,(6.27 MB),https://www.upsc.gov.in/sites/default/files/QP-ESEM-26-220626-CIVIL-ENGINEERING-PAPER-I.pdf,PDF paper/problem,English,Official General Ability and Intelligence and other papers,,,yes
India,GA,GA,A,exam archive,UPSC previous question papers,https://www.upsc.gov.in/examinations/previous-question-papers,(3.58 MB),https://www.upsc.gov.in/sites/default/files/QP-ESEM-26-220626-CIVIL-ENGINEERING-PAPER-II.pdf,PDF paper/problem,English,Official General Ability and Intelligence and other papers,,,yes
India,GA,GA,A,exam archive,UPSC previous question papers,https://www.upsc.gov.in/examinations/previous-question-papers,(4.61 MB),https://www.upsc.gov.in/sites/default/files/QP-ESEM-26-220626-ELECTRICAL-ENGINEERING-PAPER-I.pdf,PDF paper/problem,English,Official General Ability and Intelligence and other papers,,,yes
India,GA,GA,A,exam archive,UPSC previous question papers,https://www.upsc.gov.in/examinations/previous-question-papers,(4.2 MB),https://www.upsc.gov.in/sites/default/files/QP-ESEM-26-220626-ELECTRICAL-ENGINEERING-PAPER-II.pdf,PDF paper/problem,English,Official General Ability and Intelligence and other papers,,,yes
India,GA,GA,A,exam archive,UPSC previous question papers,https://www.upsc.gov.in/examinations/previous-question-papers,(3.81 MB),https://www.upsc.gov.in/sites/default/files/QP-ESEM-26-220626-ELECTRONICS-TELECOM-ENGINEERING-PAPER-I.pdf,PDF paper/problem,English,Official General Ability and Intelligence and other papers,,,yes
India,GA,GA,A,exam archive,UPSC previous question papers,https://www.upsc.gov.in/examinations/previous-question-papers,(3.92 MB),https://www.upsc.gov.in/sites/default/files/QP-ESEM-26-220626-ELECTRONICS-TELECOM-ENGINEERING-PAPER-II.pdf,PDF paper/problem,English,Official General Ability and Intelligence and other papers,,,yes
India,GA,GA,A,exam archive,UPSC previous question papers,https://www.upsc.gov.in/examinations/previous-question-papers,(6.13 MB),https://www.upsc.gov.in/sites/default/files/QP-ESEM-26-220626-MECHANICAL-ENGINEERING-PAPER-I.pdf,PDF paper/problem,English,Official General Ability and Intelligence and other papers,,,yes
India,GA,GA,A,exam archive,UPSC previous question papers,https://www.upsc.gov.in/examinations/previous-question-papers,(4.21 MB),https://www.upsc.gov.in/sites/default/files/QP-ESEM-26-220626-MECHANICAL-ENGINEERING-PAPER-II.pdf,PDF paper/problem,English,Official General Ability and Intelligence and other papers,,,yes
India,GA,GA,A,exam archive,UPSC previous question papers,https://www.upsc.gov.in/examinations/previous-question-papers,(18.3 MB),https://www.upsc.gov.in/sites/default/files/QP-ESEP-25-CIVIL-ENGINEERING-P-II-090625.pdf,PDF resource,English,Official General Ability and Intelligence and other papers,,,yes
India,GA,GA,A,exam archive,UPSC previous question papers,https://www.upsc.gov.in/examinations/previous-question-papers,(17.66 MB),https://www.upsc.gov.in/sites/default/files/QP-ESEP-25-ELECTRICAL-ENGINEERING-P-II-090625.pdf,PDF resource,English,Official General Ability and Intelligence and other papers,,,yes
India,GA,GA,A,exam archive,UPSC previous question papers,https://www.upsc.gov.in/examinations/previous-question-papers,(17.69 MB),https://www.upsc.gov.in/sites/default/files/QP-ESEP-25-ELECTRONICS-AND-TELECOMMUNICATION-ENGINEERING-P-II-090625.pdf,PDF resource,English,Official General Ability and Intelligence and other papers,,,yes
India,GA,GA,A,exam archive,UPSC previous question papers,https://www.upsc.gov.in/examinations/previous-question-papers,(14.9 MB),https://www.upsc.gov.in/sites/default/files/QP-ESEP-25-GENERAL-STUDIES-AND-ENGINEERING-APTITUDE-P-I-090625.pdf,PDF resource,English,Official General Ability and Intelligence and other papers,,,yes
India,GA,GA,A,exam archive,UPSC previous question papers,https://www.upsc.gov.in/examinations/previous-question-papers,(22.74 MB),https://www.upsc.gov.in/sites/default/files/QP-ESEP-25-MECHANICAL-ENGINEERING-P-II-090625.pdf,PDF resource,English,Official General Ability and Intelligence and other papers,,,yes
India,GA,GA,A,exam archive,UPSC previous question papers,https://www.upsc.gov.in/examinations/previous-question-papers,(25.63 MB),https://www.upsc.gov.in/sites/default/files/QP-EnggServcPrelExam-24-CIVIL-ENGINEERING-190224.pdf,PDF paper/problem,English,Official General Ability and Intelligence and other papers,,,yes
India,GA,GA,A,exam archive,UPSC previous question papers,https://www.upsc.gov.in/examinations/previous-question-papers,(23.77 MB),https://www.upsc.gov.in/sites/default/files/QP-EnggServcPrelExam-24-ELECTRICAL-ENGINEERING-190224.pdf,PDF paper/problem,English,Official General Ability and Intelligence and other papers,,,yes
India,GA,GA,A,exam archive,UPSC previous question papers,https://www.upsc.gov.in/examinations/previous-question-papers,(20.41 MB),https://www.upsc.gov.in/sites/default/files/QP-EnggServcPrelExam-24-ELECTRONICS-AND-TELECOMMUNICATION-ENGINEERING-200224r.pdf,PDF paper/problem,English,Official General Ability and Intelligence and other papers,,,yes
India,GA,GA,A,exam archive,UPSC previous question papers,https://www.upsc.gov.in/examinations/previous-question-papers,(20.43 MB),https://www.upsc.gov.in/sites/default/files/QP-EnggServcPrelExam-24-GENERAL-STUDIES-AND-ENGINEERING-APTITUDE-190224.pdf,PDF paper/problem,English,Official General Ability and Intelligence and other papers,,,yes
India,GA,GA,A,exam archive,UPSC previous question papers,https://www.upsc.gov.in/examinations/previous-question-papers,(25.08 MB),https://www.upsc.gov.in/sites/default/files/QP-EnggServcPrelExam-24-MECHANICAL-ENGINEERING-190224.pdf,PDF paper/problem,English,Official General Ability and Intelligence and other papers,,,yes
India,GA,GA,A,exam archive,UPSC previous question papers,https://www.upsc.gov.in/examinations/previous-question-papers,(2.57 MB),https://www.upsc.gov.in/sites/default/files/QP-GeosM-25-CHEMISTRY-PAPER-I-230625.pdf,PDF paper/problem,English,Official General Ability and Intelligence and other papers,,,yes
India,GA,GA,A,exam archive,UPSC previous question papers,https://www.upsc.gov.in/examinations/previous-question-papers,(1.95 MB),https://www.upsc.gov.in/sites/default/files/QP-GeosM-25-CHEMISTRY-PAPER-II-230625.pdf,PDF paper/problem,English,Official General Ability and Intelligence and other papers,,,yes
India,GA,GA,A,exam archive,UPSC previous question papers,https://www.upsc.gov.in/examinations/previous-question-papers,(3.56 MB),https://www.upsc.gov.in/sites/default/files/QP-GeosM-25-CHEMISTRY-PAPER-III-230625.pdf,PDF paper/problem,English,Official General Ability and Intelligence and other papers,,,yes
India,GA,GA,A,exam archive,UPSC previous question papers,https://www.upsc.gov.in/examinations/previous-question-papers,(1.34 MB),https://www.upsc.gov.in/sites/default/files/QP-GeosM-25-GEOLOGY-PAPER-I-230625.pdf,PDF paper/problem,English,Official General Ability and Intelligence and other papers,,,yes
India,GA,GA,A,exam archive,UPSC previous question papers,https://www.upsc.gov.in/examinations/previous-question-papers,(2.21 MB),https://www.upsc.gov.in/sites/default/files/QP-GeosM-25-GEOLOGY-PAPER-II-230625.pdf,PDF paper/problem,English,Official General Ability and Intelligence and other papers,,,yes
India,GA,GA,A,exam archive,UPSC previous question papers,https://www.upsc.gov.in/examinations/previous-question-papers,(1.3 MB),https://www.upsc.gov.in/sites/default/files/QP-GeosM-25-GEOLOGY-PAPER-III-230625.pdf,PDF paper/problem,English,Official General Ability and Intelligence and other papers,,,yes
India,GA,GA,A,exam archive,UPSC previous question papers,https://www.upsc.gov.in/examinations/previous-question-papers,(2.22 MB),https://www.upsc.gov.in/sites/default/files/QP-GeosM-25-GEOPHYSICS-PAPER-I-230625.pdf,PDF paper/problem,English,Official General Ability and Intelligence and other papers,,,yes
India,GA,GA,A,exam archive,UPSC previous question papers,https://www.upsc.gov.in/examinations/previous-question-papers,(3.37 MB),https://www.upsc.gov.in/sites/default/files/QP-GeosM-25-GEOPHYSICS-PAPER-II-230625.pdf,PDF paper/problem,English,Official General Ability and Intelligence and other papers,,,yes
India,GA,GA,A,exam archive,UPSC previous question papers,https://www.upsc.gov.in/examinations/previous-question-papers,(2.75 MB),https://www.upsc.gov.in/sites/default/files/QP-GeosM-25-GEOPHYSICS-PAPER-III-230625.pdf,PDF paper/problem,English,Official General Ability and Intelligence and other papers,,,yes
India,GA,GA,A,exam archive,UPSC previous question papers,https://www.upsc.gov.in/examinations/previous-question-papers,(2.11 MB),https://www.upsc.gov.in/sites/default/files/QP-GeosM-25-HYDROGEOLOGY-230625.pdf,PDF resource,English,Official General Ability and Intelligence and other papers,,,yes
India,GA,GA,A,exam archive,UPSC previous question papers,https://www.upsc.gov.in/examinations/previous-question-papers,(2.26 MB),https://www.upsc.gov.in/sites/default/files/QP-IES-ISS-24-GENERAL-ECONOMICS-%20PAPER-I-240624.pdf,PDF paper/problem,English,Official General Ability and Intelligence and other papers,,,yes
India,GA,GA,A,exam archive,UPSC previous question papers,https://www.upsc.gov.in/examinations/previous-question-papers,(2.22 MB),https://www.upsc.gov.in/sites/default/files/QP-IES-ISS-24-GENERAL-ECONOMICS-PAPER-II-240624.pdf,PDF paper/problem,English,Official General Ability and Intelligence and other papers,,,yes
India,GA,GA,A,exam archive,UPSC previous question papers,https://www.upsc.gov.in/examinations/previous-question-papers,(1.63 MB),https://www.upsc.gov.in/sites/default/files/QP-IES-ISS-24-GENERAL-ENGLISH-240624.pdf,PDF resource,English,Official General Ability and Intelligence and other papers,,,yes
India,GA,GA,A,exam archive,UPSC previous question papers,https://www.upsc.gov.in/examinations/previous-question-papers,(1.38 MB),https://www.upsc.gov.in/sites/default/files/QP-IES-ISS-24-GENERAL-STUDIES-240624.pdf,PDF resource,English,Official General Ability and Intelligence and other papers,,,yes
India,GA,GA,A,exam archive,UPSC previous question papers,https://www.upsc.gov.in/examinations/previous-question-papers,(1.32 MB),https://www.upsc.gov.in/sites/default/files/QP-IES-ISS-24-INDIAN-ECONOMICS-240624.pdf,PDF resource,English,Official General Ability and Intelligence and other papers,,,yes
India,GA,GA,A,exam archive,UPSC previous question papers,https://www.upsc.gov.in/examinations/previous-question-papers,(11.47 MB),https://www.upsc.gov.in/sites/default/files/QP-IES-ISS-24-STATISTICS-PAPER-I-240624.pdf,PDF paper/problem,English,Official General Ability and Intelligence and other papers,,,yes
India,GA,GA,A,exam archive,UPSC previous question papers,https://www.upsc.gov.in/examinations/previous-question-papers,(14.28 MB),https://www.upsc.gov.in/sites/default/files/QP-IES-ISS-24-STATISTICS-PAPER-II-240624.pdf,PDF paper/problem,English,Official General Ability and Intelligence and other papers,,,yes
India,GA,GA,A,exam archive,UPSC previous question papers,https://www.upsc.gov.in/examinations/previous-question-papers,(3.2 MB),https://www.upsc.gov.in/sites/default/files/QP-IES-ISS-24-STATISTICS-PAPER-III-240624.pdf,PDF paper/problem,English,Official General Ability and Intelligence and other papers,,,yes
India,GA,GA,A,exam archive,UPSC previous question papers,https://www.upsc.gov.in/examinations/previous-question-papers,(10.84 MB),https://www.upsc.gov.in/sites/default/files/QP-IES-ISS-24-STATISTICS-PAPER-IV-240624.pdf,PDF paper/problem,English,Official General Ability and Intelligence and other papers,,,yes
India,GA,GA,A,exam archive,UPSC previous question papers,https://www.upsc.gov.in/examinations/previous-question-papers,(3.74 MB),https://www.upsc.gov.in/sites/default/files/QP-IES-ISS-25-GENERAL-ECONOMICS-PAPER-I-230625.pdf,PDF paper/problem,English,Official General Ability and Intelligence and other papers,,,yes
India,GA,GA,A,exam archive,UPSC previous question papers,https://www.upsc.gov.in/examinations/previous-question-papers,(2.25 MB),https://www.upsc.gov.in/sites/default/files/QP-IES-ISS-25-GENERAL-ECONOMICS-PAPER-III-230625.pdf,PDF paper/problem,English,Official General Ability and Intelligence and other papers,,,yes
India,GA,GA,A,exam archive,UPSC previous question papers,https://www.upsc.gov.in/examinations/previous-question-papers,(2.7 MB),https://www.upsc.gov.in/sites/default/files/QP-IES-ISS-25-GENERAL-ENGLISH-230625.pdf,PDF resource,English,Official General Ability and Intelligence and other papers,,,yes
India,GA,GA,A,exam archive,UPSC previous question papers,https://www.upsc.gov.in/examinations/previous-question-papers,(1.4 MB),https://www.upsc.gov.in/sites/default/files/QP-IES-ISS-25-GENERAL-STUDIES-230625.pdf,PDF resource,English,Official General Ability and Intelligence and other papers,,,yes
India,GA,GA,A,exam archive,UPSC previous question papers,https://www.upsc.gov.in/examinations/previous-question-papers,(1.25 MB),https://www.upsc.gov.in/sites/default/files/QP-IES-ISS-25-INDIAN-ECONOMICS-230625.pdf,PDF resource,English,Official General Ability and Intelligence and other papers,,,yes
India,GA,GA,A,exam archive,UPSC previous question papers,https://www.upsc.gov.in/examinations/previous-question-papers,(11.03 MB),https://www.upsc.gov.in/sites/default/files/QP-IES-ISS-25-STATISTICS-PAPER-I-230625.pdf,PDF paper/problem,English,Official General Ability and Intelligence and other papers,,,yes
India,GA,GA,A,exam archive,UPSC previous question papers,https://www.upsc.gov.in/examinations/previous-question-papers,(11.29 MB),https://www.upsc.gov.in/sites/default/files/QP-IES-ISS-25-STATISTICS-PAPER-II-230625.pdf,PDF paper/problem,English,Official General Ability and Intelligence and other papers,,,yes
India,GA,GA,A,exam archive,UPSC previous question papers,https://www.upsc.gov.in/examinations/previous-question-papers,(2.99 MB),https://www.upsc.gov.in/sites/default/files/QP-IES-ISS-25-STATISTICS-PAPER-III-230625.pdf,PDF paper/problem,English,Official General Ability and Intelligence and other papers,,,yes
India,GA,GA,A,exam archive,UPSC previous question papers,https://www.upsc.gov.in/examinations/previous-question-papers,(7.47 MB),https://www.upsc.gov.in/sites/default/files/QP-IES-ISS-25-STATISTICS-PAPER-IV-230625.pdf,PDF paper/problem,English,Official General Ability and Intelligence and other papers,,,yes
India,GA,GA,A,exam archive,UPSC previous question papers,https://www.upsc.gov.in/examinations/previous-question-papers,(2.31 MB),https://www.upsc.gov.in/sites/default/files/QP-IES-ISS-26-220626-GENERAL-ECONOMICS-PAPER-I.pdf,PDF paper/problem,English,Official General Ability and Intelligence and other papers,,,yes
India,GA,GA,A,exam archive,UPSC previous question papers,https://www.upsc.gov.in/examinations/previous-question-papers,(1.4 MB),https://www.upsc.gov.in/sites/default/files/QP-IES-ISS-26-220626-GENERAL-ECONOMICS-PAPER-III.pdf,PDF paper/problem,English,Official General Ability and Intelligence and other papers,,,yes
India,GA,GA,A,exam archive,UPSC previous question papers,https://www.upsc.gov.in/examinations/previous-question-papers,(1.69 MB),https://www.upsc.gov.in/sites/default/files/QP-IES-ISS-26-220626-GENERAL-ENGLISH.pdf,PDF resource,English,Official General Ability and Intelligence and other papers,,,yes
India,GA,GA,A,exam archive,UPSC previous question papers,https://www.upsc.gov.in/examinations/previous-question-papers,(1.27 MB),https://www.upsc.gov.in/sites/default/files/QP-IES-ISS-26-220626-GENERAL-STUDIES.pdf,PDF resource,English,Official General Ability and Intelligence and other papers,,,yes
India,GA,GA,A,exam archive,UPSC previous question papers,https://www.upsc.gov.in/examinations/previous-question-papers,(1.32 MB),https://www.upsc.gov.in/sites/default/files/QP-IES-ISS-26-220626-INDIAN-ECONOMICS.pdf,PDF resource,English,Official General Ability and Intelligence and other papers,,,yes
India,GA,GA,A,exam archive,UPSC previous question papers,https://www.upsc.gov.in/examinations/previous-question-papers,(8.26 MB),https://www.upsc.gov.in/sites/default/files/QP-IES-ISS-26-220626-STATISTICS-PAPER-I.pdf,PDF paper/problem,English,Official General Ability and Intelligence and other papers,,,yes
India,GA,GA,A,exam archive,UPSC previous question papers,https://www.upsc.gov.in/examinations/previous-question-papers,(12.87 MB),https://www.upsc.gov.in/sites/default/files/QP-IES-ISS-26-220626-STATISTICS-PAPER-II.pdf,PDF paper/problem,English,Official General Ability and Intelligence and other papers,,,yes
India,GA,GA,A,exam archive,UPSC previous question papers,https://www.upsc.gov.in/examinations/previous-question-papers,(2.44 MB),https://www.upsc.gov.in/sites/default/files/QP-IES-ISS-26-220626-STATISTICS-PAPER-III.pdf,PDF paper/problem,English,Official General Ability and Intelligence and other papers,,,yes
India,GA,GA,A,exam archive,UPSC previous question papers,https://www.upsc.gov.in/examinations/previous-question-papers,(6.62 MB),https://www.upsc.gov.in/sites/default/files/QP-IES-ISS-26-220626-STATISTICS-PAPER-IV.pdf,PDF paper/problem,English,Official General Ability and Intelligence and other papers,,,yes
India,GA,GA,A,exam archive,UPSC previous question papers,https://www.upsc.gov.in/examinations/previous-question-papers,(1.35 MB),https://www.upsc.gov.in/sites/default/files/QP-IFSM-23-AGRICULTURAL-ENGINEERING-PAPER-I-051223.pdf,PDF paper/problem,English,Official General Ability and Intelligence and other papers,,,yes
India,GA,GA,A,exam archive,UPSC previous question papers,https://www.upsc.gov.in/examinations/previous-question-papers,(2.35 MB),https://www.upsc.gov.in/sites/default/files/QP-IFSM-23-AGRICULTURAL-ENGINEERING-PAPER-II-051223.pdf,PDF paper/problem,English,Official General Ability and Intelligence and other papers,,,yes
India,GA,GA,A,exam archive,UPSC previous question papers,https://www.upsc.gov.in/examinations/previous-question-papers,(1.12 MB),https://www.upsc.gov.in/sites/default/files/QP-IFSM-23-AGRICULTURE-PAPER-I-051223.pdf,PDF paper/problem,English,Official General Ability and Intelligence and other papers,,,yes
India,GA,GA,A,exam archive,UPSC previous question papers,https://www.upsc.gov.in/examinations/previous-question-papers,(2.05 MB),https://www.upsc.gov.in/sites/default/files/QP-IFSM-23-AGRICULTURE-PAPER-II-051223.pdf,PDF paper/problem,English,Official General Ability and Intelligence and other papers,,,yes
India,GA,GA,A,exam archive,UPSC previous question papers,https://www.upsc.gov.in/examinations/previous-question-papers,(1.84 MB),https://www.upsc.gov.in/sites/default/files/QP-IFSM-23-ANIMAL-HUSBANDRY-VETERINARY-SCIENCE-PAPER-I-051223.pdf,PDF paper/problem,English,Official General Ability and Intelligence and other papers,,,yes
India,GA,GA,A,exam archive,UPSC previous question papers,https://www.upsc.gov.in/examinations/previous-question-papers,(2.56 MB),https://www.upsc.gov.in/sites/default/files/QP-IFSM-23-ANIMAL-HUSBANDRY-VETERINARY-SCIENCE-PAPER-II-051223.pdf,PDF paper/problem,English,Official General Ability and Intelligence and other papers,,,yes
India,GA,GA,A,exam archive,UPSC previous question papers,https://www.upsc.gov.in/examinations/previous-question-papers,(2.05 MB),https://www.upsc.gov.in/sites/default/files/QP-IFSM-23-BOTANY-PAPER-I-051223.pdf,PDF paper/problem,English,Official General Ability and Intelligence and other papers,,,yes
India,GA,GA,A,exam archive,UPSC previous question papers,https://www.upsc.gov.in/examinations/previous-question-papers,(1.04 MB),https://www.upsc.gov.in/sites/default/files/QP-IFSM-23-BOTANY-PAPER-II-051223.pdf,PDF paper/problem,English,Official General Ability and Intelligence and other papers,,,yes
India,GA,GA,A,exam archive,UPSC previous question papers,https://www.upsc.gov.in/examinations/previous-question-papers,(3.59 MB),https://www.upsc.gov.in/sites/default/files/QP-IFSM-23-CHEMICAL-ENGINEERING-PAPER-I-051223.pdf,PDF paper/problem,English,Official General Ability and Intelligence and other papers,,,yes
India,GA,GA,A,exam archive,UPSC previous question papers,https://www.upsc.gov.in/examinations/previous-question-papers,(3.8 MB),https://www.upsc.gov.in/sites/default/files/QP-IFSM-23-CHEMICAL-ENGINEERING-PAPER-II-051223.pdf,PDF paper/problem,English,Official General Ability and Intelligence and other papers,,,yes
India,GA,GA,A,exam archive,UPSC previous question papers,https://www.upsc.gov.in/examinations/previous-question-papers,(1.94 MB),https://www.upsc.gov.in/sites/default/files/QP-IFSM-23-CHEMISTRY-PAPER-I-051223.pdf,PDF paper/problem,English,Official General Ability and Intelligence and other papers,,,yes
India,GA,GA,A,exam archive,UPSC previous question papers,https://www.upsc.gov.in/examinations/previous-question-papers,(3.65 MB),https://www.upsc.gov.in/sites/default/files/QP-IFSM-23-CHEMISTRY-PAPER-II-051223.pdf,PDF paper/problem,English,Official General Ability and Intelligence and other papers,,,yes
India,GA,GA,A,exam archive,UPSC previous question papers,https://www.upsc.gov.in/examinations/previous-question-papers,(5.35 MB),https://www.upsc.gov.in/sites/default/files/QP-IFSM-23-CIVIL-ENGINEERING-PAPER-I-051223.pdf,PDF paper/problem,English,Official General Ability and Intelligence and other papers,,,yes
India,GA,GA,A,exam archive,UPSC previous question papers,https://www.upsc.gov.in/examinations/previous-question-papers,(2.58 MB),https://www.upsc.gov.in/sites/default/files/QP-IFSM-23-CIVIL-ENGINEERING-PAPER-II-051223.pdf,PDF paper/problem,English,Official General Ability and Intelligence and other papers,,,yes
India,GA,GA,A,exam archive,UPSC previous question papers,https://www.upsc.gov.in/examinations/previous-question-papers,(1.59 MB),https://www.upsc.gov.in/sites/default/files/QP-IFSM-23-FORESTRY-PAPER-1-051223.pdf,PDF paper/problem,English,Official General Ability and Intelligence and other papers,,,yes
India,GA,GA,A,exam archive,UPSC previous question papers,https://www.upsc.gov.in/examinations/previous-question-papers,(1.08 MB),https://www.upsc.gov.in/sites/default/files/QP-IFSM-23-FORESTRY-PAPER-II-051223.pdf,PDF paper/problem,English,Official General Ability and Intelligence and other papers,,,yes
India,GA,GA,A,exam archive,UPSC previous question papers,https://www.upsc.gov.in/examinations/previous-question-papers,(2.69 MB),https://www.upsc.gov.in/sites/default/files/QP-IFSM-23-GENERAL-%20ENGLISH-051223.pdf,PDF resource,English,Official General Ability and Intelligence and other papers,,,yes
India,GA,GA,A,exam archive,UPSC previous question papers,https://www.upsc.gov.in/examinations/previous-question-papers,(1.73 MB),https://www.upsc.gov.in/sites/default/files/QP-IFSM-23-GEOLOGY-PAPER-II-051223.pdf,PDF paper/problem,English,Official General Ability and Intelligence and other papers,,,yes
India,GA,GA,A,exam archive,UPSC previous question papers,https://www.upsc.gov.in/examinations/previous-question-papers,(2.75 MB),https://www.upsc.gov.in/sites/default/files/QP-IFSM-23-MATHEMATHICS-PAPER-I-051223.pdf,PDF paper/problem,English,Official General Ability and Intelligence and other papers,,,yes
India,GA,GA,A,exam archive,UPSC previous question papers,https://www.upsc.gov.in/examinations/previous-question-papers,(3.37 MB),https://www.upsc.gov.in/sites/default/files/QP-IFSM-23-MATHEMATHICS-PAPER-II-051223.pdf,PDF paper/problem,English,Official General Ability and Intelligence and other papers,,,yes
India,GA,GA,A,exam archive,UPSC previous question papers,https://www.upsc.gov.in/examinations/previous-question-papers,(3.96 MB),https://www.upsc.gov.in/sites/default/files/QP-IFSM-23-MECHANICAL-ENGINEERING-PAPER-I-051223.pdf,PDF paper/problem,English,Official General Ability and Intelligence and other papers,,,yes
India,GA,GA,A,exam archive,UPSC previous question papers,https://www.upsc.gov.in/examinations/previous-question-papers,(4.03 MB),https://www.upsc.gov.in/sites/default/files/QP-IFSM-23-MECHANICAL-ENGINEERING-PAPER-II-051223.pdf,PDF paper/problem,English,Official General Ability and Intelligence and other papers,,,yes
India,GA,GA,A,exam archive,UPSC previous question papers,https://www.upsc.gov.in/examinations/previous-question-papers,(1.88 MB),https://www.upsc.gov.in/sites/default/files/QP-IFSM-23-PHYSICS-PAPER-I-051223.pdf,PDF paper/problem,English,Official General Ability and Intelligence and other papers,,,yes
India,GA,GA,A,exam archive,UPSC previous question papers,https://www.upsc.gov.in/examinations/previous-question-papers,(2.46 MB),https://www.upsc.gov.in/sites/default/files/QP-IFSM-23-PHYSICS-PAPER-II-051223.pdf,PDF paper/problem,English,Official General Ability and Intelligence and other papers,,,yes
India,GA,GA,A,exam archive,UPSC previous question papers,https://www.upsc.gov.in/examinations/previous-question-papers,(6.3 MB),https://www.upsc.gov.in/sites/default/files/QP-IFSM-23-STATISTICS-PAPER%20-I-051223.pdf,PDF paper/problem,English,Official General Ability and Intelligence and other papers,,,yes
India,GA,GA,A,exam archive,UPSC previous question papers,https://www.upsc.gov.in/examinations/previous-question-papers,(3.72 MB),https://www.upsc.gov.in/sites/default/files/QP-IFSM-23-STATISTICS-PAPER%20-II-051223.pdf,PDF paper/problem,English,Official General Ability and Intelligence and other papers,,,yes
India,GA,GA,A,exam archive,UPSC previous question papers,https://www.upsc.gov.in/examinations/previous-question-papers,(1.06 MB),https://www.upsc.gov.in/sites/default/files/QP-IFSM-23-ZOOLOGY-PAPER-I-051223.pdf,PDF paper/problem,English,Official General Ability and Intelligence and other papers,,,yes
India,GA,GA,A,exam archive,UPSC previous question papers,https://www.upsc.gov.in/examinations/previous-question-papers,(1.32 MB),https://www.upsc.gov.in/sites/default/files/QP-IFSM-23-ZOOLOGY-PAPER-II-051223.pdf,PDF paper/problem,English,Official General Ability and Intelligence and other papers,,,yes
India,GA,GA,A,exam archive,UPSC previous question papers,https://www.upsc.gov.in/examinations/previous-question-papers,(2.34 MB),https://www.upsc.gov.in/sites/default/files/QP-IFSM-24-AGRICULTURAL-ENGINEERING-PAPER-I-021224.pdf,PDF paper/problem,English,Official General Ability and Intelligence and other papers,,,yes
India,GA,GA,A,exam archive,UPSC previous question papers,https://www.upsc.gov.in/examinations/previous-question-papers,(1.77 MB),https://www.upsc.gov.in/sites/default/files/QP-IFSM-24-AGRICULTURAL-ENGINEERING-PAPER-II-021224.pdf,PDF paper/problem,English,Official General Ability and Intelligence and other papers,,,yes
India,GA,GA,A,exam archive,UPSC previous question papers,https://www.upsc.gov.in/examinations/previous-question-papers,(1.18 MB),https://www.upsc.gov.in/sites/default/files/QP-IFSM-24-AGRICULTURE-PAPER-I-021224.pdf,PDF paper/problem,English,Official General Ability and Intelligence and other papers,,,yes
India,GA,GA,A,exam archive,UPSC previous question papers,https://www.upsc.gov.in/examinations/previous-question-papers,(1.53 MB),https://www.upsc.gov.in/sites/default/files/QP-IFSM-24-AGRICULTURE-PAPER-II-021224.pdf,PDF paper/problem,English,Official General Ability and Intelligence and other papers,,,yes
India,GA,GA,A,exam archive,UPSC previous question papers,https://www.upsc.gov.in/examinations/previous-question-papers,(1.35 MB),https://www.upsc.gov.in/sites/default/files/QP-IFSM-24-BOTANY-PAPER-I-021224.pdf,PDF paper/problem,English,Official General Ability and Intelligence and other papers,,,yes
India,GA,GA,A,exam archive,UPSC previous question papers,https://www.upsc.gov.in/examinations/previous-question-papers,(1.29 MB),https://www.upsc.gov.in/sites/default/files/QP-IFSM-24-BOTANY-PAPER-II-021224.pdf,PDF paper/problem,English,Official General Ability and Intelligence and other papers,,,yes
India,GA,GA,A,exam archive,UPSC previous question papers,https://www.upsc.gov.in/examinations/previous-question-papers,(4.4 MB),https://www.upsc.gov.in/sites/default/files/QP-IFSM-24-CHEMICAL-ENGINEERING-PAPER-I-021224.pdf,PDF paper/problem,English,Official General Ability and Intelligence and other papers,,,yes
India,GA,GA,A,exam archive,UPSC previous question papers,https://www.upsc.gov.in/examinations/previous-question-papers,(2.37 MB),https://www.upsc.gov.in/sites/default/files/QP-IFSM-24-CHEMICAL-ENGINEERING-PAPER-II-021224.pdf,PDF paper/problem,English,Official General Ability and Intelligence and other papers,,,yes
India,GA,GA,A,exam archive,UPSC previous question papers,https://www.upsc.gov.in/examinations/previous-question-papers,(2.42 MB),https://www.upsc.gov.in/sites/default/files/QP-IFSM-24-CHEMISTRY-PAPER-I-021224.pdf,PDF paper/problem,English,Official General Ability and Intelligence and other papers,,,yes
India,GA,GA,A,exam archive,UPSC previous question papers,https://www.upsc.gov.in/examinations/previous-question-papers,(2.73 MB),https://www.upsc.gov.in/sites/default/files/QP-IFSM-24-CHEMISTRY-PAPER-II-021224.pdf,PDF paper/problem,English,Official General Ability and Intelligence and other papers,,,yes
India,GA,GA,A,exam archive,UPSC previous question papers,https://www.upsc.gov.in/examinations/previous-question-papers,(3.24 MB),https://www.upsc.gov.in/sites/default/files/QP-IFSM-24-CIVIL-ENGINEERING-PAPER-I-021224.pdf,PDF paper/problem,English,Official General Ability and Intelligence and other papers,,,yes
India,GA,GA,A,exam archive,UPSC previous question papers,https://www.upsc.gov.in/examinations/previous-question-papers,(4.06 MB),https://www.upsc.gov.in/sites/default/files/QP-IFSM-24-CIVIL-ENGINEERING-PAPER-II-021224.pdf,PDF paper/problem,English,Official General Ability and Intelligence and other papers,,,yes
India,GA,GA,A,exam archive,UPSC previous question papers,https://www.upsc.gov.in/examinations/previous-question-papers,(2.14 MB),https://www.upsc.gov.in/sites/default/files/QP-IFSM-24-FORESTRY-PAPER-I-021224.pdf,PDF paper/problem,English,Official General Ability and Intelligence and other papers,,,yes
India,GA,GA,A,exam archive,UPSC previous question papers,https://www.upsc.gov.in/examinations/previous-question-papers,(1.42 MB),https://www.upsc.gov.in/sites/default/files/QP-IFSM-24-FORESTRY-PAPER-II-021224.pdf,PDF paper/problem,English,Official General Ability and Intelligence and other papers,,,yes
India,GA,GA,A,exam archive,UPSC previous question papers,https://www.upsc.gov.in/examinations/previous-question-papers,(4.93 MB),https://www.upsc.gov.in/sites/default/files/QP-IFSM-24-GENERAL-ENGLISH-021224.pdf,PDF resource,English,Official General Ability and Intelligence and other papers,,,yes
India,GA,GA,A,exam archive,UPSC previous question papers,https://www.upsc.gov.in/examinations/previous-question-papers,(1.56 MB),https://www.upsc.gov.in/sites/default/files/QP-IFSM-24-GENERAL-KNOWLEDGE-021224.pdf,PDF resource,English,Official General Ability and Intelligence and other papers,,,yes
India,GA,GA,A,exam archive,UPSC previous question papers,https://www.upsc.gov.in/examinations/previous-question-papers,(2.07 MB),https://www.upsc.gov.in/sites/default/files/QP-IFSM-24-GEOLOGY-PAPER-I-021224.pdf,PDF paper/problem,English,Official General Ability and Intelligence and other papers,,,yes
India,GA,GA,A,exam archive,UPSC previous question papers,https://www.upsc.gov.in/examinations/previous-question-papers,(2.27 MB),https://www.upsc.gov.in/sites/default/files/QP-IFSM-24-MATHEMATICS-PAPER-I-021224.pdf,PDF paper/problem,English,Official General Ability and Intelligence and other papers,,,yes
India,GA,GA,A,exam archive,UPSC previous question papers,https://www.upsc.gov.in/examinations/previous-question-papers,(2 MB),https://www.upsc.gov.in/sites/default/files/QP-IFSM-24-MATHEMATICS-PAPER-II-021224.pdf,PDF paper/problem,English,Official General Ability and Intelligence and other papers,,,yes
India,GA,GA,A,exam archive,UPSC previous question papers,https://www.upsc.gov.in/examinations/previous-question-papers,(2.85 MB),https://www.upsc.gov.in/sites/default/files/QP-IFSM-24-MECHANICAL-ENGINEERING-PAPER-I-021224.pdf,PDF paper/problem,English,Official General Ability and Intelligence and other papers,,,yes
India,GA,GA,A,exam archive,UPSC previous question papers,https://www.upsc.gov.in/examinations/previous-question-papers,(4.5 MB),https://www.upsc.gov.in/sites/default/files/QP-IFSM-24-MECHANICAL-ENGINEERING-PAPER-II-021224.pdf,PDF paper/problem,English,Official General Ability and Intelligence and other papers,,,yes
India,GA,GA,A,exam archive,UPSC previous question papers,https://www.upsc.gov.in/examinations/previous-question-papers,(2.28 MB),https://www.upsc.gov.in/sites/default/files/QP-IFSM-24-PHYSICS-PAPER-I-021224.pdf,PDF paper/problem,English,Official General Ability and Intelligence and other papers,,,yes
India,GA,GA,A,exam archive,UPSC previous question papers,https://www.upsc.gov.in/examinations/previous-question-papers,(2.23 MB),https://www.upsc.gov.in/sites/default/files/QP-IFSM-24-PHYSICS-PAPER-II-021224.pdf,PDF paper/problem,English,Official General Ability and Intelligence and other papers,,,yes
India,GA,GA,A,exam archive,UPSC previous question papers,https://www.upsc.gov.in/examinations/previous-question-papers,(3.85 MB),https://www.upsc.gov.in/sites/default/files/QP-IFSM-24-STATISTICS-PAPER-I-021224.pdf,PDF paper/problem,English,Official General Ability and Intelligence and other papers,,,yes
India,GA,GA,A,exam archive,UPSC previous question papers,https://www.upsc.gov.in/examinations/previous-question-papers,(2.98 MB),https://www.upsc.gov.in/sites/default/files/QP-IFSM-24-STATISTICS-PAPER-II-021224.pdf,PDF paper/problem,English,Official General Ability and Intelligence and other papers,,,yes
India,GA,GA,A,exam archive,UPSC previous question papers,https://www.upsc.gov.in/examinations/previous-question-papers,(1.07 MB),https://www.upsc.gov.in/sites/default/files/QP-IFSM-24-ZOOLOGY-PAPER-I-021224.pdf,PDF paper/problem,English,Official General Ability and Intelligence and other papers,,,yes
India,GA,GA,A,exam archive,UPSC previous question papers,https://www.upsc.gov.in/examinations/previous-question-papers,(987.45 KB),https://www.upsc.gov.in/sites/default/files/QP-IFSM-24-ZOOLOGY-PAPER-II-021224.pdf,PDF paper/problem,English,Official General Ability and Intelligence and other papers,,,yes
India,GA,GA,A,exam archive,UPSC previous question papers,https://www.upsc.gov.in/examinations/previous-question-papers,(2.24 MB),https://www.upsc.gov.in/sites/default/files/QP-IFSM-25-AGRICULTURAL-ENGINEERING-PAPER-II-241125.pdf,PDF paper/problem,English,Official General Ability and Intelligence and other papers,,,yes
India,GA,GA,A,exam archive,UPSC previous question papers,https://www.upsc.gov.in/examinations/previous-question-papers,(989.44 KB),https://www.upsc.gov.in/sites/default/files/QP-IFSM-25-AGRICULTURE-PAPER-I-241125.pdf,PDF paper/problem,English,Official General Ability and Intelligence and other papers,,,yes
India,GA,GA,A,exam archive,UPSC previous question papers,https://www.upsc.gov.in/examinations/previous-question-papers,(1.16 MB),https://www.upsc.gov.in/sites/default/files/QP-IFSM-25-AGRICULTURE-PAPER-II-241125.pdf,PDF paper/problem,English,Official General Ability and Intelligence and other papers,,,yes
India,GA,GA,A,exam archive,UPSC previous question papers,https://www.upsc.gov.in/examinations/previous-question-papers,(1005.42 KB),https://www.upsc.gov.in/sites/default/files/QP-IFSM-25-ANIMALHUSBANDRY-VETERINARYSCIENCE-PAPER-I-241125.pdf,PDF paper/problem,English,Official General Ability and Intelligence and other papers,,,yes
India,GA,GA,A,exam archive,UPSC previous question papers,https://www.upsc.gov.in/examinations/previous-question-papers,(925.82 KB),https://www.upsc.gov.in/sites/default/files/QP-IFSM-25-ANIMALHUSBANDRY-VETERINARYSCIENCE-PAPER-II-241125.pdf,PDF paper/problem,English,Official General Ability and Intelligence and other papers,,,yes
India,GA,GA,A,exam archive,UPSC previous question papers,https://www.upsc.gov.in/examinations/previous-question-papers,(1.1 MB),https://www.upsc.gov.in/sites/default/files/QP-IFSM-25-BOTANY-PAPER-I-241125.pdf,PDF paper/problem,English,Official General Ability and Intelligence and other papers,,,yes
India,GA,GA,A,exam archive,UPSC previous question papers,https://www.upsc.gov.in/examinations/previous-question-papers,(775.71 KB),https://www.upsc.gov.in/sites/default/files/QP-IFSM-25-BOTANY-PAPER-II-241125.pdf,PDF paper/problem,English,Official General Ability and Intelligence and other papers,,,yes
India,GA,GA,A,exam archive,UPSC previous question papers,https://www.upsc.gov.in/examinations/previous-question-papers,(2.14 MB),https://www.upsc.gov.in/sites/default/files/QP-IFSM-25-CHEMICAL-ENGINEERING-PAPER-I-241125.pdf,PDF paper/problem,English,Official General Ability and Intelligence and other papers,,,yes
India,GA,GA,A,exam archive,UPSC previous question papers,https://www.upsc.gov.in/examinations/previous-question-papers,(3.28 MB),https://www.upsc.gov.in/sites/default/files/QP-IFSM-25-CHEMICAL-ENGINEERING-PAPER-II-241125.pdf,PDF paper/problem,English,Official General Ability and Intelligence and other papers,,,yes
India,GA,GA,A,exam archive,UPSC previous question papers,https://www.upsc.gov.in/examinations/previous-question-papers,(2.11 MB),https://www.upsc.gov.in/sites/default/files/QP-IFSM-25-CHEMISTRY-PAPER-I-241125.pdf,PDF paper/problem,English,Official General Ability and Intelligence and other papers,,,yes
India,GA,GA,A,exam archive,UPSC previous question papers,https://www.upsc.gov.in/examinations/previous-question-papers,(2.61 MB),https://www.upsc.gov.in/sites/default/files/QP-IFSM-25-CHEMISTRY-PAPER-II-241125.pdf,PDF paper/problem,English,Official General Ability and Intelligence and other papers,,,yes
India,GA,GA,A,exam archive,UPSC previous question papers,https://www.upsc.gov.in/examinations/previous-question-papers,(3.33 MB),https://www.upsc.gov.in/sites/default/files/QP-IFSM-25-CIVIL-ENGINEERING-PAPER-I-241125.pdf,PDF paper/problem,English,Official General Ability and Intelligence and other papers,,,yes
India,GA,GA,A,exam archive,UPSC previous question papers,https://www.upsc.gov.in/examinations/previous-question-papers,(2.19 MB),https://www.upsc.gov.in/sites/default/files/QP-IFSM-25-CIVIL-ENGINEERING-PAPER-II-241125.pdf,PDF paper/problem,English,Official General Ability and Intelligence and other papers,,,yes
India,GA,GA,A,exam archive,UPSC previous question papers,https://www.upsc.gov.in/examinations/previous-question-papers,(976.87 KB),https://www.upsc.gov.in/sites/default/files/QP-IFSM-25-FORESTRY-PAPER-I-241125.pdf,PDF paper/problem,English,Official General Ability and Intelligence and other papers,,,yes
India,GA,GA,A,exam archive,UPSC previous question papers,https://www.upsc.gov.in/examinations/previous-question-papers,(2.25 MB),https://www.upsc.gov.in/sites/default/files/QP-IFSM-25-GENERAL-ENGLISH-241125.pdf,PDF resource,English,Official General Ability and Intelligence and other papers,,,yes
India,GA,GA,A,exam archive,UPSC previous question papers,https://www.upsc.gov.in/examinations/previous-question-papers,(1.13 MB),https://www.upsc.gov.in/sites/default/files/QP-IFSM-25-GENERAL-KNOWLEDGE-241125.pdf,PDF resource,English,Official General Ability and Intelligence and other papers,,,yes
India,GA,GA,A,exam archive,UPSC previous question papers,https://www.upsc.gov.in/examinations/previous-question-papers,(1.16 MB),https://www.upsc.gov.in/sites/default/files/QP-IFSM-25-GEOLOGY-PAPER-I-241125.pdf,PDF paper/problem,English,Official General Ability and Intelligence and other papers,,,yes
India,GA,GA,A,exam archive,UPSC previous question papers,https://www.upsc.gov.in/examinations/previous-question-papers,(1.88 MB),https://www.upsc.gov.in/sites/default/files/QP-IFSM-25-MATHEMATICS-PAPER-I-241125.pdf,PDF paper/problem,English,Official General Ability and Intelligence and other papers,,,yes
India,GA,GA,A,exam archive,UPSC previous question papers,https://www.upsc.gov.in/examinations/previous-question-papers,(1.76 MB),https://www.upsc.gov.in/sites/default/files/QP-IFSM-25-MATHEMATICS-PAPER-II-241125.pdf,PDF paper/problem,English,Official General Ability and Intelligence and other papers,,,yes
India,GA,GA,A,exam archive,UPSC previous question papers,https://www.upsc.gov.in/examinations/previous-question-papers,(2.19 MB),https://www.upsc.gov.in/sites/default/files/QP-IFSM-25-MECHANICAL-ENGINEERING-PAPER-I-241125.pdf,PDF paper/problem,English,Official General Ability and Intelligence and other papers,,,yes
India,GA,GA,A,exam archive,UPSC previous question papers,https://www.upsc.gov.in/examinations/previous-question-papers,(4.09 MB),https://www.upsc.gov.in/sites/default/files/QP-IFSM-25-MECHANICAL-ENGINEERING-PAPER-II-241125.pdf,PDF paper/problem,English,Official General Ability and Intelligence and other papers,,,yes
India,GA,GA,A,exam archive,UPSC previous question papers,https://www.upsc.gov.in/examinations/previous-question-papers,(2.21 MB),https://www.upsc.gov.in/sites/default/files/QP-IFSM-25-PHYSICS-PAPER-I-241125.pdf,PDF paper/problem,English,Official General Ability and Intelligence and other papers,,,yes
India,GA,GA,A,exam archive,UPSC previous question papers,https://www.upsc.gov.in/examinations/previous-question-papers,(1.84 MB),https://www.upsc.gov.in/sites/default/files/QP-IFSM-25-PHYSICS-PAPER-II-241125.pdf,PDF paper/problem,English,Official General Ability and Intelligence and other papers,,,yes
India,GA,GA,A,exam archive,UPSC previous question papers,https://www.upsc.gov.in/examinations/previous-question-papers,(3.96 MB),https://www.upsc.gov.in/sites/default/files/QP-IFSM-25-STATISTICS-PAPER-I-241125.pdf,PDF paper/problem,English,Official General Ability and Intelligence and other papers,,,yes
India,GA,GA,A,exam archive,UPSC previous question papers,https://www.upsc.gov.in/examinations/previous-question-papers,(2.29 MB),https://www.upsc.gov.in/sites/default/files/QP-IFSM-25-STATISTICS-PAPER-II-241125.pdf,PDF paper/problem,English,Official General Ability and Intelligence and other papers,,,yes
India,GA,GA,A,exam archive,UPSC previous question papers,https://www.upsc.gov.in/examinations/previous-question-papers,(808.83 KB),https://www.upsc.gov.in/sites/default/files/QP-IFSM-25-ZOOLOGY-PAPER-I-241125.pdf,PDF paper/problem,English,Official General Ability and Intelligence and other papers,,,yes
India,GA,GA,A,exam archive,UPSC previous question papers,https://www.upsc.gov.in/examinations/previous-question-papers,(990.89 KB),https://www.upsc.gov.in/sites/default/files/QP-IFSM-25-ZOOLOGY-PAPER-II-241125.pdf,PDF paper/problem,English,Official General Ability and Intelligence and other papers,,,yes
India,GA,GA,A,exam archive,UPSC previous question papers,https://www.upsc.gov.in/examinations/previous-question-papers,(29.23 MB),https://www.upsc.gov.in/sites/default/files/QP-NDA-NA-I-25-GENERAL-ABILITY-TEST-150425.pdf,PDF paper/problem,English,Official General Ability and Intelligence and other papers,,,yes
India,GA,GA,A,exam archive,UPSC previous question papers,https://www.upsc.gov.in/examinations/previous-question-papers,(19.7 MB),https://www.upsc.gov.in/sites/default/files/QP-NDA-NA-I-25-MATHEMATICS-150425.pdf,PDF resource,English,Official General Ability and Intelligence and other papers,,,yes
India,GA,GA,A,exam archive,UPSC previous question papers,https://www.upsc.gov.in/examinations/previous-question-papers,(25.98 MB),https://www.upsc.gov.in/sites/default/files/QP-NDA-NA-I-26-GENERAL-ABILITY-TEST-130426.pdf,PDF paper/problem,English,Official General Ability and Intelligence and other papers,,,yes
India,GA,GA,A,exam archive,UPSC previous question papers,https://www.upsc.gov.in/examinations/previous-question-papers,(30.43 MB),https://www.upsc.gov.in/sites/default/files/QP-NDA-NA-I-26-MATHEMATICS-130426.pdf,PDF resource,English,Official General Ability and Intelligence and other papers,,,yes
India,GA,GA,A,exam archive,UPSC previous question papers,https://www.upsc.gov.in/examinations/previous-question-papers,(29.05 MB),https://www.upsc.gov.in/sites/default/files/QP-NDA-NA-II-24-GENERAL-ABILITY-TEST-020924.pdf,PDF paper/problem,English,Official General Ability and Intelligence and other papers,,,yes
India,GA,GA,A,exam archive,UPSC previous question papers,https://www.upsc.gov.in/examinations/previous-question-papers,(27.69 MB),https://www.upsc.gov.in/sites/default/files/QP-NDA-NA-II-24-MATHEMATICS-020924.pdf,PDF resource,English,Official General Ability and Intelligence and other papers,,,yes
India,GA,GA,A,exam archive,UPSC previous question papers,https://www.upsc.gov.in/examinations/previous-question-papers,(31.62 MB),https://www.upsc.gov.in/sites/default/files/QP-NDANA-II-2023-GAT-04092023.pdf,PDF resource,English,Official General Ability and Intelligence and other papers,,,yes
India,GA,GA,A,exam archive,UPSC previous question papers,https://www.upsc.gov.in/examinations/previous-question-papers,(21.61 MB),https://www.upsc.gov.in/sites/default/files/QP-NDANA-II-2023-Maths-04092023.pdf,PDF resource,English,Official General Ability and Intelligence and other papers,,,yes
India,GA,GA,A,exam archive,UPSC previous question papers,https://www.upsc.gov.in/examinations/previous-question-papers,(31.49 MB),https://www.upsc.gov.in/sites/default/files/QP-NDANA-II-25-GENERAL-ABILITY-TEST-150925.pdf,PDF paper/problem,English,Official General Ability and Intelligence and other papers,,,yes
India,GA,GA,A,exam archive,UPSC previous question papers,https://www.upsc.gov.in/examinations/previous-question-papers,(19.87 MB),https://www.upsc.gov.in/sites/default/files/QP-NDANA-II-25-MATHEMATICS-150925.pdf,PDF resource,English,Official General Ability and Intelligence and other papers,,,yes
India,GA,GA,A,exam archive,UPSC previous question papers,https://www.upsc.gov.in/examinations/previous-question-papers,(29.9 MB),https://www.upsc.gov.in/sites/default/files/QP-SO-19-20-PAPER%20-%20I-280823.pdf,PDF paper/problem,English,Official General Ability and Intelligence and other papers,,,yes
India,GA,GA,A,exam archive,UPSC previous question papers,https://www.upsc.gov.in/examinations/previous-question-papers,(41.04 MB),https://www.upsc.gov.in/sites/default/files/QP-SO-19-20-PAPER-II%20%28PROC-%20PRACTICE%2C%20CATEGORIES%20I%2C%20VIII%20AND%20XI%20%29-280823.pdf,PDF paper/problem,English,Official General Ability and Intelligence and other papers,,,yes
India,GA,GA,A,exam archive,UPSC previous question papers,https://www.upsc.gov.in/examinations/previous-question-papers,(24.45 MB),https://www.upsc.gov.in/sites/default/files/QP-SO-19-20-PAPER-II%20%28PROC-%20PRACTICE%2C%20CATEGORY%20III%29-280823.pdf,PDF paper/problem,English,Official General Ability and Intelligence and other papers,,,yes
India,GA,GA,A,exam archive,UPSC previous question papers,https://www.upsc.gov.in/examinations/previous-question-papers,(43.38 MB),https://www.upsc.gov.in/sites/default/files/QP-SO-19-20-PAPER-II%20%28PROC-PRACTICE%2C%20CATEGORY%20II%20%29-280823.pdf,PDF paper/problem,English,Official General Ability and Intelligence and other papers,,,yes
India,GA,GA,A,exam archive,UPSC previous question papers,https://www.upsc.gov.in/examinations/previous-question-papers,(36.34 MB),https://www.upsc.gov.in/sites/default/files/QP-SO-19-20-PAPER-II%20%28PROC-PRACTICE%2C%20CATEGORY%20X%29-280823.pdf,PDF paper/problem,English,Official General Ability and Intelligence and other papers,,,yes
India,GA,GA,A,exam archive,UPSC previous question papers,https://www.upsc.gov.in/examinations/previous-question-papers,(13.32 MB),https://www.upsc.gov.in/sites/default/files/QP-SO-19-20-PAPER-III-NOTING-DRAFTING-PRECIS%20WRITING-280823.pdf,PDF paper/problem,English,Official General Ability and Intelligence and other papers,,,yes
India,GA,GA,A,exam archive,UPSC previous question papers,https://www.upsc.gov.in/examinations/previous-question-papers,(21.99 MB),https://www.upsc.gov.in/sites/default/files/QP-SO-21-22-PAPER-I-161023.pdf,PDF paper/problem,English,Official General Ability and Intelligence and other papers,,,yes
India,GA,GA,A,exam archive,UPSC previous question papers,https://www.upsc.gov.in/examinations/previous-question-papers,(41.77 MB),https://www.upsc.gov.in/sites/default/files/QP-SO-21-22-PAPER-II-PROCEDURE-PRACTICE-CATEGORY-I-VIII-XI-161023.pdf,PDF paper/problem,English,Official General Ability and Intelligence and other papers,,,yes
India,GA,GA,A,exam archive,UPSC previous question papers,https://www.upsc.gov.in/examinations/previous-question-papers,(41.95 MB),https://www.upsc.gov.in/sites/default/files/QP-SO-21-22-PAPER-II-PROCEDURE-PRACTICE-CATEGORY-II-161023.pdf,PDF paper/problem,English,Official General Ability and Intelligence and other papers,,,yes
India,GA,GA,A,exam archive,UPSC previous question papers,https://www.upsc.gov.in/examinations/previous-question-papers,(30.5 MB),https://www.upsc.gov.in/sites/default/files/QP-SO-21-22-PAPER-II-PROCEDURE-PRACTICE-CATEGORY-III-161023.pdf,PDF paper/problem,English,Official General Ability and Intelligence and other papers,,,yes
India,GA,GA,A,exam archive,UPSC previous question papers,https://www.upsc.gov.in/examinations/previous-question-papers,(51.99 MB),https://www.upsc.gov.in/sites/default/files/QP-SO-21-22-PAPER-II-PROCEDURE-PRACTICE-CATEGORY-X-161023.pdf,PDF paper/problem,English,Official General Ability and Intelligence and other papers,,,yes
India,GA,GA,A,exam archive,UPSC previous question papers,https://www.upsc.gov.in/examinations/previous-question-papers,(14.11 MB),https://www.upsc.gov.in/sites/default/files/QP-SO-21-22-PAPER-III-NOTING-DRAFTING-PRECIS-WRITING-161023.pdf,PDF paper/problem,English,Official General Ability and Intelligence and other papers,,,yes
India,GA,GA,A,exam archive,UPSC previous question papers,https://www.upsc.gov.in/examinations/previous-question-papers,(13.02 MB),https://www.upsc.gov.in/sites/default/files/QP-SO-25-Steno19-21-NOTING-AND-DRAFTING-PRECIS-WRITING-151225.pdf,PDF resource,English,Official General Ability and Intelligence and other papers,,,yes
India,GA,GA,A,exam archive,UPSC previous question papers,https://www.upsc.gov.in/examinations/previous-question-papers,(22.21 MB),https://www.upsc.gov.in/sites/default/files/QP-SO-25-Steno19-21-PAPER-I-151225.pdf,PDF paper/problem,English,Official General Ability and Intelligence and other papers,,,yes
India,GA,GA,A,exam archive,UPSC previous question papers,https://www.upsc.gov.in/examinations/previous-question-papers,(34.24 MB),https://www.upsc.gov.in/sites/default/files/QP-SO-25-Steno19-21-ProcedurePractice-Category-VI-and-X-151225.pdf,PDF resource,English,Official General Ability and Intelligence and other papers,,,yes
India,GA,GA,A,exam archive,UPSC previous question papers,https://www.upsc.gov.in/examinations/previous-question-papers,(34.14 MB),https://www.upsc.gov.in/sites/default/files/QP-SO-25-Steno19-21-ProcedurePracticeCategories-II-and-V-151225.pdf,PDF resource,English,Official General Ability and Intelligence and other papers,,,yes
India,GA,GA,A,exam archive,UPSC previous question papers,https://www.upsc.gov.in/examinations/previous-question-papers,(33.35 MB),https://www.upsc.gov.in/sites/default/files/QP-SO-25-Steno19-21-ProcedurePracticeCategoriesI-IV-VIII-IX-AND-XI.pdf,PDF resource,English,Official General Ability and Intelligence and other papers,,,yes
India,GA,GA,A,exam archive,UPSC previous question papers,https://www.upsc.gov.in/examinations/previous-question-papers,(22.28 MB),https://www.upsc.gov.in/sites/default/files/QP-SO-25-Steno19-21-ProcedurePracticeCategory-III-and-VII-151225.pdf,PDF resource,English,Official General Ability and Intelligence and other papers,,,yes
India,GA,GA,A,exam archive,UPSC previous question papers,https://www.upsc.gov.in/examinations/previous-question-papers,(13.67 MB),https://www.upsc.gov.in/sites/default/files/QP-SO-LDCE-23-NOTING-DRAFTING-PRECIS-WRITING-PAPER-III-111223.pdf,PDF paper/problem,English,Official General Ability and Intelligence and other papers,,,yes
India,GA,GA,A,exam archive,UPSC previous question papers,https://www.upsc.gov.in/examinations/previous-question-papers,(29.02 MB),https://www.upsc.gov.in/sites/default/files/QP-SO-LDCE-23-PAPER-I-111223.pdf,PDF paper/problem,English,Official General Ability and Intelligence and other papers,,,yes
India,GA,GA,A,exam archive,UPSC previous question papers,https://www.upsc.gov.in/examinations/previous-question-papers,(47.97 MB),https://www.upsc.gov.in/sites/default/files/QP-SO-LDCE-23-PROCEDURE-PRACTICE-CATEGORY-I-VIII-AND-XI-PAPER-II-111223.pdf,PDF paper/problem,English,Official General Ability and Intelligence and other papers,,,yes
India,GA,GA,A,exam archive,UPSC previous question papers,https://www.upsc.gov.in/examinations/previous-question-papers,(42.87 MB),https://www.upsc.gov.in/sites/default/files/QP-SO-LDCE-23-PROCEDURE-PRACTICE-CATEGORY-II-%20PAPER-II-111223.pdf,PDF paper/problem,English,Official General Ability and Intelligence and other papers,,,yes
India,GA,GA,A,exam archive,UPSC previous question papers,https://www.upsc.gov.in/examinations/previous-question-papers,(27.52 MB),https://www.upsc.gov.in/sites/default/files/QP-SO-LDCE-23-PROCEDURE-PRACTICE-CATEGORY-III-PAPER-II-111223.pdf,PDF paper/problem,English,Official General Ability and Intelligence and other papers,,,yes
India,GA,GA,A,exam archive,UPSC previous question papers,https://www.upsc.gov.in/examinations/previous-question-papers,(42.12 MB),https://www.upsc.gov.in/sites/default/files/QP-SO-LDCE-23-PROCEDURE-PRACTICE-CATEGORY-X-PAPER-II-111223.pdf,PDF paper/problem,English,Official General Ability and Intelligence and other papers,,,yes
India,GA,GA,A,exam archive,UPSC previous question papers,https://www.upsc.gov.in/examinations/previous-question-papers,(20.81 MB),https://www.upsc.gov.in/sites/default/files/QP-SO-LDCE-24-PAPER-I-130125.pdf,PDF paper/problem,English,Official General Ability and Intelligence and other papers,,,yes
India,GA,GA,A,exam archive,UPSC previous question papers,https://www.upsc.gov.in/examinations/previous-question-papers,(23.78 MB),https://www.upsc.gov.in/sites/default/files/QP-SO-LDCE-24-PAPER-II-Procedure-Practice-Category-III-130125.pdf,PDF paper/problem,English,Official General Ability and Intelligence and other papers,,,yes
India,GA,GA,A,exam archive,UPSC previous question papers,https://www.upsc.gov.in/examinations/previous-question-papers,(32.63 MB),https://www.upsc.gov.in/sites/default/files/QP-SO-LDCE-24-PAPER-II-ProcedurePractice-Categories-I-and-VIII-130125.pdf,PDF paper/problem,English,Official General Ability and Intelligence and other papers,,,yes
India,GA,GA,A,exam archive,UPSC previous question papers,https://www.upsc.gov.in/examinations/previous-question-papers,(32.87 MB),https://www.upsc.gov.in/sites/default/files/QP-SO-LDCE-24-PAPER-II-ProcedurePracticeCategory-II-130125.pdf,PDF paper/problem,English,Official General Ability and Intelligence and other papers,,,yes
India,GA,GA,A,exam archive,UPSC previous question papers,https://www.upsc.gov.in/examinations/previous-question-papers,(33.56 MB),https://www.upsc.gov.in/sites/default/files/QP-SO-LDCE-24-PAPER-II-ProcedurePracticeCategory-X-130125.pdf,PDF paper/problem,English,Official General Ability and Intelligence and other papers,,,yes
India,GA,GA,A,exam archive,UPSC previous question papers,https://www.upsc.gov.in/examinations/previous-question-papers,(10.07 MB),https://www.upsc.gov.in/sites/default/files/QP-SO-LDCE-24-PAPER-III-NOTING-DRAFTING-PRECIS-WRITING-130125.pdf,PDF paper/problem,English,Official General Ability and Intelligence and other papers,,,yes
India,GA,GA,A,exam archive,UPSC previous question papers,https://www.upsc.gov.in/examinations/previous-question-papers,(27.12 MB),https://www.upsc.gov.in/sites/default/files/QP_CAPF_2023_GAI_07082023.pdf,PDF resource,English,Official General Ability and Intelligence and other papers,,,yes
India,GA,GA,A,exam archive,UPSC previous question papers,https://www.upsc.gov.in/examinations/previous-question-papers,(3.63 MB),https://www.upsc.gov.in/sites/default/files/QP_CAPF_2023_GS-Essay-Compre_07082023.pdf,PDF resource,English,Official General Ability and Intelligence and other papers,,,yes
India,GA,GA,A,exam archive,UPSC previous question papers,https://www.upsc.gov.in/examinations/previous-question-papers,(65.81 MB),https://www.upsc.gov.in/sites/default/files/QP_CAPF_2024_GEN-ABILITY-AND-INTELLI_05082024.pdf,PDF resource,English,Official General Ability and Intelligence and other papers,,,yes
India,GA,GA,A,exam archive,UPSC previous question papers,https://www.upsc.gov.in/examinations/previous-question-papers,(4.87 MB),https://www.upsc.gov.in/sites/default/files/QP_CAPF_2024_GS-ESSAY-AND-COMP_05082024.pdf,PDF resource,English,Official General Ability and Intelligence and other papers,,,yes
India,GA,GA,A,exam archive,UPSC previous question papers,https://www.upsc.gov.in/examinations/previous-question-papers,(3.44 MB),https://www.upsc.gov.in/sites/default/files/QP_CBI_DSP_LDCE_2023_CrimLaw_18032024.pdf,PDF resource,English,Official General Ability and Intelligence and other papers,,,yes
India,GA,GA,A,exam archive,UPSC previous question papers,https://www.upsc.gov.in/examinations/previous-question-papers,(4.66 MB),https://www.upsc.gov.in/sites/default/files/QP_CBI_DSP_LDCE_2023_Eng_18032024.pdf,PDF resource,English,Official General Ability and Intelligence and other papers,,,yes
India,GA,GA,A,exam archive,UPSC previous question papers,https://www.upsc.gov.in/examinations/previous-question-papers,(16.64 MB),https://www.upsc.gov.in/sites/default/files/QP_CBI_DSP_LDCE_2023_GAT_18032024.pdf,PDF resource,English,Official General Ability and Intelligence and other papers,,,yes
India,GA,GA,A,exam archive,UPSC previous question papers,https://www.upsc.gov.in/examinations/previous-question-papers,(22.47 MB),https://www.upsc.gov.in/sites/default/files/QP_CDSI2024_ELEMENTARY-MATHEMATICS_22042024.pdf,PDF resource,English,Official General Ability and Intelligence and other papers,,,yes
India,GA,GA,A,exam archive,UPSC previous question papers,https://www.upsc.gov.in/examinations/previous-question-papers,(16.25 MB),https://www.upsc.gov.in/sites/default/files/QP_CDSI2024_ENGLISH_22042024.pdf,PDF resource,English,Official General Ability and Intelligence and other papers,,,yes
India,GA,GA,A,exam archive,UPSC previous question papers,https://www.upsc.gov.in/examinations/previous-question-papers,(26.56 MB),https://www.upsc.gov.in/sites/default/files/QP_CDSI2024_GENERAL-KNOWLEDGE_22042024.pdf,PDF resource,English,Official General Ability and Intelligence and other papers,,,yes
India,GA,GA,A,exam archive,UPSC previous question papers,https://www.upsc.gov.in/examinations/previous-question-papers,(18.07 MB),https://www.upsc.gov.in/sites/default/files/QP_CGSPE26_Chem_II_09022026.pdf,PDF resource,English,Official General Ability and Intelligence and other papers,,,yes
India,GA,GA,A,exam archive,UPSC previous question papers,https://www.upsc.gov.in/examinations/previous-question-papers,(12.67 MB),https://www.upsc.gov.in/sites/default/files/QP_CGSPE26_GenStud_I_09022026.pdf,PDF resource,English,Official General Ability and Intelligence and other papers,,,yes
India,GA,GA,A,exam archive,UPSC previous question papers,https://www.upsc.gov.in/examinations/previous-question-papers,(18.32 MB),https://www.upsc.gov.in/sites/default/files/QP_CGSPE26_Geol-Hydrogeo_II_09022026.pdf,PDF resource,English,Official General Ability and Intelligence and other papers,,,yes
India,GA,GA,A,exam archive,UPSC previous question papers,https://www.upsc.gov.in/examinations/previous-question-papers,(11.67 MB),https://www.upsc.gov.in/sites/default/files/QP_CGSPE26_Geophy_II_09022026.pdf,PDF resource,English,Official General Ability and Intelligence and other papers,,,yes
India,GA,GA,A,exam archive,UPSC previous question papers,https://www.upsc.gov.in/examinations/previous-question-papers,(3.83 MB),https://www.upsc.gov.in/sites/default/files/QP_CISF2026_EssayPrecisWritCompre_09032026.pdf,PDF resource,English,Official General Ability and Intelligence and other papers,,,yes
India,GA,GA,A,exam archive,UPSC previous question papers,https://www.upsc.gov.in/examinations/previous-question-papers,(20.63 MB),https://www.upsc.gov.in/sites/default/files/QP_CISF2026_GenAbili_Intellig_ProfessSkill_09032026.pdf,PDF resource,English,Official General Ability and Intelligence and other papers,,,yes
India,GA,GA,A,exam archive,UPSC previous question papers,https://www.upsc.gov.in/examinations/previous-question-papers,(3.37 MB),https://www.upsc.gov.in/sites/default/files/QP_CSM_2024_Assa_Comp_03102024.pdf,PDF resource,English,Official General Ability and Intelligence and other papers,,,yes
India,GA,GA,A,exam archive,UPSC previous question papers,https://www.upsc.gov.in/examinations/previous-question-papers,(1.25 MB),https://www.upsc.gov.in/sites/default/files/QP_CSM_2024_Assa_P_II_Lite_03102024.pdf,PDF resource,English,Official General Ability and Intelligence and other papers,,,yes
India,GA,GA,A,exam archive,UPSC previous question papers,https://www.upsc.gov.in/examinations/previous-question-papers,(1.11 MB),https://www.upsc.gov.in/sites/default/files/QP_CSM_2024_Assa_P_I_Lite_03102024.pdf,PDF resource,English,Official General Ability and Intelligence and other papers,,,yes
India,GA,GA,A,exam archive,UPSC previous question papers,https://www.upsc.gov.in/examinations/previous-question-papers,(3.37 MB),https://www.upsc.gov.in/sites/default/files/QP_CSM_2024_Beng_Comp_03102024.pdf,PDF resource,English,Official General Ability and Intelligence and other papers,,,yes
India,GA,GA,A,exam archive,UPSC previous question papers,https://www.upsc.gov.in/examinations/previous-question-papers,(1.19 MB),https://www.upsc.gov.in/sites/default/files/QP_CSM_2024_Beng_P_II_Lite_03102024.pdf,PDF resource,English,Official General Ability and Intelligence and other papers,,,yes
India,GA,GA,A,exam archive,UPSC previous question papers,https://www.upsc.gov.in/examinations/previous-question-papers,(3.41 MB),https://www.upsc.gov.in/sites/default/files/QP_CSM_2024_Bodo_Comp_03102024.pdf,PDF resource,English,Official General Ability and Intelligence and other papers,,,yes
India,GA,GA,A,exam archive,UPSC previous question papers,https://www.upsc.gov.in/examinations/previous-question-papers,(988.24 KB),https://www.upsc.gov.in/sites/default/files/QP_CSM_2024_ESSAY_03102024.pdf,PDF resource,English,Official General Ability and Intelligence and other papers,,,yes
India,GA,GA,A,exam archive,UPSC previous question papers,https://www.upsc.gov.in/examinations/previous-question-papers,(5.75 MB),https://www.upsc.gov.in/sites/default/files/QP_CSM_2024_Eng_Comp_03102024.pdf,PDF resource,English,Official General Ability and Intelligence and other papers,,,yes
India,GA,GA,A,exam archive,UPSC previous question papers,https://www.upsc.gov.in/examinations/previous-question-papers,(1.69 MB),https://www.upsc.gov.in/sites/default/files/QP_CSM_2024_Eng_P_II_Lite_03102024.pdf,PDF resource,English,Official General Ability and Intelligence and other papers,,,yes
India,GA,GA,A,exam archive,UPSC previous question papers,https://www.upsc.gov.in/examinations/previous-question-papers,(1.33 MB),https://www.upsc.gov.in/sites/default/files/QP_CSM_2024_Eng_P_I_Lite_03102024.pdf,PDF resource,English,Official General Ability and Intelligence and other papers,,,yes
India,GA,GA,A,exam archive,UPSC previous question papers,https://www.upsc.gov.in/examinations/previous-question-papers,(2.13 MB),https://www.upsc.gov.in/sites/default/files/QP_CSM_2024_GenStud_III_03102024.pdf,PDF resource,English,Official General Ability and Intelligence and other papers,,,yes
India,GA,GA,A,exam archive,UPSC previous question papers,https://www.upsc.gov.in/examinations/previous-question-papers,(2.02 MB),https://www.upsc.gov.in/sites/default/files/QP_CSM_2024_GenStud_II_03102024.pdf,PDF resource,English,Official General Ability and Intelligence and other papers,,,yes
India,GA,GA,A,exam archive,UPSC previous question papers,https://www.upsc.gov.in/examinations/previous-question-papers,(9.74 MB),https://www.upsc.gov.in/sites/default/files/QP_CSM_2024_GenStud_IV_03102024.pdf,PDF resource,English,Official General Ability and Intelligence and other papers,,,yes
India,GA,GA,A,exam archive,UPSC previous question papers,https://www.upsc.gov.in/examinations/previous-question-papers,(1.74 MB),https://www.upsc.gov.in/sites/default/files/QP_CSM_2024_GenStud_I_03102024.pdf,PDF resource,English,Official General Ability and Intelligence and other papers,,,yes
India,GA,GA,A,exam archive,UPSC previous question papers,https://www.upsc.gov.in/examinations/previous-question-papers,(3.23 MB),https://www.upsc.gov.in/sites/default/files/QP_CSM_2024_Guj_Comp_03102024.pdf,PDF resource,English,Official General Ability and Intelligence and other papers,,,yes
India,GA,GA,A,exam archive,UPSC previous question papers,https://www.upsc.gov.in/examinations/previous-question-papers,(1.57 MB),https://www.upsc.gov.in/sites/default/files/QP_CSM_2024_Guj_P_II_Lite_03102024.pdf,PDF resource,English,Official General Ability and Intelligence and other papers,,,yes
India,GA,GA,A,exam archive,UPSC previous question papers,https://www.upsc.gov.in/examinations/previous-question-papers,(1.33 MB),https://www.upsc.gov.in/sites/default/files/QP_CSM_2024_Guj_P_I_Lite_03102024.pdf,PDF resource,English,Official General Ability and Intelligence and other papers,,,yes
India,GA,GA,A,exam archive,UPSC previous question papers,https://www.upsc.gov.in/examinations/previous-question-papers,(3.65 MB),https://www.upsc.gov.in/sites/default/files/QP_CSM_2024_Hn_Comp_03102024.pdf,PDF resource,English,Official General Ability and Intelligence and other papers,,,yes
India,GA,GA,A,exam archive,UPSC previous question papers,https://www.upsc.gov.in/examinations/previous-question-papers,(1.69 MB),https://www.upsc.gov.in/sites/default/files/QP_CSM_2024_Hn_P_II_Lite_03102024.pdf,PDF resource,English,Official General Ability and Intelligence and other papers,,,yes
India,GA,GA,A,exam archive,UPSC previous question papers,https://www.upsc.gov.in/examinations/previous-question-papers,(1.11 MB),https://www.upsc.gov.in/sites/default/files/QP_CSM_2024_Hn_P_I_Lite_03102024.pdf,PDF resource,English,Official General Ability and Intelligence and other papers,,,yes
India,GA,GA,A,exam archive,UPSC previous question papers,https://www.upsc.gov.in/examinations/previous-question-papers,(3.98 MB),https://www.upsc.gov.in/sites/default/files/QP_CSM_2024_Kann_Comp_03102024.pdf,PDF resource,English,Official General Ability and Intelligence and other papers,,,yes
India,GA,GA,A,exam archive,UPSC previous question papers,https://www.upsc.gov.in/examinations/previous-question-papers,(1.86 MB),https://www.upsc.gov.in/sites/default/files/QP_CSM_2024_Kann_P_II_Lite_03102024.pdf,PDF resource,English,Official General Ability and Intelligence and other papers,,,yes
India,GA,GA,A,exam archive,UPSC previous question papers,https://www.upsc.gov.in/examinations/previous-question-papers,(1.66 MB),https://www.upsc.gov.in/sites/default/files/QP_CSM_2024_Kann_P_I_Lite_03102024.pdf,PDF resource,English,Official General Ability and Intelligence and other papers,,,yes
India,GA,GA,A,exam archive,UPSC previous question papers,https://www.upsc.gov.in/examinations/previous-question-papers,(2.7 MB),https://www.upsc.gov.in/sites/default/files/QP_CSM_2024_Mait_Comp_03102024.pdf,PDF resource,English,Official General Ability and Intelligence and other papers,,,yes
India,GA,GA,A,exam archive,UPSC previous question papers,https://www.upsc.gov.in/examinations/previous-question-papers,(1.28 MB),https://www.upsc.gov.in/sites/default/files/QP_CSM_2024_Mait_P_II_Lite_03102024.pdf,PDF resource,English,Official General Ability and Intelligence and other papers,,,yes
India,GA,GA,A,exam archive,UPSC previous question papers,https://www.upsc.gov.in/examinations/previous-question-papers,(1.13 MB),https://www.upsc.gov.in/sites/default/files/QP_CSM_2024_Mait_P_I_Lite_03102024.pdf,PDF resource,English,Official General Ability and Intelligence and other papers,,,yes
India,GA,GA,A,exam archive,UPSC previous question papers,https://www.upsc.gov.in/examinations/previous-question-papers,(5.44 MB),https://www.upsc.gov.in/sites/default/files/QP_CSM_2024_Mala_Comp_03102024.pdf,PDF resource,English,Official General Ability and Intelligence and other papers,,,yes
India,GA,GA,A,exam archive,UPSC previous question papers,https://www.upsc.gov.in/examinations/previous-question-papers,(2.89 MB),https://www.upsc.gov.in/sites/default/files/QP_CSM_2024_Mala_P_II_Lite_03102024.pdf,PDF resource,English,Official General Ability and Intelligence and other papers,,,yes
India,GA,GA,A,exam archive,UPSC previous question papers,https://www.upsc.gov.in/examinations/previous-question-papers,(2.1 MB),https://www.upsc.gov.in/sites/default/files/QP_CSM_2024_Mala_P_I_Lite_03102024.pdf,PDF resource,English,Official General Ability and Intelligence and other papers,,,yes
India,GA,GA,A,exam archive,UPSC previous question papers,https://www.upsc.gov.in/examinations/previous-question-papers,(1.14 MB),https://www.upsc.gov.in/sites/default/files/QP_CSM_2024_Mani_P_II_Lite_03102024.pdf,PDF resource,English,Official General Ability and Intelligence and other papers,,,yes
India,GA,GA,A,exam archive,UPSC previous question papers,https://www.upsc.gov.in/examinations/previous-question-papers,(1.17 MB),https://www.upsc.gov.in/sites/default/files/QP_CSM_2024_Mani_P_I_Lite_03102024.pdf,PDF resource,English,Official General Ability and Intelligence and other papers,,,yes
India,GA,GA,A,exam archive,UPSC previous question papers,https://www.upsc.gov.in/examinations/previous-question-papers,(3.92 MB),https://www.upsc.gov.in/sites/default/files/QP_CSM_2024_Mara_Comp_03102024.pdf,PDF resource,English,Official General Ability and Intelligence and other papers,,,yes
India,GA,GA,A,exam archive,UPSC previous question papers,https://www.upsc.gov.in/examinations/previous-question-papers,(1.2 MB),https://www.upsc.gov.in/sites/default/files/QP_CSM_2024_Mara_P_II_Lite_03102024.pdf,PDF resource,English,Official General Ability and Intelligence and other papers,,,yes
India,GA,GA,A,exam archive,UPSC previous question papers,https://www.upsc.gov.in/examinations/previous-question-papers,(2.94 MB),https://www.upsc.gov.in/sites/default/files/QP_CSM_2024_Nepa_Comp_03102024.pdf,PDF resource,English,Official General Ability and Intelligence and other papers,,,yes
India,GA,GA,A,exam archive,UPSC previous question papers,https://www.upsc.gov.in/examinations/previous-question-papers,(3.57 MB),https://www.upsc.gov.in/sites/default/files/QP_CSM_2024_Odia_Comp_03102024.pdf,PDF resource,English,Official General Ability and Intelligence and other papers,,,yes
India,GA,GA,A,exam archive,UPSC previous question papers,https://www.upsc.gov.in/examinations/previous-question-papers,(1.2 MB),https://www.upsc.gov.in/sites/default/files/QP_CSM_2024_Odia_P_II_Lite_03102024.pdf,PDF resource,English,Official General Ability and Intelligence and other papers,,,yes
India,GA,GA,A,exam archive,UPSC previous question papers,https://www.upsc.gov.in/examinations/previous-question-papers,(1.05 MB),https://www.upsc.gov.in/sites/default/files/QP_CSM_2024_Odia_P_I_Lite_03102024.pdf,PDF resource,English,Official General Ability and Intelligence and other papers,,,yes
India,GA,GA,A,exam archive,UPSC previous question papers,https://www.upsc.gov.in/examinations/previous-question-papers,(3.36 MB),https://www.upsc.gov.in/sites/default/files/QP_CSM_2024_Pun_Comp_03102024.pdf,PDF resource,English,Official General Ability and Intelligence and other papers,,,yes
India,GA,GA,A,exam archive,UPSC previous question papers,https://www.upsc.gov.in/examinations/previous-question-papers,(3.18 MB),https://www.upsc.gov.in/sites/default/files/QP_CSM_2024_Pun_P_II_Lite_03102024.pdf,PDF resource,English,Official General Ability and Intelligence and other papers,,,yes
India,GA,GA,A,exam archive,UPSC previous question papers,https://www.upsc.gov.in/examinations/previous-question-papers,(1.82 MB),https://www.upsc.gov.in/sites/default/files/QP_CSM_2024_Pun_P_I_Lite_03102024.pdf,PDF resource,English,Official General Ability and Intelligence and other papers,,,yes
India,GA,GA,A,exam archive,UPSC previous question papers,https://www.upsc.gov.in/examinations/previous-question-papers,(3.44 MB),https://www.upsc.gov.in/sites/default/files/QP_CSM_2024_Sind_Comp_03102024.pdf,PDF resource,English,Official General Ability and Intelligence and other papers,,,yes
India,GA,GA,A,exam archive,UPSC previous question papers,https://www.upsc.gov.in/examinations/previous-question-papers,(1.23 MB),https://www.upsc.gov.in/sites/default/files/QP_CSM_2024_Sind_P_I_Lite_03102024.pdf,PDF resource,English,Official General Ability and Intelligence and other papers,,,yes
India,GA,GA,A,exam archive,UPSC previous question papers,https://www.upsc.gov.in/examinations/previous-question-papers,(3.26 MB),https://www.upsc.gov.in/sites/default/files/QP_CSM_2024_Snk_Comp_03102024.pdf,PDF resource,English,Official General Ability and Intelligence and other papers,,,yes
India,GA,GA,A,exam archive,UPSC previous question papers,https://www.upsc.gov.in/examinations/previous-question-papers,(1.49 MB),https://www.upsc.gov.in/sites/default/files/QP_CSM_2024_Snk_P_II_Lite_03102024.pdf,PDF resource,English,Official General Ability and Intelligence and other papers,,,yes
India,GA,GA,A,exam archive,UPSC previous question papers,https://www.upsc.gov.in/examinations/previous-question-papers,(1.99 MB),https://www.upsc.gov.in/sites/default/files/QP_CSM_2024_Snk_P_I_Lite_03102024.pdf,PDF resource,English,Official General Ability and Intelligence and other papers,,,yes
India,GA,GA,A,exam archive,UPSC previous question papers,https://www.upsc.gov.in/examinations/previous-question-papers,(2.26 MB),https://www.upsc.gov.in/sites/default/files/QP_CSM_2024_Tam_P_II_Lite_03102024.pdf,PDF resource,English,Official General Ability and Intelligence and other papers,,,yes
India,GA,GA,A,exam archive,UPSC previous question papers,https://www.upsc.gov.in/examinations/previous-question-papers,(1.49 MB),https://www.upsc.gov.in/sites/default/files/QP_CSM_2024_Tam_P_I_Lite_03102024.pdf,PDF resource,English,Official General Ability and Intelligence and other papers,,,yes
India,GA,GA,A,exam archive,UPSC previous question papers,https://www.upsc.gov.in/examinations/previous-question-papers,(5.58 MB),https://www.upsc.gov.in/sites/default/files/QP_CSM_2024_Tamil_Comp_03102024.pdf,PDF resource,English,Official General Ability and Intelligence and other papers,,,yes
India,GA,GA,A,exam archive,UPSC previous question papers,https://www.upsc.gov.in/examinations/previous-question-papers,(3.52 MB),https://www.upsc.gov.in/sites/default/files/QP_CSM_2024_Telu_Comp_03102024.pdf,PDF resource,English,Official General Ability and Intelligence and other papers,,,yes
India,GA,GA,A,exam archive,UPSC previous question papers,https://www.upsc.gov.in/examinations/previous-question-papers,(2.47 MB),https://www.upsc.gov.in/sites/default/files/QP_CSM_2024_Telu_P_II_Lite_03102024.pdf,PDF resource,English,Official General Ability and Intelligence and other papers,,,yes
India,GA,GA,A,exam archive,UPSC previous question papers,https://www.upsc.gov.in/examinations/previous-question-papers,(1.37 MB),https://www.upsc.gov.in/sites/default/files/QP_CSM_2024_Telu_P_I_Lite_03102024.pdf,PDF resource,English,Official General Ability and Intelligence and other papers,,,yes
India,GA,GA,A,exam archive,UPSC previous question papers,https://www.upsc.gov.in/examinations/previous-question-papers,(2.44 MB),https://www.upsc.gov.in/sites/default/files/QP_CSM_2024_Urdu_Comp_03102024.pdf,PDF resource,English,Official General Ability and Intelligence and other papers,,,yes
India,GA,GA,A,exam archive,UPSC previous question papers,https://www.upsc.gov.in/examinations/previous-question-papers,(2.24 MB),https://www.upsc.gov.in/sites/default/files/QP_CSM_2024_Urdu_P_II_Lite_03102024.pdf,PDF resource,English,Official General Ability and Intelligence and other papers,,,yes
India,GA,GA,A,exam archive,UPSC previous question papers,https://www.upsc.gov.in/examinations/previous-question-papers,(26.46 MB),https://www.upsc.gov.in/sites/default/files/QP_CSP_2026_GENERAL_STUDIES_PAPER-II_25052026.pdf,PDF paper/problem,English,Official General Ability and Intelligence and other papers,,,yes
India,GA,GA,A,exam archive,UPSC previous question papers,https://www.upsc.gov.in/examinations/previous-question-papers,(34.19 MB),https://www.upsc.gov.in/sites/default/files/QP_CSP_2026_GENERAL_STUDIES_PAPER-I_25052026.pdf,PDF paper/problem,English,Official General Ability and Intelligence and other papers,,,yes
India,GA,GA,A,exam archive,UPSC previous question papers,https://www.upsc.gov.in/examinations/previous-question-papers,(16.58 MB),https://www.upsc.gov.in/sites/default/files/QP_ESPE26_CivilEngg_II_09022026.pdf,PDF resource,English,Official General Ability and Intelligence and other papers,,,yes
India,GA,GA,A,exam archive,UPSC previous question papers,https://www.upsc.gov.in/examinations/previous-question-papers,(18.5 MB),https://www.upsc.gov.in/sites/default/files/QP_ESPE26_ElecEngg_II_09022026.pdf,PDF resource,English,Official General Ability and Intelligence and other papers,,,yes
India,GA,GA,A,exam archive,UPSC previous question papers,https://www.upsc.gov.in/examinations/previous-question-papers,(18.91 MB),https://www.upsc.gov.in/sites/default/files/QP_ESPE26_ElecTelecomEngg_II_09022026.pdf,PDF resource,English,Official General Ability and Intelligence and other papers,,,yes
India,GA,GA,A,exam archive,UPSC previous question papers,https://www.upsc.gov.in/examinations/previous-question-papers,(17.53 MB),https://www.upsc.gov.in/sites/default/files/QP_ESPE26_GenStud_EnggAptit_I_09022026.pdf,PDF resource,English,Official General Ability and Intelligence and other papers,,,yes
India,GA,GA,A,exam archive,UPSC previous question papers,https://www.upsc.gov.in/examinations/previous-question-papers,(16.73 MB),https://www.upsc.gov.in/sites/default/files/QP_ESPE26_MechEngg_II_09022026.pdf,PDF resource,English,Official General Ability and Intelligence and other papers,,,yes
India,GA,GA,A,exam archive,UPSC previous question papers,https://www.upsc.gov.in/examinations/previous-question-papers,(30.18 MB),https://www.upsc.gov.in/sites/default/files/QP_NDANAI2024_GENERAL-ABILITY-TEST_22042024.pdf,PDF paper/problem,English,Official General Ability and Intelligence and other papers,,,yes
India,GA,GA,A,exam archive,UPSC previous question papers,https://www.upsc.gov.in/examinations/previous-question-papers,(29.25 MB),https://www.upsc.gov.in/sites/default/files/QP_NDANAI2024_MATHEMATICS_22042024.pdf,PDF resource,English,Official General Ability and Intelligence and other papers,,,yes
India,GA,GA,A,exam archive,UPSC previous question papers,https://www.upsc.gov.in/examinations/previous-question-papers,(2.56 MB),https://www.upsc.gov.in/sites/default/files/SANSKRIT-COMPULSORY-QP-CSM-25-010925.pdf,PDF resource,English,Official General Ability and Intelligence and other papers,,,yes
India,GA,GA,A,exam archive,UPSC previous question papers,https://www.upsc.gov.in/examinations/previous-question-papers,(2 MB),https://www.upsc.gov.in/sites/default/files/SANSKRIT-LITERATURE-PAPER-I-QP-CSM-25-010925.pdf,PDF paper/problem,English,Official General Ability and Intelligence and other papers,,,yes
India,GA,GA,A,exam archive,UPSC previous question papers,https://www.upsc.gov.in/examinations/previous-question-papers,(1.2 MB),https://www.upsc.gov.in/sites/default/files/SANSKRIT-LITERATURE-PAPER-II-QP-CSM-25-010925.pdf,PDF paper/problem,English,Official General Ability and Intelligence and other papers,,,yes
India,GA,GA,A,exam archive,UPSC previous question papers,https://www.upsc.gov.in/examinations/previous-question-papers,(2.66 MB),https://www.upsc.gov.in/sites/default/files/SINDHI-DEVANAGARI-COMPULSORY-QP-CSM-25-010925.pdf,PDF resource,English,Official General Ability and Intelligence and other papers,,,yes
India,GA,GA,A,exam archive,UPSC previous question papers,https://www.upsc.gov.in/examinations/previous-question-papers,(2.21 MB),https://www.upsc.gov.in/sites/default/files/SOCIOLOGY-PAPER-I-QP-CSM-25-010925.pdf,PDF paper/problem,English,Official General Ability and Intelligence and other papers,,,yes
India,GA,GA,A,exam archive,UPSC previous question papers,https://www.upsc.gov.in/examinations/previous-question-papers,(1.95 MB),https://www.upsc.gov.in/sites/default/files/SOCIOLOGY-PAPER-II-QP-CSM-25-010925.pdf,PDF paper/problem,English,Official General Ability and Intelligence and other papers,,,yes
India,GA,GA,A,exam archive,UPSC previous question papers,https://www.upsc.gov.in/examinations/previous-question-papers,(4.65 MB),https://www.upsc.gov.in/sites/default/files/STATISTICS-PAPER-I-QP-CSM-25-010925.pdf,PDF paper/problem,English,Official General Ability and Intelligence and other papers,,,yes
India,GA,GA,A,exam archive,UPSC previous question papers,https://www.upsc.gov.in/examinations/previous-question-papers,(4.38 MB),https://www.upsc.gov.in/sites/default/files/STATISTICS-PAPER-II-QP-CSM-25-010925.pdf,PDF paper/problem,English,Official General Ability and Intelligence and other papers,,,yes
India,GA,GA,A,exam archive,UPSC previous question papers,https://www.upsc.gov.in/examinations/previous-question-papers,(5.94 MB),https://www.upsc.gov.in/sites/default/files/TAMIL-COMPULSORY-QP-CSM-25-010925.pdf,PDF resource,English,Official General Ability and Intelligence and other papers,,,yes
India,GA,GA,A,exam archive,UPSC previous question papers,https://www.upsc.gov.in/examinations/previous-question-papers,(1.61 MB),https://www.upsc.gov.in/sites/default/files/TAMIL-LITERATURE-PAPER%20II-QP-CSM-25-010925.pdf,PDF paper/problem,English,Official General Ability and Intelligence and other papers,,,yes
India,GA,GA,A,exam archive,UPSC previous question papers,https://www.upsc.gov.in/examinations/previous-question-papers,(1.44 MB),https://www.upsc.gov.in/sites/default/files/TAMIL-LITERATURE-PAPER-I-QP-CSM-25-010925.pdf,PDF paper/problem,English,Official General Ability and Intelligence and other papers,,,yes
India,GA,GA,A,exam archive,UPSC previous question papers,https://www.upsc.gov.in/examinations/previous-question-papers,(1.25 MB),https://www.upsc.gov.in/sites/default/files/TELUGU%20%28LITERATURE%29%20PAPER%20I-QP-CSM-25-010925.pdf,PDF paper/problem,English,Official General Ability and Intelligence and other papers,,,yes
India,GA,GA,A,exam archive,UPSC previous question papers,https://www.upsc.gov.in/examinations/previous-question-papers,(2 MB),https://www.upsc.gov.in/sites/default/files/TELUGU%20%28LITERATURE%29%20PAPER%20II-QP-CSM-25-010925.pdf,PDF paper/problem,English,Official General Ability and Intelligence and other papers,,,yes
India,GA,GA,A,exam archive,UPSC previous question papers,https://www.upsc.gov.in/examinations/previous-question-papers,(3.36 MB),https://www.upsc.gov.in/sites/default/files/TELUGU-COMPULSORY-QP-CSM-25-010925.pdf,PDF resource,English,Official General Ability and Intelligence and other papers,,,yes
India,GA,GA,A,exam archive,UPSC previous question papers,https://www.upsc.gov.in/examinations/previous-question-papers,(2.52 MB),https://www.upsc.gov.in/sites/default/files/URDU-COMPULSORY-QP-CSM-25-010925.pdf,PDF resource,English,Official General Ability and Intelligence and other papers,,,yes
India,GA,GA,A,exam archive,UPSC previous question papers,https://www.upsc.gov.in/examinations/previous-question-papers,(1.15 MB),https://www.upsc.gov.in/sites/default/files/URDU-LITERATURE-PAPER-I-QP-CSM-25-010925.pdf,PDF paper/problem,English,Official General Ability and Intelligence and other papers,,,yes
India,GA,GA,A,exam archive,UPSC previous question papers,https://www.upsc.gov.in/examinations/previous-question-papers,(1.74 MB),https://www.upsc.gov.in/sites/default/files/URDU-LITERATURE-PAPER-II-QP-CSM-25-010925.pdf,PDF paper/problem,English,Official General Ability and Intelligence and other papers,,,yes
India,GA,GA,A,exam archive,UPSC previous question papers,https://www.upsc.gov.in/examinations/previous-question-papers,(1.54 MB),https://www.upsc.gov.in/sites/default/files/ZOOLOGY-PAPER-I-QP-CSM-25-010925.pdf,PDF paper/problem,English,Official General Ability and Intelligence and other papers,,,yes
India,GA,GA,A,exam archive,UPSC previous question papers,https://www.upsc.gov.in/examinations/previous-question-papers,(1.64 MB),https://www.upsc.gov.in/sites/default/files/ZOOLOGY-PAPER-II-QP-CSM-25-010925.pdf,PDF paper/problem,English,Official General Ability and Intelligence and other papers,,,yes
