country,track,topic_tags,priority,source_type,source_title,source_url,resource_title,resource_url,resource_class,language,notes,access_model,verification_status,free_resource
Saudi Arabia,EM,financial mathematics;derivatives,B,University exam archive,KFUPM Department of Mathematics exam archive,https://math.kfupm.edu.sa/miscellaneous/exam,Mathematics of Financial Derivatives — Major Exam I (Term 252),https://math.kfupm.edu.sa/docs/default-source/css-library/as251-252-e1.pdf,Exam,English,"Official KFUPM Department of Mathematics archive exam (AS251 major exam i, term 252). PDF retrieved and text extracted: English questions verified. Hosted on math.kfupm.edu.sa.",Free public web resource,HTTP 200 · verified 2026-08-24,yes
Saudi Arabia,EM,financial mathematics;derivatives,B,University exam archive,KFUPM Department of Mathematics exam archive,https://math.kfupm.edu.sa/miscellaneous/exam,Mathematics of Financial Derivatives — Major Exam II (Term 252),https://math.kfupm.edu.sa/docs/default-source/css-library/as251-252-e2.pdf,Exam,English,"Official KFUPM Department of Mathematics archive exam (AS251 major exam ii, term 252). PDF retrieved and text extracted: English questions verified. Hosted on math.kfupm.edu.sa.",Free public web resource,HTTP 200 · verified 2026-08-24,yes
Saudi Arabia,EM,financial mathematics;derivatives,B,University exam archive,KFUPM Department of Mathematics exam archive,https://math.kfupm.edu.sa/miscellaneous/exam,Mathematics of Financial Derivatives — Final Exam (Term 252),https://math.kfupm.edu.sa/docs/default-source/css-library/as251-252-fx.pdf,Exam,English,"Official KFUPM Department of Mathematics archive exam (AS251 final exam, term 252). PDF retrieved and text extracted: English questions verified. Hosted on math.kfupm.edu.sa.",Free public web resource,HTTP 200 · verified 2026-08-24,yes
Saudi Arabia,EM,financial mathematics;annuities,B,University exam archive,KFUPM Department of Mathematics exam archive,https://math.kfupm.edu.sa/miscellaneous/exam,Financial Mathematics — Major Exam I (Term 252),https://math.kfupm.edu.sa/docs/default-source/css-library/as289-252-e1.pdf,Exam,English,"Official KFUPM Department of Mathematics archive exam (AS289 major exam i, term 252). PDF retrieved and text extracted: English questions verified. Hosted on math.kfupm.edu.sa.",Free public web resource,HTTP 200 · verified 2026-08-24,yes
Saudi Arabia,EM,financial mathematics;annuities,B,University exam archive,KFUPM Department of Mathematics exam archive,https://math.kfupm.edu.sa/miscellaneous/exam,Financial Mathematics — Final Exam (Term 252),https://math.kfupm.edu.sa/docs/default-source/css-library/as289-252-fx.pdf,Exam,English,"Official KFUPM Department of Mathematics archive exam (AS289 final exam, term 252). PDF retrieved and text extracted: English questions verified. Hosted on math.kfupm.edu.sa.",Free public web resource,HTTP 200 · verified 2026-08-24,yes
Saudi Arabia,EM,actuarial mathematics;contingencies,B,University exam archive,KFUPM Department of Mathematics exam archive,https://math.kfupm.edu.sa/miscellaneous/exam,Actuarial Contingencies II — Major Exam I (Term 252),https://math.kfupm.edu.sa/docs/default-source/css-library/as481-252-e1.pdf,Exam,English,"Official KFUPM Department of Mathematics archive exam (AS481 major exam i, term 252). PDF retrieved and text extracted: English questions verified. Hosted on math.kfupm.edu.sa.",Free public web resource,HTTP 200 · verified 2026-08-24,yes
Saudi Arabia,EM,actuarial mathematics;contingencies,B,University exam archive,KFUPM Department of Mathematics exam archive,https://math.kfupm.edu.sa/miscellaneous/exam,Actuarial Contingencies II — Major Exam II (Term 252),https://math.kfupm.edu.sa/docs/default-source/css-library/as481-252-e2.pdf,Exam,English,"Official KFUPM Department of Mathematics archive exam (AS481 major exam ii, term 252). PDF retrieved and text extracted: English questions verified. Hosted on math.kfupm.edu.sa.",Free public web resource,HTTP 200 · verified 2026-08-24,yes
Saudi Arabia,EM,actuarial mathematics;contingencies,B,University exam archive,KFUPM Department of Mathematics exam archive,https://math.kfupm.edu.sa/miscellaneous/exam,Actuarial Contingencies II — Final Exam (Term 252),https://math.kfupm.edu.sa/docs/default-source/css-library/as481-252-fx.pdf,Exam,English,"Official KFUPM Department of Mathematics archive exam (AS481 final exam, term 252). PDF retrieved and text extracted: English questions verified. Hosted on math.kfupm.edu.sa.",Free public web resource,HTTP 200 · verified 2026-08-24,yes
Saudi Arabia,EM,actuarial mathematics;financial mathematics,B,University exam archive,KFUPM Department of Mathematics exam archive,https://math.kfupm.edu.sa/miscellaneous/exam,Topics in Actuarial and Financial Mathematics — Major Exam I (Term 252),https://math.kfupm.edu.sa/docs/default-source/css-library/as491-252-e1.pdf,Exam,English,"Official KFUPM Department of Mathematics archive exam (AS491 major exam i, term 252). PDF retrieved and text extracted: English questions verified. Hosted on math.kfupm.edu.sa.",Free public web resource,HTTP 200 · verified 2026-08-24,yes
Saudi Arabia,EM,actuarial mathematics;financial mathematics,B,University exam archive,KFUPM Department of Mathematics exam archive,https://math.kfupm.edu.sa/miscellaneous/exam,Topics in Actuarial and Financial Mathematics — Final Exam (Term 252),https://math.kfupm.edu.sa/docs/default-source/css-library/as491-252-fx.pdf,Exam,English,"Official KFUPM Department of Mathematics archive exam (AS491 final exam, term 252). PDF retrieved and text extracted: English questions verified. Hosted on math.kfupm.edu.sa.",Free public web resource,HTTP 200 · verified 2026-08-24,yes
Saudi Arabia,EM,calculus;integrals;series,A,University exam archive,KFUPM Department of Mathematics exam archive,https://math.kfupm.edu.sa/miscellaneous/exam,Calculus II — Major Exam I (Term 251),https://math.kfupm.edu.sa/docs/default-source/css-library/math102-251-e1.pdf,Exam,English,"Official KFUPM Department of Mathematics archive exam (MATH102 major exam i, term 251). PDF retrieved and text extracted: English questions verified. Hosted on math.kfupm.edu.sa.",Free public web resource,HTTP 200 · verified 2026-08-24,yes
Saudi Arabia,EM,calculus;integrals;series,A,University exam archive,KFUPM Department of Mathematics exam archive,https://math.kfupm.edu.sa/miscellaneous/exam,Calculus II — Major Exam II (Term 251),https://math.kfupm.edu.sa/docs/default-source/css-library/math102-251-e2.pdf,Exam,English,"Official KFUPM Department of Mathematics archive exam (MATH102 major exam ii, term 251). PDF retrieved and text extracted: English questions verified. Hosted on math.kfupm.edu.sa.",Free public web resource,HTTP 200 · verified 2026-08-24,yes
Saudi Arabia,EM,calculus;integrals;series,A,University exam archive,KFUPM Department of Mathematics exam archive,https://math.kfupm.edu.sa/miscellaneous/exam,Calculus II — Final Exam (Term 251),https://math.kfupm.edu.sa/docs/default-source/css-library/math102-251-fx.pdf,Exam,English,"Official KFUPM Department of Mathematics archive exam (MATH102 final exam, term 251). PDF retrieved and text extracted: English questions verified. Hosted on math.kfupm.edu.sa.",Free public web resource,HTTP 200 · verified 2026-08-24,yes
Saudi Arabia,EM,calculus;integrals;series,A,University exam archive,KFUPM Department of Mathematics exam archive,https://math.kfupm.edu.sa/miscellaneous/exam,Calculus II — Major Exam I (Term 252),https://math.kfupm.edu.sa/docs/default-source/css-library/math102-252-e1.pdf,Exam,English,"Official KFUPM Department of Mathematics archive exam (MATH102 major exam i, term 252). PDF retrieved and text extracted: English questions verified. Hosted on math.kfupm.edu.sa.",Free public web resource,HTTP 200 · verified 2026-08-24,yes
Saudi Arabia,EM,calculus;integrals;series,A,University exam archive,KFUPM Department of Mathematics exam archive,https://math.kfupm.edu.sa/miscellaneous/exam,Calculus II — Major Exam II (Term 252),https://math.kfupm.edu.sa/docs/default-source/css-library/math102-252-e2.pdf,Exam,English,"Official KFUPM Department of Mathematics archive exam (MATH102 major exam ii, term 252). PDF retrieved and text extracted: English questions verified. Hosted on math.kfupm.edu.sa.",Free public web resource,HTTP 200 · verified 2026-08-24,yes
Saudi Arabia,EM,calculus;integrals;series,A,University exam archive,KFUPM Department of Mathematics exam archive,https://math.kfupm.edu.sa/miscellaneous/exam,Calculus II — Final Exam (Term 252),https://math.kfupm.edu.sa/docs/default-source/css-library/math102-252-fx.pdf,Exam,English,"Official KFUPM Department of Mathematics archive exam (MATH102 final exam, term 252). PDF retrieved and text extracted: English questions verified. Hosted on math.kfupm.edu.sa.",Free public web resource,HTTP 200 · verified 2026-08-24,yes
Saudi Arabia,EM,calculus;integrals;series,A,University exam archive,KFUPM Department of Mathematics exam archive,https://math.kfupm.edu.sa/miscellaneous/exam,Calculus II — Major Exam I (Term 253),https://math.kfupm.edu.sa/docs/default-source/css-library/math102-253-ex1.pdf,Exam,English,"Official KFUPM Department of Mathematics archive exam (MATH102 major exam i, term 253). PDF retrieved and text extracted: English questions verified. Hosted on math.kfupm.edu.sa.",Free public web resource,HTTP 200 · verified 2026-08-24,yes
Saudi Arabia,EM,calculus;integrals;series,A,University exam archive,KFUPM Department of Mathematics exam archive,https://math.kfupm.edu.sa/miscellaneous/exam,Calculus II — Major Exam II (Term 253),https://math.kfupm.edu.sa/docs/default-source/css-library/math102-253-ex2.pdf,Exam,English,"Official KFUPM Department of Mathematics archive exam (MATH102 major exam ii, term 253). PDF retrieved and text extracted: English questions verified. Hosted on math.kfupm.edu.sa.",Free public web resource,HTTP 200 · verified 2026-08-24,yes
Saudi Arabia,EM,calculus;integrals;series,A,University exam archive,KFUPM Department of Mathematics exam archive,https://math.kfupm.edu.sa/miscellaneous/exam,Calculus II — Final Exam (Term 253),https://math.kfupm.edu.sa/docs/default-source/css-library/math102-253-fx.pdf,Exam,English,"Official KFUPM Department of Mathematics archive exam (MATH102 final exam, term 253). PDF retrieved and text extracted: English questions verified. Hosted on math.kfupm.edu.sa.",Free public web resource,HTTP 200 · verified 2026-08-24,yes
Saudi Arabia,EM,calculus;limits;continuity,A,University exam archive,KFUPM Department of Mathematics exam archive,https://math.kfupm.edu.sa/miscellaneous/exam,Calculus Foundations — Final Exam (Term 251),https://math.kfupm.edu.sa/docs/default-source/css-library/math106-251-fx.pdf,Exam,English,"Official KFUPM Department of Mathematics archive exam (MATH106 final exam, term 251). PDF retrieved and text extracted: English questions verified. Hosted on math.kfupm.edu.sa.",Free public web resource,HTTP 200 · verified 2026-08-24,yes
Saudi Arabia,EM,calculus;limits;continuity,A,University exam archive,KFUPM Department of Mathematics exam archive,https://math.kfupm.edu.sa/miscellaneous/exam,Calculus Foundations — Major Exam I (Term 252),https://math.kfupm.edu.sa/docs/default-source/css-library/math106-252-e1.pdf,Exam,English,"Official KFUPM Department of Mathematics archive exam (MATH106 major exam i, term 252). PDF retrieved and text extracted: English questions verified. Hosted on math.kfupm.edu.sa.",Free public web resource,HTTP 200 · verified 2026-08-24,yes
Saudi Arabia,EM,calculus;parametric curves;multivariable,A,University exam archive,KFUPM Department of Mathematics exam archive,https://math.kfupm.edu.sa/miscellaneous/exam,Calculus III — Major Exam I (Term 252),https://math.kfupm.edu.sa/docs/default-source/css-library/math201-252-e1.pdf,Exam,English,"Official KFUPM Department of Mathematics archive exam (MATH201 major exam i, term 252). PDF retrieved and text extracted: English questions verified. Hosted on math.kfupm.edu.sa.",Free public web resource,HTTP 200 · verified 2026-08-24,yes
Saudi Arabia,EM,calculus;parametric curves;multivariable,A,University exam archive,KFUPM Department of Mathematics exam archive,https://math.kfupm.edu.sa/miscellaneous/exam,Calculus III — Major Exam II (Term 252),https://math.kfupm.edu.sa/docs/default-source/css-library/math201-252-e2.pdf,Exam,English,"Official KFUPM Department of Mathematics archive exam (MATH201 major exam ii, term 252). PDF retrieved and text extracted: English questions verified. Hosted on math.kfupm.edu.sa.",Free public web resource,HTTP 200 · verified 2026-08-24,yes
Saudi Arabia,EM,calculus;parametric curves;multivariable,A,University exam archive,KFUPM Department of Mathematics exam archive,https://math.kfupm.edu.sa/miscellaneous/exam,Calculus III — Exam (Term 252),https://math.kfupm.edu.sa/docs/default-source/css-library/math201-252-fx1811fb6d-2253-441a-b101-5b6716aa29d0.pdf,Exam,English,"Official KFUPM Department of Mathematics archive exam (MATH201 exam, term 252). PDF retrieved and text extracted: English questions verified. Hosted on math.kfupm.edu.sa.",Free public web resource,HTTP 200 · verified 2026-08-24,yes
Saudi Arabia,EM,calculus;parametric curves;multivariable,A,University exam archive,KFUPM Department of Mathematics exam archive,https://math.kfupm.edu.sa/miscellaneous/exam,Calculus III — Major Exam I (Term 253),https://math.kfupm.edu.sa/docs/default-source/css-library/math201-253-ex1.pdf,Exam,English,"Official KFUPM Department of Mathematics archive exam (MATH201 major exam i, term 253). PDF retrieved and text extracted: English questions verified. Hosted on math.kfupm.edu.sa.",Free public web resource,HTTP 200 · verified 2026-08-24,yes
Saudi Arabia,EM,calculus;parametric curves;multivariable,A,University exam archive,KFUPM Department of Mathematics exam archive,https://math.kfupm.edu.sa/miscellaneous/exam,Calculus III — Major Exam II (Term 253),https://math.kfupm.edu.sa/docs/default-source/css-library/math201-253-ex2.pdf,Exam,English,"Official KFUPM Department of Mathematics archive exam (MATH201 major exam ii, term 253). PDF retrieved and text extracted: English questions verified. Hosted on math.kfupm.edu.sa.",Free public web resource,HTTP 200 · verified 2026-08-24,yes
Saudi Arabia,EM,calculus;parametric curves;multivariable,A,University exam archive,KFUPM Department of Mathematics exam archive,https://math.kfupm.edu.sa/miscellaneous/exam,Calculus III — Final Exam (Term 253),https://math.kfupm.edu.sa/docs/default-source/css-library/math201-253-fx.pdf,Exam,English,"Official KFUPM Department of Mathematics archive exam (MATH201 final exam, term 253). PDF retrieved and text extracted: English questions verified. Hosted on math.kfupm.edu.sa.",Free public web resource,HTTP 200 · verified 2026-08-24,yes
Saudi Arabia,EM,calculus;linear algebra,A,University exam archive,KFUPM Department of Mathematics exam archive,https://math.kfupm.edu.sa/miscellaneous/exam,Calculus and Linear Algebra — Exam (Term 252),https://math.kfupm.edu.sa/docs/default-source/css-library/math208-252-e1ebe35442-b56e-466f-ae60-8a8c748d3ac4.pdf,Exam,English,"Official KFUPM Department of Mathematics archive exam (MATH208 exam, term 252). PDF retrieved and text extracted: English questions verified. Hosted on math.kfupm.edu.sa.",Free public web resource,HTTP 200 · verified 2026-08-24,yes
Saudi Arabia,EM,calculus;linear algebra,A,University exam archive,KFUPM Department of Mathematics exam archive,https://math.kfupm.edu.sa/miscellaneous/exam,Calculus and Linear Algebra — Major Exam II (Term 252),https://math.kfupm.edu.sa/docs/default-source/css-library/math208-252-e2.pdf,Exam,English,"Official KFUPM Department of Mathematics archive exam (MATH208 major exam ii, term 252). PDF retrieved and text extracted: English questions verified. Hosted on math.kfupm.edu.sa.",Free public web resource,HTTP 200 · verified 2026-08-24,yes
Saudi Arabia,EM,calculus;linear algebra,A,University exam archive,KFUPM Department of Mathematics exam archive,https://math.kfupm.edu.sa/miscellaneous/exam,Calculus and Linear Algebra — Final Exam (Term 252),https://math.kfupm.edu.sa/docs/default-source/css-library/math208-252-fx.pdf,Exam,English,"Official KFUPM Department of Mathematics archive exam (MATH208 final exam, term 252). PDF retrieved and text extracted: English questions verified. Hosted on math.kfupm.edu.sa.",Free public web resource,HTTP 200 · verified 2026-08-24,yes
Saudi Arabia,DM,abstract algebra;groups;rings,B,University exam archive,KFUPM Department of Mathematics exam archive,https://math.kfupm.edu.sa/miscellaneous/exam,Abstract Algebra — Major Exam I (Term 252),https://math.kfupm.edu.sa/docs/default-source/css-library/math323-252-e1.pdf,Exam,English,"Official KFUPM Department of Mathematics archive exam (MATH323 major exam i, term 252). PDF retrieved and text extracted: English questions verified. Hosted on math.kfupm.edu.sa.",Free public web resource,HTTP 200 · verified 2026-08-24,yes
Saudi Arabia,DM,abstract algebra;groups;rings,B,University exam archive,KFUPM Department of Mathematics exam archive,https://math.kfupm.edu.sa/miscellaneous/exam,Abstract Algebra — Major Exam II (Term 252),https://math.kfupm.edu.sa/docs/default-source/css-library/math323-252-e2.pdf,Exam,English,"Official KFUPM Department of Mathematics archive exam (MATH323 major exam ii, term 252). PDF retrieved and text extracted: English questions verified. Hosted on math.kfupm.edu.sa.",Free public web resource,HTTP 200 · verified 2026-08-24,yes
Saudi Arabia,DM,abstract algebra;groups;rings,B,University exam archive,KFUPM Department of Mathematics exam archive,https://math.kfupm.edu.sa/miscellaneous/exam,Abstract Algebra — Final Exam (Term 252),https://math.kfupm.edu.sa/docs/default-source/css-library/math323-252-fx.pdf,Exam,English,"Official KFUPM Department of Mathematics archive exam (MATH323 final exam, term 252). PDF retrieved and text extracted: English questions verified. Hosted on math.kfupm.edu.sa.",Free public web resource,HTTP 200 · verified 2026-08-24,yes
Saudi Arabia,EM,linear algebra;applied mathematics,A,University exam archive,KFUPM Department of Mathematics exam archive,https://math.kfupm.edu.sa/miscellaneous/exam,Methods of Applied Mathematics / Linear Algebra — Major Exam I (Term 252),https://math.kfupm.edu.sa/docs/default-source/css-library/math333-252-e1.pdf,Exam,English,"Official KFUPM Department of Mathematics archive exam (MATH333 major exam i, term 252). PDF retrieved and text extracted: English questions verified. Hosted on math.kfupm.edu.sa.",Free public web resource,HTTP 200 · verified 2026-08-24,yes
Saudi Arabia,EM,linear algebra;applied mathematics,A,University exam archive,KFUPM Department of Mathematics exam archive,https://math.kfupm.edu.sa/miscellaneous/exam,Methods of Applied Mathematics / Linear Algebra — Major Exam II (Term 252),https://math.kfupm.edu.sa/docs/default-source/css-library/math333-252-e2.pdf,Exam,English,"Official KFUPM Department of Mathematics archive exam (MATH333 major exam ii, term 252). PDF retrieved and text extracted: English questions verified. Hosted on math.kfupm.edu.sa.",Free public web resource,HTTP 200 · verified 2026-08-24,yes
Saudi Arabia,EM,linear algebra;applied mathematics,A,University exam archive,KFUPM Department of Mathematics exam archive,https://math.kfupm.edu.sa/miscellaneous/exam,Methods of Applied Mathematics / Linear Algebra — Final Exam (Term 252),https://math.kfupm.edu.sa/docs/default-source/css-library/math333-252-fx.pdf,Exam,English,"Official KFUPM Department of Mathematics archive exam (MATH333 final exam, term 252). PDF retrieved and text extracted: English questions verified. Hosted on math.kfupm.edu.sa.",Free public web resource,HTTP 200 · verified 2026-08-24,yes
Saudi Arabia,EM,numerical methods;approximation,A,University exam archive,KFUPM Department of Mathematics exam archive,https://math.kfupm.edu.sa/miscellaneous/exam,Numerical Methods — Major Exam I (Term 252),https://math.kfupm.edu.sa/docs/default-source/css-library/math371-252-e1.pdf,Exam,English,"Official KFUPM Department of Mathematics archive exam (MATH371 major exam i, term 252). PDF retrieved and text extracted: English questions verified. Hosted on math.kfupm.edu.sa.",Free public web resource,HTTP 200 · verified 2026-08-24,yes
Saudi Arabia,EM,numerical methods;approximation,A,University exam archive,KFUPM Department of Mathematics exam archive,https://math.kfupm.edu.sa/miscellaneous/exam,Numerical Methods — Major Exam II (Term 252),https://math.kfupm.edu.sa/docs/default-source/css-library/math371-252-e2.pdf,Exam,English,"Official KFUPM Department of Mathematics archive exam (MATH371 major exam ii, term 252). PDF retrieved and text extracted: English questions verified. Hosted on math.kfupm.edu.sa.",Free public web resource,HTTP 200 · verified 2026-08-24,yes
Saudi Arabia,EM,numerical methods;approximation,A,University exam archive,KFUPM Department of Mathematics exam archive,https://math.kfupm.edu.sa/miscellaneous/exam,Numerical Methods — Final Exam (Term 252),https://math.kfupm.edu.sa/docs/default-source/css-library/math371-252-fx.pdf,Exam,English,"Official KFUPM Department of Mathematics archive exam (MATH371 final exam, term 252). PDF retrieved and text extracted: English questions verified. Hosted on math.kfupm.edu.sa.",Free public web resource,HTTP 200 · verified 2026-08-24,yes
Saudi Arabia,EM,engineering mathematics;methods,B,University exam archive,KFUPM Department of Mathematics exam archive,https://math.kfupm.edu.sa/miscellaneous/exam,Mathematical Methods for Engineers — Major Exam II (Term 252),https://math.kfupm.edu.sa/docs/default-source/css-library/math513-01-252-e2.pdf,Exam,English,"Official KFUPM Department of Mathematics archive exam (MATH513 major exam ii, term 252). PDF retrieved and text extracted: English questions verified. Hosted on math.kfupm.edu.sa.",Free public web resource,HTTP 200 · verified 2026-08-24,yes
Saudi Arabia,EM,engineering mathematics;methods,B,University exam archive,KFUPM Department of Mathematics exam archive,https://math.kfupm.edu.sa/miscellaneous/exam,Mathematical Methods for Engineers — Final Exam (Term 252),https://math.kfupm.edu.sa/docs/default-source/css-library/math513-01-252-fx.pdf,Exam,English,"Official KFUPM Department of Mathematics archive exam (MATH513 final exam, term 252). PDF retrieved and text extracted: English questions verified. Hosted on math.kfupm.edu.sa.",Free public web resource,HTTP 200 · verified 2026-08-24,yes
Saudi Arabia,EM,engineering mathematics;methods,B,University exam archive,KFUPM Department of Mathematics exam archive,https://math.kfupm.edu.sa/miscellaneous/exam,Mathematical Methods for Engineers — Exam (Term 252),https://math.kfupm.edu.sa/docs/default-source/css-library/math513-02-252-e150f0e520-1f2c-4afa-8132-272256bac3de.pdf,Exam,English,"Official KFUPM Department of Mathematics archive exam (MATH513 exam, term 252). PDF retrieved and text extracted: English questions verified. Hosted on math.kfupm.edu.sa.",Free public web resource,HTTP 200 · verified 2026-08-24,yes
Saudi Arabia,EM,engineering mathematics;methods,B,University exam archive,KFUPM Department of Mathematics exam archive,https://math.kfupm.edu.sa/miscellaneous/exam,Mathematical Methods for Engineers — Final Exam (Term 252),https://math.kfupm.edu.sa/docs/default-source/css-library/math513-02-252-fx.pdf,Exam,English,"Official KFUPM Department of Mathematics archive exam (MATH513 final exam, term 252). PDF retrieved and text extracted: English questions verified. Hosted on math.kfupm.edu.sa.",Free public web resource,HTTP 200 · verified 2026-08-24,yes
Saudi Arabia,EM,real analysis;measure theory,B,University exam archive,KFUPM Department of Mathematics exam archive,https://math.kfupm.edu.sa/miscellaneous/exam,Real Analysis — Final Exam (Term 252),https://math.kfupm.edu.sa/docs/default-source/css-library/math531-252-fx.pdf,Exam,English,"Official KFUPM Department of Mathematics archive exam (MATH531 final exam, term 252). PDF retrieved and text extracted: English questions verified. Hosted on math.kfupm.edu.sa.",Free public web resource,HTTP 200 · verified 2026-08-24,yes
Saudi Arabia,EM,real analysis;measure theory,B,University exam archive,KFUPM Department of Mathematics exam archive,https://math.kfupm.edu.sa/miscellaneous/exam,Real Analysis — Midterm Exam (Term 252),https://math.kfupm.edu.sa/docs/default-source/css-library/math531-252-midterm.pdf,Exam,English,"Official KFUPM Department of Mathematics archive exam (MATH531 midterm exam, term 252). PDF retrieved and text extracted: English questions verified. Hosted on math.kfupm.edu.sa.",Free public web resource,HTTP 200 · verified 2026-08-24,yes
Saudi Arabia,EM,functional analysis;linear spaces,B,University exam archive,KFUPM Department of Mathematics exam archive,https://math.kfupm.edu.sa/miscellaneous/exam,Functional Analysis — Major Exam I (Term 252),https://math.kfupm.edu.sa/docs/default-source/css-library/math535-252-e1.pdf,Exam,English,"Official KFUPM Department of Mathematics archive exam (MATH535 major exam i, term 252). PDF retrieved and text extracted: English questions verified. Hosted on math.kfupm.edu.sa.",Free public web resource,HTTP 200 · verified 2026-08-24,yes
Saudi Arabia,EM,functional analysis;linear spaces,B,University exam archive,KFUPM Department of Mathematics exam archive,https://math.kfupm.edu.sa/miscellaneous/exam,Functional Analysis — Major Exam II (Term 252),https://math.kfupm.edu.sa/docs/default-source/css-library/math535-252-e2.pdf,Exam,English,"Official KFUPM Department of Mathematics archive exam (MATH535 major exam ii, term 252). PDF retrieved and text extracted: English questions verified. Hosted on math.kfupm.edu.sa.",Free public web resource,HTTP 200 · verified 2026-08-24,yes
Saudi Arabia,EM,functional analysis;linear spaces,B,University exam archive,KFUPM Department of Mathematics exam archive,https://math.kfupm.edu.sa/miscellaneous/exam,Functional Analysis — Final Exam (Term 252),https://math.kfupm.edu.sa/docs/default-source/css-library/math535-252-fx.pdf,Exam,English,"Official KFUPM Department of Mathematics archive exam (MATH535 final exam, term 252). PDF retrieved and text extracted: English questions verified. Hosted on math.kfupm.edu.sa.",Free public web resource,HTTP 200 · verified 2026-08-24,yes
Saudi Arabia,EM,statistics;descriptive statistics,A,University exam archive,KFUPM Department of Mathematics exam archive,https://math.kfupm.edu.sa/miscellaneous/exam,Business Statistics I — Major Exam I (Term 252),https://math.kfupm.edu.sa/docs/default-source/css-library/stat201-252-e1.pdf,Exam,English,"Official KFUPM Department of Mathematics archive exam (STAT201 major exam i, term 252). PDF retrieved and text extracted: English questions verified. Hosted on math.kfupm.edu.sa.",Free public web resource,HTTP 200 · verified 2026-08-24,yes
Saudi Arabia,EM,statistics;descriptive statistics,A,University exam archive,KFUPM Department of Mathematics exam archive,https://math.kfupm.edu.sa/miscellaneous/exam,Business Statistics I — Major Exam II (Term 252),https://math.kfupm.edu.sa/docs/default-source/css-library/stat201-252-e2.pdf,Exam,English,"Official KFUPM Department of Mathematics archive exam (STAT201 major exam ii, term 252). PDF retrieved and text extracted: English questions verified. Hosted on math.kfupm.edu.sa.",Free public web resource,HTTP 200 · verified 2026-08-24,yes
Saudi Arabia,EM,statistics;descriptive statistics,A,University exam archive,KFUPM Department of Mathematics exam archive,https://math.kfupm.edu.sa/miscellaneous/exam,Business Statistics I — Final Exam (Term 252),https://math.kfupm.edu.sa/docs/default-source/css-library/stat201-252-fx.pdf,Exam,English,"Official KFUPM Department of Mathematics archive exam (STAT201 final exam, term 252). PDF retrieved and text extracted: English questions verified. Hosted on math.kfupm.edu.sa.",Free public web resource,HTTP 200 · verified 2026-08-24,yes
Saudi Arabia,EM,statistics;descriptive statistics,A,University exam archive,KFUPM Department of Mathematics exam archive,https://math.kfupm.edu.sa/miscellaneous/exam,Statistics for Engineers — Major Exam I (Term 252),https://math.kfupm.edu.sa/docs/default-source/css-library/stat214-252-e1.pdf,Exam,English,"Official KFUPM Department of Mathematics archive exam (STAT214 major exam i, term 252). PDF retrieved and text extracted: English questions verified. Hosted on math.kfupm.edu.sa.",Free public web resource,HTTP 200 · verified 2026-08-24,yes
Saudi Arabia,EM,statistics;descriptive statistics,A,University exam archive,KFUPM Department of Mathematics exam archive,https://math.kfupm.edu.sa/miscellaneous/exam,Statistics for Engineers — Major Exam II (Term 252),https://math.kfupm.edu.sa/docs/default-source/css-library/stat214-252-e2.pdf,Exam,English,"Official KFUPM Department of Mathematics archive exam (STAT214 major exam ii, term 252). PDF retrieved and text extracted: English questions verified. Hosted on math.kfupm.edu.sa.",Free public web resource,HTTP 200 · verified 2026-08-24,yes
Saudi Arabia,EM,statistics;descriptive statistics,A,University exam archive,KFUPM Department of Mathematics exam archive,https://math.kfupm.edu.sa/miscellaneous/exam,Statistics for Engineers — Final Exam (Term 252),https://math.kfupm.edu.sa/docs/default-source/css-library/stat214-252-fx.pdf,Exam,English,"Official KFUPM Department of Mathematics archive exam (STAT214 final exam, term 252). PDF retrieved and text extracted: English questions verified. Hosted on math.kfupm.edu.sa.",Free public web resource,HTTP 200 · verified 2026-08-24,yes
Saudi Arabia,EM,statistics,B,University exam archive,KFUPM Department of Mathematics exam archive,https://math.kfupm.edu.sa/miscellaneous/exam,Statistics — Final Exam (Term 252),https://math.kfupm.edu.sa/docs/default-source/css-library/stat565-252-fx.pdf,Exam,English,"Official KFUPM Department of Mathematics archive exam (STAT565 final exam, term 252). PDF retrieved and text extracted: English questions verified. Hosted on math.kfupm.edu.sa.",Free public web resource,HTTP 200 · verified 2026-08-24,yes
Saudi Arabia,EM,statistics,B,University exam archive,KFUPM Department of Mathematics exam archive,https://math.kfupm.edu.sa/miscellaneous/exam,Statistics — Midterm Exam (Term 252),https://math.kfupm.edu.sa/docs/default-source/css-library/stat565-252-midterm.pdf,Exam,English,"Official KFUPM Department of Mathematics archive exam (STAT565 midterm exam, term 252). PDF retrieved and text extracted: English questions verified. Hosted on math.kfupm.edu.sa.",Free public web resource,HTTP 200 · verified 2026-08-24,yes
Saudi Arabia,EM,actuarial mathematics;financial mathematics,B,University exam archive,KFUPM Department of Mathematics exam archive,https://math.kfupm.edu.sa/miscellaneous/exam,Actuarial Mathematics — Major Exam I (Term 221),https://math.kfupm.edu.sa/docs/default-source/default-document-library/as201-221-e1.pdf,Exam,English,"Official KFUPM Department of Mathematics archive exam (AS201 major exam i, term 221). PDF retrieved and text extracted: English questions verified. Hosted on math.kfupm.edu.sa.",Free public web resource,HTTP 200 · verified 2026-08-24,yes
Saudi Arabia,EM,actuarial mathematics;financial mathematics,B,University exam archive,KFUPM Department of Mathematics exam archive,https://math.kfupm.edu.sa/miscellaneous/exam,Actuarial Mathematics — Major Exam II (Term 221),https://math.kfupm.edu.sa/docs/default-source/default-document-library/as201-221-e2.pdf,Exam,English,"Official KFUPM Department of Mathematics archive exam (AS201 major exam ii, term 221). PDF retrieved and text extracted: English questions verified. Hosted on math.kfupm.edu.sa.",Free public web resource,HTTP 200 · verified 2026-08-24,yes
Saudi Arabia,EM,actuarial mathematics;financial mathematics,B,University exam archive,KFUPM Department of Mathematics exam archive,https://math.kfupm.edu.sa/miscellaneous/exam,Actuarial Mathematics — Final Exam (Term 221),https://math.kfupm.edu.sa/docs/default-source/default-document-library/as201-221-fx.pdf,Exam,English,"Official KFUPM Department of Mathematics archive exam (AS201 final exam, term 221). PDF retrieved and text extracted: English questions verified. Hosted on math.kfupm.edu.sa.",Free public web resource,HTTP 200 · verified 2026-08-24,yes
Saudi Arabia,EM,actuarial mathematics;financial mathematics,B,University exam archive,KFUPM Department of Mathematics exam archive,https://math.kfupm.edu.sa/miscellaneous/exam,Actuarial Mathematics — Major Exam I (Term 231),https://math.kfupm.edu.sa/docs/default-source/default-document-library/as201-231-ex1.pdf,Exam,English,"Official KFUPM Department of Mathematics archive exam (AS201 major exam i, term 231). PDF retrieved and text extracted: English questions verified. Hosted on math.kfupm.edu.sa.",Free public web resource,HTTP 200 · verified 2026-08-24,yes
Saudi Arabia,EM,actuarial mathematics;financial mathematics,B,University exam archive,KFUPM Department of Mathematics exam archive,https://math.kfupm.edu.sa/miscellaneous/exam,Actuarial Mathematics — Major Exam II (Term 231),https://math.kfupm.edu.sa/docs/default-source/default-document-library/as201-231-ex2.pdf,Exam,English,"Official KFUPM Department of Mathematics archive exam (AS201 major exam ii, term 231). PDF retrieved and text extracted: English questions verified. Hosted on math.kfupm.edu.sa.",Free public web resource,HTTP 200 · verified 2026-08-24,yes
Saudi Arabia,EM,actuarial mathematics;financial mathematics,B,University exam archive,KFUPM Department of Mathematics exam archive,https://math.kfupm.edu.sa/miscellaneous/exam,Actuarial Mathematics — Major Exam I (Term 251),https://math.kfupm.edu.sa/docs/default-source/default-document-library/as201-251-e1.pdf,Exam,English,"Official KFUPM Department of Mathematics archive exam (AS201 major exam i, term 251). PDF retrieved and text extracted: English questions verified. Hosted on math.kfupm.edu.sa.",Free public web resource,HTTP 200 · verified 2026-08-24,yes
Saudi Arabia,EM,actuarial mathematics;financial mathematics,B,University exam archive,KFUPM Department of Mathematics exam archive,https://math.kfupm.edu.sa/miscellaneous/exam,Actuarial Mathematics — Major Exam II (Term 251),https://math.kfupm.edu.sa/docs/default-source/default-document-library/as201-251-e2.pdf,Exam,English,"Official KFUPM Department of Mathematics archive exam (AS201 major exam ii, term 251). PDF retrieved and text extracted: English questions verified. Hosted on math.kfupm.edu.sa.",Free public web resource,HTTP 200 · verified 2026-08-24,yes
Saudi Arabia,EM,actuarial mathematics;financial mathematics,B,University exam archive,KFUPM Department of Mathematics exam archive,https://math.kfupm.edu.sa/miscellaneous/exam,Actuarial Mathematics — Final Exam (Term 251),https://math.kfupm.edu.sa/docs/default-source/default-document-library/as201-251-fx.pdf,Exam,English,"Official KFUPM Department of Mathematics archive exam (AS201 final exam, term 251). PDF retrieved and text extracted: English questions verified. Hosted on math.kfupm.edu.sa.",Free public web resource,HTTP 200 · verified 2026-08-24,yes
Saudi Arabia,EM,financial mathematics;derivatives,B,University exam archive,KFUPM Department of Mathematics exam archive,https://math.kfupm.edu.sa/miscellaneous/exam,Mathematics of Financial Derivatives — Major Exam I (Term 212),https://math.kfupm.edu.sa/docs/default-source/default-document-library/as251-212-e1.pdf,Exam,English,"Official KFUPM Department of Mathematics archive exam (AS251 major exam i, term 212). PDF retrieved and text extracted: English questions verified. Hosted on math.kfupm.edu.sa.",Free public web resource,HTTP 200 · verified 2026-08-24,yes
Saudi Arabia,EM,financial mathematics;derivatives,B,University exam archive,KFUPM Department of Mathematics exam archive,https://math.kfupm.edu.sa/miscellaneous/exam,Mathematics of Financial Derivatives — Major Exam I (Term 222),https://math.kfupm.edu.sa/docs/default-source/default-document-library/as251-222-ex1.pdf,Exam,English,"Official KFUPM Department of Mathematics archive exam (AS251 major exam i, term 222). PDF retrieved and text extracted: English questions verified. Hosted on math.kfupm.edu.sa.",Free public web resource,HTTP 200 · verified 2026-08-24,yes
Saudi Arabia,EM,financial mathematics;derivatives,B,University exam archive,KFUPM Department of Mathematics exam archive,https://math.kfupm.edu.sa/miscellaneous/exam,Mathematics of Financial Derivatives — Major Exam II (Term 222),https://math.kfupm.edu.sa/docs/default-source/default-document-library/as251-222-ex2.pdf,Exam,English,"Official KFUPM Department of Mathematics archive exam (AS251 major exam ii, term 222). PDF retrieved and text extracted: English questions verified. Hosted on math.kfupm.edu.sa.",Free public web resource,HTTP 200 · verified 2026-08-24,yes
Saudi Arabia,EM,financial mathematics;derivatives,B,University exam archive,KFUPM Department of Mathematics exam archive,https://math.kfupm.edu.sa/miscellaneous/exam,Mathematics of Financial Derivatives — Major Exam I (Term 232),https://math.kfupm.edu.sa/docs/default-source/default-document-library/as251-232-e1.pdf,Exam,English,"Official KFUPM Department of Mathematics archive exam (AS251 major exam i, term 232). PDF retrieved and text extracted: English questions verified. Hosted on math.kfupm.edu.sa.",Free public web resource,HTTP 200 · verified 2026-08-24,yes
Saudi Arabia,EM,financial mathematics;derivatives,B,University exam archive,KFUPM Department of Mathematics exam archive,https://math.kfupm.edu.sa/miscellaneous/exam,Mathematics of Financial Derivatives — Major Exam II (Term 232),https://math.kfupm.edu.sa/docs/default-source/default-document-library/as251-232-e2.pdf,Exam,English,"Official KFUPM Department of Mathematics archive exam (AS251 major exam ii, term 232). PDF retrieved and text extracted: English questions verified. Hosted on math.kfupm.edu.sa.",Free public web resource,HTTP 200 · verified 2026-08-24,yes
Saudi Arabia,EM,financial mathematics;derivatives,B,University exam archive,KFUPM Department of Mathematics exam archive,https://math.kfupm.edu.sa/miscellaneous/exam,Mathematics of Financial Derivatives — Final Exam (Term 232),https://math.kfupm.edu.sa/docs/default-source/default-document-library/as251-232-fx.pdf,Exam,English,"Official KFUPM Department of Mathematics archive exam (AS251 final exam, term 232). PDF retrieved and text extracted: English questions verified. Hosted on math.kfupm.edu.sa.",Free public web resource,HTTP 200 · verified 2026-08-24,yes
Saudi Arabia,EM,financial mathematics;derivatives,B,University exam archive,KFUPM Department of Mathematics exam archive,https://math.kfupm.edu.sa/miscellaneous/exam,Mathematics of Financial Derivatives — Major Exam I (Term 242),https://math.kfupm.edu.sa/docs/default-source/default-document-library/as251-242-e1.pdf,Exam,English,"Official KFUPM Department of Mathematics archive exam (AS251 major exam i, term 242). PDF retrieved and text extracted: English questions verified. Hosted on math.kfupm.edu.sa.",Free public web resource,HTTP 200 · verified 2026-08-24,yes
Saudi Arabia,EM,financial mathematics;derivatives,B,University exam archive,KFUPM Department of Mathematics exam archive,https://math.kfupm.edu.sa/miscellaneous/exam,Mathematics of Financial Derivatives — Major Exam II (Term 242),https://math.kfupm.edu.sa/docs/default-source/default-document-library/as251-242-e2.pdf,Exam,English,"Official KFUPM Department of Mathematics archive exam (AS251 major exam ii, term 242). PDF retrieved and text extracted: English questions verified. Hosted on math.kfupm.edu.sa.",Free public web resource,HTTP 200 · verified 2026-08-24,yes
Saudi Arabia,EM,financial mathematics;annuities,B,University exam archive,KFUPM Department of Mathematics exam archive,https://math.kfupm.edu.sa/miscellaneous/exam,Financial Mathematics — Major Exam I (Term 222),https://math.kfupm.edu.sa/docs/default-source/default-document-library/as289-222-ex1.pdf,Exam,English,"Official KFUPM Department of Mathematics archive exam (AS289 major exam i, term 222). PDF retrieved and text extracted: English questions verified. Hosted on math.kfupm.edu.sa.",Free public web resource,HTTP 200 · verified 2026-08-24,yes
Saudi Arabia,EM,financial mathematics;annuities,B,University exam archive,KFUPM Department of Mathematics exam archive,https://math.kfupm.edu.sa/miscellaneous/exam,Financial Mathematics — Major Exam II (Term 222),https://math.kfupm.edu.sa/docs/default-source/default-document-library/as289-222-ex2.pdf,Exam,English,"Official KFUPM Department of Mathematics archive exam (AS289 major exam ii, term 222). PDF retrieved and text extracted: English questions verified. Hosted on math.kfupm.edu.sa.",Free public web resource,HTTP 200 · verified 2026-08-24,yes
Saudi Arabia,EM,financial mathematics;annuities,B,University exam archive,KFUPM Department of Mathematics exam archive,https://math.kfupm.edu.sa/miscellaneous/exam,Financial Mathematics — Final Exam (Term 222),https://math.kfupm.edu.sa/docs/default-source/default-document-library/as289-222-fx.pdf,Exam,English,"Official KFUPM Department of Mathematics archive exam (AS289 final exam, term 222). PDF retrieved and text extracted: English questions verified. Hosted on math.kfupm.edu.sa.",Free public web resource,HTTP 200 · verified 2026-08-24,yes
Saudi Arabia,EM,actuarial mathematics;life contingencies,B,University exam archive,KFUPM Department of Mathematics exam archive,https://math.kfupm.edu.sa/miscellaneous/exam,Actuarial Contingencies I — Major Exam I (Term 241),https://math.kfupm.edu.sa/docs/default-source/default-document-library/as380-241-e1.pdf,Exam,English,"Official KFUPM Department of Mathematics archive exam (AS380 major exam i, term 241). PDF retrieved and text extracted: English questions verified. Hosted on math.kfupm.edu.sa.",Free public web resource,HTTP 200 · verified 2026-08-24,yes
Saudi Arabia,EM,actuarial mathematics;life contingencies,B,University exam archive,KFUPM Department of Mathematics exam archive,https://math.kfupm.edu.sa/miscellaneous/exam,Actuarial Contingencies I — Final Exam (Term 241),https://math.kfupm.edu.sa/docs/default-source/default-document-library/as380-241-fx.pdf,Exam,English,"Official KFUPM Department of Mathematics archive exam (AS380 final exam, term 241). PDF retrieved and text extracted: English questions verified. Hosted on math.kfupm.edu.sa.",Free public web resource,HTTP 200 · verified 2026-08-24,yes
Saudi Arabia,EM,actuarial mathematics,B,University exam archive,KFUPM Department of Mathematics exam archive,https://math.kfupm.edu.sa/miscellaneous/exam,Actuarial Science Problem Lab — Major Exam I (Term 241),https://math.kfupm.edu.sa/docs/default-source/default-document-library/as389-241-e1.pdf,Exam,English,"Official KFUPM Department of Mathematics archive exam (AS389 major exam i, term 241). PDF retrieved and text extracted: English questions verified. Hosted on math.kfupm.edu.sa.",Free public web resource,HTTP 200 · verified 2026-08-24,yes
Saudi Arabia,EM,actuarial mathematics,B,University exam archive,KFUPM Department of Mathematics exam archive,https://math.kfupm.edu.sa/miscellaneous/exam,Actuarial Science Problem Lab — Major Exam II (Term 241),https://math.kfupm.edu.sa/docs/default-source/default-document-library/as389-241-e2.pdf,Exam,English,"Official KFUPM Department of Mathematics archive exam (AS389 major exam ii, term 241). PDF retrieved and text extracted: English questions verified. Hosted on math.kfupm.edu.sa.",Free public web resource,HTTP 200 · verified 2026-08-24,yes
Saudi Arabia,EM,actuarial mathematics,B,University exam archive,KFUPM Department of Mathematics exam archive,https://math.kfupm.edu.sa/miscellaneous/exam,Actuarial Science Problem Lab — Final Exam (Term 241),https://math.kfupm.edu.sa/docs/default-source/default-document-library/as389-241-fx.pdf,Exam,English,"Official KFUPM Department of Mathematics archive exam (AS389 final exam, term 241). PDF retrieved and text extracted: English questions verified. Hosted on math.kfupm.edu.sa.",Free public web resource,HTTP 200 · verified 2026-08-24,yes
Saudi Arabia,EM,actuarial mathematics,B,University exam archive,KFUPM Department of Mathematics exam archive,https://math.kfupm.edu.sa/miscellaneous/exam,Actuarial Science Problem Lab — Major Exam I (Term 251),https://math.kfupm.edu.sa/docs/default-source/default-document-library/as389-251-e1.pdf,Exam,English,"Official KFUPM Department of Mathematics archive exam (AS389 major exam i, term 251). PDF retrieved and text extracted: English questions verified. Hosted on math.kfupm.edu.sa.",Free public web resource,HTTP 200 · verified 2026-08-24,yes
Saudi Arabia,EM,actuarial mathematics,B,University exam archive,KFUPM Department of Mathematics exam archive,https://math.kfupm.edu.sa/miscellaneous/exam,Actuarial Science Problem Lab — Major Exam II (Term 251),https://math.kfupm.edu.sa/docs/default-source/default-document-library/as389-251-e2.pdf,Exam,English,"Official KFUPM Department of Mathematics archive exam (AS389 major exam ii, term 251). PDF retrieved and text extracted: English questions verified. Hosted on math.kfupm.edu.sa.",Free public web resource,HTTP 200 · verified 2026-08-24,yes
Saudi Arabia,EM,actuarial mathematics,B,University exam archive,KFUPM Department of Mathematics exam archive,https://math.kfupm.edu.sa/miscellaneous/exam,Actuarial Science Problem Lab — Final Exam (Term 251),https://math.kfupm.edu.sa/docs/default-source/default-document-library/as389-251-fx.pdf,Exam,English,"Official KFUPM Department of Mathematics archive exam (AS389 final exam, term 251). PDF retrieved and text extracted: English questions verified. Hosted on math.kfupm.edu.sa.",Free public web resource,HTTP 200 · verified 2026-08-24,yes
Saudi Arabia,EM,risk modelling;probability,B,University exam archive,KFUPM Department of Mathematics exam archive,https://math.kfupm.edu.sa/miscellaneous/exam,Risk Modelling — Major Exam I (Term 231),https://math.kfupm.edu.sa/docs/default-source/default-document-library/as450-231-ex1.pdf,Exam,English,"Official KFUPM Department of Mathematics archive exam (AS450 major exam i, term 231). PDF retrieved and text extracted: English questions verified. Hosted on math.kfupm.edu.sa.",Free public web resource,HTTP 200 · verified 2026-08-24,yes
Saudi Arabia,EM,survival analysis;actuarial mathematics,B,University exam archive,KFUPM Department of Mathematics exam archive,https://math.kfupm.edu.sa/miscellaneous/exam,Survival Models for Actuaries — Major Exam I (Term 231),https://math.kfupm.edu.sa/docs/default-source/default-document-library/as476-231-ex1.pdf,Exam,English,"Official KFUPM Department of Mathematics archive exam (AS476 major exam i, term 231). PDF retrieved and text extracted: English questions verified. Hosted on math.kfupm.edu.sa.",Free public web resource,HTTP 200 · verified 2026-08-24,yes
Saudi Arabia,EM,survival analysis;actuarial mathematics,B,University exam archive,KFUPM Department of Mathematics exam archive,https://math.kfupm.edu.sa/miscellaneous/exam,Survival Models for Actuaries — Major Exam II (Term 231),https://math.kfupm.edu.sa/docs/default-source/default-document-library/as476-231-ex2.pdf,Exam,English,"Official KFUPM Department of Mathematics archive exam (AS476 major exam ii, term 231). PDF retrieved and text extracted: English questions verified. Hosted on math.kfupm.edu.sa.",Free public web resource,HTTP 200 · verified 2026-08-24,yes
Saudi Arabia,EM,survival analysis;actuarial mathematics,B,University exam archive,KFUPM Department of Mathematics exam archive,https://math.kfupm.edu.sa/miscellaneous/exam,Survival Models for Actuaries — Major Exam I (Term 251),https://math.kfupm.edu.sa/docs/default-source/default-document-library/as476-251-e1.pdf,Exam,English,"Official KFUPM Department of Mathematics archive exam (AS476 major exam i, term 251). PDF retrieved and text extracted: English questions verified. Hosted on math.kfupm.edu.sa.",Free public web resource,HTTP 200 · verified 2026-08-24,yes
Saudi Arabia,EM,survival analysis;actuarial mathematics,B,University exam archive,KFUPM Department of Mathematics exam archive,https://math.kfupm.edu.sa/miscellaneous/exam,Survival Models for Actuaries — Major Exam II (Term 251),https://math.kfupm.edu.sa/docs/default-source/default-document-library/as476-251-e2.pdf,Exam,English,"Official KFUPM Department of Mathematics archive exam (AS476 major exam ii, term 251). PDF retrieved and text extracted: English questions verified. Hosted on math.kfupm.edu.sa.",Free public web resource,HTTP 200 · verified 2026-08-24,yes
Saudi Arabia,EM,survival analysis;actuarial mathematics,B,University exam archive,KFUPM Department of Mathematics exam archive,https://math.kfupm.edu.sa/miscellaneous/exam,Survival Models for Actuaries — Final Exam (Term 251),https://math.kfupm.edu.sa/docs/default-source/default-document-library/as476-251-fx.pdf,Exam,English,"Official KFUPM Department of Mathematics archive exam (AS476 final exam, term 251). PDF retrieved and text extracted: English questions verified. Hosted on math.kfupm.edu.sa.",Free public web resource,HTTP 200 · verified 2026-08-24,yes
Saudi Arabia,EM,actuarial mathematics;contingencies,B,University exam archive,KFUPM Department of Mathematics exam archive,https://math.kfupm.edu.sa/miscellaneous/exam,Actuarial Contingencies II — Major Exam I (Term 231),https://math.kfupm.edu.sa/docs/default-source/default-document-library/as481-231-ex1.pdf,Exam,English,"Official KFUPM Department of Mathematics archive exam (AS481 major exam i, term 231). PDF retrieved and text extracted: English questions verified. Hosted on math.kfupm.edu.sa.",Free public web resource,HTTP 200 · verified 2026-08-24,yes
Saudi Arabia,EM,actuarial mathematics;contingencies,B,University exam archive,KFUPM Department of Mathematics exam archive,https://math.kfupm.edu.sa/miscellaneous/exam,Actuarial Contingencies II — Major Exam II (Term 231),https://math.kfupm.edu.sa/docs/default-source/default-document-library/as481-231-ex2.pdf,Exam,English,"Official KFUPM Department of Mathematics archive exam (AS481 major exam ii, term 231). PDF retrieved and text extracted: English questions verified. Hosted on math.kfupm.edu.sa.",Free public web resource,HTTP 200 · verified 2026-08-24,yes
Saudi Arabia,EM,actuarial mathematics;contingencies,B,University exam archive,KFUPM Department of Mathematics exam archive,https://math.kfupm.edu.sa/miscellaneous/exam,Actuarial Contingencies II — Major Exam I (Term 241),https://math.kfupm.edu.sa/docs/default-source/default-document-library/as481-241-e1.pdf,Exam,English,"Official KFUPM Department of Mathematics archive exam (AS481 major exam i, term 241). PDF retrieved and text extracted: English questions verified. Hosted on math.kfupm.edu.sa.",Free public web resource,HTTP 200 · verified 2026-08-24,yes
Saudi Arabia,EM,actuarial mathematics;contingencies,B,University exam archive,KFUPM Department of Mathematics exam archive,https://math.kfupm.edu.sa/miscellaneous/exam,Actuarial Contingencies II — Major Exam II (Term 241),https://math.kfupm.edu.sa/docs/default-source/default-document-library/as481-241-e2.pdf,Exam,English,"Official KFUPM Department of Mathematics archive exam (AS481 major exam ii, term 241). PDF retrieved and text extracted: English questions verified. Hosted on math.kfupm.edu.sa.",Free public web resource,HTTP 200 · verified 2026-08-24,yes
Saudi Arabia,EM,actuarial mathematics;contingencies,B,University exam archive,KFUPM Department of Mathematics exam archive,https://math.kfupm.edu.sa/miscellaneous/exam,Actuarial Contingencies II — Final Exam (Term 241),https://math.kfupm.edu.sa/docs/default-source/default-document-library/as481-241-fx.pdf,Exam,English,"Official KFUPM Department of Mathematics archive exam (AS481 final exam, term 241). PDF retrieved and text extracted: English questions verified. Hosted on math.kfupm.edu.sa.",Free public web resource,HTTP 200 · verified 2026-08-24,yes
Saudi Arabia,EM,probability;loss distributions,B,University exam archive,KFUPM Department of Mathematics exam archive,https://math.kfupm.edu.sa/miscellaneous/exam,Loss Distributions — Exam (Term 211),https://math.kfupm.edu.sa/docs/default-source/default-document-library/as484-211-e2cb4c30b8-b62f-471b-bdb6-d8e5558172aa.pdf,Exam,English,"Official KFUPM Department of Mathematics archive exam (AS484 exam, term 211). PDF retrieved and text extracted: English questions verified. Hosted on math.kfupm.edu.sa.",Free public web resource,HTTP 200 · verified 2026-08-24,yes
Saudi Arabia,EM,probability;loss distributions,B,University exam archive,KFUPM Department of Mathematics exam archive,https://math.kfupm.edu.sa/miscellaneous/exam,Loss Distributions — Major Exam I (Term 222),https://math.kfupm.edu.sa/docs/default-source/default-document-library/as484-222-ex1.pdf,Exam,English,"Official KFUPM Department of Mathematics archive exam (AS484 major exam i, term 222). PDF retrieved and text extracted: English questions verified. Hosted on math.kfupm.edu.sa.",Free public web resource,HTTP 200 · verified 2026-08-24,yes
Saudi Arabia,EM,probability;loss distributions,B,University exam archive,KFUPM Department of Mathematics exam archive,https://math.kfupm.edu.sa/miscellaneous/exam,Loss Distributions — Midterm Exam (Term 231),https://math.kfupm.edu.sa/docs/default-source/default-document-library/as484-231-midterm.pdf,Exam,English,"Official KFUPM Department of Mathematics archive exam (AS484 midterm exam, term 231). PDF retrieved and text extracted: English questions verified. Hosted on math.kfupm.edu.sa.",Free public web resource,HTTP 200 · verified 2026-08-24,yes
Saudi Arabia,EM,actuarial mathematics;financial mathematics,B,University exam archive,KFUPM Department of Mathematics exam archive,https://math.kfupm.edu.sa/miscellaneous/exam,Topics in Actuarial and Financial Mathematics — Major Exam I (Term 222),https://math.kfupm.edu.sa/docs/default-source/default-document-library/as491-222-ex1.pdf,Exam,English,"Official KFUPM Department of Mathematics archive exam (AS491 major exam i, term 222). PDF retrieved and text extracted: English questions verified. Hosted on math.kfupm.edu.sa.",Free public web resource,HTTP 200 · verified 2026-08-24,yes
Saudi Arabia,EM,actuarial mathematics;financial mathematics,B,University exam archive,KFUPM Department of Mathematics exam archive,https://math.kfupm.edu.sa/miscellaneous/exam,Topics in Actuarial and Financial Mathematics — Major Exam II (Term 222),https://math.kfupm.edu.sa/docs/default-source/default-document-library/as491-222-ex2.pdf,Exam,English,"Official KFUPM Department of Mathematics archive exam (AS491 major exam ii, term 222). PDF retrieved and text extracted: English questions verified. Hosted on math.kfupm.edu.sa.",Free public web resource,HTTP 200 · verified 2026-08-24,yes
Saudi Arabia,EM,actuarial mathematics;financial mathematics,B,University exam archive,KFUPM Department of Mathematics exam archive,https://math.kfupm.edu.sa/miscellaneous/exam,Topics in Actuarial and Financial Mathematics — Final Exam (Term 222),https://math.kfupm.edu.sa/docs/default-source/default-document-library/as491-222-fx.pdf,Exam,English,"Official KFUPM Department of Mathematics archive exam (AS491 final exam, term 222). PDF retrieved and text extracted: English questions verified. Hosted on math.kfupm.edu.sa.",Free public web resource,HTTP 200 · verified 2026-08-24,yes
Saudi Arabia,EM,calculus;integrals;series,A,University exam archive,KFUPM Department of Mathematics exam archive,https://math.kfupm.edu.sa/miscellaneous/exam,Calculus II — Midterm Exam (Term 231),https://math.kfupm.edu.sa/docs/default-source/default-document-library/math-102-231-recitation-midterm-solution-v1.pdf,Exam,English,"Official KFUPM Department of Mathematics archive exam (MATH102 midterm exam, term 231). PDF retrieved and text extracted: English questions verified. Hosted on math.kfupm.edu.sa.",Free public web resource,HTTP 200 · verified 2026-08-24,yes
Saudi Arabia,EM,calculus;integrals;series,A,University exam archive,KFUPM Department of Mathematics exam archive,https://math.kfupm.edu.sa/miscellaneous/exam,Calculus II — Midterm Exam (Term 231),https://math.kfupm.edu.sa/docs/default-source/default-document-library/math-102-231-recitation-midterm-solution-v2.pdf,Exam,English,"Official KFUPM Department of Mathematics archive exam (MATH102 midterm exam, term 231). PDF retrieved and text extracted: English questions verified. Hosted on math.kfupm.edu.sa.",Free public web resource,HTTP 200 · verified 2026-08-24,yes
Saudi Arabia,EM,calculus;integrals;series,A,University exam archive,KFUPM Department of Mathematics exam archive,https://math.kfupm.edu.sa/miscellaneous/exam,Calculus II — Midterm Exam (Term 231),https://math.kfupm.edu.sa/docs/default-source/default-document-library/math-102-231-recitation-midterm-v1.pdf,Exam,English,"Official KFUPM Department of Mathematics archive exam (MATH102 midterm exam, term 231). PDF retrieved and text extracted: English questions verified. Hosted on math.kfupm.edu.sa.",Free public web resource,HTTP 200 · verified 2026-08-24,yes
Saudi Arabia,EM,calculus;integrals;series,A,University exam archive,KFUPM Department of Mathematics exam archive,https://math.kfupm.edu.sa/miscellaneous/exam,Calculus II — Midterm Exam (Term 231),https://math.kfupm.edu.sa/docs/default-source/default-document-library/math-102-231-recitation-midterm-v2.pdf,Exam,English,"Official KFUPM Department of Mathematics archive exam (MATH102 midterm exam, term 231). PDF retrieved and text extracted: English questions verified. Hosted on math.kfupm.edu.sa.",Free public web resource,HTTP 200 · verified 2026-08-24,yes
Saudi Arabia,EM,calculus;limits;derivatives;integrals,A,University exam archive,KFUPM Department of Mathematics exam archive,https://math.kfupm.edu.sa/miscellaneous/exam,Calculus I — Final Exam (Term 211),https://math.kfupm.edu.sa/docs/default-source/default-document-library/math101-211-fx.pdf,Exam,English,"Official KFUPM Department of Mathematics archive exam (MATH101 final exam, term 211). PDF retrieved and text extracted: English questions verified. Hosted on math.kfupm.edu.sa.",Free public web resource,HTTP 200 · verified 2026-08-24,yes
Saudi Arabia,EM,calculus;limits;derivatives;integrals,A,University exam archive,KFUPM Department of Mathematics exam archive,https://math.kfupm.edu.sa/miscellaneous/exam,Calculus I — Major Exam I (Term 212),https://math.kfupm.edu.sa/docs/default-source/default-document-library/math101-212-e1.pdf,Exam,English,"Official KFUPM Department of Mathematics archive exam (MATH101 major exam i, term 212). PDF retrieved and text extracted: English questions verified. Hosted on math.kfupm.edu.sa.",Free public web resource,HTTP 200 · verified 2026-08-24,yes
Saudi Arabia,EM,calculus;limits;derivatives;integrals,A,University exam archive,KFUPM Department of Mathematics exam archive,https://math.kfupm.edu.sa/miscellaneous/exam,Calculus I — Major Exam II (Term 212),https://math.kfupm.edu.sa/docs/default-source/default-document-library/math101-212-e2.pdf,Exam,English,"Official KFUPM Department of Mathematics archive exam (MATH101 major exam ii, term 212). PDF retrieved and text extracted: English questions verified. Hosted on math.kfupm.edu.sa.",Free public web resource,HTTP 200 · verified 2026-08-24,yes
Saudi Arabia,EM,calculus;limits;derivatives;integrals,A,University exam archive,KFUPM Department of Mathematics exam archive,https://math.kfupm.edu.sa/miscellaneous/exam,Calculus I — Final Exam (Term 212),https://math.kfupm.edu.sa/docs/default-source/default-document-library/math101-212-fx.pdf,Exam,English,"Official KFUPM Department of Mathematics archive exam (MATH101 final exam, term 212). PDF retrieved and text extracted: English questions verified. Hosted on math.kfupm.edu.sa.",Free public web resource,HTTP 200 · verified 2026-08-24,yes
Saudi Arabia,EM,calculus;limits;derivatives;integrals,A,University exam archive,KFUPM Department of Mathematics exam archive,https://math.kfupm.edu.sa/miscellaneous/exam,Calculus I — Major Exam I (Term 213),https://math.kfupm.edu.sa/docs/default-source/default-document-library/math101-213-e1.pdf,Exam,English,"Official KFUPM Department of Mathematics archive exam (MATH101 major exam i, term 213). PDF retrieved and text extracted: English questions verified. Hosted on math.kfupm.edu.sa.",Free public web resource,HTTP 200 · verified 2026-08-24,yes
Saudi Arabia,EM,calculus;limits;derivatives;integrals,A,University exam archive,KFUPM Department of Mathematics exam archive,https://math.kfupm.edu.sa/miscellaneous/exam,Calculus I — Major Exam II (Term 213),https://math.kfupm.edu.sa/docs/default-source/default-document-library/math101-213-e2.pdf,Exam,English,"Official KFUPM Department of Mathematics archive exam (MATH101 major exam ii, term 213). PDF retrieved and text extracted: English questions verified. Hosted on math.kfupm.edu.sa.",Free public web resource,HTTP 200 · verified 2026-08-24,yes
Saudi Arabia,EM,calculus;limits;derivatives;integrals,A,University exam archive,KFUPM Department of Mathematics exam archive,https://math.kfupm.edu.sa/miscellaneous/exam,Calculus I — Final Exam (Term 213),https://math.kfupm.edu.sa/docs/default-source/default-document-library/math101-213-fx.pdf,Exam,English,"Official KFUPM Department of Mathematics archive exam (MATH101 final exam, term 213). PDF retrieved and text extracted: English questions verified. Hosted on math.kfupm.edu.sa.",Free public web resource,HTTP 200 · verified 2026-08-24,yes
Saudi Arabia,EM,calculus;limits;derivatives;integrals,A,University exam archive,KFUPM Department of Mathematics exam archive,https://math.kfupm.edu.sa/miscellaneous/exam,Calculus I — Major Exam II (Term 221),https://math.kfupm.edu.sa/docs/default-source/default-document-library/math101-221-e2.pdf,Exam,English,"Official KFUPM Department of Mathematics archive exam (MATH101 major exam ii, term 221). PDF retrieved and text extracted: English questions verified. Hosted on math.kfupm.edu.sa.",Free public web resource,HTTP 200 · verified 2026-08-24,yes
Saudi Arabia,EM,calculus;limits;derivatives;integrals,A,University exam archive,KFUPM Department of Mathematics exam archive,https://math.kfupm.edu.sa/miscellaneous/exam,Calculus I — Major Exam I (Term 222),https://math.kfupm.edu.sa/docs/default-source/default-document-library/math101-222-ex1.pdf,Exam,English,"Official KFUPM Department of Mathematics archive exam (MATH101 major exam i, term 222). PDF retrieved and text extracted: English questions verified. Hosted on math.kfupm.edu.sa.",Free public web resource,HTTP 200 · verified 2026-08-24,yes
Saudi Arabia,EM,calculus;limits;derivatives;integrals,A,University exam archive,KFUPM Department of Mathematics exam archive,https://math.kfupm.edu.sa/miscellaneous/exam,Calculus I — Major Exam II (Term 222),https://math.kfupm.edu.sa/docs/default-source/default-document-library/math101-222-ex2.pdf,Exam,English,"Official KFUPM Department of Mathematics archive exam (MATH101 major exam ii, term 222). PDF retrieved and text extracted: English questions verified. Hosted on math.kfupm.edu.sa.",Free public web resource,HTTP 200 · verified 2026-08-24,yes
Saudi Arabia,EM,calculus;limits;derivatives;integrals,A,University exam archive,KFUPM Department of Mathematics exam archive,https://math.kfupm.edu.sa/miscellaneous/exam,Calculus I — Final Exam (Term 222),https://math.kfupm.edu.sa/docs/default-source/default-document-library/math101-222-fx.pdf,Exam,English,"Official KFUPM Department of Mathematics archive exam (MATH101 final exam, term 222). PDF retrieved and text extracted: English questions verified. Hosted on math.kfupm.edu.sa.",Free public web resource,HTTP 200 · verified 2026-08-24,yes
Saudi Arabia,EM,calculus;limits;derivatives;integrals,A,University exam archive,KFUPM Department of Mathematics exam archive,https://math.kfupm.edu.sa/miscellaneous/exam,Calculus I — Major Exam I (Term 223),https://math.kfupm.edu.sa/docs/default-source/default-document-library/math101-223-ex1.pdf,Exam,English,"Official KFUPM Department of Mathematics archive exam (MATH101 major exam i, term 223). PDF retrieved and text extracted: English questions verified. Hosted on math.kfupm.edu.sa.",Free public web resource,HTTP 200 · verified 2026-08-24,yes
Saudi Arabia,EM,calculus;limits;derivatives;integrals,A,University exam archive,KFUPM Department of Mathematics exam archive,https://math.kfupm.edu.sa/miscellaneous/exam,Calculus I — Major Exam II (Term 223),https://math.kfupm.edu.sa/docs/default-source/default-document-library/math101-223-ex2.pdf,Exam,English,"Official KFUPM Department of Mathematics archive exam (MATH101 major exam ii, term 223). PDF retrieved and text extracted: English questions verified. Hosted on math.kfupm.edu.sa.",Free public web resource,HTTP 200 · verified 2026-08-24,yes
Saudi Arabia,EM,calculus;limits;derivatives;integrals,A,University exam archive,KFUPM Department of Mathematics exam archive,https://math.kfupm.edu.sa/miscellaneous/exam,Calculus I — Final Exam (Term 223),https://math.kfupm.edu.sa/docs/default-source/default-document-library/math101-223-fx.pdf,Exam,English,"Official KFUPM Department of Mathematics archive exam (MATH101 final exam, term 223). PDF retrieved and text extracted: English questions verified. Hosted on math.kfupm.edu.sa.",Free public web resource,HTTP 200 · verified 2026-08-24,yes
Saudi Arabia,EM,calculus;limits;derivatives;integrals,A,University exam archive,KFUPM Department of Mathematics exam archive,https://math.kfupm.edu.sa/miscellaneous/exam,Calculus I — Major Exam I (Term 231),https://math.kfupm.edu.sa/docs/default-source/default-document-library/math101-231-ex1.pdf,Exam,English,"Official KFUPM Department of Mathematics archive exam (MATH101 major exam i, term 231). PDF retrieved and text extracted: English questions verified. Hosted on math.kfupm.edu.sa.",Free public web resource,HTTP 200 · verified 2026-08-24,yes
Saudi Arabia,EM,calculus;limits;derivatives;integrals,A,University exam archive,KFUPM Department of Mathematics exam archive,https://math.kfupm.edu.sa/miscellaneous/exam,Calculus I — Major Exam II (Term 231),https://math.kfupm.edu.sa/docs/default-source/default-document-library/math101-231-ex2.pdf,Exam,English,"Official KFUPM Department of Mathematics archive exam (MATH101 major exam ii, term 231). PDF retrieved and text extracted: English questions verified. Hosted on math.kfupm.edu.sa.",Free public web resource,HTTP 200 · verified 2026-08-24,yes
Saudi Arabia,EM,calculus;limits;derivatives;integrals,A,University exam archive,KFUPM Department of Mathematics exam archive,https://math.kfupm.edu.sa/miscellaneous/exam,Calculus I — Final Exam (Term 231),https://math.kfupm.edu.sa/docs/default-source/default-document-library/math101-231-fx.pdf,Exam,English,"Official KFUPM Department of Mathematics archive exam (MATH101 final exam, term 231). PDF retrieved and text extracted: English questions verified. Hosted on math.kfupm.edu.sa.",Free public web resource,HTTP 200 · verified 2026-08-24,yes
Saudi Arabia,EM,calculus;limits;derivatives;integrals,A,University exam archive,KFUPM Department of Mathematics exam archive,https://math.kfupm.edu.sa/miscellaneous/exam,Calculus I — Major Exam I (Term 233),https://math.kfupm.edu.sa/docs/default-source/default-document-library/math101-233-e1.pdf,Exam,English,"Official KFUPM Department of Mathematics archive exam (MATH101 major exam i, term 233). PDF retrieved and text extracted: English questions verified. Hosted on math.kfupm.edu.sa.",Free public web resource,HTTP 200 · verified 2026-08-24,yes
Saudi Arabia,EM,calculus;limits;derivatives;integrals,A,University exam archive,KFUPM Department of Mathematics exam archive,https://math.kfupm.edu.sa/miscellaneous/exam,Calculus I — Major Exam II (Term 233),https://math.kfupm.edu.sa/docs/default-source/default-document-library/math101-233-e2.pdf,Exam,English,"Official KFUPM Department of Mathematics archive exam (MATH101 major exam ii, term 233). PDF retrieved and text extracted: English questions verified. Hosted on math.kfupm.edu.sa.",Free public web resource,HTTP 200 · verified 2026-08-24,yes
Saudi Arabia,EM,calculus;limits;derivatives;integrals,A,University exam archive,KFUPM Department of Mathematics exam archive,https://math.kfupm.edu.sa/miscellaneous/exam,Calculus I — Final Exam (Term 233),https://math.kfupm.edu.sa/docs/default-source/default-document-library/math101-233-fx.pdf,Exam,English,"Official KFUPM Department of Mathematics archive exam (MATH101 final exam, term 233). PDF retrieved and text extracted: English questions verified. Hosted on math.kfupm.edu.sa.",Free public web resource,HTTP 200 · verified 2026-08-24,yes
Saudi Arabia,EM,calculus;limits;derivatives;integrals,A,University exam archive,KFUPM Department of Mathematics exam archive,https://math.kfupm.edu.sa/miscellaneous/exam,Calculus I — Major Exam I (Term 241),https://math.kfupm.edu.sa/docs/default-source/default-document-library/math101-241-e1.pdf,Exam,English,"Official KFUPM Department of Mathematics archive exam (MATH101 major exam i, term 241). PDF retrieved and text extracted: English questions verified. Hosted on math.kfupm.edu.sa.",Free public web resource,HTTP 200 · verified 2026-08-24,yes
Saudi Arabia,EM,calculus;limits;derivatives;integrals,A,University exam archive,KFUPM Department of Mathematics exam archive,https://math.kfupm.edu.sa/miscellaneous/exam,Calculus I — Exam (Term 241),https://math.kfupm.edu.sa/docs/default-source/default-document-library/math101-241-e24a0308a0-84e1-40f7-bb4f-707407a1fa6b.pdf,Exam,English,"Official KFUPM Department of Mathematics archive exam (MATH101 exam, term 241). PDF retrieved and text extracted: English questions verified. Hosted on math.kfupm.edu.sa.",Free public web resource,HTTP 200 · verified 2026-08-24,yes
Saudi Arabia,EM,calculus;limits;derivatives;integrals,A,University exam archive,KFUPM Department of Mathematics exam archive,https://math.kfupm.edu.sa/miscellaneous/exam,Calculus I — Exam (Term 241),https://math.kfupm.edu.sa/docs/default-source/default-document-library/math101-241-fx2dc879e4-87ec-45b8-9b15-6d1665b0576a.pdf,Exam,English,"Official KFUPM Department of Mathematics archive exam (MATH101 exam, term 241). PDF retrieved and text extracted: English questions verified. Hosted on math.kfupm.edu.sa.",Free public web resource,HTTP 200 · verified 2026-08-24,yes
Saudi Arabia,EM,calculus;limits;derivatives;integrals,A,University exam archive,KFUPM Department of Mathematics exam archive,https://math.kfupm.edu.sa/miscellaneous/exam,Calculus I — Major Exam I (Term 242),https://math.kfupm.edu.sa/docs/default-source/default-document-library/math101-242-e1.pdf,Exam,English,"Official KFUPM Department of Mathematics archive exam (MATH101 major exam i, term 242). PDF retrieved and text extracted: English questions verified. Hosted on math.kfupm.edu.sa.",Free public web resource,HTTP 200 · verified 2026-08-24,yes
Saudi Arabia,EM,calculus;limits;derivatives;integrals,A,University exam archive,KFUPM Department of Mathematics exam archive,https://math.kfupm.edu.sa/miscellaneous/exam,Calculus I — Major Exam II (Term 242),https://math.kfupm.edu.sa/docs/default-source/default-document-library/math101-242-e2.pdf,Exam,English,"Official KFUPM Department of Mathematics archive exam (MATH101 major exam ii, term 242). PDF retrieved and text extracted: English questions verified. Hosted on math.kfupm.edu.sa.",Free public web resource,HTTP 200 · verified 2026-08-24,yes
Saudi Arabia,EM,calculus;limits;derivatives;integrals,A,University exam archive,KFUPM Department of Mathematics exam archive,https://math.kfupm.edu.sa/miscellaneous/exam,Calculus I — Final Exam (Term 242),https://math.kfupm.edu.sa/docs/default-source/default-document-library/math101-242-fx.pdf,Exam,English,"Official KFUPM Department of Mathematics archive exam (MATH101 final exam, term 242). PDF retrieved and text extracted: English questions verified. Hosted on math.kfupm.edu.sa.",Free public web resource,HTTP 200 · verified 2026-08-24,yes
Saudi Arabia,EM,calculus;limits;derivatives;integrals,A,University exam archive,KFUPM Department of Mathematics exam archive,https://math.kfupm.edu.sa/miscellaneous/exam,Calculus I — Major Exam I (Term 243),https://math.kfupm.edu.sa/docs/default-source/default-document-library/math101-243-e1.pdf,Exam,English,"Official KFUPM Department of Mathematics archive exam (MATH101 major exam i, term 243). PDF retrieved and text extracted: English questions verified. Hosted on math.kfupm.edu.sa.",Free public web resource,HTTP 200 · verified 2026-08-24,yes
Saudi Arabia,EM,calculus;limits;derivatives;integrals,A,University exam archive,KFUPM Department of Mathematics exam archive,https://math.kfupm.edu.sa/miscellaneous/exam,Calculus I — Major Exam II (Term 243),https://math.kfupm.edu.sa/docs/default-source/default-document-library/math101-243-e2.pdf,Exam,English,"Official KFUPM Department of Mathematics archive exam (MATH101 major exam ii, term 243). PDF retrieved and text extracted: English questions verified. Hosted on math.kfupm.edu.sa.",Free public web resource,HTTP 200 · verified 2026-08-24,yes
Saudi Arabia,EM,calculus;limits;derivatives;integrals,A,University exam archive,KFUPM Department of Mathematics exam archive,https://math.kfupm.edu.sa/miscellaneous/exam,Calculus I — Final Exam (Term 243),https://math.kfupm.edu.sa/docs/default-source/default-document-library/math101-243-fx.pdf,Exam,English,"Official KFUPM Department of Mathematics archive exam (MATH101 final exam, term 243). PDF retrieved and text extracted: English questions verified. Hosted on math.kfupm.edu.sa.",Free public web resource,HTTP 200 · verified 2026-08-24,yes
Saudi Arabia,EM,calculus;limits;derivatives;integrals,A,University exam archive,KFUPM Department of Mathematics exam archive,https://math.kfupm.edu.sa/miscellaneous/exam,Calculus I — Final Exam (Term 251),https://math.kfupm.edu.sa/docs/default-source/default-document-library/math101-251-fx.pdf,Exam,English,"Official KFUPM Department of Mathematics archive exam (MATH101 final exam, term 251). PDF retrieved and text extracted: English questions verified. Hosted on math.kfupm.edu.sa.",Free public web resource,HTTP 200 · verified 2026-08-24,yes
Saudi Arabia,EM,calculus;integrals;series,A,University exam archive,KFUPM Department of Mathematics exam archive,https://math.kfupm.edu.sa/miscellaneous/exam,Calculus II — Major Exam I (Term 211),https://math.kfupm.edu.sa/docs/default-source/default-document-library/math102-211--e1.pdf,Exam,English,"Official KFUPM Department of Mathematics archive exam (MATH102 major exam i, term 211). PDF retrieved and text extracted: English questions verified. Hosted on math.kfupm.edu.sa.",Free public web resource,HTTP 200 · verified 2026-08-24,yes
Saudi Arabia,EM,calculus;integrals;series,A,University exam archive,KFUPM Department of Mathematics exam archive,https://math.kfupm.edu.sa/miscellaneous/exam,Calculus II — Major Exam II (Term 211),https://math.kfupm.edu.sa/docs/default-source/default-document-library/math102-211-e2.pdf,Exam,English,"Official KFUPM Department of Mathematics archive exam (MATH102 major exam ii, term 211). PDF retrieved and text extracted: English questions verified. Hosted on math.kfupm.edu.sa.",Free public web resource,HTTP 200 · verified 2026-08-24,yes
Saudi Arabia,EM,calculus;integrals;series,A,University exam archive,KFUPM Department of Mathematics exam archive,https://math.kfupm.edu.sa/miscellaneous/exam,Calculus II — Final Exam (Term 211),https://math.kfupm.edu.sa/docs/default-source/default-document-library/math102-211-fx.pdf,Exam,English,"Official KFUPM Department of Mathematics archive exam (MATH102 final exam, term 211). PDF retrieved and text extracted: English questions verified. Hosted on math.kfupm.edu.sa.",Free public web resource,HTTP 200 · verified 2026-08-24,yes
Saudi Arabia,EM,calculus;integrals;series,A,University exam archive,KFUPM Department of Mathematics exam archive,https://math.kfupm.edu.sa/miscellaneous/exam,Calculus II — Major Exam I (Term 212),https://math.kfupm.edu.sa/docs/default-source/default-document-library/math102-212-e1.pdf,Exam,English,"Official KFUPM Department of Mathematics archive exam (MATH102 major exam i, term 212). PDF retrieved and text extracted: English questions verified. Hosted on math.kfupm.edu.sa.",Free public web resource,HTTP 200 · verified 2026-08-24,yes
Saudi Arabia,EM,calculus;integrals;series,A,University exam archive,KFUPM Department of Mathematics exam archive,https://math.kfupm.edu.sa/miscellaneous/exam,Calculus II — Major Exam II (Term 212),https://math.kfupm.edu.sa/docs/default-source/default-document-library/math102-212-e2.pdf,Exam,English,"Official KFUPM Department of Mathematics archive exam (MATH102 major exam ii, term 212). PDF retrieved and text extracted: English questions verified. Hosted on math.kfupm.edu.sa.",Free public web resource,HTTP 200 · verified 2026-08-24,yes
Saudi Arabia,EM,calculus;integrals;series,A,University exam archive,KFUPM Department of Mathematics exam archive,https://math.kfupm.edu.sa/miscellaneous/exam,Calculus II — Final Exam (Term 212),https://math.kfupm.edu.sa/docs/default-source/default-document-library/math102-212-fx.pdf,Exam,English,"Official KFUPM Department of Mathematics archive exam (MATH102 final exam, term 212). PDF retrieved and text extracted: English questions verified. Hosted on math.kfupm.edu.sa.",Free public web resource,HTTP 200 · verified 2026-08-24,yes
Saudi Arabia,EM,calculus;integrals;series,A,University exam archive,KFUPM Department of Mathematics exam archive,https://math.kfupm.edu.sa/miscellaneous/exam,Calculus II — Major Exam I (Term 213),https://math.kfupm.edu.sa/docs/default-source/default-document-library/math102-213-e1.pdf,Exam,English,"Official KFUPM Department of Mathematics archive exam (MATH102 major exam i, term 213). PDF retrieved and text extracted: English questions verified. Hosted on math.kfupm.edu.sa.",Free public web resource,HTTP 200 · verified 2026-08-24,yes
Saudi Arabia,EM,calculus;integrals;series,A,University exam archive,KFUPM Department of Mathematics exam archive,https://math.kfupm.edu.sa/miscellaneous/exam,Calculus II — Major Exam II (Term 213),https://math.kfupm.edu.sa/docs/default-source/default-document-library/math102-213-e2.pdf,Exam,English,"Official KFUPM Department of Mathematics archive exam (MATH102 major exam ii, term 213). PDF retrieved and text extracted: English questions verified. Hosted on math.kfupm.edu.sa.",Free public web resource,HTTP 200 · verified 2026-08-24,yes
Saudi Arabia,EM,calculus;integrals;series,A,University exam archive,KFUPM Department of Mathematics exam archive,https://math.kfupm.edu.sa/miscellaneous/exam,Calculus II — Final Exam (Term 213),https://math.kfupm.edu.sa/docs/default-source/default-document-library/math102-213-fx.pdf,Exam,English,"Official KFUPM Department of Mathematics archive exam (MATH102 final exam, term 213). PDF retrieved and text extracted: English questions verified. Hosted on math.kfupm.edu.sa.",Free public web resource,HTTP 200 · verified 2026-08-24,yes
Saudi Arabia,EM,calculus;integrals;series,A,University exam archive,KFUPM Department of Mathematics exam archive,https://math.kfupm.edu.sa/miscellaneous/exam,Calculus II — Major Exam I (Term 221),https://math.kfupm.edu.sa/docs/default-source/default-document-library/math102-221-e1.pdf,Exam,English,"Official KFUPM Department of Mathematics archive exam (MATH102 major exam i, term 221). PDF retrieved and text extracted: English questions verified. Hosted on math.kfupm.edu.sa.",Free public web resource,HTTP 200 · verified 2026-08-24,yes
Saudi Arabia,EM,calculus;integrals;series,A,University exam archive,KFUPM Department of Mathematics exam archive,https://math.kfupm.edu.sa/miscellaneous/exam,Calculus II — Major Exam II (Term 221),https://math.kfupm.edu.sa/docs/default-source/default-document-library/math102-221-e2.pdf,Exam,English,"Official KFUPM Department of Mathematics archive exam (MATH102 major exam ii, term 221). PDF retrieved and text extracted: English questions verified. Hosted on math.kfupm.edu.sa.",Free public web resource,HTTP 200 · verified 2026-08-24,yes
Saudi Arabia,EM,calculus;integrals;series,A,University exam archive,KFUPM Department of Mathematics exam archive,https://math.kfupm.edu.sa/miscellaneous/exam,Calculus II — Major Exam I (Term 222),https://math.kfupm.edu.sa/docs/default-source/default-document-library/math102-222-ex1.pdf,Exam,English,"Official KFUPM Department of Mathematics archive exam (MATH102 major exam i, term 222). PDF retrieved and text extracted: English questions verified. Hosted on math.kfupm.edu.sa.",Free public web resource,HTTP 200 · verified 2026-08-24,yes
Saudi Arabia,EM,calculus;integrals;series,A,University exam archive,KFUPM Department of Mathematics exam archive,https://math.kfupm.edu.sa/miscellaneous/exam,Calculus II — Major Exam II (Term 222),https://math.kfupm.edu.sa/docs/default-source/default-document-library/math102-222-ex2.pdf,Exam,English,"Official KFUPM Department of Mathematics archive exam (MATH102 major exam ii, term 222). PDF retrieved and text extracted: English questions verified. Hosted on math.kfupm.edu.sa.",Free public web resource,HTTP 200 · verified 2026-08-24,yes
Saudi Arabia,EM,calculus;integrals;series,A,University exam archive,KFUPM Department of Mathematics exam archive,https://math.kfupm.edu.sa/miscellaneous/exam,Calculus II — Final Exam (Term 222),https://math.kfupm.edu.sa/docs/default-source/default-document-library/math102-222-fx.pdf,Exam,English,"Official KFUPM Department of Mathematics archive exam (MATH102 final exam, term 222). PDF retrieved and text extracted: English questions verified. Hosted on math.kfupm.edu.sa.",Free public web resource,HTTP 200 · verified 2026-08-24,yes
Saudi Arabia,EM,calculus;integrals;series,A,University exam archive,KFUPM Department of Mathematics exam archive,https://math.kfupm.edu.sa/miscellaneous/exam,Calculus II — Major Exam I (Term 223),https://math.kfupm.edu.sa/docs/default-source/default-document-library/math102-223-ex1.pdf,Exam,English,"Official KFUPM Department of Mathematics archive exam (MATH102 major exam i, term 223). PDF retrieved and text extracted: English questions verified. Hosted on math.kfupm.edu.sa.",Free public web resource,HTTP 200 · verified 2026-08-24,yes
Saudi Arabia,EM,calculus;integrals;series,A,University exam archive,KFUPM Department of Mathematics exam archive,https://math.kfupm.edu.sa/miscellaneous/exam,Calculus II — Major Exam II (Term 223),https://math.kfupm.edu.sa/docs/default-source/default-document-library/math102-223-ex2.pdf,Exam,English,"Official KFUPM Department of Mathematics archive exam (MATH102 major exam ii, term 223). PDF retrieved and text extracted: English questions verified. Hosted on math.kfupm.edu.sa.",Free public web resource,HTTP 200 · verified 2026-08-24,yes
Saudi Arabia,EM,calculus;integrals;series,A,University exam archive,KFUPM Department of Mathematics exam archive,https://math.kfupm.edu.sa/miscellaneous/exam,Calculus II — Final Exam (Term 223),https://math.kfupm.edu.sa/docs/default-source/default-document-library/math102-223-fx.pdf,Exam,English,"Official KFUPM Department of Mathematics archive exam (MATH102 final exam, term 223). PDF retrieved and text extracted: English questions verified. Hosted on math.kfupm.edu.sa.",Free public web resource,HTTP 200 · verified 2026-08-24,yes
Saudi Arabia,EM,calculus;integrals;series,A,University exam archive,KFUPM Department of Mathematics exam archive,https://math.kfupm.edu.sa/miscellaneous/exam,Calculus II — Major Exam I (Term 231),https://math.kfupm.edu.sa/docs/default-source/default-document-library/math102-231-ex1.pdf,Exam,English,"Official KFUPM Department of Mathematics archive exam (MATH102 major exam i, term 231). PDF retrieved and text extracted: English questions verified. Hosted on math.kfupm.edu.sa.",Free public web resource,HTTP 200 · verified 2026-08-24,yes
Saudi Arabia,EM,calculus;integrals;series,A,University exam archive,KFUPM Department of Mathematics exam archive,https://math.kfupm.edu.sa/miscellaneous/exam,Calculus II — Major Exam II (Term 231),https://math.kfupm.edu.sa/docs/default-source/default-document-library/math102-231-ex2.pdf,Exam,English,"Official KFUPM Department of Mathematics archive exam (MATH102 major exam ii, term 231). PDF retrieved and text extracted: English questions verified. Hosted on math.kfupm.edu.sa.",Free public web resource,HTTP 200 · verified 2026-08-24,yes
Saudi Arabia,EM,calculus;integrals;series,A,University exam archive,KFUPM Department of Mathematics exam archive,https://math.kfupm.edu.sa/miscellaneous/exam,Calculus II — Final Exam (Term 231),https://math.kfupm.edu.sa/docs/default-source/default-document-library/math102-231-fx.pdf,Exam,English,"Official KFUPM Department of Mathematics archive exam (MATH102 final exam, term 231). PDF retrieved and text extracted: English questions verified. Hosted on math.kfupm.edu.sa.",Free public web resource,HTTP 200 · verified 2026-08-24,yes
Saudi Arabia,EM,calculus;integrals;series,A,University exam archive,KFUPM Department of Mathematics exam archive,https://math.kfupm.edu.sa/miscellaneous/exam,Calculus II — Exam (Term 232),https://math.kfupm.edu.sa/docs/default-source/default-document-library/math102-232-e129fd6ff9-7097-433e-87df-2313c3ee451d.pdf,Exam,English,"Official KFUPM Department of Mathematics archive exam (MATH102 exam, term 232). PDF retrieved and text extracted: English questions verified. Hosted on math.kfupm.edu.sa.",Free public web resource,HTTP 200 · verified 2026-08-24,yes
Saudi Arabia,EM,calculus;integrals;series,A,University exam archive,KFUPM Department of Mathematics exam archive,https://math.kfupm.edu.sa/miscellaneous/exam,Calculus II — Major Exam II (Term 232),https://math.kfupm.edu.sa/docs/default-source/default-document-library/math102-232-e2.pdf,Exam,English,"Official KFUPM Department of Mathematics archive exam (MATH102 major exam ii, term 232). PDF retrieved and text extracted: English questions verified. Hosted on math.kfupm.edu.sa.",Free public web resource,HTTP 200 · verified 2026-08-24,yes
Saudi Arabia,EM,calculus;integrals;series,A,University exam archive,KFUPM Department of Mathematics exam archive,https://math.kfupm.edu.sa/miscellaneous/exam,Calculus II — Final Exam (Term 232),https://math.kfupm.edu.sa/docs/default-source/default-document-library/math102-232-fx.pdf,Exam,English,"Official KFUPM Department of Mathematics archive exam (MATH102 final exam, term 232). PDF retrieved and text extracted: English questions verified. Hosted on math.kfupm.edu.sa.",Free public web resource,HTTP 200 · verified 2026-08-24,yes
Saudi Arabia,EM,calculus;integrals;series,A,University exam archive,KFUPM Department of Mathematics exam archive,https://math.kfupm.edu.sa/miscellaneous/exam,Calculus II — Major Exam I (Term 241),https://math.kfupm.edu.sa/docs/default-source/default-document-library/math102-241-e1.pdf,Exam,English,"Official KFUPM Department of Mathematics archive exam (MATH102 major exam i, term 241). PDF retrieved and text extracted: English questions verified. Hosted on math.kfupm.edu.sa.",Free public web resource,HTTP 200 · verified 2026-08-24,yes
Saudi Arabia,EM,calculus;integrals;series,A,University exam archive,KFUPM Department of Mathematics exam archive,https://math.kfupm.edu.sa/miscellaneous/exam,Calculus II — Major Exam II (Term 241),https://math.kfupm.edu.sa/docs/default-source/default-document-library/math102-241-e2.pdf,Exam,English,"Official KFUPM Department of Mathematics archive exam (MATH102 major exam ii, term 241). PDF retrieved and text extracted: English questions verified. Hosted on math.kfupm.edu.sa.",Free public web resource,HTTP 200 · verified 2026-08-24,yes
Saudi Arabia,EM,calculus;integrals;series,A,University exam archive,KFUPM Department of Mathematics exam archive,https://math.kfupm.edu.sa/miscellaneous/exam,Calculus II — Final Exam (Term 241),https://math.kfupm.edu.sa/docs/default-source/default-document-library/math102-241-fx.pdf,Exam,English,"Official KFUPM Department of Mathematics archive exam (MATH102 final exam, term 241). PDF retrieved and text extracted: English questions verified. Hosted on math.kfupm.edu.sa.",Free public web resource,HTTP 200 · verified 2026-08-24,yes
Saudi Arabia,EM,calculus;integrals;series,A,University exam archive,KFUPM Department of Mathematics exam archive,https://math.kfupm.edu.sa/miscellaneous/exam,Calculus II — Major Exam I (Term 243),https://math.kfupm.edu.sa/docs/default-source/default-document-library/math102-243-e1.pdf,Exam,English,"Official KFUPM Department of Mathematics archive exam (MATH102 major exam i, term 243). PDF retrieved and text extracted: English questions verified. Hosted on math.kfupm.edu.sa.",Free public web resource,HTTP 200 · verified 2026-08-24,yes
Saudi Arabia,EM,calculus;integrals;series,A,University exam archive,KFUPM Department of Mathematics exam archive,https://math.kfupm.edu.sa/miscellaneous/exam,Calculus II — Major Exam II (Term 243),https://math.kfupm.edu.sa/docs/default-source/default-document-library/math102-243-e2.pdf,Exam,English,"Official KFUPM Department of Mathematics archive exam (MATH102 major exam ii, term 243). PDF retrieved and text extracted: English questions verified. Hosted on math.kfupm.edu.sa.",Free public web resource,HTTP 200 · verified 2026-08-24,yes
Saudi Arabia,EM,calculus;integrals;series,A,University exam archive,KFUPM Department of Mathematics exam archive,https://math.kfupm.edu.sa/miscellaneous/exam,Calculus II — Final Exam (Term 243),https://math.kfupm.edu.sa/docs/default-source/default-document-library/math102-243-fx.pdf,Exam,English,"Official KFUPM Department of Mathematics archive exam (MATH102 final exam, term 243). PDF retrieved and text extracted: English questions verified. Hosted on math.kfupm.edu.sa.",Free public web resource,HTTP 200 · verified 2026-08-24,yes
Saudi Arabia,EM,calculus;integrals;series,A,University exam archive,KFUPM Department of Mathematics exam archive,https://math.kfupm.edu.sa/miscellaneous/exam,Calculus II — Midterm Exam (Term 232),https://math.kfupm.edu.sa/docs/default-source/default-document-library/math102-lab-midterm232_version1.pdf,Exam,English,"Official KFUPM Department of Mathematics archive exam (MATH102 midterm exam, term 232). PDF retrieved and text extracted: English questions verified. Hosted on math.kfupm.edu.sa.",Free public web resource,HTTP 200 · verified 2026-08-24,yes
Saudi Arabia,EM,calculus;integrals;series,A,University exam archive,KFUPM Department of Mathematics exam archive,https://math.kfupm.edu.sa/miscellaneous/exam,Calculus II — Midterm Exam (Term 232),https://math.kfupm.edu.sa/docs/default-source/default-document-library/math102-lab-midterm232_version2.pdf,Exam,English,"Official KFUPM Department of Mathematics archive exam (MATH102 midterm exam, term 232). PDF retrieved and text extracted: English questions verified. Hosted on math.kfupm.edu.sa.",Free public web resource,HTTP 200 · verified 2026-08-24,yes
Saudi Arabia,EM,calculus;integrals;series,A,University exam archive,KFUPM Department of Mathematics exam archive,https://math.kfupm.edu.sa/miscellaneous/exam,Calculus II — Midterm Exam (Term 232),https://math.kfupm.edu.sa/docs/default-source/default-document-library/math102-lab-midterm232_version3.pdf,Exam,English,"Official KFUPM Department of Mathematics archive exam (MATH102 midterm exam, term 232). PDF retrieved and text extracted: English questions verified. Hosted on math.kfupm.edu.sa.",Free public web resource,HTTP 200 · verified 2026-08-24,yes
Saudi Arabia,EM,algebra;word problems;functions,A,University exam archive,KFUPM Department of Mathematics exam archive,https://math.kfupm.edu.sa/miscellaneous/exam,Precalculus and Algebra — Major Exam I (Term 211),https://math.kfupm.edu.sa/docs/default-source/default-document-library/math105-211-e1.pdf,Exam,English,"Official KFUPM Department of Mathematics archive exam (MATH105 major exam i, term 211). PDF retrieved and text extracted: English questions verified. Hosted on math.kfupm.edu.sa.",Free public web resource,HTTP 200 · verified 2026-08-24,yes
Saudi Arabia,EM,algebra;word problems;functions,A,University exam archive,KFUPM Department of Mathematics exam archive,https://math.kfupm.edu.sa/miscellaneous/exam,Precalculus and Algebra — Major Exam I (Term 213),https://math.kfupm.edu.sa/docs/default-source/default-document-library/math105-213-e1.pdf,Exam,English,"Official KFUPM Department of Mathematics archive exam (MATH105 major exam i, term 213). PDF retrieved and text extracted: English questions verified. Hosted on math.kfupm.edu.sa.",Free public web resource,HTTP 200 · verified 2026-08-24,yes
Saudi Arabia,EM,algebra;word problems;functions,A,University exam archive,KFUPM Department of Mathematics exam archive,https://math.kfupm.edu.sa/miscellaneous/exam,Precalculus and Algebra — Major Exam II (Term 213),https://math.kfupm.edu.sa/docs/default-source/default-document-library/math105-213-e2.pdf,Exam,English,"Official KFUPM Department of Mathematics archive exam (MATH105 major exam ii, term 213). PDF retrieved and text extracted: English questions verified. Hosted on math.kfupm.edu.sa.",Free public web resource,HTTP 200 · verified 2026-08-24,yes
Saudi Arabia,EM,algebra;word problems;functions,A,University exam archive,KFUPM Department of Mathematics exam archive,https://math.kfupm.edu.sa/miscellaneous/exam,Precalculus and Algebra — Final Exam (Term 213),https://math.kfupm.edu.sa/docs/default-source/default-document-library/math105-213-fx.pdf,Exam,English,"Official KFUPM Department of Mathematics archive exam (MATH105 final exam, term 213). PDF retrieved and text extracted: English questions verified. Hosted on math.kfupm.edu.sa.",Free public web resource,HTTP 200 · verified 2026-08-24,yes
Saudi Arabia,EM,algebra;word problems;functions,A,University exam archive,KFUPM Department of Mathematics exam archive,https://math.kfupm.edu.sa/miscellaneous/exam,Precalculus and Algebra — Major Exam I (Term 221),https://math.kfupm.edu.sa/docs/default-source/default-document-library/math105-221-e1.pdf,Exam,English,"Official KFUPM Department of Mathematics archive exam (MATH105 major exam i, term 221). PDF retrieved and text extracted: English questions verified. Hosted on math.kfupm.edu.sa.",Free public web resource,HTTP 200 · verified 2026-08-24,yes
Saudi Arabia,EM,algebra;word problems;functions,A,University exam archive,KFUPM Department of Mathematics exam archive,https://math.kfupm.edu.sa/miscellaneous/exam,Precalculus and Algebra — Major Exam II (Term 221),https://math.kfupm.edu.sa/docs/default-source/default-document-library/math105-221-e2.pdf,Exam,English,"Official KFUPM Department of Mathematics archive exam (MATH105 major exam ii, term 221). PDF retrieved and text extracted: English questions verified. Hosted on math.kfupm.edu.sa.",Free public web resource,HTTP 200 · verified 2026-08-24,yes
Saudi Arabia,EM,algebra;word problems;functions,A,University exam archive,KFUPM Department of Mathematics exam archive,https://math.kfupm.edu.sa/miscellaneous/exam,Precalculus and Algebra — Major Exam I (Term 222),https://math.kfupm.edu.sa/docs/default-source/default-document-library/math105-222-ex1.pdf,Exam,English,"Official KFUPM Department of Mathematics archive exam (MATH105 major exam i, term 222). PDF retrieved and text extracted: English questions verified. Hosted on math.kfupm.edu.sa.",Free public web resource,HTTP 200 · verified 2026-08-24,yes
Saudi Arabia,EM,algebra;word problems;functions,A,University exam archive,KFUPM Department of Mathematics exam archive,https://math.kfupm.edu.sa/miscellaneous/exam,Precalculus and Algebra — Major Exam II (Term 222),https://math.kfupm.edu.sa/docs/default-source/default-document-library/math105-222-ex2.pdf,Exam,English,"Official KFUPM Department of Mathematics archive exam (MATH105 major exam ii, term 222). PDF retrieved and text extracted: English questions verified. Hosted on math.kfupm.edu.sa.",Free public web resource,HTTP 200 · verified 2026-08-24,yes
Saudi Arabia,EM,algebra;word problems;functions,A,University exam archive,KFUPM Department of Mathematics exam archive,https://math.kfupm.edu.sa/miscellaneous/exam,Precalculus and Algebra — Major Exam I (Term 223),https://math.kfupm.edu.sa/docs/default-source/default-document-library/math105-223-ex1.pdf,Exam,English,"Official KFUPM Department of Mathematics archive exam (MATH105 major exam i, term 223). PDF retrieved and text extracted: English questions verified. Hosted on math.kfupm.edu.sa.",Free public web resource,HTTP 200 · verified 2026-08-24,yes
Saudi Arabia,EM,algebra;word problems;functions,A,University exam archive,KFUPM Department of Mathematics exam archive,https://math.kfupm.edu.sa/miscellaneous/exam,Precalculus and Algebra — Major Exam II (Term 223),https://math.kfupm.edu.sa/docs/default-source/default-document-library/math105-223-ex2.pdf,Exam,English,"Official KFUPM Department of Mathematics archive exam (MATH105 major exam ii, term 223). PDF retrieved and text extracted: English questions verified. Hosted on math.kfupm.edu.sa.",Free public web resource,HTTP 200 · verified 2026-08-24,yes
Saudi Arabia,EM,algebra;word problems;functions,A,University exam archive,KFUPM Department of Mathematics exam archive,https://math.kfupm.edu.sa/miscellaneous/exam,Precalculus and Algebra — Final Exam (Term 223),https://math.kfupm.edu.sa/docs/default-source/default-document-library/math105-223-fx.pdf,Exam,English,"Official KFUPM Department of Mathematics archive exam (MATH105 final exam, term 223). PDF retrieved and text extracted: English questions verified. Hosted on math.kfupm.edu.sa.",Free public web resource,HTTP 200 · verified 2026-08-24,yes
Saudi Arabia,EM,algebra;word problems;functions,A,University exam archive,KFUPM Department of Mathematics exam archive,https://math.kfupm.edu.sa/miscellaneous/exam,Precalculus and Algebra — Major Exam I (Term 242),https://math.kfupm.edu.sa/docs/default-source/default-document-library/math105-242-e1.pdf,Exam,English,"Official KFUPM Department of Mathematics archive exam (MATH105 major exam i, term 242). PDF retrieved and text extracted: English questions verified. Hosted on math.kfupm.edu.sa.",Free public web resource,HTTP 200 · verified 2026-08-24,yes
Saudi Arabia,EM,algebra;word problems;functions,A,University exam archive,KFUPM Department of Mathematics exam archive,https://math.kfupm.edu.sa/miscellaneous/exam,Precalculus and Algebra — Major Exam II (Term 242),https://math.kfupm.edu.sa/docs/default-source/default-document-library/math105-242-e2.pdf,Exam,English,"Official KFUPM Department of Mathematics archive exam (MATH105 major exam ii, term 242). PDF retrieved and text extracted: English questions verified. Hosted on math.kfupm.edu.sa.",Free public web resource,HTTP 200 · verified 2026-08-24,yes
Saudi Arabia,EM,calculus;limits;continuity,A,University exam archive,KFUPM Department of Mathematics exam archive,https://math.kfupm.edu.sa/miscellaneous/exam,Calculus Foundations — Major Exam I (Term 212),https://math.kfupm.edu.sa/docs/default-source/default-document-library/math106-212-e1.pdf,Exam,English,"Official KFUPM Department of Mathematics archive exam (MATH106 major exam i, term 212). PDF retrieved and text extracted: English questions verified. Hosted on math.kfupm.edu.sa.",Free public web resource,HTTP 200 · verified 2026-08-24,yes
Saudi Arabia,EM,calculus;limits;continuity,A,University exam archive,KFUPM Department of Mathematics exam archive,https://math.kfupm.edu.sa/miscellaneous/exam,Calculus Foundations — Major Exam II (Term 212),https://math.kfupm.edu.sa/docs/default-source/default-document-library/math106-212-e2.pdf,Exam,English,"Official KFUPM Department of Mathematics archive exam (MATH106 major exam ii, term 212). PDF retrieved and text extracted: English questions verified. Hosted on math.kfupm.edu.sa.",Free public web resource,HTTP 200 · verified 2026-08-24,yes
Saudi Arabia,EM,calculus;limits;continuity,A,University exam archive,KFUPM Department of Mathematics exam archive,https://math.kfupm.edu.sa/miscellaneous/exam,Calculus Foundations — Final Exam (Term 212),https://math.kfupm.edu.sa/docs/default-source/default-document-library/math106-212-fx.pdf,Exam,English,"Official KFUPM Department of Mathematics archive exam (MATH106 final exam, term 212). PDF retrieved and text extracted: English questions verified. Hosted on math.kfupm.edu.sa.",Free public web resource,HTTP 200 · verified 2026-08-24,yes
Saudi Arabia,EM,calculus;limits;continuity,A,University exam archive,KFUPM Department of Mathematics exam archive,https://math.kfupm.edu.sa/miscellaneous/exam,Calculus Foundations — Major Exam I (Term 213),https://math.kfupm.edu.sa/docs/default-source/default-document-library/math106-213-e1.pdf,Exam,English,"Official KFUPM Department of Mathematics archive exam (MATH106 major exam i, term 213). PDF retrieved and text extracted: English questions verified. Hosted on math.kfupm.edu.sa.",Free public web resource,HTTP 200 · verified 2026-08-24,yes
Saudi Arabia,EM,calculus;limits;continuity,A,University exam archive,KFUPM Department of Mathematics exam archive,https://math.kfupm.edu.sa/miscellaneous/exam,Calculus Foundations — Final Exam (Term 213),https://math.kfupm.edu.sa/docs/default-source/default-document-library/math106-213-fx.pdf,Exam,English,"Official KFUPM Department of Mathematics archive exam (MATH106 final exam, term 213). PDF retrieved and text extracted: English questions verified. Hosted on math.kfupm.edu.sa.",Free public web resource,HTTP 200 · verified 2026-08-24,yes
Saudi Arabia,EM,calculus;limits;continuity,A,University exam archive,KFUPM Department of Mathematics exam archive,https://math.kfupm.edu.sa/miscellaneous/exam,Calculus Foundations — Major Exam II (Term 221),https://math.kfupm.edu.sa/docs/default-source/default-document-library/math106-221-e2.pdf,Exam,English,"Official KFUPM Department of Mathematics archive exam (MATH106 major exam ii, term 221). PDF retrieved and text extracted: English questions verified. Hosted on math.kfupm.edu.sa.",Free public web resource,HTTP 200 · verified 2026-08-24,yes
Saudi Arabia,EM,calculus;limits;continuity,A,University exam archive,KFUPM Department of Mathematics exam archive,https://math.kfupm.edu.sa/miscellaneous/exam,Calculus Foundations — Final Exam (Term 221),https://math.kfupm.edu.sa/docs/default-source/default-document-library/math106-221-fx.pdf,Exam,English,"Official KFUPM Department of Mathematics archive exam (MATH106 final exam, term 221). PDF retrieved and text extracted: English questions verified. Hosted on math.kfupm.edu.sa.",Free public web resource,HTTP 200 · verified 2026-08-24,yes
Saudi Arabia,EM,calculus;limits;continuity,A,University exam archive,KFUPM Department of Mathematics exam archive,https://math.kfupm.edu.sa/miscellaneous/exam,Calculus Foundations — Major Exam II (Term 222),https://math.kfupm.edu.sa/docs/default-source/default-document-library/math106-222-ex2.pdf,Exam,English,"Official KFUPM Department of Mathematics archive exam (MATH106 major exam ii, term 222). PDF retrieved and text extracted: English questions verified. Hosted on math.kfupm.edu.sa.",Free public web resource,HTTP 200 · verified 2026-08-24,yes
Saudi Arabia,EM,calculus;limits;continuity,A,University exam archive,KFUPM Department of Mathematics exam archive,https://math.kfupm.edu.sa/miscellaneous/exam,Calculus Foundations — Major Exam I (Term 223),https://math.kfupm.edu.sa/docs/default-source/default-document-library/math106-223-ex1.pdf,Exam,English,"Official KFUPM Department of Mathematics archive exam (MATH106 major exam i, term 223). PDF retrieved and text extracted: English questions verified. Hosted on math.kfupm.edu.sa.",Free public web resource,HTTP 200 · verified 2026-08-24,yes
Saudi Arabia,EM,calculus;limits;continuity,A,University exam archive,KFUPM Department of Mathematics exam archive,https://math.kfupm.edu.sa/miscellaneous/exam,Calculus Foundations — Major Exam II (Term 223),https://math.kfupm.edu.sa/docs/default-source/default-document-library/math106-223-ex2.pdf,Exam,English,"Official KFUPM Department of Mathematics archive exam (MATH106 major exam ii, term 223). PDF retrieved and text extracted: English questions verified. Hosted on math.kfupm.edu.sa.",Free public web resource,HTTP 200 · verified 2026-08-24,yes
Saudi Arabia,EM,calculus;limits;continuity,A,University exam archive,KFUPM Department of Mathematics exam archive,https://math.kfupm.edu.sa/miscellaneous/exam,Calculus Foundations — Final Exam (Term 223),https://math.kfupm.edu.sa/docs/default-source/default-document-library/math106-223-fx.pdf,Exam,English,"Official KFUPM Department of Mathematics archive exam (MATH106 final exam, term 223). PDF retrieved and text extracted: English questions verified. Hosted on math.kfupm.edu.sa.",Free public web resource,HTTP 200 · verified 2026-08-24,yes
Saudi Arabia,EM,calculus;limits;continuity,A,University exam archive,KFUPM Department of Mathematics exam archive,https://math.kfupm.edu.sa/miscellaneous/exam,Calculus Foundations — Major Exam I (Term 231),https://math.kfupm.edu.sa/docs/default-source/default-document-library/math106-231-ex1.pdf,Exam,English,"Official KFUPM Department of Mathematics archive exam (MATH106 major exam i, term 231). PDF retrieved and text extracted: English questions verified. Hosted on math.kfupm.edu.sa.",Free public web resource,HTTP 200 · verified 2026-08-24,yes
Saudi Arabia,EM,calculus;limits;continuity,A,University exam archive,KFUPM Department of Mathematics exam archive,https://math.kfupm.edu.sa/miscellaneous/exam,Calculus Foundations — Major Exam II (Term 231),https://math.kfupm.edu.sa/docs/default-source/default-document-library/math106-231-ex2.pdf,Exam,English,"Official KFUPM Department of Mathematics archive exam (MATH106 major exam ii, term 231). PDF retrieved and text extracted: English questions verified. Hosted on math.kfupm.edu.sa.",Free public web resource,HTTP 200 · verified 2026-08-24,yes
Saudi Arabia,EM,calculus;limits;continuity,A,University exam archive,KFUPM Department of Mathematics exam archive,https://math.kfupm.edu.sa/miscellaneous/exam,Calculus Foundations — Final Exam (Term 231),https://math.kfupm.edu.sa/docs/default-source/default-document-library/math106-231-fx.pdf,Exam,English,"Official KFUPM Department of Mathematics archive exam (MATH106 final exam, term 231). PDF retrieved and text extracted: English questions verified. Hosted on math.kfupm.edu.sa.",Free public web resource,HTTP 200 · verified 2026-08-24,yes
Saudi Arabia,EM,calculus;limits;continuity,A,University exam archive,KFUPM Department of Mathematics exam archive,https://math.kfupm.edu.sa/miscellaneous/exam,Calculus Foundations — Major Exam I (Term 232),https://math.kfupm.edu.sa/docs/default-source/default-document-library/math106-232-e1.pdf,Exam,English,"Official KFUPM Department of Mathematics archive exam (MATH106 major exam i, term 232). PDF retrieved and text extracted: English questions verified. Hosted on math.kfupm.edu.sa.",Free public web resource,HTTP 200 · verified 2026-08-24,yes
Saudi Arabia,EM,calculus;limits;continuity,A,University exam archive,KFUPM Department of Mathematics exam archive,https://math.kfupm.edu.sa/miscellaneous/exam,Calculus Foundations — Major Exam II (Term 232),https://math.kfupm.edu.sa/docs/default-source/default-document-library/math106-232-e2.pdf,Exam,English,"Official KFUPM Department of Mathematics archive exam (MATH106 major exam ii, term 232). PDF retrieved and text extracted: English questions verified. Hosted on math.kfupm.edu.sa.",Free public web resource,HTTP 200 · verified 2026-08-24,yes
Saudi Arabia,EM,calculus;limits;continuity,A,University exam archive,KFUPM Department of Mathematics exam archive,https://math.kfupm.edu.sa/miscellaneous/exam,Calculus Foundations — Final Exam (Term 232),https://math.kfupm.edu.sa/docs/default-source/default-document-library/math106-232-fx.pdf,Exam,English,"Official KFUPM Department of Mathematics archive exam (MATH106 final exam, term 232). PDF retrieved and text extracted: English questions verified. Hosted on math.kfupm.edu.sa.",Free public web resource,HTTP 200 · verified 2026-08-24,yes
Saudi Arabia,EM,calculus;limits;continuity,A,University exam archive,KFUPM Department of Mathematics exam archive,https://math.kfupm.edu.sa/miscellaneous/exam,Calculus Foundations — Major Exam I (Term 241),https://math.kfupm.edu.sa/docs/default-source/default-document-library/math106-241-e1.pdf,Exam,English,"Official KFUPM Department of Mathematics archive exam (MATH106 major exam i, term 241). PDF retrieved and text extracted: English questions verified. Hosted on math.kfupm.edu.sa.",Free public web resource,HTTP 200 · verified 2026-08-24,yes
Saudi Arabia,EM,calculus;limits;continuity,A,University exam archive,KFUPM Department of Mathematics exam archive,https://math.kfupm.edu.sa/miscellaneous/exam,Calculus Foundations — Major Exam II (Term 241),https://math.kfupm.edu.sa/docs/default-source/default-document-library/math106-241-e2.pdf,Exam,English,"Official KFUPM Department of Mathematics archive exam (MATH106 major exam ii, term 241). PDF retrieved and text extracted: English questions verified. Hosted on math.kfupm.edu.sa.",Free public web resource,HTTP 200 · verified 2026-08-24,yes
Saudi Arabia,EM,calculus;limits;continuity,A,University exam archive,KFUPM Department of Mathematics exam archive,https://math.kfupm.edu.sa/miscellaneous/exam,Calculus Foundations — Final Exam (Term 241),https://math.kfupm.edu.sa/docs/default-source/default-document-library/math106-241-fx.pdf,Exam,English,"Official KFUPM Department of Mathematics archive exam (MATH106 final exam, term 241). PDF retrieved and text extracted: English questions verified. Hosted on math.kfupm.edu.sa.",Free public web resource,HTTP 200 · verified 2026-08-24,yes
Saudi Arabia,EM,calculus;limits;continuity,A,University exam archive,KFUPM Department of Mathematics exam archive,https://math.kfupm.edu.sa/miscellaneous/exam,Calculus Foundations — Major Exam I (Term 251),https://math.kfupm.edu.sa/docs/default-source/default-document-library/math106-251-e1.pdf,Exam,English,"Official KFUPM Department of Mathematics archive exam (MATH106 major exam i, term 251). PDF retrieved and text extracted: English questions verified. Hosted on math.kfupm.edu.sa.",Free public web resource,HTTP 200 · verified 2026-08-24,yes
Saudi Arabia,EM,calculus;limits;continuity,A,University exam archive,KFUPM Department of Mathematics exam archive,https://math.kfupm.edu.sa/miscellaneous/exam,Calculus Foundations — Major Exam II (Term 251),https://math.kfupm.edu.sa/docs/default-source/default-document-library/math106-251-e2.pdf,Exam,English,"Official KFUPM Department of Mathematics archive exam (MATH106 major exam ii, term 251). PDF retrieved and text extracted: English questions verified. Hosted on math.kfupm.edu.sa.",Free public web resource,HTTP 200 · verified 2026-08-24,yes
Saudi Arabia,EM,calculus;parametric curves;multivariable,A,University exam archive,KFUPM Department of Mathematics exam archive,https://math.kfupm.edu.sa/miscellaneous/exam,Calculus III — Major Exam I (Term 211),https://math.kfupm.edu.sa/docs/default-source/default-document-library/math201-211-e1.pdf,Exam,English,"Official KFUPM Department of Mathematics archive exam (MATH201 major exam i, term 211). PDF retrieved and text extracted: English questions verified. Hosted on math.kfupm.edu.sa.",Free public web resource,HTTP 200 · verified 2026-08-24,yes
Saudi Arabia,EM,calculus;parametric curves;multivariable,A,University exam archive,KFUPM Department of Mathematics exam archive,https://math.kfupm.edu.sa/miscellaneous/exam,Calculus III — Major Exam II (Term 211),https://math.kfupm.edu.sa/docs/default-source/default-document-library/math201-211-e2.pdf,Exam,English,"Official KFUPM Department of Mathematics archive exam (MATH201 major exam ii, term 211). PDF retrieved and text extracted: English questions verified. Hosted on math.kfupm.edu.sa.",Free public web resource,HTTP 200 · verified 2026-08-24,yes
Saudi Arabia,EM,calculus;parametric curves;multivariable,A,University exam archive,KFUPM Department of Mathematics exam archive,https://math.kfupm.edu.sa/miscellaneous/exam,Calculus III — Final Exam (Term 211),https://math.kfupm.edu.sa/docs/default-source/default-document-library/math201-211-fx.pdf,Exam,English,"Official KFUPM Department of Mathematics archive exam (MATH201 final exam, term 211). PDF retrieved and text extracted: English questions verified. Hosted on math.kfupm.edu.sa.",Free public web resource,HTTP 200 · verified 2026-08-24,yes
Saudi Arabia,EM,calculus;parametric curves;multivariable,A,University exam archive,KFUPM Department of Mathematics exam archive,https://math.kfupm.edu.sa/miscellaneous/exam,Calculus III — Major Exam I (Term 212),https://math.kfupm.edu.sa/docs/default-source/default-document-library/math201-212-e1.pdf,Exam,English,"Official KFUPM Department of Mathematics archive exam (MATH201 major exam i, term 212). PDF retrieved and text extracted: English questions verified. Hosted on math.kfupm.edu.sa.",Free public web resource,HTTP 200 · verified 2026-08-24,yes
Saudi Arabia,EM,calculus;parametric curves;multivariable,A,University exam archive,KFUPM Department of Mathematics exam archive,https://math.kfupm.edu.sa/miscellaneous/exam,Calculus III — Major Exam II (Term 212),https://math.kfupm.edu.sa/docs/default-source/default-document-library/math201-212-e2.pdf,Exam,English,"Official KFUPM Department of Mathematics archive exam (MATH201 major exam ii, term 212). PDF retrieved and text extracted: English questions verified. Hosted on math.kfupm.edu.sa.",Free public web resource,HTTP 200 · verified 2026-08-24,yes
Saudi Arabia,EM,calculus;parametric curves;multivariable,A,University exam archive,KFUPM Department of Mathematics exam archive,https://math.kfupm.edu.sa/miscellaneous/exam,Calculus III — Final Exam (Term 212),https://math.kfupm.edu.sa/docs/default-source/default-document-library/math201-212-fx.pdf,Exam,English,"Official KFUPM Department of Mathematics archive exam (MATH201 final exam, term 212). PDF retrieved and text extracted: English questions verified. Hosted on math.kfupm.edu.sa.",Free public web resource,HTTP 200 · verified 2026-08-24,yes
Saudi Arabia,EM,calculus;parametric curves;multivariable,A,University exam archive,KFUPM Department of Mathematics exam archive,https://math.kfupm.edu.sa/miscellaneous/exam,Calculus III — Major Exam I (Term 213),https://math.kfupm.edu.sa/docs/default-source/default-document-library/math201-213-e1.pdf,Exam,English,"Official KFUPM Department of Mathematics archive exam (MATH201 major exam i, term 213). PDF retrieved and text extracted: English questions verified. Hosted on math.kfupm.edu.sa.",Free public web resource,HTTP 200 · verified 2026-08-24,yes
Saudi Arabia,EM,calculus;parametric curves;multivariable,A,University exam archive,KFUPM Department of Mathematics exam archive,https://math.kfupm.edu.sa/miscellaneous/exam,Calculus III — Major Exam II (Term 213),https://math.kfupm.edu.sa/docs/default-source/default-document-library/math201-213-e2.pdf,Exam,English,"Official KFUPM Department of Mathematics archive exam (MATH201 major exam ii, term 213). PDF retrieved and text extracted: English questions verified. Hosted on math.kfupm.edu.sa.",Free public web resource,HTTP 200 · verified 2026-08-24,yes
Saudi Arabia,EM,calculus;parametric curves;multivariable,A,University exam archive,KFUPM Department of Mathematics exam archive,https://math.kfupm.edu.sa/miscellaneous/exam,Calculus III — Final Exam (Term 213),https://math.kfupm.edu.sa/docs/default-source/default-document-library/math201-213-fx.pdf,Exam,English,"Official KFUPM Department of Mathematics archive exam (MATH201 final exam, term 213). PDF retrieved and text extracted: English questions verified. Hosted on math.kfupm.edu.sa.",Free public web resource,HTTP 200 · verified 2026-08-24,yes
Saudi Arabia,EM,calculus;parametric curves;multivariable,A,University exam archive,KFUPM Department of Mathematics exam archive,https://math.kfupm.edu.sa/miscellaneous/exam,Calculus III — Major Exam I (Term 221),https://math.kfupm.edu.sa/docs/default-source/default-document-library/math201-221-e1.pdf,Exam,English,"Official KFUPM Department of Mathematics archive exam (MATH201 major exam i, term 221). PDF retrieved and text extracted: English questions verified. Hosted on math.kfupm.edu.sa.",Free public web resource,HTTP 200 · verified 2026-08-24,yes
Saudi Arabia,EM,calculus;parametric curves;multivariable,A,University exam archive,KFUPM Department of Mathematics exam archive,https://math.kfupm.edu.sa/miscellaneous/exam,Calculus III — Major Exam II (Term 221),https://math.kfupm.edu.sa/docs/default-source/default-document-library/math201-221-e2.pdf,Exam,English,"Official KFUPM Department of Mathematics archive exam (MATH201 major exam ii, term 221). PDF retrieved and text extracted: English questions verified. Hosted on math.kfupm.edu.sa.",Free public web resource,HTTP 200 · verified 2026-08-24,yes
Saudi Arabia,EM,calculus;parametric curves;multivariable,A,University exam archive,KFUPM Department of Mathematics exam archive,https://math.kfupm.edu.sa/miscellaneous/exam,Calculus III — Final Exam (Term 221),https://math.kfupm.edu.sa/docs/default-source/default-document-library/math201-221-fx.pdf,Exam,English,"Official KFUPM Department of Mathematics archive exam (MATH201 final exam, term 221). PDF retrieved and text extracted: English questions verified. Hosted on math.kfupm.edu.sa.",Free public web resource,HTTP 200 · verified 2026-08-24,yes
Saudi Arabia,EM,calculus;parametric curves;multivariable,A,University exam archive,KFUPM Department of Mathematics exam archive,https://math.kfupm.edu.sa/miscellaneous/exam,Calculus III — Major Exam I (Term 231),https://math.kfupm.edu.sa/docs/default-source/default-document-library/math201-231-ex1.pdf,Exam,English,"Official KFUPM Department of Mathematics archive exam (MATH201 major exam i, term 231). PDF retrieved and text extracted: English questions verified. Hosted on math.kfupm.edu.sa.",Free public web resource,HTTP 200 · verified 2026-08-24,yes
Saudi Arabia,EM,calculus;parametric curves;multivariable,A,University exam archive,KFUPM Department of Mathematics exam archive,https://math.kfupm.edu.sa/miscellaneous/exam,Calculus III — Major Exam II (Term 231),https://math.kfupm.edu.sa/docs/default-source/default-document-library/math201-231-ex2.pdf,Exam,English,"Official KFUPM Department of Mathematics archive exam (MATH201 major exam ii, term 231). PDF retrieved and text extracted: English questions verified. Hosted on math.kfupm.edu.sa.",Free public web resource,HTTP 200 · verified 2026-08-24,yes
Saudi Arabia,EM,calculus;parametric curves;multivariable,A,University exam archive,KFUPM Department of Mathematics exam archive,https://math.kfupm.edu.sa/miscellaneous/exam,Calculus III — Exam (Term 232),https://math.kfupm.edu.sa/docs/default-source/default-document-library/math201-232-e1caacf0a6-c3bb-493b-bddf-7b382fbe990f.pdf,Exam,English,"Official KFUPM Department of Mathematics archive exam (MATH201 exam, term 232). PDF retrieved and text extracted: English questions verified. Hosted on math.kfupm.edu.sa.",Free public web resource,HTTP 200 · verified 2026-08-24,yes
Saudi Arabia,EM,calculus;parametric curves;multivariable,A,University exam archive,KFUPM Department of Mathematics exam archive,https://math.kfupm.edu.sa/miscellaneous/exam,Calculus III — Major Exam II (Term 232),https://math.kfupm.edu.sa/docs/default-source/default-document-library/math201-232-e2.pdf,Exam,English,"Official KFUPM Department of Mathematics archive exam (MATH201 major exam ii, term 232). PDF retrieved and text extracted: English questions verified. Hosted on math.kfupm.edu.sa.",Free public web resource,HTTP 200 · verified 2026-08-24,yes
Saudi Arabia,EM,calculus;parametric curves;multivariable,A,University exam archive,KFUPM Department of Mathematics exam archive,https://math.kfupm.edu.sa/miscellaneous/exam,Calculus III — Final Exam (Term 232),https://math.kfupm.edu.sa/docs/default-source/default-document-library/math201-232-fx.pdf,Exam,English,"Official KFUPM Department of Mathematics archive exam (MATH201 final exam, term 232). PDF retrieved and text extracted: English questions verified. Hosted on math.kfupm.edu.sa.",Free public web resource,HTTP 200 · verified 2026-08-24,yes
Saudi Arabia,EM,calculus;parametric curves;multivariable,A,University exam archive,KFUPM Department of Mathematics exam archive,https://math.kfupm.edu.sa/miscellaneous/exam,Calculus III — Major Exam I (Term 233),https://math.kfupm.edu.sa/docs/default-source/default-document-library/math201-233-e1.pdf,Exam,English,"Official KFUPM Department of Mathematics archive exam (MATH201 major exam i, term 233). PDF retrieved and text extracted: English questions verified. Hosted on math.kfupm.edu.sa.",Free public web resource,HTTP 200 · verified 2026-08-24,yes
Saudi Arabia,EM,calculus;parametric curves;multivariable,A,University exam archive,KFUPM Department of Mathematics exam archive,https://math.kfupm.edu.sa/miscellaneous/exam,Calculus III — Major Exam II (Term 233),https://math.kfupm.edu.sa/docs/default-source/default-document-library/math201-233-e2.pdf,Exam,English,"Official KFUPM Department of Mathematics archive exam (MATH201 major exam ii, term 233). PDF retrieved and text extracted: English questions verified. Hosted on math.kfupm.edu.sa.",Free public web resource,HTTP 200 · verified 2026-08-24,yes
Saudi Arabia,EM,calculus;parametric curves;multivariable,A,University exam archive,KFUPM Department of Mathematics exam archive,https://math.kfupm.edu.sa/miscellaneous/exam,Calculus III — Final Exam (Term 233),https://math.kfupm.edu.sa/docs/default-source/default-document-library/math201-233-fx.pdf,Exam,English,"Official KFUPM Department of Mathematics archive exam (MATH201 final exam, term 233). PDF retrieved and text extracted: English questions verified. Hosted on math.kfupm.edu.sa.",Free public web resource,HTTP 200 · verified 2026-08-24,yes
Saudi Arabia,EM,calculus;parametric curves;multivariable,A,University exam archive,KFUPM Department of Mathematics exam archive,https://math.kfupm.edu.sa/miscellaneous/exam,Calculus III — Major Exam I (Term 241),https://math.kfupm.edu.sa/docs/default-source/default-document-library/math201-241-e1.pdf,Exam,English,"Official KFUPM Department of Mathematics archive exam (MATH201 major exam i, term 241). PDF retrieved and text extracted: English questions verified. Hosted on math.kfupm.edu.sa.",Free public web resource,HTTP 200 · verified 2026-08-24,yes
Saudi Arabia,EM,calculus;parametric curves;multivariable,A,University exam archive,KFUPM Department of Mathematics exam archive,https://math.kfupm.edu.sa/miscellaneous/exam,Calculus III — Major Exam II (Term 241),https://math.kfupm.edu.sa/docs/default-source/default-document-library/math201-241-e2.pdf,Exam,English,"Official KFUPM Department of Mathematics archive exam (MATH201 major exam ii, term 241). PDF retrieved and text extracted: English questions verified. Hosted on math.kfupm.edu.sa.",Free public web resource,HTTP 200 · verified 2026-08-24,yes
Saudi Arabia,EM,calculus;parametric curves;multivariable,A,University exam archive,KFUPM Department of Mathematics exam archive,https://math.kfupm.edu.sa/miscellaneous/exam,Calculus III — Final Exam (Term 241),https://math.kfupm.edu.sa/docs/default-source/default-document-library/math201-241-fx.pdf,Exam,English,"Official KFUPM Department of Mathematics archive exam (MATH201 final exam, term 241). PDF retrieved and text extracted: English questions verified. Hosted on math.kfupm.edu.sa.",Free public web resource,HTTP 200 · verified 2026-08-24,yes
Saudi Arabia,EM,calculus;parametric curves;multivariable,A,University exam archive,KFUPM Department of Mathematics exam archive,https://math.kfupm.edu.sa/miscellaneous/exam,Calculus III — Major Exam I (Term 242),https://math.kfupm.edu.sa/docs/default-source/default-document-library/math201-242-e1.pdf,Exam,English,"Official KFUPM Department of Mathematics archive exam (MATH201 major exam i, term 242). PDF retrieved and text extracted: English questions verified. Hosted on math.kfupm.edu.sa.",Free public web resource,HTTP 200 · verified 2026-08-24,yes
Saudi Arabia,EM,calculus;parametric curves;multivariable,A,University exam archive,KFUPM Department of Mathematics exam archive,https://math.kfupm.edu.sa/miscellaneous/exam,Calculus III — Major Exam II (Term 242),https://math.kfupm.edu.sa/docs/default-source/default-document-library/math201-242-e2.pdf,Exam,English,"Official KFUPM Department of Mathematics archive exam (MATH201 major exam ii, term 242). PDF retrieved and text extracted: English questions verified. Hosted on math.kfupm.edu.sa.",Free public web resource,HTTP 200 · verified 2026-08-24,yes
Saudi Arabia,EM,calculus;parametric curves;multivariable,A,University exam archive,KFUPM Department of Mathematics exam archive,https://math.kfupm.edu.sa/miscellaneous/exam,Calculus III — Final Exam (Term 242),https://math.kfupm.edu.sa/docs/default-source/default-document-library/math201-242-fx.pdf,Exam,English,"Official KFUPM Department of Mathematics archive exam (MATH201 final exam, term 242). PDF retrieved and text extracted: English questions verified. Hosted on math.kfupm.edu.sa.",Free public web resource,HTTP 200 · verified 2026-08-24,yes
Saudi Arabia,EM,calculus;parametric curves;multivariable,A,University exam archive,KFUPM Department of Mathematics exam archive,https://math.kfupm.edu.sa/miscellaneous/exam,Calculus III — Major Exam I (Term 243),https://math.kfupm.edu.sa/docs/default-source/default-document-library/math201-243-e1.pdf,Exam,English,"Official KFUPM Department of Mathematics archive exam (MATH201 major exam i, term 243). PDF retrieved and text extracted: English questions verified. Hosted on math.kfupm.edu.sa.",Free public web resource,HTTP 200 · verified 2026-08-24,yes
Saudi Arabia,EM,calculus;parametric curves;multivariable,A,University exam archive,KFUPM Department of Mathematics exam archive,https://math.kfupm.edu.sa/miscellaneous/exam,Calculus III — Major Exam II (Term 243),https://math.kfupm.edu.sa/docs/default-source/default-document-library/math201-243-e2.pdf,Exam,English,"Official KFUPM Department of Mathematics archive exam (MATH201 major exam ii, term 243). PDF retrieved and text extracted: English questions verified. Hosted on math.kfupm.edu.sa.",Free public web resource,HTTP 200 · verified 2026-08-24,yes
Saudi Arabia,EM,calculus;parametric curves;multivariable,A,University exam archive,KFUPM Department of Mathematics exam archive,https://math.kfupm.edu.sa/miscellaneous/exam,Calculus III — Final Exam (Term 243),https://math.kfupm.edu.sa/docs/default-source/default-document-library/math201-243-fx.pdf,Exam,English,"Official KFUPM Department of Mathematics archive exam (MATH201 final exam, term 243). PDF retrieved and text extracted: English questions verified. Hosted on math.kfupm.edu.sa.",Free public web resource,HTTP 200 · verified 2026-08-24,yes
Saudi Arabia,EM,calculus;parametric curves;multivariable,A,University exam archive,KFUPM Department of Mathematics exam archive,https://math.kfupm.edu.sa/miscellaneous/exam,Calculus III — Major Exam I (Term 251),https://math.kfupm.edu.sa/docs/default-source/default-document-library/math201-251-e1.pdf,Exam,English,"Official KFUPM Department of Mathematics archive exam (MATH201 major exam i, term 251). PDF retrieved and text extracted: English questions verified. Hosted on math.kfupm.edu.sa.",Free public web resource,HTTP 200 · verified 2026-08-24,yes
Saudi Arabia,EM,calculus;parametric curves;multivariable,A,University exam archive,KFUPM Department of Mathematics exam archive,https://math.kfupm.edu.sa/miscellaneous/exam,Calculus III — Exam (Term 251),https://math.kfupm.edu.sa/docs/default-source/default-document-library/math201-251-fx36664d78-744b-4adc-bff5-04d642808f76.pdf,Exam,English,"Official KFUPM Department of Mathematics archive exam (MATH201 exam, term 251). PDF retrieved and text extracted: English questions verified. Hosted on math.kfupm.edu.sa.",Free public web resource,HTTP 200 · verified 2026-08-24,yes
Saudi Arabia,EM,calculus;parametric curves;multivariable,A,University exam archive,KFUPM Department of Mathematics exam archive,https://math.kfupm.edu.sa/miscellaneous/exam,Calculus III — Major Exam II (Term 251),https://math.kfupm.edu.sa/docs/default-source/default-document-library/math201a-251-e2.pdf,Exam,English,"Official KFUPM Department of Mathematics archive exam (MATH201 major exam ii, term 251). PDF retrieved and text extracted: English questions verified. Hosted on math.kfupm.edu.sa.",Free public web resource,HTTP 200 · verified 2026-08-24,yes
Saudi Arabia,EM,calculus;parametric curves;multivariable,A,University exam archive,KFUPM Department of Mathematics exam archive,https://math.kfupm.edu.sa/miscellaneous/exam,Calculus III — Major Exam II (Term 251),https://math.kfupm.edu.sa/docs/default-source/default-document-library/math201b-251-e2.pdf,Exam,English,"Official KFUPM Department of Mathematics archive exam (MATH201 major exam ii, term 251). PDF retrieved and text extracted: English questions verified. Hosted on math.kfupm.edu.sa.",Free public web resource,HTTP 200 · verified 2026-08-24,yes
Saudi Arabia,EM,differential equations,A,University exam archive,KFUPM Department of Mathematics exam archive,https://math.kfupm.edu.sa/miscellaneous/exam,Differential Equations — Major Exam I (Term 211),https://math.kfupm.edu.sa/docs/default-source/default-document-library/math202-211-e1.pdf,Exam,English,"Official KFUPM Department of Mathematics archive exam (MATH202 major exam i, term 211). PDF retrieved and text extracted: English questions verified. Hosted on math.kfupm.edu.sa.",Free public web resource,HTTP 200 · verified 2026-08-24,yes
Saudi Arabia,EM,differential equations,A,University exam archive,KFUPM Department of Mathematics exam archive,https://math.kfupm.edu.sa/miscellaneous/exam,Differential Equations — Final Exam (Term 211),https://math.kfupm.edu.sa/docs/default-source/default-document-library/math202-211-fx.pdf,Exam,English,"Official KFUPM Department of Mathematics archive exam (MATH202 final exam, term 211). PDF retrieved and text extracted: English questions verified. Hosted on math.kfupm.edu.sa.",Free public web resource,HTTP 200 · verified 2026-08-24,yes
Saudi Arabia,EM,differential equations,A,University exam archive,KFUPM Department of Mathematics exam archive,https://math.kfupm.edu.sa/miscellaneous/exam,Differential Equations — Major Exam I (Term 212),https://math.kfupm.edu.sa/docs/default-source/default-document-library/math202-212-e1.pdf,Exam,English,"Official KFUPM Department of Mathematics archive exam (MATH202 major exam i, term 212). PDF retrieved and text extracted: English questions verified. Hosted on math.kfupm.edu.sa.",Free public web resource,HTTP 200 · verified 2026-08-24,yes
Saudi Arabia,EM,differential equations,A,University exam archive,KFUPM Department of Mathematics exam archive,https://math.kfupm.edu.sa/miscellaneous/exam,Differential Equations — Major Exam II (Term 212),https://math.kfupm.edu.sa/docs/default-source/default-document-library/math202-212-e2.pdf,Exam,English,"Official KFUPM Department of Mathematics archive exam (MATH202 major exam ii, term 212). PDF retrieved and text extracted: English questions verified. Hosted on math.kfupm.edu.sa.",Free public web resource,HTTP 200 · verified 2026-08-24,yes
Saudi Arabia,EM,differential equations,A,University exam archive,KFUPM Department of Mathematics exam archive,https://math.kfupm.edu.sa/miscellaneous/exam,Differential Equations — Final Exam (Term 212),https://math.kfupm.edu.sa/docs/default-source/default-document-library/math202-212-fx.pdf,Exam,English,"Official KFUPM Department of Mathematics archive exam (MATH202 final exam, term 212). PDF retrieved and text extracted: English questions verified. Hosted on math.kfupm.edu.sa.",Free public web resource,HTTP 200 · verified 2026-08-24,yes
Saudi Arabia,EM,differential equations,A,University exam archive,KFUPM Department of Mathematics exam archive,https://math.kfupm.edu.sa/miscellaneous/exam,Differential Equations — Major Exam I (Term 213),https://math.kfupm.edu.sa/docs/default-source/default-document-library/math202-213-e1.pdf,Exam,English,"Official KFUPM Department of Mathematics archive exam (MATH202 major exam i, term 213). PDF retrieved and text extracted: English questions verified. Hosted on math.kfupm.edu.sa.",Free public web resource,HTTP 200 · verified 2026-08-24,yes
Saudi Arabia,EM,differential equations,A,University exam archive,KFUPM Department of Mathematics exam archive,https://math.kfupm.edu.sa/miscellaneous/exam,Differential Equations — Major Exam II (Term 213),https://math.kfupm.edu.sa/docs/default-source/default-document-library/math202-213-e2.pdf,Exam,English,"Official KFUPM Department of Mathematics archive exam (MATH202 major exam ii, term 213). PDF retrieved and text extracted: English questions verified. Hosted on math.kfupm.edu.sa.",Free public web resource,HTTP 200 · verified 2026-08-24,yes
Saudi Arabia,EM,differential equations,A,University exam archive,KFUPM Department of Mathematics exam archive,https://math.kfupm.edu.sa/miscellaneous/exam,Differential Equations — Final Exam (Term 213),https://math.kfupm.edu.sa/docs/default-source/default-document-library/math202-213-fx.pdf,Exam,English,"Official KFUPM Department of Mathematics archive exam (MATH202 final exam, term 213). PDF retrieved and text extracted: English questions verified. Hosted on math.kfupm.edu.sa.",Free public web resource,HTTP 200 · verified 2026-08-24,yes
Saudi Arabia,EM,differential equations,A,University exam archive,KFUPM Department of Mathematics exam archive,https://math.kfupm.edu.sa/miscellaneous/exam,Differential Equations — Major Exam I (Term 221),https://math.kfupm.edu.sa/docs/default-source/default-document-library/math202-221-e1.pdf,Exam,English,"Official KFUPM Department of Mathematics archive exam (MATH202 major exam i, term 221). PDF retrieved and text extracted: English questions verified. Hosted on math.kfupm.edu.sa.",Free public web resource,HTTP 200 · verified 2026-08-24,yes
Saudi Arabia,EM,differential equations,A,University exam archive,KFUPM Department of Mathematics exam archive,https://math.kfupm.edu.sa/miscellaneous/exam,Differential Equations — Major Exam II (Term 221),https://math.kfupm.edu.sa/docs/default-source/default-document-library/math202-221-e2.pdf,Exam,English,"Official KFUPM Department of Mathematics archive exam (MATH202 major exam ii, term 221). PDF retrieved and text extracted: English questions verified. Hosted on math.kfupm.edu.sa.",Free public web resource,HTTP 200 · verified 2026-08-24,yes
Saudi Arabia,EM,differential equations,A,University exam archive,KFUPM Department of Mathematics exam archive,https://math.kfupm.edu.sa/miscellaneous/exam,Differential Equations — Final Exam (Term 221),https://math.kfupm.edu.sa/docs/default-source/default-document-library/math202-221-fx.pdf,Exam,English,"Official KFUPM Department of Mathematics archive exam (MATH202 final exam, term 221). PDF retrieved and text extracted: English questions verified. Hosted on math.kfupm.edu.sa.",Free public web resource,HTTP 200 · verified 2026-08-24,yes
Saudi Arabia,EM,differential equations,A,University exam archive,KFUPM Department of Mathematics exam archive,https://math.kfupm.edu.sa/miscellaneous/exam,Differential Equations — Major Exam I (Term 222),https://math.kfupm.edu.sa/docs/default-source/default-document-library/math202-222-ex1.pdf,Exam,English,"Official KFUPM Department of Mathematics archive exam (MATH202 major exam i, term 222). PDF retrieved and text extracted: English questions verified. Hosted on math.kfupm.edu.sa.",Free public web resource,HTTP 200 · verified 2026-08-24,yes
Saudi Arabia,EM,differential equations,A,University exam archive,KFUPM Department of Mathematics exam archive,https://math.kfupm.edu.sa/miscellaneous/exam,Differential Equations — Major Exam II (Term 222),https://math.kfupm.edu.sa/docs/default-source/default-document-library/math202-222-ex2.pdf,Exam,English,"Official KFUPM Department of Mathematics archive exam (MATH202 major exam ii, term 222). PDF retrieved and text extracted: English questions verified. Hosted on math.kfupm.edu.sa.",Free public web resource,HTTP 200 · verified 2026-08-24,yes
Saudi Arabia,EM,differential equations,A,University exam archive,KFUPM Department of Mathematics exam archive,https://math.kfupm.edu.sa/miscellaneous/exam,Differential Equations — Exam (Term 222),https://math.kfupm.edu.sa/docs/default-source/default-document-library/math202-222-fx503842b4-6ef7-45a1-b78d-398c7ee203e5.pdf,Exam,English,"Official KFUPM Department of Mathematics archive exam (MATH202 exam, term 222). PDF retrieved and text extracted: English questions verified. Hosted on math.kfupm.edu.sa.",Free public web resource,HTTP 200 · verified 2026-08-24,yes
Saudi Arabia,EM,calculus;linear algebra,A,University exam archive,KFUPM Department of Mathematics exam archive,https://math.kfupm.edu.sa/miscellaneous/exam,Calculus and Linear Algebra — Final Exam (Term 211),https://math.kfupm.edu.sa/docs/default-source/default-document-library/math208-211-fx.pdf,Exam,English,"Official KFUPM Department of Mathematics archive exam (MATH208 final exam, term 211). PDF retrieved and text extracted: English questions verified. Hosted on math.kfupm.edu.sa.",Free public web resource,HTTP 200 · verified 2026-08-24,yes
Saudi Arabia,EM,calculus;linear algebra,A,University exam archive,KFUPM Department of Mathematics exam archive,https://math.kfupm.edu.sa/miscellaneous/exam,Calculus and Linear Algebra — Major Exam I (Term 212),https://math.kfupm.edu.sa/docs/default-source/default-document-library/math208-212-e1.pdf,Exam,English,"Official KFUPM Department of Mathematics archive exam (MATH208 major exam i, term 212). PDF retrieved and text extracted: English questions verified. Hosted on math.kfupm.edu.sa.",Free public web resource,HTTP 200 · verified 2026-08-24,yes
Saudi Arabia,EM,calculus;linear algebra,A,University exam archive,KFUPM Department of Mathematics exam archive,https://math.kfupm.edu.sa/miscellaneous/exam,Calculus and Linear Algebra — Major Exam I (Term 213),https://math.kfupm.edu.sa/docs/default-source/default-document-library/math208-213-e1.pdf,Exam,English,"Official KFUPM Department of Mathematics archive exam (MATH208 major exam i, term 213). PDF retrieved and text extracted: English questions verified. Hosted on math.kfupm.edu.sa.",Free public web resource,HTTP 200 · verified 2026-08-24,yes
Saudi Arabia,EM,calculus;linear algebra,A,University exam archive,KFUPM Department of Mathematics exam archive,https://math.kfupm.edu.sa/miscellaneous/exam,Calculus and Linear Algebra — Major Exam II (Term 213),https://math.kfupm.edu.sa/docs/default-source/default-document-library/math208-213-e2.pdf,Exam,English,"Official KFUPM Department of Mathematics archive exam (MATH208 major exam ii, term 213). PDF retrieved and text extracted: English questions verified. Hosted on math.kfupm.edu.sa.",Free public web resource,HTTP 200 · verified 2026-08-24,yes
Saudi Arabia,EM,calculus;linear algebra,A,University exam archive,KFUPM Department of Mathematics exam archive,https://math.kfupm.edu.sa/miscellaneous/exam,Calculus and Linear Algebra — Final Exam (Term 213),https://math.kfupm.edu.sa/docs/default-source/default-document-library/math208-213-fx.pdf,Exam,English,"Official KFUPM Department of Mathematics archive exam (MATH208 final exam, term 213). PDF retrieved and text extracted: English questions verified. Hosted on math.kfupm.edu.sa.",Free public web resource,HTTP 200 · verified 2026-08-24,yes
Saudi Arabia,EM,calculus;linear algebra,A,University exam archive,KFUPM Department of Mathematics exam archive,https://math.kfupm.edu.sa/miscellaneous/exam,Calculus and Linear Algebra — Final Exam (Term 221),https://math.kfupm.edu.sa/docs/default-source/default-document-library/math208-221-fx.pdf,Exam,English,"Official KFUPM Department of Mathematics archive exam (MATH208 final exam, term 221). PDF retrieved and text extracted: English questions verified. Hosted on math.kfupm.edu.sa.",Free public web resource,HTTP 200 · verified 2026-08-24,yes
Saudi Arabia,EM,calculus;linear algebra,A,University exam archive,KFUPM Department of Mathematics exam archive,https://math.kfupm.edu.sa/miscellaneous/exam,Calculus and Linear Algebra — Major Exam I (Term 222),https://math.kfupm.edu.sa/docs/default-source/default-document-library/math208-222-ex1.pdf,Exam,English,"Official KFUPM Department of Mathematics archive exam (MATH208 major exam i, term 222). PDF retrieved and text extracted: English questions verified. Hosted on math.kfupm.edu.sa.",Free public web resource,HTTP 200 · verified 2026-08-24,yes
Saudi Arabia,EM,calculus;linear algebra,A,University exam archive,KFUPM Department of Mathematics exam archive,https://math.kfupm.edu.sa/miscellaneous/exam,Calculus and Linear Algebra — Major Exam II (Term 222),https://math.kfupm.edu.sa/docs/default-source/default-document-library/math208-222-ex2.pdf,Exam,English,"Official KFUPM Department of Mathematics archive exam (MATH208 major exam ii, term 222). PDF retrieved and text extracted: English questions verified. Hosted on math.kfupm.edu.sa.",Free public web resource,HTTP 200 · verified 2026-08-24,yes
Saudi Arabia,EM,calculus;linear algebra,A,University exam archive,KFUPM Department of Mathematics exam archive,https://math.kfupm.edu.sa/miscellaneous/exam,Calculus and Linear Algebra — Final Exam (Term 222),https://math.kfupm.edu.sa/docs/default-source/default-document-library/math208-222-fx.pdf,Exam,English,"Official KFUPM Department of Mathematics archive exam (MATH208 final exam, term 222). PDF retrieved and text extracted: English questions verified. Hosted on math.kfupm.edu.sa.",Free public web resource,HTTP 200 · verified 2026-08-24,yes
Saudi Arabia,EM,calculus;linear algebra,A,University exam archive,KFUPM Department of Mathematics exam archive,https://math.kfupm.edu.sa/miscellaneous/exam,Calculus and Linear Algebra — Major Exam I (Term 223),https://math.kfupm.edu.sa/docs/default-source/default-document-library/math208-223-ex1.pdf,Exam,English,"Official KFUPM Department of Mathematics archive exam (MATH208 major exam i, term 223). PDF retrieved and text extracted: English questions verified. Hosted on math.kfupm.edu.sa.",Free public web resource,HTTP 200 · verified 2026-08-24,yes
Saudi Arabia,EM,calculus;linear algebra,A,University exam archive,KFUPM Department of Mathematics exam archive,https://math.kfupm.edu.sa/miscellaneous/exam,Calculus and Linear Algebra — Major Exam II (Term 223),https://math.kfupm.edu.sa/docs/default-source/default-document-library/math208-223-ex2.pdf,Exam,English,"Official KFUPM Department of Mathematics archive exam (MATH208 major exam ii, term 223). PDF retrieved and text extracted: English questions verified. Hosted on math.kfupm.edu.sa.",Free public web resource,HTTP 200 · verified 2026-08-24,yes
Saudi Arabia,EM,calculus;linear algebra,A,University exam archive,KFUPM Department of Mathematics exam archive,https://math.kfupm.edu.sa/miscellaneous/exam,Calculus and Linear Algebra — Final Exam (Term 223),https://math.kfupm.edu.sa/docs/default-source/default-document-library/math208-223-fx.pdf,Exam,English,"Official KFUPM Department of Mathematics archive exam (MATH208 final exam, term 223). PDF retrieved and text extracted: English questions verified. Hosted on math.kfupm.edu.sa.",Free public web resource,HTTP 200 · verified 2026-08-24,yes
Saudi Arabia,EM,calculus;linear algebra,A,University exam archive,KFUPM Department of Mathematics exam archive,https://math.kfupm.edu.sa/miscellaneous/exam,Calculus and Linear Algebra — Major Exam I (Term 231),https://math.kfupm.edu.sa/docs/default-source/default-document-library/math208-231-ex1.pdf,Exam,English,"Official KFUPM Department of Mathematics archive exam (MATH208 major exam i, term 231). PDF retrieved and text extracted: English questions verified. Hosted on math.kfupm.edu.sa.",Free public web resource,HTTP 200 · verified 2026-08-24,yes
Saudi Arabia,EM,calculus;linear algebra,A,University exam archive,KFUPM Department of Mathematics exam archive,https://math.kfupm.edu.sa/miscellaneous/exam,Calculus and Linear Algebra — Major Exam II (Term 231),https://math.kfupm.edu.sa/docs/default-source/default-document-library/math208-231-ex2.pdf,Exam,English,"Official KFUPM Department of Mathematics archive exam (MATH208 major exam ii, term 231). PDF retrieved and text extracted: English questions verified. Hosted on math.kfupm.edu.sa.",Free public web resource,HTTP 200 · verified 2026-08-24,yes
Saudi Arabia,EM,calculus;linear algebra,A,University exam archive,KFUPM Department of Mathematics exam archive,https://math.kfupm.edu.sa/miscellaneous/exam,Calculus and Linear Algebra — Final Exam (Term 231),https://math.kfupm.edu.sa/docs/default-source/default-document-library/math208-231-fx.pdf,Exam,English,"Official KFUPM Department of Mathematics archive exam (MATH208 final exam, term 231). PDF retrieved and text extracted: English questions verified. Hosted on math.kfupm.edu.sa.",Free public web resource,HTTP 200 · verified 2026-08-24,yes
Saudi Arabia,EM,calculus;linear algebra,A,University exam archive,KFUPM Department of Mathematics exam archive,https://math.kfupm.edu.sa/miscellaneous/exam,Calculus and Linear Algebra — Major Exam I (Term 232),https://math.kfupm.edu.sa/docs/default-source/default-document-library/math208-232-e1.pdf,Exam,English,"Official KFUPM Department of Mathematics archive exam (MATH208 major exam i, term 232). PDF retrieved and text extracted: English questions verified. Hosted on math.kfupm.edu.sa.",Free public web resource,HTTP 200 · verified 2026-08-24,yes
Saudi Arabia,EM,calculus;linear algebra,A,University exam archive,KFUPM Department of Mathematics exam archive,https://math.kfupm.edu.sa/miscellaneous/exam,Calculus and Linear Algebra — Major Exam II (Term 232),https://math.kfupm.edu.sa/docs/default-source/default-document-library/math208-232-e2.pdf,Exam,English,"Official KFUPM Department of Mathematics archive exam (MATH208 major exam ii, term 232). PDF retrieved and text extracted: English questions verified. Hosted on math.kfupm.edu.sa.",Free public web resource,HTTP 200 · verified 2026-08-24,yes
Saudi Arabia,EM,calculus;linear algebra,A,University exam archive,KFUPM Department of Mathematics exam archive,https://math.kfupm.edu.sa/miscellaneous/exam,Calculus and Linear Algebra — Exam (Term 232),https://math.kfupm.edu.sa/docs/default-source/default-document-library/math208-232-fxf8cbe266-3b48-4966-a189-0c3b04c4d6b6.pdf,Exam,English,"Official KFUPM Department of Mathematics archive exam (MATH208 exam, term 232). PDF retrieved and text extracted: English questions verified. Hosted on math.kfupm.edu.sa.",Free public web resource,HTTP 200 · verified 2026-08-24,yes
Saudi Arabia,EM,calculus;linear algebra,A,University exam archive,KFUPM Department of Mathematics exam archive,https://math.kfupm.edu.sa/miscellaneous/exam,Calculus and Linear Algebra — Major Exam I (Term 233),https://math.kfupm.edu.sa/docs/default-source/default-document-library/math208-233-e1.pdf,Exam,English,"Official KFUPM Department of Mathematics archive exam (MATH208 major exam i, term 233). PDF retrieved and text extracted: English questions verified. Hosted on math.kfupm.edu.sa.",Free public web resource,HTTP 200 · verified 2026-08-24,yes
Saudi Arabia,EM,calculus;linear algebra,A,University exam archive,KFUPM Department of Mathematics exam archive,https://math.kfupm.edu.sa/miscellaneous/exam,Calculus and Linear Algebra — Major Exam II (Term 233),https://math.kfupm.edu.sa/docs/default-source/default-document-library/math208-233-e2.pdf,Exam,English,"Official KFUPM Department of Mathematics archive exam (MATH208 major exam ii, term 233). PDF retrieved and text extracted: English questions verified. Hosted on math.kfupm.edu.sa.",Free public web resource,HTTP 200 · verified 2026-08-24,yes
Saudi Arabia,EM,calculus;linear algebra,A,University exam archive,KFUPM Department of Mathematics exam archive,https://math.kfupm.edu.sa/miscellaneous/exam,Calculus and Linear Algebra — Final Exam (Term 233),https://math.kfupm.edu.sa/docs/default-source/default-document-library/math208-233-fx.pdf,Exam,English,"Official KFUPM Department of Mathematics archive exam (MATH208 final exam, term 233). PDF retrieved and text extracted: English questions verified. Hosted on math.kfupm.edu.sa.",Free public web resource,HTTP 200 · verified 2026-08-24,yes
Saudi Arabia,EM,calculus;linear algebra,A,University exam archive,KFUPM Department of Mathematics exam archive,https://math.kfupm.edu.sa/miscellaneous/exam,Calculus and Linear Algebra — Major Exam I (Term 241),https://math.kfupm.edu.sa/docs/default-source/default-document-library/math208-241-e1.pdf,Exam,English,"Official KFUPM Department of Mathematics archive exam (MATH208 major exam i, term 241). PDF retrieved and text extracted: English questions verified. Hosted on math.kfupm.edu.sa.",Free public web resource,HTTP 200 · verified 2026-08-24,yes
Saudi Arabia,EM,calculus;linear algebra,A,University exam archive,KFUPM Department of Mathematics exam archive,https://math.kfupm.edu.sa/miscellaneous/exam,Calculus and Linear Algebra — Major Exam II (Term 241),https://math.kfupm.edu.sa/docs/default-source/default-document-library/math208-241-e2.pdf,Exam,English,"Official KFUPM Department of Mathematics archive exam (MATH208 major exam ii, term 241). PDF retrieved and text extracted: English questions verified. Hosted on math.kfupm.edu.sa.",Free public web resource,HTTP 200 · verified 2026-08-24,yes
Saudi Arabia,EM,calculus;linear algebra,A,University exam archive,KFUPM Department of Mathematics exam archive,https://math.kfupm.edu.sa/miscellaneous/exam,Calculus and Linear Algebra — Final Exam (Term 241),https://math.kfupm.edu.sa/docs/default-source/default-document-library/math208-241-fx.pdf,Exam,English,"Official KFUPM Department of Mathematics archive exam (MATH208 final exam, term 241). PDF retrieved and text extracted: English questions verified. Hosted on math.kfupm.edu.sa.",Free public web resource,HTTP 200 · verified 2026-08-24,yes
Saudi Arabia,EM,calculus;linear algebra,A,University exam archive,KFUPM Department of Mathematics exam archive,https://math.kfupm.edu.sa/miscellaneous/exam,Calculus and Linear Algebra — Major Exam I (Term 242),https://math.kfupm.edu.sa/docs/default-source/default-document-library/math208-242-e1.pdf,Exam,English,"Official KFUPM Department of Mathematics archive exam (MATH208 major exam i, term 242). PDF retrieved and text extracted: English questions verified. Hosted on math.kfupm.edu.sa.",Free public web resource,HTTP 200 · verified 2026-08-24,yes
Saudi Arabia,EM,calculus;linear algebra,A,University exam archive,KFUPM Department of Mathematics exam archive,https://math.kfupm.edu.sa/miscellaneous/exam,Calculus and Linear Algebra — Major Exam II (Term 242),https://math.kfupm.edu.sa/docs/default-source/default-document-library/math208-242-e2.pdf,Exam,English,"Official KFUPM Department of Mathematics archive exam (MATH208 major exam ii, term 242). PDF retrieved and text extracted: English questions verified. Hosted on math.kfupm.edu.sa.",Free public web resource,HTTP 200 · verified 2026-08-24,yes
Saudi Arabia,EM,calculus;linear algebra,A,University exam archive,KFUPM Department of Mathematics exam archive,https://math.kfupm.edu.sa/miscellaneous/exam,Calculus and Linear Algebra — Major Exam I (Term 243),https://math.kfupm.edu.sa/docs/default-source/default-document-library/math208-243-e1.pdf,Exam,English,"Official KFUPM Department of Mathematics archive exam (MATH208 major exam i, term 243). PDF retrieved and text extracted: English questions verified. Hosted on math.kfupm.edu.sa.",Free public web resource,HTTP 200 · verified 2026-08-24,yes
Saudi Arabia,EM,calculus;linear algebra,A,University exam archive,KFUPM Department of Mathematics exam archive,https://math.kfupm.edu.sa/miscellaneous/exam,Calculus and Linear Algebra — Major Exam II (Term 243),https://math.kfupm.edu.sa/docs/default-source/default-document-library/math208-243-e2.pdf,Exam,English,"Official KFUPM Department of Mathematics archive exam (MATH208 major exam ii, term 243). PDF retrieved and text extracted: English questions verified. Hosted on math.kfupm.edu.sa.",Free public web resource,HTTP 200 · verified 2026-08-24,yes
Saudi Arabia,EM,calculus;linear algebra,A,University exam archive,KFUPM Department of Mathematics exam archive,https://math.kfupm.edu.sa/miscellaneous/exam,Calculus and Linear Algebra — Final Exam (Term 243),https://math.kfupm.edu.sa/docs/default-source/default-document-library/math208-243-fx.pdf,Exam,English,"Official KFUPM Department of Mathematics archive exam (MATH208 final exam, term 243). PDF retrieved and text extracted: English questions verified. Hosted on math.kfupm.edu.sa.",Free public web resource,HTTP 200 · verified 2026-08-24,yes
Saudi Arabia,EM,calculus;linear algebra,A,University exam archive,KFUPM Department of Mathematics exam archive,https://math.kfupm.edu.sa/miscellaneous/exam,Calculus and Linear Algebra — Major Exam I (Term 251),https://math.kfupm.edu.sa/docs/default-source/default-document-library/math208-251-e1.pdf,Exam,English,"Official KFUPM Department of Mathematics archive exam (MATH208 major exam i, term 251). PDF retrieved and text extracted: English questions verified. Hosted on math.kfupm.edu.sa.",Free public web resource,HTTP 200 · verified 2026-08-24,yes
Saudi Arabia,EM,calculus;linear algebra,A,University exam archive,KFUPM Department of Mathematics exam archive,https://math.kfupm.edu.sa/miscellaneous/exam,Calculus and Linear Algebra — Major Exam II (Term 251),https://math.kfupm.edu.sa/docs/default-source/default-document-library/math208-251-e2.pdf,Exam,English,"Official KFUPM Department of Mathematics archive exam (MATH208 major exam ii, term 251). PDF retrieved and text extracted: English questions verified. Hosted on math.kfupm.edu.sa.",Free public web resource,HTTP 200 · verified 2026-08-24,yes
Saudi Arabia,EM,calculus;linear algebra,A,University exam archive,KFUPM Department of Mathematics exam archive,https://math.kfupm.edu.sa/miscellaneous/exam,Calculus and Linear Algebra — Final Exam (Term 251),https://math.kfupm.edu.sa/docs/default-source/default-document-library/math208-251-fx.pdf,Exam,English,"Official KFUPM Department of Mathematics archive exam (MATH208 final exam, term 251). PDF retrieved and text extracted: English questions verified. Hosted on math.kfupm.edu.sa.",Free public web resource,HTTP 200 · verified 2026-08-24,yes
Saudi Arabia,EM,calculus;linear algebra,A,University exam archive,KFUPM Department of Mathematics exam archive,https://math.kfupm.edu.sa/miscellaneous/exam,Calculus and Linear Algebra — Major Exam I (Term 211),https://math.kfupm.edu.sa/docs/default-source/default-document-library/math210-211-e1.pdf,Exam,English,"Official KFUPM Department of Mathematics archive exam (MATH210 major exam i, term 211). PDF retrieved and text extracted: English questions verified. Hosted on math.kfupm.edu.sa.",Free public web resource,HTTP 200 · verified 2026-08-24,yes
Saudi Arabia,EM,calculus;linear algebra,A,University exam archive,KFUPM Department of Mathematics exam archive,https://math.kfupm.edu.sa/miscellaneous/exam,Calculus and Linear Algebra — Major Exam II (Term 211),https://math.kfupm.edu.sa/docs/default-source/default-document-library/math210-211-e2.pdf,Exam,English,"Official KFUPM Department of Mathematics archive exam (MATH210 major exam ii, term 211). PDF retrieved and text extracted: English questions verified. Hosted on math.kfupm.edu.sa.",Free public web resource,HTTP 200 · verified 2026-08-24,yes
Saudi Arabia,EM,calculus;linear algebra,A,University exam archive,KFUPM Department of Mathematics exam archive,https://math.kfupm.edu.sa/miscellaneous/exam,Calculus and Linear Algebra — Final Exam (Term 211),https://math.kfupm.edu.sa/docs/default-source/default-document-library/math210-211-fx.pdf,Exam,English,"Official KFUPM Department of Mathematics archive exam (MATH210 final exam, term 211). PDF retrieved and text extracted: English questions verified. Hosted on math.kfupm.edu.sa.",Free public web resource,HTTP 200 · verified 2026-08-24,yes
Saudi Arabia,EM,calculus;linear algebra,A,University exam archive,KFUPM Department of Mathematics exam archive,https://math.kfupm.edu.sa/miscellaneous/exam,Calculus and Linear Algebra — Midterm Exam (Term 212),https://math.kfupm.edu.sa/docs/default-source/default-document-library/math210-212-(midterm).pdf,Exam,English,"Official KFUPM Department of Mathematics archive exam (MATH210 midterm exam, term 212). PDF retrieved and text extracted: English questions verified. Hosted on math.kfupm.edu.sa.",Free public web resource,HTTP 200 · verified 2026-08-24,yes
Saudi Arabia,EM,calculus;linear algebra,A,University exam archive,KFUPM Department of Mathematics exam archive,https://math.kfupm.edu.sa/miscellaneous/exam,Calculus and Linear Algebra — Final Exam (Term 212),https://math.kfupm.edu.sa/docs/default-source/default-document-library/math210-212-fx.pdf,Exam,English,"Official KFUPM Department of Mathematics archive exam (MATH210 final exam, term 212). PDF retrieved and text extracted: English questions verified. Hosted on math.kfupm.edu.sa.",Free public web resource,HTTP 200 · verified 2026-08-24,yes
Saudi Arabia,EM,calculus;linear algebra,A,University exam archive,KFUPM Department of Mathematics exam archive,https://math.kfupm.edu.sa/miscellaneous/exam,Calculus and Linear Algebra — Major Exam I (Term 221),https://math.kfupm.edu.sa/docs/default-source/default-document-library/math210-221-e1.pdf,Exam,English,"Official KFUPM Department of Mathematics archive exam (MATH210 major exam i, term 221). PDF retrieved and text extracted: English questions verified. Hosted on math.kfupm.edu.sa.",Free public web resource,HTTP 200 · verified 2026-08-24,yes
Saudi Arabia,EM,calculus;linear algebra,A,University exam archive,KFUPM Department of Mathematics exam archive,https://math.kfupm.edu.sa/miscellaneous/exam,Calculus and Linear Algebra — Major Exam II (Term 221),https://math.kfupm.edu.sa/docs/default-source/default-document-library/math210-221-e2.pdf,Exam,English,"Official KFUPM Department of Mathematics archive exam (MATH210 major exam ii, term 221). PDF retrieved and text extracted: English questions verified. Hosted on math.kfupm.edu.sa.",Free public web resource,HTTP 200 · verified 2026-08-24,yes
Saudi Arabia,EM,calculus;linear algebra,A,University exam archive,KFUPM Department of Mathematics exam archive,https://math.kfupm.edu.sa/miscellaneous/exam,Calculus and Linear Algebra — Final Exam (Term 221),https://math.kfupm.edu.sa/docs/default-source/default-document-library/math210-221-fx.pdf,Exam,English,"Official KFUPM Department of Mathematics archive exam (MATH210 final exam, term 221). PDF retrieved and text extracted: English questions verified. Hosted on math.kfupm.edu.sa.",Free public web resource,HTTP 200 · verified 2026-08-24,yes
Saudi Arabia,EM,calculus;linear algebra,A,University exam archive,KFUPM Department of Mathematics exam archive,https://math.kfupm.edu.sa/miscellaneous/exam,Calculus and Linear Algebra — Major Exam I (Term 222),https://math.kfupm.edu.sa/docs/default-source/default-document-library/math210-222-ex1.pdf,Exam,English,"Official KFUPM Department of Mathematics archive exam (MATH210 major exam i, term 222). PDF retrieved and text extracted: English questions verified. Hosted on math.kfupm.edu.sa.",Free public web resource,HTTP 200 · verified 2026-08-24,yes
Saudi Arabia,EM,calculus;linear algebra,A,University exam archive,KFUPM Department of Mathematics exam archive,https://math.kfupm.edu.sa/miscellaneous/exam,Calculus and Linear Algebra — Major Exam II (Term 222),https://math.kfupm.edu.sa/docs/default-source/default-document-library/math210-222-ex2.pdf,Exam,English,"Official KFUPM Department of Mathematics archive exam (MATH210 major exam ii, term 222). PDF retrieved and text extracted: English questions verified. Hosted on math.kfupm.edu.sa.",Free public web resource,HTTP 200 · verified 2026-08-24,yes
Saudi Arabia,EM,calculus;linear algebra,A,University exam archive,KFUPM Department of Mathematics exam archive,https://math.kfupm.edu.sa/miscellaneous/exam,Calculus and Linear Algebra — Final Exam (Term 222),https://math.kfupm.edu.sa/docs/default-source/default-document-library/math210-222-fx.pdf,Exam,English,"Official KFUPM Department of Mathematics archive exam (MATH210 final exam, term 222). PDF retrieved and text extracted: English questions verified. Hosted on math.kfupm.edu.sa.",Free public web resource,HTTP 200 · verified 2026-08-24,yes
Saudi Arabia,EM,calculus;linear algebra,A,University exam archive,KFUPM Department of Mathematics exam archive,https://math.kfupm.edu.sa/miscellaneous/exam,Calculus and Linear Algebra — Major Exam I (Term 231),https://math.kfupm.edu.sa/docs/default-source/default-document-library/math210-231-ex1.pdf,Exam,English,"Official KFUPM Department of Mathematics archive exam (MATH210 major exam i, term 231). PDF retrieved and text extracted: English questions verified. Hosted on math.kfupm.edu.sa.",Free public web resource,HTTP 200 · verified 2026-08-24,yes
Saudi Arabia,EM,calculus;linear algebra,A,University exam archive,KFUPM Department of Mathematics exam archive,https://math.kfupm.edu.sa/miscellaneous/exam,Calculus and Linear Algebra — Major Exam II (Term 231),https://math.kfupm.edu.sa/docs/default-source/default-document-library/math210-231-ex2.pdf,Exam,English,"Official KFUPM Department of Mathematics archive exam (MATH210 major exam ii, term 231). PDF retrieved and text extracted: English questions verified. Hosted on math.kfupm.edu.sa.",Free public web resource,HTTP 200 · verified 2026-08-24,yes
Saudi Arabia,DM,discrete mathematics;logic;combinatorics,A,University exam archive,KFUPM Department of Mathematics exam archive,https://math.kfupm.edu.sa/miscellaneous/exam,Discrete Mathematics — Major Exam I (Term 221),https://math.kfupm.edu.sa/docs/default-source/default-document-library/math225-221-e1.pdf,Exam,English,"Official KFUPM Department of Mathematics archive exam (MATH225 major exam i, term 221). PDF retrieved and text extracted: English questions verified. Hosted on math.kfupm.edu.sa.",Free public web resource,HTTP 200 · verified 2026-08-24,yes
Saudi Arabia,DM,discrete mathematics;logic;combinatorics,A,University exam archive,KFUPM Department of Mathematics exam archive,https://math.kfupm.edu.sa/miscellaneous/exam,Discrete Mathematics — Major Exam II (Term 221),https://math.kfupm.edu.sa/docs/default-source/default-document-library/math225-221-e2.pdf,Exam,English,"Official KFUPM Department of Mathematics archive exam (MATH225 major exam ii, term 221). PDF retrieved and text extracted: English questions verified. Hosted on math.kfupm.edu.sa.",Free public web resource,HTTP 200 · verified 2026-08-24,yes
Saudi Arabia,DM,discrete mathematics;logic;combinatorics,A,University exam archive,KFUPM Department of Mathematics exam archive,https://math.kfupm.edu.sa/miscellaneous/exam,Discrete Mathematics — Final Exam (Term 221),https://math.kfupm.edu.sa/docs/default-source/default-document-library/math225-221-fx.pdf,Exam,English,"Official KFUPM Department of Mathematics archive exam (MATH225 final exam, term 221). PDF retrieved and text extracted: English questions verified. Hosted on math.kfupm.edu.sa.",Free public web resource,HTTP 200 · verified 2026-08-24,yes
Saudi Arabia,DM,discrete mathematics;logic;combinatorics,A,University exam archive,KFUPM Department of Mathematics exam archive,https://math.kfupm.edu.sa/miscellaneous/exam,Discrete Mathematics — Major Exam I (Term 222),https://math.kfupm.edu.sa/docs/default-source/default-document-library/math225-222-ex1.pdf,Exam,English,"Official KFUPM Department of Mathematics archive exam (MATH225 major exam i, term 222). PDF retrieved and text extracted: English questions verified. Hosted on math.kfupm.edu.sa.",Free public web resource,HTTP 200 · verified 2026-08-24,yes
Saudi Arabia,DM,discrete mathematics;logic;combinatorics,A,University exam archive,KFUPM Department of Mathematics exam archive,https://math.kfupm.edu.sa/miscellaneous/exam,Discrete Mathematics — Major Exam II (Term 222),https://math.kfupm.edu.sa/docs/default-source/default-document-library/math225-222-ex2.pdf,Exam,English,"Official KFUPM Department of Mathematics archive exam (MATH225 major exam ii, term 222). PDF retrieved and text extracted: English questions verified. Hosted on math.kfupm.edu.sa.",Free public web resource,HTTP 200 · verified 2026-08-24,yes
Saudi Arabia,DM,discrete mathematics;logic;combinatorics,A,University exam archive,KFUPM Department of Mathematics exam archive,https://math.kfupm.edu.sa/miscellaneous/exam,Discrete Mathematics — Final Exam (Term 222),https://math.kfupm.edu.sa/docs/default-source/default-document-library/math225-222-fx.pdf,Exam,English,"Official KFUPM Department of Mathematics archive exam (MATH225 final exam, term 222). PDF retrieved and text extracted: English questions verified. Hosted on math.kfupm.edu.sa.",Free public web resource,HTTP 200 · verified 2026-08-24,yes
Saudi Arabia,DM,discrete mathematics;logic;combinatorics,A,University exam archive,KFUPM Department of Mathematics exam archive,https://math.kfupm.edu.sa/miscellaneous/exam,Discrete Mathematics — Major Exam I (Term 231),https://math.kfupm.edu.sa/docs/default-source/default-document-library/math225-231-ex1.pdf,Exam,English,"Official KFUPM Department of Mathematics archive exam (MATH225 major exam i, term 231). PDF retrieved and text extracted: English questions verified. Hosted on math.kfupm.edu.sa.",Free public web resource,HTTP 200 · verified 2026-08-24,yes
Saudi Arabia,DM,discrete mathematics;logic;combinatorics,A,University exam archive,KFUPM Department of Mathematics exam archive,https://math.kfupm.edu.sa/miscellaneous/exam,Discrete Mathematics — Major Exam II (Term 231),https://math.kfupm.edu.sa/docs/default-source/default-document-library/math225-231-ex2.pdf,Exam,English,"Official KFUPM Department of Mathematics archive exam (MATH225 major exam ii, term 231). PDF retrieved and text extracted: English questions verified. Hosted on math.kfupm.edu.sa.",Free public web resource,HTTP 200 · verified 2026-08-24,yes
Saudi Arabia,DM,discrete mathematics;logic;combinatorics,A,University exam archive,KFUPM Department of Mathematics exam archive,https://math.kfupm.edu.sa/miscellaneous/exam,Discrete Mathematics — Major Exam III (Term 231),https://math.kfupm.edu.sa/docs/default-source/default-document-library/math225-231-ex3.pdf,Exam,English,"Official KFUPM Department of Mathematics archive exam (MATH225 major exam iii, term 231). PDF retrieved and text extracted: English questions verified. Hosted on math.kfupm.edu.sa.",Free public web resource,HTTP 200 · verified 2026-08-24,yes
Saudi Arabia,DM,discrete mathematics;logic;combinatorics,A,University exam archive,KFUPM Department of Mathematics exam archive,https://math.kfupm.edu.sa/miscellaneous/exam,Discrete Mathematics — Final Exam (Term 231),https://math.kfupm.edu.sa/docs/default-source/default-document-library/math225-231-fx.pdf,Exam,English,"Official KFUPM Department of Mathematics archive exam (MATH225 final exam, term 231). PDF retrieved and text extracted: English questions verified. Hosted on math.kfupm.edu.sa.",Free public web resource,HTTP 200 · verified 2026-08-24,yes
Saudi Arabia,DM,discrete mathematics;logic;combinatorics,A,University exam archive,KFUPM Department of Mathematics exam archive,https://math.kfupm.edu.sa/miscellaneous/exam,Discrete Mathematics — Major Exam I (Term 241),https://math.kfupm.edu.sa/docs/default-source/default-document-library/math225-241-e1.pdf,Exam,English,"Official KFUPM Department of Mathematics archive exam (MATH225 major exam i, term 241). PDF retrieved and text extracted: English questions verified. Hosted on math.kfupm.edu.sa.",Free public web resource,HTTP 200 · verified 2026-08-24,yes
Saudi Arabia,DM,discrete mathematics;logic;combinatorics,A,University exam archive,KFUPM Department of Mathematics exam archive,https://math.kfupm.edu.sa/miscellaneous/exam,Discrete Mathematics — Major Exam II (Term 241),https://math.kfupm.edu.sa/docs/default-source/default-document-library/math225-241-e2.pdf,Exam,English,"Official KFUPM Department of Mathematics archive exam (MATH225 major exam ii, term 241). PDF retrieved and text extracted: English questions verified. Hosted on math.kfupm.edu.sa.",Free public web resource,HTTP 200 · verified 2026-08-24,yes
Saudi Arabia,DM,discrete mathematics;logic;combinatorics,A,University exam archive,KFUPM Department of Mathematics exam archive,https://math.kfupm.edu.sa/miscellaneous/exam,Discrete Mathematics — Final Exam (Term 241),https://math.kfupm.edu.sa/docs/default-source/default-document-library/math225-241-fx.pdf,Exam,English,"Official KFUPM Department of Mathematics archive exam (MATH225 final exam, term 241). PDF retrieved and text extracted: English questions verified. Hosted on math.kfupm.edu.sa.",Free public web resource,HTTP 200 · verified 2026-08-24,yes
Saudi Arabia,DM,discrete mathematics;logic;combinatorics,A,University exam archive,KFUPM Department of Mathematics exam archive,https://math.kfupm.edu.sa/miscellaneous/exam,Discrete Mathematics — Major Exam I (Term 251),https://math.kfupm.edu.sa/docs/default-source/default-document-library/math225-251-e1.pdf,Exam,English,"Official KFUPM Department of Mathematics archive exam (MATH225 major exam i, term 251). PDF retrieved and text extracted: English questions verified. Hosted on math.kfupm.edu.sa.",Free public web resource,HTTP 200 · verified 2026-08-24,yes
Saudi Arabia,DM,discrete mathematics;logic;combinatorics,A,University exam archive,KFUPM Department of Mathematics exam archive,https://math.kfupm.edu.sa/miscellaneous/exam,Discrete Mathematics — Major Exam II (Term 251),https://math.kfupm.edu.sa/docs/default-source/default-document-library/math225-251-e2.pdf,Exam,English,"Official KFUPM Department of Mathematics archive exam (MATH225 major exam ii, term 251). PDF retrieved and text extracted: English questions verified. Hosted on math.kfupm.edu.sa.",Free public web resource,HTTP 200 · verified 2026-08-24,yes
Saudi Arabia,DM,discrete mathematics;logic;combinatorics,A,University exam archive,KFUPM Department of Mathematics exam archive,https://math.kfupm.edu.sa/miscellaneous/exam,Discrete Mathematics — Final Exam (Term 251),https://math.kfupm.edu.sa/docs/default-source/default-document-library/math225-251-fx.pdf,Exam,English,"Official KFUPM Department of Mathematics archive exam (MATH225 final exam, term 251). PDF retrieved and text extracted: English questions verified. Hosted on math.kfupm.edu.sa.",Free public web resource,HTTP 200 · verified 2026-08-24,yes
Saudi Arabia,EM,probability;statistics,A,University exam archive,KFUPM Department of Mathematics exam archive,https://math.kfupm.edu.sa/miscellaneous/exam,Probability and Statistics for Engineers — Major Exam I (Term 211),https://math.kfupm.edu.sa/docs/default-source/default-document-library/math302-211-e1.pdf,Exam,English,"Official KFUPM Department of Mathematics archive exam (MATH302 major exam i, term 211). PDF retrieved and text extracted: English questions verified. Hosted on math.kfupm.edu.sa.",Free public web resource,HTTP 200 · verified 2026-08-24,yes
Saudi Arabia,EM,probability;statistics,A,University exam archive,KFUPM Department of Mathematics exam archive,https://math.kfupm.edu.sa/miscellaneous/exam,Probability and Statistics for Engineers — Major Exam II (Term 211),https://math.kfupm.edu.sa/docs/default-source/default-document-library/math302-211-e2.pdf,Exam,English,"Official KFUPM Department of Mathematics archive exam (MATH302 major exam ii, term 211). PDF retrieved and text extracted: English questions verified. Hosted on math.kfupm.edu.sa.",Free public web resource,HTTP 200 · verified 2026-08-24,yes
Saudi Arabia,EM,probability;statistics,A,University exam archive,KFUPM Department of Mathematics exam archive,https://math.kfupm.edu.sa/miscellaneous/exam,Probability and Statistics for Engineers — Final Exam (Term 211),https://math.kfupm.edu.sa/docs/default-source/default-document-library/math302-211-fx.pdf,Exam,English,"Official KFUPM Department of Mathematics archive exam (MATH302 final exam, term 211). PDF retrieved and text extracted: English questions verified. Hosted on math.kfupm.edu.sa.",Free public web resource,HTTP 200 · verified 2026-08-24,yes
Saudi Arabia,EM,probability;statistics,A,University exam archive,KFUPM Department of Mathematics exam archive,https://math.kfupm.edu.sa/miscellaneous/exam,Probability and Statistics for Engineers — Major Exam II (Term 212),https://math.kfupm.edu.sa/docs/default-source/default-document-library/math302-212-e2.pdf,Exam,English,"Official KFUPM Department of Mathematics archive exam (MATH302 major exam ii, term 212). PDF retrieved and text extracted: English questions verified. Hosted on math.kfupm.edu.sa.",Free public web resource,HTTP 200 · verified 2026-08-24,yes
Saudi Arabia,EM,probability;statistics,A,University exam archive,KFUPM Department of Mathematics exam archive,https://math.kfupm.edu.sa/miscellaneous/exam,Probability and Statistics for Engineers — Final Exam (Term 212),https://math.kfupm.edu.sa/docs/default-source/default-document-library/math302-212-fx.pdf,Exam,English,"Official KFUPM Department of Mathematics archive exam (MATH302 final exam, term 212). PDF retrieved and text extracted: English questions verified. Hosted on math.kfupm.edu.sa.",Free public web resource,HTTP 200 · verified 2026-08-24,yes
Saudi Arabia,DM,abstract algebra;groups;rings,B,University exam archive,KFUPM Department of Mathematics exam archive,https://math.kfupm.edu.sa/miscellaneous/exam,Abstract Algebra — Midterm Exam (Term 212),https://math.kfupm.edu.sa/docs/default-source/default-document-library/math323-212-(midterm).pdf,Exam,English,"Official KFUPM Department of Mathematics archive exam (MATH323 midterm exam, term 212). PDF retrieved and text extracted: English questions verified. Hosted on math.kfupm.edu.sa.",Free public web resource,HTTP 200 · verified 2026-08-24,yes
Saudi Arabia,DM,abstract algebra;groups;rings,B,University exam archive,KFUPM Department of Mathematics exam archive,https://math.kfupm.edu.sa/miscellaneous/exam,Abstract Algebra — Final Exam (Term 212),https://math.kfupm.edu.sa/docs/default-source/default-document-library/math323-212-fx.pdf,Exam,English,"Official KFUPM Department of Mathematics archive exam (MATH323 final exam, term 212). PDF retrieved and text extracted: English questions verified. Hosted on math.kfupm.edu.sa.",Free public web resource,HTTP 200 · verified 2026-08-24,yes
Saudi Arabia,DM,abstract algebra;groups;rings,B,University exam archive,KFUPM Department of Mathematics exam archive,https://math.kfupm.edu.sa/miscellaneous/exam,Abstract Algebra — Major Exam I (Term 222),https://math.kfupm.edu.sa/docs/default-source/default-document-library/math323-222-ex1.pdf,Exam,English,"Official KFUPM Department of Mathematics archive exam (MATH323 major exam i, term 222). PDF retrieved and text extracted: English questions verified. Hosted on math.kfupm.edu.sa.",Free public web resource,HTTP 200 · verified 2026-08-24,yes
Saudi Arabia,DM,abstract algebra;groups;rings,B,University exam archive,KFUPM Department of Mathematics exam archive,https://math.kfupm.edu.sa/miscellaneous/exam,Abstract Algebra — Major Exam II (Term 222),https://math.kfupm.edu.sa/docs/default-source/default-document-library/math323-222-ex2.pdf,Exam,English,"Official KFUPM Department of Mathematics archive exam (MATH323 major exam ii, term 222). PDF retrieved and text extracted: English questions verified. Hosted on math.kfupm.edu.sa.",Free public web resource,HTTP 200 · verified 2026-08-24,yes
Saudi Arabia,DM,abstract algebra;groups;rings,B,University exam archive,KFUPM Department of Mathematics exam archive,https://math.kfupm.edu.sa/miscellaneous/exam,Abstract Algebra — Final Exam (Term 222),https://math.kfupm.edu.sa/docs/default-source/default-document-library/math323-222-fx.pdf,Exam,English,"Official KFUPM Department of Mathematics archive exam (MATH323 final exam, term 222). PDF retrieved and text extracted: English questions verified. Hosted on math.kfupm.edu.sa.",Free public web resource,HTTP 200 · verified 2026-08-24,yes
Saudi Arabia,DM,abstract algebra;groups;rings,B,University exam archive,KFUPM Department of Mathematics exam archive,https://math.kfupm.edu.sa/miscellaneous/exam,Abstract Algebra — Major Exam I (Term 232),https://math.kfupm.edu.sa/docs/default-source/default-document-library/math323-232-e1.pdf,Exam,English,"Official KFUPM Department of Mathematics archive exam (MATH323 major exam i, term 232). PDF retrieved and text extracted: English questions verified. Hosted on math.kfupm.edu.sa.",Free public web resource,HTTP 200 · verified 2026-08-24,yes
Saudi Arabia,DM,abstract algebra;groups;rings,B,University exam archive,KFUPM Department of Mathematics exam archive,https://math.kfupm.edu.sa/miscellaneous/exam,Abstract Algebra — Major Exam II (Term 232),https://math.kfupm.edu.sa/docs/default-source/default-document-library/math323-232-e2.pdf,Exam,English,"Official KFUPM Department of Mathematics archive exam (MATH323 major exam ii, term 232). PDF retrieved and text extracted: English questions verified. Hosted on math.kfupm.edu.sa.",Free public web resource,HTTP 200 · verified 2026-08-24,yes
Saudi Arabia,DM,abstract algebra;groups;rings,B,University exam archive,KFUPM Department of Mathematics exam archive,https://math.kfupm.edu.sa/miscellaneous/exam,Abstract Algebra — Major Exam III (Term 232),https://math.kfupm.edu.sa/docs/default-source/default-document-library/math323-232-e3.pdf,Exam,English,"Official KFUPM Department of Mathematics archive exam (MATH323 major exam iii, term 232). PDF retrieved and text extracted: English questions verified. Hosted on math.kfupm.edu.sa.",Free public web resource,HTTP 200 · verified 2026-08-24,yes
Saudi Arabia,DM,abstract algebra;groups;rings,B,University exam archive,KFUPM Department of Mathematics exam archive,https://math.kfupm.edu.sa/miscellaneous/exam,Abstract Algebra — Final Exam (Term 232),https://math.kfupm.edu.sa/docs/default-source/default-document-library/math323-232-fx.pdf,Exam,English,"Official KFUPM Department of Mathematics archive exam (MATH323 final exam, term 232). PDF retrieved and text extracted: English questions verified. Hosted on math.kfupm.edu.sa.",Free public web resource,HTTP 200 · verified 2026-08-24,yes
Saudi Arabia,DM,abstract algebra;groups;rings,B,University exam archive,KFUPM Department of Mathematics exam archive,https://math.kfupm.edu.sa/miscellaneous/exam,Abstract Algebra — Major Exam I (Term 242),https://math.kfupm.edu.sa/docs/default-source/default-document-library/math323-242-e1.pdf,Exam,English,"Official KFUPM Department of Mathematics archive exam (MATH323 major exam i, term 242). PDF retrieved and text extracted: English questions verified. Hosted on math.kfupm.edu.sa.",Free public web resource,HTTP 200 · verified 2026-08-24,yes
Saudi Arabia,DM,abstract algebra;groups;rings,B,University exam archive,KFUPM Department of Mathematics exam archive,https://math.kfupm.edu.sa/miscellaneous/exam,Abstract Algebra — Major Exam II (Term 242),https://math.kfupm.edu.sa/docs/default-source/default-document-library/math323-242-e2.pdf,Exam,English,"Official KFUPM Department of Mathematics archive exam (MATH323 major exam ii, term 242). PDF retrieved and text extracted: English questions verified. Hosted on math.kfupm.edu.sa.",Free public web resource,HTTP 200 · verified 2026-08-24,yes
Saudi Arabia,DM,abstract algebra;groups;rings,B,University exam archive,KFUPM Department of Mathematics exam archive,https://math.kfupm.edu.sa/miscellaneous/exam,Abstract Algebra — Final Exam (Term 242),https://math.kfupm.edu.sa/docs/default-source/default-document-library/math323-242-fx.pdf,Exam,English,"Official KFUPM Department of Mathematics archive exam (MATH323 final exam, term 242). PDF retrieved and text extracted: English questions verified. Hosted on math.kfupm.edu.sa.",Free public web resource,HTTP 200 · verified 2026-08-24,yes
Saudi Arabia,EM,linear algebra;vector spaces,A,University exam archive,KFUPM Department of Mathematics exam archive,https://math.kfupm.edu.sa/miscellaneous/exam,Linear Algebra — Major Exam I (Term 211),https://math.kfupm.edu.sa/docs/default-source/default-document-library/math325-211-e1.pdf,Exam,English,"Official KFUPM Department of Mathematics archive exam (MATH325 major exam i, term 211). PDF retrieved and text extracted: English questions verified. Hosted on math.kfupm.edu.sa.",Free public web resource,HTTP 200 · verified 2026-08-24,yes
Saudi Arabia,EM,linear algebra;vector spaces,A,University exam archive,KFUPM Department of Mathematics exam archive,https://math.kfupm.edu.sa/miscellaneous/exam,Linear Algebra — Major Exam II (Term 211),https://math.kfupm.edu.sa/docs/default-source/default-document-library/math325-211-e2.pdf,Exam,English,"Official KFUPM Department of Mathematics archive exam (MATH325 major exam ii, term 211). PDF retrieved and text extracted: English questions verified. Hosted on math.kfupm.edu.sa.",Free public web resource,HTTP 200 · verified 2026-08-24,yes
Saudi Arabia,EM,linear algebra;vector spaces,A,University exam archive,KFUPM Department of Mathematics exam archive,https://math.kfupm.edu.sa/miscellaneous/exam,Linear Algebra — Final Exam (Term 211),https://math.kfupm.edu.sa/docs/default-source/default-document-library/math325-211-fx.pdf,Exam,English,"Official KFUPM Department of Mathematics archive exam (MATH325 final exam, term 211). PDF retrieved and text extracted: English questions verified. Hosted on math.kfupm.edu.sa.",Free public web resource,HTTP 200 · verified 2026-08-24,yes
Saudi Arabia,EM,linear algebra;vector spaces,A,University exam archive,KFUPM Department of Mathematics exam archive,https://math.kfupm.edu.sa/miscellaneous/exam,Linear Algebra — Major Exam II (Term 222),https://math.kfupm.edu.sa/docs/default-source/default-document-library/math325-222-ex2.pdf,Exam,English,"Official KFUPM Department of Mathematics archive exam (MATH325 major exam ii, term 222). PDF retrieved and text extracted: English questions verified. Hosted on math.kfupm.edu.sa.",Free public web resource,HTTP 200 · verified 2026-08-24,yes
Saudi Arabia,EM,linear algebra;vector spaces,A,University exam archive,KFUPM Department of Mathematics exam archive,https://math.kfupm.edu.sa/miscellaneous/exam,Linear Algebra — Final Exam (Term 222),https://math.kfupm.edu.sa/docs/default-source/default-document-library/math325-222-fx.pdf,Exam,English,"Official KFUPM Department of Mathematics archive exam (MATH325 final exam, term 222). PDF retrieved and text extracted: English questions verified. Hosted on math.kfupm.edu.sa.",Free public web resource,HTTP 200 · verified 2026-08-24,yes
Saudi Arabia,EM,linear algebra;applied mathematics,A,University exam archive,KFUPM Department of Mathematics exam archive,https://math.kfupm.edu.sa/miscellaneous/exam,Methods of Applied Mathematics / Linear Algebra — Major Exam I (Term 211),https://math.kfupm.edu.sa/docs/default-source/default-document-library/math333-211-e1.pdf,Exam,English,"Official KFUPM Department of Mathematics archive exam (MATH333 major exam i, term 211). PDF retrieved and text extracted: English questions verified. Hosted on math.kfupm.edu.sa.",Free public web resource,HTTP 200 · verified 2026-08-24,yes
Saudi Arabia,EM,linear algebra;applied mathematics,A,University exam archive,KFUPM Department of Mathematics exam archive,https://math.kfupm.edu.sa/miscellaneous/exam,Methods of Applied Mathematics / Linear Algebra — Major Exam II (Term 211),https://math.kfupm.edu.sa/docs/default-source/default-document-library/math333-211-e2.pdf,Exam,English,"Official KFUPM Department of Mathematics archive exam (MATH333 major exam ii, term 211). PDF retrieved and text extracted: English questions verified. Hosted on math.kfupm.edu.sa.",Free public web resource,HTTP 200 · verified 2026-08-24,yes
Saudi Arabia,EM,linear algebra;applied mathematics,A,University exam archive,KFUPM Department of Mathematics exam archive,https://math.kfupm.edu.sa/miscellaneous/exam,Methods of Applied Mathematics / Linear Algebra — Final Exam (Term 211),https://math.kfupm.edu.sa/docs/default-source/default-document-library/math333-211-fx.pdf,Exam,English,"Official KFUPM Department of Mathematics archive exam (MATH333 final exam, term 211). PDF retrieved and text extracted: English questions verified. Hosted on math.kfupm.edu.sa.",Free public web resource,HTTP 200 · verified 2026-08-24,yes
Saudi Arabia,EM,linear algebra;applied mathematics,A,University exam archive,KFUPM Department of Mathematics exam archive,https://math.kfupm.edu.sa/miscellaneous/exam,Methods of Applied Mathematics / Linear Algebra — Major Exam II (Term 212),https://math.kfupm.edu.sa/docs/default-source/default-document-library/math333-212-e2.pdf,Exam,English,"Official KFUPM Department of Mathematics archive exam (MATH333 major exam ii, term 212). PDF retrieved and text extracted: English questions verified. Hosted on math.kfupm.edu.sa.",Free public web resource,HTTP 200 · verified 2026-08-24,yes
Saudi Arabia,EM,linear algebra;applied mathematics,A,University exam archive,KFUPM Department of Mathematics exam archive,https://math.kfupm.edu.sa/miscellaneous/exam,Methods of Applied Mathematics / Linear Algebra — Final Exam (Term 212),https://math.kfupm.edu.sa/docs/default-source/default-document-library/math333-212-fx.pdf,Exam,English,"Official KFUPM Department of Mathematics archive exam (MATH333 final exam, term 212). PDF retrieved and text extracted: English questions verified. Hosted on math.kfupm.edu.sa.",Free public web resource,HTTP 200 · verified 2026-08-24,yes
Saudi Arabia,EM,linear algebra;applied mathematics,A,University exam archive,KFUPM Department of Mathematics exam archive,https://math.kfupm.edu.sa/miscellaneous/exam,Methods of Applied Mathematics / Linear Algebra — Major Exam I (Term 213),https://math.kfupm.edu.sa/docs/default-source/default-document-library/math333-213-e1.pdf,Exam,English,"Official KFUPM Department of Mathematics archive exam (MATH333 major exam i, term 213). PDF retrieved and text extracted: English questions verified. Hosted on math.kfupm.edu.sa.",Free public web resource,HTTP 200 · verified 2026-08-24,yes
Saudi Arabia,EM,linear algebra;applied mathematics,A,University exam archive,KFUPM Department of Mathematics exam archive,https://math.kfupm.edu.sa/miscellaneous/exam,Methods of Applied Mathematics / Linear Algebra — Major Exam II (Term 213),https://math.kfupm.edu.sa/docs/default-source/default-document-library/math333-213-e2.pdf,Exam,English,"Official KFUPM Department of Mathematics archive exam (MATH333 major exam ii, term 213). PDF retrieved and text extracted: English questions verified. Hosted on math.kfupm.edu.sa.",Free public web resource,HTTP 200 · verified 2026-08-24,yes
Saudi Arabia,EM,linear algebra;applied mathematics,A,University exam archive,KFUPM Department of Mathematics exam archive,https://math.kfupm.edu.sa/miscellaneous/exam,Methods of Applied Mathematics / Linear Algebra — Final Exam (Term 213),https://math.kfupm.edu.sa/docs/default-source/default-document-library/math333-213-fx.pdf,Exam,English,"Official KFUPM Department of Mathematics archive exam (MATH333 final exam, term 213). PDF retrieved and text extracted: English questions verified. Hosted on math.kfupm.edu.sa.",Free public web resource,HTTP 200 · verified 2026-08-24,yes
Saudi Arabia,EM,linear algebra;applied mathematics,A,University exam archive,KFUPM Department of Mathematics exam archive,https://math.kfupm.edu.sa/miscellaneous/exam,Methods of Applied Mathematics / Linear Algebra — Major Exam II (Term 221),https://math.kfupm.edu.sa/docs/default-source/default-document-library/math333-221-e2.pdf,Exam,English,"Official KFUPM Department of Mathematics archive exam (MATH333 major exam ii, term 221). PDF retrieved and text extracted: English questions verified. Hosted on math.kfupm.edu.sa.",Free public web resource,HTTP 200 · verified 2026-08-24,yes
Saudi Arabia,EM,linear algebra;applied mathematics,A,University exam archive,KFUPM Department of Mathematics exam archive,https://math.kfupm.edu.sa/miscellaneous/exam,Methods of Applied Mathematics / Linear Algebra — Final Exam (Term 221),https://math.kfupm.edu.sa/docs/default-source/default-document-library/math333-221-fx.pdf,Exam,English,"Official KFUPM Department of Mathematics archive exam (MATH333 final exam, term 221). PDF retrieved and text extracted: English questions verified. Hosted on math.kfupm.edu.sa.",Free public web resource,HTTP 200 · verified 2026-08-24,yes
Saudi Arabia,EM,linear algebra;applied mathematics,A,University exam archive,KFUPM Department of Mathematics exam archive,https://math.kfupm.edu.sa/miscellaneous/exam,Methods of Applied Mathematics / Linear Algebra — Major Exam I (Term 222),https://math.kfupm.edu.sa/docs/default-source/default-document-library/math333-222-ex1.pdf,Exam,English,"Official KFUPM Department of Mathematics archive exam (MATH333 major exam i, term 222). PDF retrieved and text extracted: English questions verified. Hosted on math.kfupm.edu.sa.",Free public web resource,HTTP 200 · verified 2026-08-24,yes
Saudi Arabia,EM,linear algebra;applied mathematics,A,University exam archive,KFUPM Department of Mathematics exam archive,https://math.kfupm.edu.sa/miscellaneous/exam,Methods of Applied Mathematics / Linear Algebra — Major Exam II (Term 222),https://math.kfupm.edu.sa/docs/default-source/default-document-library/math333-222-ex2.pdf,Exam,English,"Official KFUPM Department of Mathematics archive exam (MATH333 major exam ii, term 222). PDF retrieved and text extracted: English questions verified. Hosted on math.kfupm.edu.sa.",Free public web resource,HTTP 200 · verified 2026-08-24,yes
Saudi Arabia,EM,linear algebra;applied mathematics,A,University exam archive,KFUPM Department of Mathematics exam archive,https://math.kfupm.edu.sa/miscellaneous/exam,Methods of Applied Mathematics / Linear Algebra — Final Exam (Term 222),https://math.kfupm.edu.sa/docs/default-source/default-document-library/math333-222-fx.pdf,Exam,English,"Official KFUPM Department of Mathematics archive exam (MATH333 final exam, term 222). PDF retrieved and text extracted: English questions verified. Hosted on math.kfupm.edu.sa.",Free public web resource,HTTP 200 · verified 2026-08-24,yes
Saudi Arabia,EM,linear algebra;applied mathematics,A,University exam archive,KFUPM Department of Mathematics exam archive,https://math.kfupm.edu.sa/miscellaneous/exam,Methods of Applied Mathematics / Linear Algebra — Major Exam I (Term 223),https://math.kfupm.edu.sa/docs/default-source/default-document-library/math333-223-ex1.pdf,Exam,English,"Official KFUPM Department of Mathematics archive exam (MATH333 major exam i, term 223). PDF retrieved and text extracted: English questions verified. Hosted on math.kfupm.edu.sa.",Free public web resource,HTTP 200 · verified 2026-08-24,yes
Saudi Arabia,EM,linear algebra;applied mathematics,A,University exam archive,KFUPM Department of Mathematics exam archive,https://math.kfupm.edu.sa/miscellaneous/exam,Methods of Applied Mathematics / Linear Algebra — Major Exam II (Term 223),https://math.kfupm.edu.sa/docs/default-source/default-document-library/math333-223-ex2.pdf,Exam,English,"Official KFUPM Department of Mathematics archive exam (MATH333 major exam ii, term 223). PDF retrieved and text extracted: English questions verified. Hosted on math.kfupm.edu.sa.",Free public web resource,HTTP 200 · verified 2026-08-24,yes
Saudi Arabia,EM,linear algebra;applied mathematics,A,University exam archive,KFUPM Department of Mathematics exam archive,https://math.kfupm.edu.sa/miscellaneous/exam,Methods of Applied Mathematics / Linear Algebra — Final Exam (Term 223),https://math.kfupm.edu.sa/docs/default-source/default-document-library/math333-223-fx.pdf,Exam,English,"Official KFUPM Department of Mathematics archive exam (MATH333 final exam, term 223). PDF retrieved and text extracted: English questions verified. Hosted on math.kfupm.edu.sa.",Free public web resource,HTTP 200 · verified 2026-08-24,yes
Saudi Arabia,EM,linear algebra;applied mathematics,A,University exam archive,KFUPM Department of Mathematics exam archive,https://math.kfupm.edu.sa/miscellaneous/exam,Methods of Applied Mathematics / Linear Algebra — Major Exam I (Term 231),https://math.kfupm.edu.sa/docs/default-source/default-document-library/math333-231-ex1.pdf,Exam,English,"Official KFUPM Department of Mathematics archive exam (MATH333 major exam i, term 231). PDF retrieved and text extracted: English questions verified. Hosted on math.kfupm.edu.sa.",Free public web resource,HTTP 200 · verified 2026-08-24,yes
Saudi Arabia,EM,linear algebra;applied mathematics,A,University exam archive,KFUPM Department of Mathematics exam archive,https://math.kfupm.edu.sa/miscellaneous/exam,Methods of Applied Mathematics / Linear Algebra — Major Exam II (Term 231),https://math.kfupm.edu.sa/docs/default-source/default-document-library/math333-231-ex2.pdf,Exam,English,"Official KFUPM Department of Mathematics archive exam (MATH333 major exam ii, term 231). PDF retrieved and text extracted: English questions verified. Hosted on math.kfupm.edu.sa.",Free public web resource,HTTP 200 · verified 2026-08-24,yes
Saudi Arabia,EM,linear algebra;applied mathematics,A,University exam archive,KFUPM Department of Mathematics exam archive,https://math.kfupm.edu.sa/miscellaneous/exam,Methods of Applied Mathematics / Linear Algebra — Major Exam I (Term 232),https://math.kfupm.edu.sa/docs/default-source/default-document-library/math333-232-e1.pdf,Exam,English,"Official KFUPM Department of Mathematics archive exam (MATH333 major exam i, term 232). PDF retrieved and text extracted: English questions verified. Hosted on math.kfupm.edu.sa.",Free public web resource,HTTP 200 · verified 2026-08-24,yes
Saudi Arabia,EM,linear algebra;applied mathematics,A,University exam archive,KFUPM Department of Mathematics exam archive,https://math.kfupm.edu.sa/miscellaneous/exam,Methods of Applied Mathematics / Linear Algebra — Major Exam II (Term 232),https://math.kfupm.edu.sa/docs/default-source/default-document-library/math333-232-e2.pdf,Exam,English,"Official KFUPM Department of Mathematics archive exam (MATH333 major exam ii, term 232). PDF retrieved and text extracted: English questions verified. Hosted on math.kfupm.edu.sa.",Free public web resource,HTTP 200 · verified 2026-08-24,yes
Saudi Arabia,EM,linear algebra;applied mathematics,A,University exam archive,KFUPM Department of Mathematics exam archive,https://math.kfupm.edu.sa/miscellaneous/exam,Methods of Applied Mathematics / Linear Algebra — Final Exam (Term 232),https://math.kfupm.edu.sa/docs/default-source/default-document-library/math333-232-fx.pdf,Exam,English,"Official KFUPM Department of Mathematics archive exam (MATH333 final exam, term 232). PDF retrieved and text extracted: English questions verified. Hosted on math.kfupm.edu.sa.",Free public web resource,HTTP 200 · verified 2026-08-24,yes
Saudi Arabia,EM,linear algebra;applied mathematics,A,University exam archive,KFUPM Department of Mathematics exam archive,https://math.kfupm.edu.sa/miscellaneous/exam,Methods of Applied Mathematics / Linear Algebra — Major Exam I (Term 241),https://math.kfupm.edu.sa/docs/default-source/default-document-library/math333-241-e1.pdf,Exam,English,"Official KFUPM Department of Mathematics archive exam (MATH333 major exam i, term 241). PDF retrieved and text extracted: English questions verified. Hosted on math.kfupm.edu.sa.",Free public web resource,HTTP 200 · verified 2026-08-24,yes
Saudi Arabia,EM,linear algebra;applied mathematics,A,University exam archive,KFUPM Department of Mathematics exam archive,https://math.kfupm.edu.sa/miscellaneous/exam,Methods of Applied Mathematics / Linear Algebra — Major Exam II (Term 241),https://math.kfupm.edu.sa/docs/default-source/default-document-library/math333-241-e2.pdf,Exam,English,"Official KFUPM Department of Mathematics archive exam (MATH333 major exam ii, term 241). PDF retrieved and text extracted: English questions verified. Hosted on math.kfupm.edu.sa.",Free public web resource,HTTP 200 · verified 2026-08-24,yes
Saudi Arabia,EM,linear algebra;applied mathematics,A,University exam archive,KFUPM Department of Mathematics exam archive,https://math.kfupm.edu.sa/miscellaneous/exam,Methods of Applied Mathematics / Linear Algebra — Final Exam (Term 241),https://math.kfupm.edu.sa/docs/default-source/default-document-library/math333-241-fx.pdf,Exam,English,"Official KFUPM Department of Mathematics archive exam (MATH333 final exam, term 241). PDF retrieved and text extracted: English questions verified. Hosted on math.kfupm.edu.sa.",Free public web resource,HTTP 200 · verified 2026-08-24,yes
Saudi Arabia,EM,advanced calculus;analysis,B,University exam archive,KFUPM Department of Mathematics exam archive,https://math.kfupm.edu.sa/miscellaneous/exam,Advanced Calculus I — Major Exam I (Term 221),https://math.kfupm.edu.sa/docs/default-source/default-document-library/math341-221-e1.pdf,Exam,English,"Official KFUPM Department of Mathematics archive exam (MATH341 major exam i, term 221). PDF retrieved and text extracted: English questions verified. Hosted on math.kfupm.edu.sa.",Free public web resource,HTTP 200 · verified 2026-08-24,yes
Saudi Arabia,EM,advanced calculus;analysis,B,University exam archive,KFUPM Department of Mathematics exam archive,https://math.kfupm.edu.sa/miscellaneous/exam,Advanced Calculus I — Final Exam (Term 221),https://math.kfupm.edu.sa/docs/default-source/default-document-library/math341-221-fx.pdf,Exam,English,"Official KFUPM Department of Mathematics archive exam (MATH341 final exam, term 221). PDF retrieved and text extracted: English questions verified. Hosted on math.kfupm.edu.sa.",Free public web resource,HTTP 200 · verified 2026-08-24,yes
Saudi Arabia,EM,advanced calculus;analysis,B,University exam archive,KFUPM Department of Mathematics exam archive,https://math.kfupm.edu.sa/miscellaneous/exam,Advanced Calculus I — Major Exam I (Term 231),https://math.kfupm.edu.sa/docs/default-source/default-document-library/math341-231-ex1.pdf,Exam,English,"Official KFUPM Department of Mathematics archive exam (MATH341 major exam i, term 231). PDF retrieved and text extracted: English questions verified. Hosted on math.kfupm.edu.sa.",Free public web resource,HTTP 200 · verified 2026-08-24,yes
Saudi Arabia,EM,advanced calculus;analysis,B,University exam archive,KFUPM Department of Mathematics exam archive,https://math.kfupm.edu.sa/miscellaneous/exam,Advanced Calculus I — Major Exam II (Term 231),https://math.kfupm.edu.sa/docs/default-source/default-document-library/math341-231-ex2.pdf,Exam,English,"Official KFUPM Department of Mathematics archive exam (MATH341 major exam ii, term 231). PDF retrieved and text extracted: English questions verified. Hosted on math.kfupm.edu.sa.",Free public web resource,HTTP 200 · verified 2026-08-24,yes
Saudi Arabia,EM,advanced calculus;analysis,B,University exam archive,KFUPM Department of Mathematics exam archive,https://math.kfupm.edu.sa/miscellaneous/exam,Advanced Calculus I — Major Exam I (Term 241),https://math.kfupm.edu.sa/docs/default-source/default-document-library/math341-241-e1.pdf,Exam,English,"Official KFUPM Department of Mathematics archive exam (MATH341 major exam i, term 241). PDF retrieved and text extracted: English questions verified. Hosted on math.kfupm.edu.sa.",Free public web resource,HTTP 200 · verified 2026-08-24,yes
Saudi Arabia,EM,advanced calculus;analysis,B,University exam archive,KFUPM Department of Mathematics exam archive,https://math.kfupm.edu.sa/miscellaneous/exam,Advanced Calculus I — Major Exam II (Term 241),https://math.kfupm.edu.sa/docs/default-source/default-document-library/math341-241-e2.pdf,Exam,English,"Official KFUPM Department of Mathematics archive exam (MATH341 major exam ii, term 241). PDF retrieved and text extracted: English questions verified. Hosted on math.kfupm.edu.sa.",Free public web resource,HTTP 200 · verified 2026-08-24,yes
Saudi Arabia,EM,advanced calculus;analysis,B,University exam archive,KFUPM Department of Mathematics exam archive,https://math.kfupm.edu.sa/miscellaneous/exam,Advanced Calculus I — Final Exam (Term 241),https://math.kfupm.edu.sa/docs/default-source/default-document-library/math341-241-fx.pdf,Exam,English,"Official KFUPM Department of Mathematics archive exam (MATH341 final exam, term 241). PDF retrieved and text extracted: English questions verified. Hosted on math.kfupm.edu.sa.",Free public web resource,HTTP 200 · verified 2026-08-24,yes
Saudi Arabia,EM,numerical methods;approximation,A,University exam archive,KFUPM Department of Mathematics exam archive,https://math.kfupm.edu.sa/miscellaneous/exam,Numerical Methods — Major Exam I (Term 213),https://math.kfupm.edu.sa/docs/default-source/default-document-library/math371-213-e1.pdf,Exam,English,"Official KFUPM Department of Mathematics archive exam (MATH371 major exam i, term 213). PDF retrieved and text extracted: English questions verified. Hosted on math.kfupm.edu.sa.",Free public web resource,HTTP 200 · verified 2026-08-24,yes
Saudi Arabia,EM,numerical methods;approximation,A,University exam archive,KFUPM Department of Mathematics exam archive,https://math.kfupm.edu.sa/miscellaneous/exam,Numerical Methods — Major Exam II (Term 213),https://math.kfupm.edu.sa/docs/default-source/default-document-library/math371-213-e2.pdf,Exam,English,"Official KFUPM Department of Mathematics archive exam (MATH371 major exam ii, term 213). PDF retrieved and text extracted: English questions verified. Hosted on math.kfupm.edu.sa.",Free public web resource,HTTP 200 · verified 2026-08-24,yes
Saudi Arabia,EM,numerical methods;approximation,A,University exam archive,KFUPM Department of Mathematics exam archive,https://math.kfupm.edu.sa/miscellaneous/exam,Numerical Methods — Final Exam (Term 213),https://math.kfupm.edu.sa/docs/default-source/default-document-library/math371-213-fx.pdf,Exam,English,"Official KFUPM Department of Mathematics archive exam (MATH371 final exam, term 213). PDF retrieved and text extracted: English questions verified. Hosted on math.kfupm.edu.sa.",Free public web resource,HTTP 200 · verified 2026-08-24,yes
Saudi Arabia,EM,numerical methods;approximation,A,University exam archive,KFUPM Department of Mathematics exam archive,https://math.kfupm.edu.sa/miscellaneous/exam,Numerical Methods — Major Exam I (Term 221),https://math.kfupm.edu.sa/docs/default-source/default-document-library/math371-221-e1.pdf,Exam,English,"Official KFUPM Department of Mathematics archive exam (MATH371 major exam i, term 221). PDF retrieved and text extracted: English questions verified. Hosted on math.kfupm.edu.sa.",Free public web resource,HTTP 200 · verified 2026-08-24,yes
Saudi Arabia,EM,numerical methods;approximation,A,University exam archive,KFUPM Department of Mathematics exam archive,https://math.kfupm.edu.sa/miscellaneous/exam,Numerical Methods — Major Exam II (Term 221),https://math.kfupm.edu.sa/docs/default-source/default-document-library/math371-221-e2.pdf,Exam,English,"Official KFUPM Department of Mathematics archive exam (MATH371 major exam ii, term 221). PDF retrieved and text extracted: English questions verified. Hosted on math.kfupm.edu.sa.",Free public web resource,HTTP 200 · verified 2026-08-24,yes
Saudi Arabia,EM,numerical methods;approximation,A,University exam archive,KFUPM Department of Mathematics exam archive,https://math.kfupm.edu.sa/miscellaneous/exam,Numerical Methods — Final Exam (Term 221),https://math.kfupm.edu.sa/docs/default-source/default-document-library/math371-221-fx.pdf,Exam,English,"Official KFUPM Department of Mathematics archive exam (MATH371 final exam, term 221). PDF retrieved and text extracted: English questions verified. Hosted on math.kfupm.edu.sa.",Free public web resource,HTTP 200 · verified 2026-08-24,yes
Saudi Arabia,EM,numerical methods;approximation,A,University exam archive,KFUPM Department of Mathematics exam archive,https://math.kfupm.edu.sa/miscellaneous/exam,Numerical Methods — Major Exam I (Term 222),https://math.kfupm.edu.sa/docs/default-source/default-document-library/math371-222-ex1.pdf,Exam,English,"Official KFUPM Department of Mathematics archive exam (MATH371 major exam i, term 222). PDF retrieved and text extracted: English questions verified. Hosted on math.kfupm.edu.sa.",Free public web resource,HTTP 200 · verified 2026-08-24,yes
Saudi Arabia,EM,numerical methods;approximation,A,University exam archive,KFUPM Department of Mathematics exam archive,https://math.kfupm.edu.sa/miscellaneous/exam,Numerical Methods — Major Exam II (Term 222),https://math.kfupm.edu.sa/docs/default-source/default-document-library/math371-222-ex2.pdf,Exam,English,"Official KFUPM Department of Mathematics archive exam (MATH371 major exam ii, term 222). PDF retrieved and text extracted: English questions verified. Hosted on math.kfupm.edu.sa.",Free public web resource,HTTP 200 · verified 2026-08-24,yes
Saudi Arabia,EM,numerical methods;approximation,A,University exam archive,KFUPM Department of Mathematics exam archive,https://math.kfupm.edu.sa/miscellaneous/exam,Numerical Methods — Final Exam (Term 222),https://math.kfupm.edu.sa/docs/default-source/default-document-library/math371-222-fx.pdf,Exam,English,"Official KFUPM Department of Mathematics archive exam (MATH371 final exam, term 222). PDF retrieved and text extracted: English questions verified. Hosted on math.kfupm.edu.sa.",Free public web resource,HTTP 200 · verified 2026-08-24,yes
Saudi Arabia,EM,numerical methods;approximation,A,University exam archive,KFUPM Department of Mathematics exam archive,https://math.kfupm.edu.sa/miscellaneous/exam,Numerical Methods — Major Exam I (Term 223),https://math.kfupm.edu.sa/docs/default-source/default-document-library/math371-223-ex1.pdf,Exam,English,"Official KFUPM Department of Mathematics archive exam (MATH371 major exam i, term 223). PDF retrieved and text extracted: English questions verified. Hosted on math.kfupm.edu.sa.",Free public web resource,HTTP 200 · verified 2026-08-24,yes
Saudi Arabia,EM,numerical methods;approximation,A,University exam archive,KFUPM Department of Mathematics exam archive,https://math.kfupm.edu.sa/miscellaneous/exam,Numerical Methods — Major Exam II (Term 223),https://math.kfupm.edu.sa/docs/default-source/default-document-library/math371-223-ex2.pdf,Exam,English,"Official KFUPM Department of Mathematics archive exam (MATH371 major exam ii, term 223). PDF retrieved and text extracted: English questions verified. Hosted on math.kfupm.edu.sa.",Free public web resource,HTTP 200 · verified 2026-08-24,yes
Saudi Arabia,EM,numerical methods;approximation,A,University exam archive,KFUPM Department of Mathematics exam archive,https://math.kfupm.edu.sa/miscellaneous/exam,Numerical Methods — Final Exam (Term 223),https://math.kfupm.edu.sa/docs/default-source/default-document-library/math371-223-fx.pdf,Exam,English,"Official KFUPM Department of Mathematics archive exam (MATH371 final exam, term 223). PDF retrieved and text extracted: English questions verified. Hosted on math.kfupm.edu.sa.",Free public web resource,HTTP 200 · verified 2026-08-24,yes
Saudi Arabia,EM,numerical methods;approximation,A,University exam archive,KFUPM Department of Mathematics exam archive,https://math.kfupm.edu.sa/miscellaneous/exam,Numerical Methods — Major Exam I (Term 231),https://math.kfupm.edu.sa/docs/default-source/default-document-library/math371-231-ex1.pdf,Exam,English,"Official KFUPM Department of Mathematics archive exam (MATH371 major exam i, term 231). PDF retrieved and text extracted: English questions verified. Hosted on math.kfupm.edu.sa.",Free public web resource,HTTP 200 · verified 2026-08-24,yes
Saudi Arabia,EM,numerical methods;approximation,A,University exam archive,KFUPM Department of Mathematics exam archive,https://math.kfupm.edu.sa/miscellaneous/exam,Numerical Methods — Major Exam II (Term 231),https://math.kfupm.edu.sa/docs/default-source/default-document-library/math371-231-ex2.pdf,Exam,English,"Official KFUPM Department of Mathematics archive exam (MATH371 major exam ii, term 231). PDF retrieved and text extracted: English questions verified. Hosted on math.kfupm.edu.sa.",Free public web resource,HTTP 200 · verified 2026-08-24,yes
Saudi Arabia,EM,numerical methods;approximation,A,University exam archive,KFUPM Department of Mathematics exam archive,https://math.kfupm.edu.sa/miscellaneous/exam,Numerical Methods — Final Exam (Term 231),https://math.kfupm.edu.sa/docs/default-source/default-document-library/math371-231-fx.pdf,Exam,English,"Official KFUPM Department of Mathematics archive exam (MATH371 final exam, term 231). PDF retrieved and text extracted: English questions verified. Hosted on math.kfupm.edu.sa.",Free public web resource,HTTP 200 · verified 2026-08-24,yes
Saudi Arabia,EM,numerical methods;approximation,A,University exam archive,KFUPM Department of Mathematics exam archive,https://math.kfupm.edu.sa/miscellaneous/exam,Numerical Methods — Major Exam I (Term 232),https://math.kfupm.edu.sa/docs/default-source/default-document-library/math371-232-e1.pdf,Exam,English,"Official KFUPM Department of Mathematics archive exam (MATH371 major exam i, term 232). PDF retrieved and text extracted: English questions verified. Hosted on math.kfupm.edu.sa.",Free public web resource,HTTP 200 · verified 2026-08-24,yes
Saudi Arabia,EM,numerical methods;approximation,A,University exam archive,KFUPM Department of Mathematics exam archive,https://math.kfupm.edu.sa/miscellaneous/exam,Numerical Methods — Major Exam II (Term 232),https://math.kfupm.edu.sa/docs/default-source/default-document-library/math371-232-e2.pdf,Exam,English,"Official KFUPM Department of Mathematics archive exam (MATH371 major exam ii, term 232). PDF retrieved and text extracted: English questions verified. Hosted on math.kfupm.edu.sa.",Free public web resource,HTTP 200 · verified 2026-08-24,yes
Saudi Arabia,EM,numerical methods;approximation,A,University exam archive,KFUPM Department of Mathematics exam archive,https://math.kfupm.edu.sa/miscellaneous/exam,Numerical Methods — Final Exam (Term 232),https://math.kfupm.edu.sa/docs/default-source/default-document-library/math371-232-fx.pdf,Exam,English,"Official KFUPM Department of Mathematics archive exam (MATH371 final exam, term 232). PDF retrieved and text extracted: English questions verified. Hosted on math.kfupm.edu.sa.",Free public web resource,HTTP 200 · verified 2026-08-24,yes
Saudi Arabia,EM,numerical methods;approximation,A,University exam archive,KFUPM Department of Mathematics exam archive,https://math.kfupm.edu.sa/miscellaneous/exam,Numerical Methods — Major Exam I (Term 233),https://math.kfupm.edu.sa/docs/default-source/default-document-library/math371-233-e1.pdf,Exam,English,"Official KFUPM Department of Mathematics archive exam (MATH371 major exam i, term 233). PDF retrieved and text extracted: English questions verified. Hosted on math.kfupm.edu.sa.",Free public web resource,HTTP 200 · verified 2026-08-24,yes
Saudi Arabia,EM,numerical methods;approximation,A,University exam archive,KFUPM Department of Mathematics exam archive,https://math.kfupm.edu.sa/miscellaneous/exam,Numerical Methods — Major Exam II (Term 233),https://math.kfupm.edu.sa/docs/default-source/default-document-library/math371-233-e2.pdf,Exam,English,"Official KFUPM Department of Mathematics archive exam (MATH371 major exam ii, term 233). PDF retrieved and text extracted: English questions verified. Hosted on math.kfupm.edu.sa.",Free public web resource,HTTP 200 · verified 2026-08-24,yes
Saudi Arabia,EM,numerical methods;approximation,A,University exam archive,KFUPM Department of Mathematics exam archive,https://math.kfupm.edu.sa/miscellaneous/exam,Numerical Methods — Final Exam (Term 233),https://math.kfupm.edu.sa/docs/default-source/default-document-library/math371-233-fx.pdf,Exam,English,"Official KFUPM Department of Mathematics archive exam (MATH371 final exam, term 233). PDF retrieved and text extracted: English questions verified. Hosted on math.kfupm.edu.sa.",Free public web resource,HTTP 200 · verified 2026-08-24,yes
Saudi Arabia,EM,numerical methods;approximation,A,University exam archive,KFUPM Department of Mathematics exam archive,https://math.kfupm.edu.sa/miscellaneous/exam,Numerical Methods — Exam (Term 241),https://math.kfupm.edu.sa/docs/default-source/default-document-library/math371-241-e1_sec-2_4.pdf,Exam,English,"Official KFUPM Department of Mathematics archive exam (MATH371 exam, term 241). PDF retrieved and text extracted: English questions verified. Hosted on math.kfupm.edu.sa.",Free public web resource,HTTP 200 · verified 2026-08-24,yes
Saudi Arabia,EM,numerical methods;approximation,A,University exam archive,KFUPM Department of Mathematics exam archive,https://math.kfupm.edu.sa/miscellaneous/exam,Numerical Methods — Exam (Term 241),https://math.kfupm.edu.sa/docs/default-source/default-document-library/math371-241-e1_sec-3.pdf,Exam,English,"Official KFUPM Department of Mathematics archive exam (MATH371 exam, term 241). PDF retrieved and text extracted: English questions verified. Hosted on math.kfupm.edu.sa.",Free public web resource,HTTP 200 · verified 2026-08-24,yes
Saudi Arabia,EM,numerical methods;approximation,A,University exam archive,KFUPM Department of Mathematics exam archive,https://math.kfupm.edu.sa/miscellaneous/exam,Numerical Methods — Exam (Term 241),https://math.kfupm.edu.sa/docs/default-source/default-document-library/math371-241-e1_sec-5.pdf,Exam,English,"Official KFUPM Department of Mathematics archive exam (MATH371 exam, term 241). PDF retrieved and text extracted: English questions verified. Hosted on math.kfupm.edu.sa.",Free public web resource,HTTP 200 · verified 2026-08-24,yes
Saudi Arabia,EM,numerical methods;approximation,A,University exam archive,KFUPM Department of Mathematics exam archive,https://math.kfupm.edu.sa/miscellaneous/exam,Numerical Methods — Exam (Term 241),https://math.kfupm.edu.sa/docs/default-source/default-document-library/math371-241-e1_sec1.pdf,Exam,English,"Official KFUPM Department of Mathematics archive exam (MATH371 exam, term 241). PDF retrieved and text extracted: English questions verified. Hosted on math.kfupm.edu.sa.",Free public web resource,HTTP 200 · verified 2026-08-24,yes
Saudi Arabia,EM,numerical methods;approximation,A,University exam archive,KFUPM Department of Mathematics exam archive,https://math.kfupm.edu.sa/miscellaneous/exam,Numerical Methods — Exam (Term 241),https://math.kfupm.edu.sa/docs/default-source/default-document-library/math371-241-e2_sec-1_39d4923e8-6fb3-42da-8b50-e64644230bc2.pdf,Exam,English,"Official KFUPM Department of Mathematics archive exam (MATH371 exam, term 241). PDF retrieved and text extracted: English questions verified. Hosted on math.kfupm.edu.sa.",Free public web resource,HTTP 200 · verified 2026-08-24,yes
Saudi Arabia,EM,numerical methods;approximation,A,University exam archive,KFUPM Department of Mathematics exam archive,https://math.kfupm.edu.sa/miscellaneous/exam,Numerical Methods — Exam (Term 241),https://math.kfupm.edu.sa/docs/default-source/default-document-library/math371-241-e2_sec-2_4.pdf,Exam,English,"Official KFUPM Department of Mathematics archive exam (MATH371 exam, term 241). PDF retrieved and text extracted: English questions verified. Hosted on math.kfupm.edu.sa.",Free public web resource,HTTP 200 · verified 2026-08-24,yes
Saudi Arabia,EM,numerical methods;approximation,A,University exam archive,KFUPM Department of Mathematics exam archive,https://math.kfupm.edu.sa/miscellaneous/exam,Numerical Methods — Exam (Term 241),https://math.kfupm.edu.sa/docs/default-source/default-document-library/math371-241-e2_sec-5.pdf,Exam,English,"Official KFUPM Department of Mathematics archive exam (MATH371 exam, term 241). PDF retrieved and text extracted: English questions verified. Hosted on math.kfupm.edu.sa.",Free public web resource,HTTP 200 · verified 2026-08-24,yes
Saudi Arabia,EM,numerical methods;approximation,A,University exam archive,KFUPM Department of Mathematics exam archive,https://math.kfupm.edu.sa/miscellaneous/exam,Numerical Methods — Final Exam (Term 241),https://math.kfupm.edu.sa/docs/default-source/default-document-library/math371-241-fx.pdf,Exam,English,"Official KFUPM Department of Mathematics archive exam (MATH371 final exam, term 241). PDF retrieved and text extracted: English questions verified. Hosted on math.kfupm.edu.sa.",Free public web resource,HTTP 200 · verified 2026-08-24,yes
Saudi Arabia,EM,numerical methods;approximation,A,University exam archive,KFUPM Department of Mathematics exam archive,https://math.kfupm.edu.sa/miscellaneous/exam,Numerical Methods — Major Exam I (Term 243),https://math.kfupm.edu.sa/docs/default-source/default-document-library/math371-243-e1.pdf,Exam,English,"Official KFUPM Department of Mathematics archive exam (MATH371 major exam i, term 243). PDF retrieved and text extracted: English questions verified. Hosted on math.kfupm.edu.sa.",Free public web resource,HTTP 200 · verified 2026-08-24,yes
Saudi Arabia,EM,numerical methods;approximation,A,University exam archive,KFUPM Department of Mathematics exam archive,https://math.kfupm.edu.sa/miscellaneous/exam,Numerical Methods — Major Exam II (Term 243),https://math.kfupm.edu.sa/docs/default-source/default-document-library/math371-243-e2.pdf,Exam,English,"Official KFUPM Department of Mathematics archive exam (MATH371 major exam ii, term 243). PDF retrieved and text extracted: English questions verified. Hosted on math.kfupm.edu.sa.",Free public web resource,HTTP 200 · verified 2026-08-24,yes
Saudi Arabia,EM,numerical methods;approximation,A,University exam archive,KFUPM Department of Mathematics exam archive,https://math.kfupm.edu.sa/miscellaneous/exam,Numerical Methods — Major Exam I (Term 251),https://math.kfupm.edu.sa/docs/default-source/default-document-library/math371-sec1-2-251-e1.pdf,Exam,English,"Official KFUPM Department of Mathematics archive exam (MATH371 major exam i, term 251). PDF retrieved and text extracted: English questions verified. Hosted on math.kfupm.edu.sa.",Free public web resource,HTTP 200 · verified 2026-08-24,yes
Saudi Arabia,EM,numerical methods;approximation,A,University exam archive,KFUPM Department of Mathematics exam archive,https://math.kfupm.edu.sa/miscellaneous/exam,Numerical Methods — Major Exam II (Term 251),https://math.kfupm.edu.sa/docs/default-source/default-document-library/math371-sec1-2-251-e2.pdf,Exam,English,"Official KFUPM Department of Mathematics archive exam (MATH371 major exam ii, term 251). PDF retrieved and text extracted: English questions verified. Hosted on math.kfupm.edu.sa.",Free public web resource,HTTP 200 · verified 2026-08-24,yes
Saudi Arabia,EM,numerical methods;approximation,A,University exam archive,KFUPM Department of Mathematics exam archive,https://math.kfupm.edu.sa/miscellaneous/exam,Numerical Methods — Final Exam (Term 251),https://math.kfupm.edu.sa/docs/default-source/default-document-library/math371-sec1-2-251-fx.pdf,Exam,English,"Official KFUPM Department of Mathematics archive exam (MATH371 final exam, term 251). PDF retrieved and text extracted: English questions verified. Hosted on math.kfupm.edu.sa.",Free public web resource,HTTP 200 · verified 2026-08-24,yes
Saudi Arabia,EM,numerical methods;approximation,A,University exam archive,KFUPM Department of Mathematics exam archive,https://math.kfupm.edu.sa/miscellaneous/exam,Numerical Methods — Major Exam I (Term 251),https://math.kfupm.edu.sa/docs/default-source/default-document-library/math371-secf32-251-e1.pdf,Exam,English,"Official KFUPM Department of Mathematics archive exam (MATH371 major exam i, term 251). PDF retrieved and text extracted: English questions verified. Hosted on math.kfupm.edu.sa.",Free public web resource,HTTP 200 · verified 2026-08-24,yes
Saudi Arabia,EM,numerical methods;approximation,A,University exam archive,KFUPM Department of Mathematics exam archive,https://math.kfupm.edu.sa/miscellaneous/exam,Numerical Methods — Major Exam II (Term 251),https://math.kfupm.edu.sa/docs/default-source/default-document-library/math371-secf32-251-e2.pdf,Exam,English,"Official KFUPM Department of Mathematics archive exam (MATH371 major exam ii, term 251). PDF retrieved and text extracted: English questions verified. Hosted on math.kfupm.edu.sa.",Free public web resource,HTTP 200 · verified 2026-08-24,yes
Saudi Arabia,EM,numerical methods;approximation,A,University exam archive,KFUPM Department of Mathematics exam archive,https://math.kfupm.edu.sa/miscellaneous/exam,Numerical Methods — Final Exam (Term 251),https://math.kfupm.edu.sa/docs/default-source/default-document-library/math371-secf32-251-fx.pdf,Exam,English,"Official KFUPM Department of Mathematics archive exam (MATH371 final exam, term 251). PDF retrieved and text extracted: English questions verified. Hosted on math.kfupm.edu.sa.",Free public web resource,HTTP 200 · verified 2026-08-24,yes
Saudi Arabia,EM,numerical methods;approximation,A,University exam archive,KFUPM Department of Mathematics exam archive,https://math.kfupm.edu.sa/miscellaneous/exam,Numerical Methods — Major Exam I (Term 251),https://math.kfupm.edu.sa/docs/default-source/default-document-library/math371-secf33-251-e1.pdf,Exam,English,"Official KFUPM Department of Mathematics archive exam (MATH371 major exam i, term 251). PDF retrieved and text extracted: English questions verified. Hosted on math.kfupm.edu.sa.",Free public web resource,HTTP 200 · verified 2026-08-24,yes
Saudi Arabia,EM,numerical methods;approximation,A,University exam archive,KFUPM Department of Mathematics exam archive,https://math.kfupm.edu.sa/miscellaneous/exam,Numerical Methods — Major Exam II (Term 251),https://math.kfupm.edu.sa/docs/default-source/default-document-library/math371-secf33-251-e2.pdf,Exam,English,"Official KFUPM Department of Mathematics archive exam (MATH371 major exam ii, term 251). PDF retrieved and text extracted: English questions verified. Hosted on math.kfupm.edu.sa.",Free public web resource,HTTP 200 · verified 2026-08-24,yes
Saudi Arabia,EM,numerical methods;approximation,A,University exam archive,KFUPM Department of Mathematics exam archive,https://math.kfupm.edu.sa/miscellaneous/exam,Numerical Methods — Final Exam (Term 251),https://math.kfupm.edu.sa/docs/default-source/default-document-library/math371-secf33-251-fx.pdf,Exam,English,"Official KFUPM Department of Mathematics archive exam (MATH371 final exam, term 251). PDF retrieved and text extracted: English questions verified. Hosted on math.kfupm.edu.sa.",Free public web resource,HTTP 200 · verified 2026-08-24,yes
Saudi Arabia,EM,numerical methods;approximation,A,University exam archive,KFUPM Department of Mathematics exam archive,https://math.kfupm.edu.sa/miscellaneous/exam,Numerical Methods — Major Exam I (Term 242),https://math.kfupm.edu.sa/docs/default-source/default-document-library/math371_sec2-4-242-e1.pdf,Exam,English,"Official KFUPM Department of Mathematics archive exam (MATH371 major exam i, term 242). PDF retrieved and text extracted: English questions verified. Hosted on math.kfupm.edu.sa.",Free public web resource,HTTP 200 · verified 2026-08-24,yes
Saudi Arabia,EM,numerical methods;approximation,A,University exam archive,KFUPM Department of Mathematics exam archive,https://math.kfupm.edu.sa/miscellaneous/exam,Numerical Methods — Major Exam II (Term 242),https://math.kfupm.edu.sa/docs/default-source/default-document-library/math371_sec2-4-242-e2.pdf,Exam,English,"Official KFUPM Department of Mathematics archive exam (MATH371 major exam ii, term 242). PDF retrieved and text extracted: English questions verified. Hosted on math.kfupm.edu.sa.",Free public web resource,HTTP 200 · verified 2026-08-24,yes
Saudi Arabia,EM,numerical methods;approximation,A,University exam archive,KFUPM Department of Mathematics exam archive,https://math.kfupm.edu.sa/miscellaneous/exam,Numerical Methods — Final Exam (Term 242),https://math.kfupm.edu.sa/docs/default-source/default-document-library/math371_sec2-4-242-fx.pdf,Exam,English,"Official KFUPM Department of Mathematics archive exam (MATH371 final exam, term 242). PDF retrieved and text extracted: English questions verified. Hosted on math.kfupm.edu.sa.",Free public web resource,HTTP 200 · verified 2026-08-24,yes
Saudi Arabia,EM,numerical methods;approximation,A,University exam archive,KFUPM Department of Mathematics exam archive,https://math.kfupm.edu.sa/miscellaneous/exam,Numerical Methods — Major Exam II (Term 242),https://math.kfupm.edu.sa/docs/default-source/default-document-library/math371_sec3-f32-242-e2.pdf,Exam,English,"Official KFUPM Department of Mathematics archive exam (MATH371 major exam ii, term 242). PDF retrieved and text extracted: English questions verified. Hosted on math.kfupm.edu.sa.",Free public web resource,HTTP 200 · verified 2026-08-24,yes
Saudi Arabia,EM,numerical methods;approximation,A,University exam archive,KFUPM Department of Mathematics exam archive,https://math.kfupm.edu.sa/miscellaneous/exam,Numerical Methods — Major Exam I (Term 242),https://math.kfupm.edu.sa/docs/default-source/default-document-library/math371_sec5-242-e1.pdf,Exam,English,"Official KFUPM Department of Mathematics archive exam (MATH371 major exam i, term 242). PDF retrieved and text extracted: English questions verified. Hosted on math.kfupm.edu.sa.",Free public web resource,HTTP 200 · verified 2026-08-24,yes
Saudi Arabia,EM,numerical methods;approximation,A,University exam archive,KFUPM Department of Mathematics exam archive,https://math.kfupm.edu.sa/miscellaneous/exam,Numerical Methods — Major Exam II (Term 242),https://math.kfupm.edu.sa/docs/default-source/default-document-library/math371_sec5-242-e2.pdf,Exam,English,"Official KFUPM Department of Mathematics archive exam (MATH371 major exam ii, term 242). PDF retrieved and text extracted: English questions verified. Hosted on math.kfupm.edu.sa.",Free public web resource,HTTP 200 · verified 2026-08-24,yes
Saudi Arabia,EM,numerical methods;approximation,A,University exam archive,KFUPM Department of Mathematics exam archive,https://math.kfupm.edu.sa/miscellaneous/exam,Numerical Methods — Final Exam (Term 242),https://math.kfupm.edu.sa/docs/default-source/default-document-library/math371_sec5-242-fx.pdf,Exam,English,"Official KFUPM Department of Mathematics archive exam (MATH371 final exam, term 242). PDF retrieved and text extracted: English questions verified. Hosted on math.kfupm.edu.sa.",Free public web resource,HTTP 200 · verified 2026-08-24,yes
Saudi Arabia,EM,numerical methods;approximation,A,University exam archive,KFUPM Department of Mathematics exam archive,https://math.kfupm.edu.sa/miscellaneous/exam,Numerical Methods — Major Exam I (Term 242),https://math.kfupm.edu.sa/docs/default-source/default-document-library/math371_secf32-3-242-e1.pdf,Exam,English,"Official KFUPM Department of Mathematics archive exam (MATH371 major exam i, term 242). PDF retrieved and text extracted: English questions verified. Hosted on math.kfupm.edu.sa.",Free public web resource,HTTP 200 · verified 2026-08-24,yes
Saudi Arabia,EM,numerical methods;approximation,A,University exam archive,KFUPM Department of Mathematics exam archive,https://math.kfupm.edu.sa/miscellaneous/exam,Numerical Methods — Final Exam (Term 242),https://math.kfupm.edu.sa/docs/default-source/default-document-library/math371_secf32-3-242-fx.pdf,Exam,English,"Official KFUPM Department of Mathematics archive exam (MATH371 final exam, term 242). PDF retrieved and text extracted: English questions verified. Hosted on math.kfupm.edu.sa.",Free public web resource,HTTP 200 · verified 2026-08-24,yes
Saudi Arabia,EM,linear algebra;matrix factorization;data,B,University exam archive,KFUPM Department of Mathematics exam archive,https://math.kfupm.edu.sa/miscellaneous/exam,Learning from Data (Matrix Methods) — Major Exam I (Term 211),https://math.kfupm.edu.sa/docs/default-source/default-document-library/math405-211-e1.pdf,Exam,English,"Official KFUPM Department of Mathematics archive exam (MATH405 major exam i, term 211). PDF retrieved and text extracted: English questions verified. Hosted on math.kfupm.edu.sa.",Free public web resource,HTTP 200 · verified 2026-08-24,yes
Saudi Arabia,EM,linear algebra;matrix factorization;data,B,University exam archive,KFUPM Department of Mathematics exam archive,https://math.kfupm.edu.sa/miscellaneous/exam,Learning from Data (Matrix Methods) — Final Exam (Term 211),https://math.kfupm.edu.sa/docs/default-source/default-document-library/math405-211-fx.pdf,Exam,English,"Official KFUPM Department of Mathematics archive exam (MATH405 final exam, term 211). PDF retrieved and text extracted: English questions verified. Hosted on math.kfupm.edu.sa.",Free public web resource,HTTP 200 · verified 2026-08-24,yes
Saudi Arabia,EM,linear algebra;matrix factorization;data,B,University exam archive,KFUPM Department of Mathematics exam archive,https://math.kfupm.edu.sa/miscellaneous/exam,Learning from Data (Matrix Methods) — Major Exam I (Term 221),https://math.kfupm.edu.sa/docs/default-source/default-document-library/math405-221-e1.pdf,Exam,English,"Official KFUPM Department of Mathematics archive exam (MATH405 major exam i, term 221). PDF retrieved and text extracted: English questions verified. Hosted on math.kfupm.edu.sa.",Free public web resource,HTTP 200 · verified 2026-08-24,yes
Saudi Arabia,EM,linear algebra;matrix factorization;data,B,University exam archive,KFUPM Department of Mathematics exam archive,https://math.kfupm.edu.sa/miscellaneous/exam,Learning from Data (Matrix Methods) — Major Exam II (Term 221),https://math.kfupm.edu.sa/docs/default-source/default-document-library/math405-221-e2.pdf,Exam,English,"Official KFUPM Department of Mathematics archive exam (MATH405 major exam ii, term 221). PDF retrieved and text extracted: English questions verified. Hosted on math.kfupm.edu.sa.",Free public web resource,HTTP 200 · verified 2026-08-24,yes
Saudi Arabia,EM,linear algebra;matrix factorization;data,B,University exam archive,KFUPM Department of Mathematics exam archive,https://math.kfupm.edu.sa/miscellaneous/exam,Learning from Data (Matrix Methods) — Final Exam (Term 221),https://math.kfupm.edu.sa/docs/default-source/default-document-library/math405-221-fx.pdf,Exam,English,"Official KFUPM Department of Mathematics archive exam (MATH405 final exam, term 221). PDF retrieved and text extracted: English questions verified. Hosted on math.kfupm.edu.sa.",Free public web resource,HTTP 200 · verified 2026-08-24,yes
Saudi Arabia,EM,linear algebra;matrix factorization;data,B,University exam archive,KFUPM Department of Mathematics exam archive,https://math.kfupm.edu.sa/miscellaneous/exam,Learning from Data (Matrix Methods) — Major Exam I (Term 231),https://math.kfupm.edu.sa/docs/default-source/default-document-library/math405-231-ex1.pdf,Exam,English,"Official KFUPM Department of Mathematics archive exam (MATH405 major exam i, term 231). PDF retrieved and text extracted: English questions verified. Hosted on math.kfupm.edu.sa.",Free public web resource,HTTP 200 · verified 2026-08-24,yes
Saudi Arabia,EM,linear algebra;matrix factorization;data,B,University exam archive,KFUPM Department of Mathematics exam archive,https://math.kfupm.edu.sa/miscellaneous/exam,Learning from Data (Matrix Methods) — Major Exam II (Term 231),https://math.kfupm.edu.sa/docs/default-source/default-document-library/math405-231-ex2.pdf,Exam,English,"Official KFUPM Department of Mathematics archive exam (MATH405 major exam ii, term 231). PDF retrieved and text extracted: English questions verified. Hosted on math.kfupm.edu.sa.",Free public web resource,HTTP 200 · verified 2026-08-24,yes
Saudi Arabia,DM,game theory;optimization,B,University exam archive,KFUPM Department of Mathematics exam archive,https://math.kfupm.edu.sa/miscellaneous/exam,Applied Game Theory — Major Exam I (Term 212),https://math.kfupm.edu.sa/docs/default-source/default-document-library/math407-212-e1.pdf,Exam,English,"Official KFUPM Department of Mathematics archive exam (MATH407 major exam i, term 212). PDF retrieved and text extracted: English questions verified. Hosted on math.kfupm.edu.sa.",Free public web resource,HTTP 200 · verified 2026-08-24,yes
Saudi Arabia,DM,game theory;optimization,B,University exam archive,KFUPM Department of Mathematics exam archive,https://math.kfupm.edu.sa/miscellaneous/exam,Applied Game Theory — Final Exam (Term 212),https://math.kfupm.edu.sa/docs/default-source/default-document-library/math407-212-fx.pdf,Exam,English,"Official KFUPM Department of Mathematics archive exam (MATH407 final exam, term 212). PDF retrieved and text extracted: English questions verified. Hosted on math.kfupm.edu.sa.",Free public web resource,HTTP 200 · verified 2026-08-24,yes
Saudi Arabia,DM,game theory;optimization,B,University exam archive,KFUPM Department of Mathematics exam archive,https://math.kfupm.edu.sa/miscellaneous/exam,Applied Game Theory — Major Exam I (Term 222),https://math.kfupm.edu.sa/docs/default-source/default-document-library/math407-222-ex1.pdf,Exam,English,"Official KFUPM Department of Mathematics archive exam (MATH407 major exam i, term 222). PDF retrieved and text extracted: English questions verified. Hosted on math.kfupm.edu.sa.",Free public web resource,HTTP 200 · verified 2026-08-24,yes
Saudi Arabia,DM,game theory;optimization,B,University exam archive,KFUPM Department of Mathematics exam archive,https://math.kfupm.edu.sa/miscellaneous/exam,Applied Game Theory — Final Exam (Term 222),https://math.kfupm.edu.sa/docs/default-source/default-document-library/math407-222-fx.pdf,Exam,English,"Official KFUPM Department of Mathematics archive exam (MATH407 final exam, term 222). PDF retrieved and text extracted: English questions verified. Hosted on math.kfupm.edu.sa.",Free public web resource,HTTP 200 · verified 2026-08-24,yes
Saudi Arabia,DM,abstract algebra;groups,B,University exam archive,KFUPM Department of Mathematics exam archive,https://math.kfupm.edu.sa/miscellaneous/exam,Abstract Algebra (Groups) — Major Exam I (Term 211),https://math.kfupm.edu.sa/docs/default-source/default-document-library/math423-211-e1.pdf,Exam,English,"Official KFUPM Department of Mathematics archive exam (MATH423 major exam i, term 211). PDF retrieved and text extracted: English questions verified. Hosted on math.kfupm.edu.sa.",Free public web resource,HTTP 200 · verified 2026-08-24,yes
Saudi Arabia,DM,abstract algebra;groups,B,University exam archive,KFUPM Department of Mathematics exam archive,https://math.kfupm.edu.sa/miscellaneous/exam,Abstract Algebra (Groups) — Major Exam II (Term 211),https://math.kfupm.edu.sa/docs/default-source/default-document-library/math423-211-e2.pdf,Exam,English,"Official KFUPM Department of Mathematics archive exam (MATH423 major exam ii, term 211). PDF retrieved and text extracted: English questions verified. Hosted on math.kfupm.edu.sa.",Free public web resource,HTTP 200 · verified 2026-08-24,yes
Saudi Arabia,DM,abstract algebra;groups,B,University exam archive,KFUPM Department of Mathematics exam archive,https://math.kfupm.edu.sa/miscellaneous/exam,Abstract Algebra (Groups) — Final Exam (Term 211),https://math.kfupm.edu.sa/docs/default-source/default-document-library/math423-211-fx.pdf,Exam,English,"Official KFUPM Department of Mathematics archive exam (MATH423 final exam, term 211). PDF retrieved and text extracted: English questions verified. Hosted on math.kfupm.edu.sa.",Free public web resource,HTTP 200 · verified 2026-08-24,yes
Saudi Arabia,DM,number theory;elementary number theory,B,University exam archive,KFUPM Department of Mathematics exam archive,https://math.kfupm.edu.sa/miscellaneous/exam,Number Theory — Major Exam I (Term 212),https://math.kfupm.edu.sa/docs/default-source/default-document-library/math427-212-e1.pdf,Exam,English,"Official KFUPM Department of Mathematics archive exam (MATH427 major exam i, term 212). PDF retrieved and text extracted: English questions verified. Hosted on math.kfupm.edu.sa.",Free public web resource,HTTP 200 · verified 2026-08-24,yes
Saudi Arabia,DM,number theory;elementary number theory,B,University exam archive,KFUPM Department of Mathematics exam archive,https://math.kfupm.edu.sa/miscellaneous/exam,Number Theory — Major Exam II (Term 212),https://math.kfupm.edu.sa/docs/default-source/default-document-library/math427-212-e2.pdf,Exam,English,"Official KFUPM Department of Mathematics archive exam (MATH427 major exam ii, term 212). PDF retrieved and text extracted: English questions verified. Hosted on math.kfupm.edu.sa.",Free public web resource,HTTP 200 · verified 2026-08-24,yes
Saudi Arabia,DM,number theory;elementary number theory,B,University exam archive,KFUPM Department of Mathematics exam archive,https://math.kfupm.edu.sa/miscellaneous/exam,Number Theory — Final Exam (Term 212),https://math.kfupm.edu.sa/docs/default-source/default-document-library/math427-212-fx.pdf,Exam,English,"Official KFUPM Department of Mathematics archive exam (MATH427 final exam, term 212). PDF retrieved and text extracted: English questions verified. Hosted on math.kfupm.edu.sa.",Free public web resource,HTTP 200 · verified 2026-08-24,yes
Saudi Arabia,DM,number theory;elementary number theory,B,University exam archive,KFUPM Department of Mathematics exam archive,https://math.kfupm.edu.sa/miscellaneous/exam,Number Theory — Major Exam I (Term 242),https://math.kfupm.edu.sa/docs/default-source/default-document-library/math427-242-e1.pdf,Exam,English,"Official KFUPM Department of Mathematics archive exam (MATH427 major exam i, term 242). PDF retrieved and text extracted: English questions verified. Hosted on math.kfupm.edu.sa.",Free public web resource,HTTP 200 · verified 2026-08-24,yes
Saudi Arabia,DM,number theory;elementary number theory,B,University exam archive,KFUPM Department of Mathematics exam archive,https://math.kfupm.edu.sa/miscellaneous/exam,Number Theory — Major Exam II (Term 242),https://math.kfupm.edu.sa/docs/default-source/default-document-library/math427-242-e2.pdf,Exam,English,"Official KFUPM Department of Mathematics archive exam (MATH427 major exam ii, term 242). PDF retrieved and text extracted: English questions verified. Hosted on math.kfupm.edu.sa.",Free public web resource,HTTP 200 · verified 2026-08-24,yes
Saudi Arabia,DM,number theory;elementary number theory,B,University exam archive,KFUPM Department of Mathematics exam archive,https://math.kfupm.edu.sa/miscellaneous/exam,Number Theory — Final Exam (Term 242),https://math.kfupm.edu.sa/docs/default-source/default-document-library/math427-242-fx.pdf,Exam,English,"Official KFUPM Department of Mathematics archive exam (MATH427 final exam, term 242). PDF retrieved and text extracted: English questions verified. Hosted on math.kfupm.edu.sa.",Free public web resource,HTTP 200 · verified 2026-08-24,yes
Saudi Arabia,EM,mathematics,B,University exam archive,KFUPM Department of Mathematics exam archive,https://math.kfupm.edu.sa/miscellaneous/exam,Mathematics — Major Exam I (Term 232),https://math.kfupm.edu.sa/docs/default-source/default-document-library/math432-232-e1.pdf,Exam,English,"Official KFUPM Department of Mathematics archive exam (MATH432 major exam i, term 232). PDF retrieved and text extracted: English questions verified. Hosted on math.kfupm.edu.sa.",Free public web resource,HTTP 200 · verified 2026-08-24,yes
Saudi Arabia,EM,mathematics,B,University exam archive,KFUPM Department of Mathematics exam archive,https://math.kfupm.edu.sa/miscellaneous/exam,Mathematics — Major Exam II (Term 232),https://math.kfupm.edu.sa/docs/default-source/default-document-library/math432-232-e2.pdf,Exam,English,"Official KFUPM Department of Mathematics archive exam (MATH432 major exam ii, term 232). PDF retrieved and text extracted: English questions verified. Hosted on math.kfupm.edu.sa.",Free public web resource,HTTP 200 · verified 2026-08-24,yes
Saudi Arabia,EM,mathematics,B,University exam archive,KFUPM Department of Mathematics exam archive,https://math.kfupm.edu.sa/miscellaneous/exam,Mathematics — Final Exam (Term 232),https://math.kfupm.edu.sa/docs/default-source/default-document-library/math432-232-fx.pdf,Exam,English,"Official KFUPM Department of Mathematics archive exam (MATH432 final exam, term 232). PDF retrieved and text extracted: English questions verified. Hosted on math.kfupm.edu.sa.",Free public web resource,HTTP 200 · verified 2026-08-24,yes
Saudi Arabia,EM,differential equations;ODE,B,University exam archive,KFUPM Department of Mathematics exam archive,https://math.kfupm.edu.sa/miscellaneous/exam,Ordinary Differential Equations — Major Exam I (Term 212),https://math.kfupm.edu.sa/docs/default-source/default-document-library/math435-212-e1.pdf,Exam,English,"Official KFUPM Department of Mathematics archive exam (MATH435 major exam i, term 212). PDF retrieved and text extracted: English questions verified. Hosted on math.kfupm.edu.sa.",Free public web resource,HTTP 200 · verified 2026-08-24,yes
Saudi Arabia,EM,differential equations;ODE,B,University exam archive,KFUPM Department of Mathematics exam archive,https://math.kfupm.edu.sa/miscellaneous/exam,Ordinary Differential Equations — Major Exam I (Term 241),https://math.kfupm.edu.sa/docs/default-source/default-document-library/math435-241-e1.pdf,Exam,English,"Official KFUPM Department of Mathematics archive exam (MATH435 major exam i, term 241). PDF retrieved and text extracted: English questions verified. Hosted on math.kfupm.edu.sa.",Free public web resource,HTTP 200 · verified 2026-08-24,yes
Saudi Arabia,EM,differential equations;ODE,B,University exam archive,KFUPM Department of Mathematics exam archive,https://math.kfupm.edu.sa/miscellaneous/exam,Ordinary Differential Equations — Major Exam II (Term 241),https://math.kfupm.edu.sa/docs/default-source/default-document-library/math435-241-e2.pdf,Exam,English,"Official KFUPM Department of Mathematics archive exam (MATH435 major exam ii, term 241). PDF retrieved and text extracted: English questions verified. Hosted on math.kfupm.edu.sa.",Free public web resource,HTTP 200 · verified 2026-08-24,yes
Saudi Arabia,EM,differential equations;ODE,B,University exam archive,KFUPM Department of Mathematics exam archive,https://math.kfupm.edu.sa/miscellaneous/exam,Ordinary Differential Equations — Final Exam (Term 241),https://math.kfupm.edu.sa/docs/default-source/default-document-library/math435-241-fx.pdf,Exam,English,"Official KFUPM Department of Mathematics archive exam (MATH435 final exam, term 241). PDF retrieved and text extracted: English questions verified. Hosted on math.kfupm.edu.sa.",Free public web resource,HTTP 200 · verified 2026-08-24,yes
Saudi Arabia,DM,discrete mathematics;dynamical systems,B,University exam archive,KFUPM Department of Mathematics exam archive,https://math.kfupm.edu.sa/miscellaneous/exam,Discrete Models — Midterm Exam (Term 242),https://math.kfupm.edu.sa/docs/default-source/default-document-library/math436-242-midterm.pdf,Exam,English,"Official KFUPM Department of Mathematics archive exam (MATH436 midterm exam, term 242). PDF retrieved and text extracted: English questions verified. Hosted on math.kfupm.edu.sa.",Free public web resource,HTTP 200 · verified 2026-08-24,yes
Saudi Arabia,EM,mathematics,B,University exam archive,KFUPM Department of Mathematics exam archive,https://math.kfupm.edu.sa/miscellaneous/exam,Mathematics — Major Exam I (Term 221),https://math.kfupm.edu.sa/docs/default-source/default-document-library/math437-221-e1.pdf,Exam,English,"Official KFUPM Department of Mathematics archive exam (MATH437 major exam i, term 221). PDF retrieved and text extracted: English questions verified. Hosted on math.kfupm.edu.sa.",Free public web resource,HTTP 200 · verified 2026-08-24,yes
Saudi Arabia,EM,mathematics,B,University exam archive,KFUPM Department of Mathematics exam archive,https://math.kfupm.edu.sa/miscellaneous/exam,Mathematics — Major Exam II (Term 221),https://math.kfupm.edu.sa/docs/default-source/default-document-library/math437-221-e2.pdf,Exam,English,"Official KFUPM Department of Mathematics archive exam (MATH437 major exam ii, term 221). PDF retrieved and text extracted: English questions verified. Hosted on math.kfupm.edu.sa.",Free public web resource,HTTP 200 · verified 2026-08-24,yes
Saudi Arabia,EM,mathematics,B,University exam archive,KFUPM Department of Mathematics exam archive,https://math.kfupm.edu.sa/miscellaneous/exam,Mathematics — Final Exam (Term 221),https://math.kfupm.edu.sa/docs/default-source/default-document-library/math437-221-fx.pdf,Exam,English,"Official KFUPM Department of Mathematics archive exam (MATH437 final exam, term 221). PDF retrieved and text extracted: English questions verified. Hosted on math.kfupm.edu.sa.",Free public web resource,HTTP 200 · verified 2026-08-24,yes
Saudi Arabia,EM,advanced calculus;analysis,B,University exam archive,KFUPM Department of Mathematics exam archive,https://math.kfupm.edu.sa/miscellaneous/exam,Advanced Calculus II — Major Exam I (Term 222),https://math.kfupm.edu.sa/docs/default-source/default-document-library/math441-222-ex1.pdf,Exam,English,"Official KFUPM Department of Mathematics archive exam (MATH441 major exam i, term 222). PDF retrieved and text extracted: English questions verified. Hosted on math.kfupm.edu.sa.",Free public web resource,HTTP 200 · verified 2026-08-24,yes
Saudi Arabia,EM,advanced calculus;analysis,B,University exam archive,KFUPM Department of Mathematics exam archive,https://math.kfupm.edu.sa/miscellaneous/exam,Advanced Calculus II — Major Exam II (Term 222),https://math.kfupm.edu.sa/docs/default-source/default-document-library/math441-222-ex2.pdf,Exam,English,"Official KFUPM Department of Mathematics archive exam (MATH441 major exam ii, term 222). PDF retrieved and text extracted: English questions verified. Hosted on math.kfupm.edu.sa.",Free public web resource,HTTP 200 · verified 2026-08-24,yes
Saudi Arabia,EM,advanced calculus;analysis,B,University exam archive,KFUPM Department of Mathematics exam archive,https://math.kfupm.edu.sa/miscellaneous/exam,Advanced Calculus II — Final Exam (Term 222),https://math.kfupm.edu.sa/docs/default-source/default-document-library/math441-222-fx.pdf,Exam,English,"Official KFUPM Department of Mathematics archive exam (MATH441 final exam, term 222). PDF retrieved and text extracted: English questions verified. Hosted on math.kfupm.edu.sa.",Free public web resource,HTTP 200 · verified 2026-08-24,yes
Saudi Arabia,EM,advanced calculus;analysis,B,University exam archive,KFUPM Department of Mathematics exam archive,https://math.kfupm.edu.sa/miscellaneous/exam,Advanced Calculus II — Midterm Exam (Term 242),https://math.kfupm.edu.sa/docs/default-source/default-document-library/math441-242-midterm.pdf,Exam,English,"Official KFUPM Department of Mathematics archive exam (MATH441 midterm exam, term 242). PDF retrieved and text extracted: English questions verified. Hosted on math.kfupm.edu.sa.",Free public web resource,HTTP 200 · verified 2026-08-24,yes
Saudi Arabia,EM,complex analysis,B,University exam archive,KFUPM Department of Mathematics exam archive,https://math.kfupm.edu.sa/miscellaneous/exam,Complex Variables — Major Exam II (Term 212),https://math.kfupm.edu.sa/docs/default-source/default-document-library/math445-212-e2.pdf,Exam,English,"Official KFUPM Department of Mathematics archive exam (MATH445 major exam ii, term 212). PDF retrieved and text extracted: English questions verified. Hosted on math.kfupm.edu.sa.",Free public web resource,HTTP 200 · verified 2026-08-24,yes
Saudi Arabia,EM,complex analysis,B,University exam archive,KFUPM Department of Mathematics exam archive,https://math.kfupm.edu.sa/miscellaneous/exam,Complex Variables — Final Exam (Term 212),https://math.kfupm.edu.sa/docs/default-source/default-document-library/math445-212-fx.pdf,Exam,English,"Official KFUPM Department of Mathematics archive exam (MATH445 final exam, term 212). PDF retrieved and text extracted: English questions verified. Hosted on math.kfupm.edu.sa.",Free public web resource,HTTP 200 · verified 2026-08-24,yes
Saudi Arabia,EM,complex analysis,B,University exam archive,KFUPM Department of Mathematics exam archive,https://math.kfupm.edu.sa/miscellaneous/exam,Complex Variables — Major Exam I (Term 221),https://math.kfupm.edu.sa/docs/default-source/default-document-library/math445-221-e1.pdf,Exam,English,"Official KFUPM Department of Mathematics archive exam (MATH445 major exam i, term 221). PDF retrieved and text extracted: English questions verified. Hosted on math.kfupm.edu.sa.",Free public web resource,HTTP 200 · verified 2026-08-24,yes
Saudi Arabia,EM,complex analysis,B,University exam archive,KFUPM Department of Mathematics exam archive,https://math.kfupm.edu.sa/miscellaneous/exam,Complex Variables — Major Exam II (Term 221),https://math.kfupm.edu.sa/docs/default-source/default-document-library/math445-221-e2.pdf,Exam,English,"Official KFUPM Department of Mathematics archive exam (MATH445 major exam ii, term 221). PDF retrieved and text extracted: English questions verified. Hosted on math.kfupm.edu.sa.",Free public web resource,HTTP 200 · verified 2026-08-24,yes
Saudi Arabia,EM,complex analysis,B,University exam archive,KFUPM Department of Mathematics exam archive,https://math.kfupm.edu.sa/miscellaneous/exam,Complex Variables — Final Exam (Term 221),https://math.kfupm.edu.sa/docs/default-source/default-document-library/math445-221-fx.pdf,Exam,English,"Official KFUPM Department of Mathematics archive exam (MATH445 final exam, term 221). PDF retrieved and text extracted: English questions verified. Hosted on math.kfupm.edu.sa.",Free public web resource,HTTP 200 · verified 2026-08-24,yes
Saudi Arabia,EM,complex analysis,B,University exam archive,KFUPM Department of Mathematics exam archive,https://math.kfupm.edu.sa/miscellaneous/exam,Complex Variables — Midterm Exam (Term 231),https://math.kfupm.edu.sa/docs/default-source/default-document-library/math445-231-midterm.pdf,Exam,English,"Official KFUPM Department of Mathematics archive exam (MATH445 midterm exam, term 231). PDF retrieved and text extracted: English questions verified. Hosted on math.kfupm.edu.sa.",Free public web resource,HTTP 200 · verified 2026-08-24,yes
Saudi Arabia,EM,complex analysis,B,University exam archive,KFUPM Department of Mathematics exam archive,https://math.kfupm.edu.sa/miscellaneous/exam,Complex Variables — Major Exam I (Term 241),https://math.kfupm.edu.sa/docs/default-source/default-document-library/math445-241-e1.pdf,Exam,English,"Official KFUPM Department of Mathematics archive exam (MATH445 major exam i, term 241). PDF retrieved and text extracted: English questions verified. Hosted on math.kfupm.edu.sa.",Free public web resource,HTTP 200 · verified 2026-08-24,yes
Saudi Arabia,EM,complex analysis,B,University exam archive,KFUPM Department of Mathematics exam archive,https://math.kfupm.edu.sa/miscellaneous/exam,Complex Variables — Major Exam II (Term 241),https://math.kfupm.edu.sa/docs/default-source/default-document-library/math445-241-e2.pdf,Exam,English,"Official KFUPM Department of Mathematics archive exam (MATH445 major exam ii, term 241). PDF retrieved and text extracted: English questions verified. Hosted on math.kfupm.edu.sa.",Free public web resource,HTTP 200 · verified 2026-08-24,yes
Saudi Arabia,EM,complex analysis,B,University exam archive,KFUPM Department of Mathematics exam archive,https://math.kfupm.edu.sa/miscellaneous/exam,Complex Variables — Final Exam (Term 241),https://math.kfupm.edu.sa/docs/default-source/default-document-library/math445-241-fx.pdf,Exam,English,"Official KFUPM Department of Mathematics archive exam (MATH445 final exam, term 241). PDF retrieved and text extracted: English questions verified. Hosted on math.kfupm.edu.sa.",Free public web resource,HTTP 200 · verified 2026-08-24,yes
Saudi Arabia,EM,differential geometry;curves;surfaces,B,University exam archive,KFUPM Department of Mathematics exam archive,https://math.kfupm.edu.sa/miscellaneous/exam,Differential Geometry — Major Exam I (Term 211),https://math.kfupm.edu.sa/docs/default-source/default-document-library/math451-211-e1.pdf,Exam,English,"Official KFUPM Department of Mathematics archive exam (MATH451 major exam i, term 211). PDF retrieved and text extracted: English questions verified. Hosted on math.kfupm.edu.sa.",Free public web resource,HTTP 200 · verified 2026-08-24,yes
Saudi Arabia,EM,differential geometry;curves;surfaces,B,University exam archive,KFUPM Department of Mathematics exam archive,https://math.kfupm.edu.sa/miscellaneous/exam,Differential Geometry — Major Exam II (Term 211),https://math.kfupm.edu.sa/docs/default-source/default-document-library/math451-211-e2.pdf,Exam,English,"Official KFUPM Department of Mathematics archive exam (MATH451 major exam ii, term 211). PDF retrieved and text extracted: English questions verified. Hosted on math.kfupm.edu.sa.",Free public web resource,HTTP 200 · verified 2026-08-24,yes
Saudi Arabia,EM,differential geometry;curves;surfaces,B,University exam archive,KFUPM Department of Mathematics exam archive,https://math.kfupm.edu.sa/miscellaneous/exam,Differential Geometry — Final Exam (Term 211),https://math.kfupm.edu.sa/docs/default-source/default-document-library/math451-211-fx.pdf,Exam,English,"Official KFUPM Department of Mathematics archive exam (MATH451 final exam, term 211). PDF retrieved and text extracted: English questions verified. Hosted on math.kfupm.edu.sa.",Free public web resource,HTTP 200 · verified 2026-08-24,yes
Saudi Arabia,EM,mathematics,B,University exam archive,KFUPM Department of Mathematics exam archive,https://math.kfupm.edu.sa/miscellaneous/exam,Mathematics — Major Exam I (Term 231),https://math.kfupm.edu.sa/docs/default-source/default-document-library/math453-231-ex1.pdf,Exam,English,"Official KFUPM Department of Mathematics archive exam (MATH453 major exam i, term 231). PDF retrieved and text extracted: English questions verified. Hosted on math.kfupm.edu.sa.",Free public web resource,HTTP 200 · verified 2026-08-24,yes
Saudi Arabia,EM,mathematics,B,University exam archive,KFUPM Department of Mathematics exam archive,https://math.kfupm.edu.sa/miscellaneous/exam,Mathematics — Major Exam II (Term 231),https://math.kfupm.edu.sa/docs/default-source/default-document-library/math453-231-ex2.pdf,Exam,English,"Official KFUPM Department of Mathematics archive exam (MATH453 major exam ii, term 231). PDF retrieved and text extracted: English questions verified. Hosted on math.kfupm.edu.sa.",Free public web resource,HTTP 200 · verified 2026-08-24,yes
Saudi Arabia,EM,mathematics,B,University exam archive,KFUPM Department of Mathematics exam archive,https://math.kfupm.edu.sa/miscellaneous/exam,Mathematics — Major Exam I (Term 232),https://math.kfupm.edu.sa/docs/default-source/default-document-library/math453-232-e1.pdf,Exam,English,"Official KFUPM Department of Mathematics archive exam (MATH453 major exam i, term 232). PDF retrieved and text extracted: English questions verified. Hosted on math.kfupm.edu.sa.",Free public web resource,HTTP 200 · verified 2026-08-24,yes
Saudi Arabia,EM,mathematics,B,University exam archive,KFUPM Department of Mathematics exam archive,https://math.kfupm.edu.sa/miscellaneous/exam,Mathematics — Major Exam II (Term 232),https://math.kfupm.edu.sa/docs/default-source/default-document-library/math453-232-e2.pdf,Exam,English,"Official KFUPM Department of Mathematics archive exam (MATH453 major exam ii, term 232). PDF retrieved and text extracted: English questions verified. Hosted on math.kfupm.edu.sa.",Free public web resource,HTTP 200 · verified 2026-08-24,yes
Saudi Arabia,EM,mathematics,B,University exam archive,KFUPM Department of Mathematics exam archive,https://math.kfupm.edu.sa/miscellaneous/exam,Mathematics — Major Exam III (Term 232),https://math.kfupm.edu.sa/docs/default-source/default-document-library/math453-232-e3.pdf,Exam,English,"Official KFUPM Department of Mathematics archive exam (MATH453 major exam iii, term 232). PDF retrieved and text extracted: English questions verified. Hosted on math.kfupm.edu.sa.",Free public web resource,HTTP 200 · verified 2026-08-24,yes
Saudi Arabia,EM,mathematics,B,University exam archive,KFUPM Department of Mathematics exam archive,https://math.kfupm.edu.sa/miscellaneous/exam,Mathematics — Final Exam (Term 232),https://math.kfupm.edu.sa/docs/default-source/default-document-library/math453-232-fx.pdf,Exam,English,"Official KFUPM Department of Mathematics archive exam (MATH453 final exam, term 232). PDF retrieved and text extracted: English questions verified. Hosted on math.kfupm.edu.sa.",Free public web resource,HTTP 200 · verified 2026-08-24,yes
Saudi Arabia,DM,graph theory,B,University exam archive,KFUPM Department of Mathematics exam archive,https://math.kfupm.edu.sa/miscellaneous/exam,Graph Theory — Major Exam I (Term 241),https://math.kfupm.edu.sa/docs/default-source/default-document-library/math467-241-e1.pdf,Exam,English,"Official KFUPM Department of Mathematics archive exam (MATH467 major exam i, term 241). PDF retrieved and text extracted: English questions verified. Hosted on math.kfupm.edu.sa.",Free public web resource,HTTP 200 · verified 2026-08-24,yes
Saudi Arabia,EM,numerical methods;interpolation,A,University exam archive,KFUPM Department of Mathematics exam archive,https://math.kfupm.edu.sa/miscellaneous/exam,Numerical Methods — Major Exam I (Term 221),https://math.kfupm.edu.sa/docs/default-source/default-document-library/math471-221-e1.pdf,Exam,English,"Official KFUPM Department of Mathematics archive exam (MATH471 major exam i, term 221). PDF retrieved and text extracted: English questions verified. Hosted on math.kfupm.edu.sa.",Free public web resource,HTTP 200 · verified 2026-08-24,yes
Saudi Arabia,EM,numerical methods;interpolation,A,University exam archive,KFUPM Department of Mathematics exam archive,https://math.kfupm.edu.sa/miscellaneous/exam,Numerical Methods — Major Exam II (Term 221),https://math.kfupm.edu.sa/docs/default-source/default-document-library/math471-221-e2.pdf,Exam,English,"Official KFUPM Department of Mathematics archive exam (MATH471 major exam ii, term 221). PDF retrieved and text extracted: English questions verified. Hosted on math.kfupm.edu.sa.",Free public web resource,HTTP 200 · verified 2026-08-24,yes
Saudi Arabia,EM,numerical methods;interpolation,A,University exam archive,KFUPM Department of Mathematics exam archive,https://math.kfupm.edu.sa/miscellaneous/exam,Numerical Methods — Final Exam (Term 221),https://math.kfupm.edu.sa/docs/default-source/default-document-library/math471-221-fx.pdf,Exam,English,"Official KFUPM Department of Mathematics archive exam (MATH471 final exam, term 221). PDF retrieved and text extracted: English questions verified. Hosted on math.kfupm.edu.sa.",Free public web resource,HTTP 200 · verified 2026-08-24,yes
Saudi Arabia,EM,numerical analysis;finite differences,A,University exam archive,KFUPM Department of Mathematics exam archive,https://math.kfupm.edu.sa/miscellaneous/exam,Numerical Analysis — Major Exam I (Term 211),https://math.kfupm.edu.sa/docs/default-source/default-document-library/math472-211-e1.pdf,Exam,English,"Official KFUPM Department of Mathematics archive exam (MATH472 major exam i, term 211). PDF retrieved and text extracted: English questions verified. Hosted on math.kfupm.edu.sa.",Free public web resource,HTTP 200 · verified 2026-08-24,yes
Saudi Arabia,EM,numerical analysis;finite differences,A,University exam archive,KFUPM Department of Mathematics exam archive,https://math.kfupm.edu.sa/miscellaneous/exam,Numerical Analysis — Major Exam II (Term 211),https://math.kfupm.edu.sa/docs/default-source/default-document-library/math472-211-e2.pdf,Exam,English,"Official KFUPM Department of Mathematics archive exam (MATH472 major exam ii, term 211). PDF retrieved and text extracted: English questions verified. Hosted on math.kfupm.edu.sa.",Free public web resource,HTTP 200 · verified 2026-08-24,yes
Saudi Arabia,EM,numerical analysis;finite differences,A,University exam archive,KFUPM Department of Mathematics exam archive,https://math.kfupm.edu.sa/miscellaneous/exam,Numerical Analysis — Final Exam (Term 211),https://math.kfupm.edu.sa/docs/default-source/default-document-library/math472-211-fx.pdf,Exam,English,"Official KFUPM Department of Mathematics archive exam (MATH472 final exam, term 211). PDF retrieved and text extracted: English questions verified. Hosted on math.kfupm.edu.sa.",Free public web resource,HTTP 200 · verified 2026-08-24,yes
Saudi Arabia,EM,numerical analysis;finite differences,A,University exam archive,KFUPM Department of Mathematics exam archive,https://math.kfupm.edu.sa/miscellaneous/exam,Numerical Analysis — Major Exam I (Term 222),https://math.kfupm.edu.sa/docs/default-source/default-document-library/math472-222-ex1.pdf,Exam,English,"Official KFUPM Department of Mathematics archive exam (MATH472 major exam i, term 222). PDF retrieved and text extracted: English questions verified. Hosted on math.kfupm.edu.sa.",Free public web resource,HTTP 200 · verified 2026-08-24,yes
Saudi Arabia,EM,numerical analysis;finite differences,A,University exam archive,KFUPM Department of Mathematics exam archive,https://math.kfupm.edu.sa/miscellaneous/exam,Numerical Analysis — Major Exam II (Term 222),https://math.kfupm.edu.sa/docs/default-source/default-document-library/math472-222-ex2.pdf,Exam,English,"Official KFUPM Department of Mathematics archive exam (MATH472 major exam ii, term 222). PDF retrieved and text extracted: English questions verified. Hosted on math.kfupm.edu.sa.",Free public web resource,HTTP 200 · verified 2026-08-24,yes
Saudi Arabia,EM,linear algebra;data science,B,University exam archive,KFUPM Department of Mathematics exam archive,https://math.kfupm.edu.sa/miscellaneous/exam,Mathematics for Data Science — Midterm Exam (Term 231),https://math.kfupm.edu.sa/docs/default-source/default-document-library/math503-231-midterm.pdf,Exam,English,"Official KFUPM Department of Mathematics archive exam (MATH503 midterm exam, term 231). PDF retrieved and text extracted: English questions verified. Hosted on math.kfupm.edu.sa.",Free public web resource,HTTP 200 · verified 2026-08-24,yes
Saudi Arabia,EM,linear algebra;data science,B,University exam archive,KFUPM Department of Mathematics exam archive,https://math.kfupm.edu.sa/miscellaneous/exam,Mathematics for Data Science — Major Exam I (Term 241),https://math.kfupm.edu.sa/docs/default-source/default-document-library/math503-241-e1.pdf,Exam,English,"Official KFUPM Department of Mathematics archive exam (MATH503 major exam i, term 241). PDF retrieved and text extracted: English questions verified. Hosted on math.kfupm.edu.sa.",Free public web resource,HTTP 200 · verified 2026-08-24,yes
Saudi Arabia,EM,linear algebra;data science,B,University exam archive,KFUPM Department of Mathematics exam archive,https://math.kfupm.edu.sa/miscellaneous/exam,Mathematics for Data Science — Major Exam II (Term 241),https://math.kfupm.edu.sa/docs/default-source/default-document-library/math503-241-e2.pdf,Exam,English,"Official KFUPM Department of Mathematics archive exam (MATH503 major exam ii, term 241). PDF retrieved and text extracted: English questions verified. Hosted on math.kfupm.edu.sa.",Free public web resource,HTTP 200 · verified 2026-08-24,yes
Saudi Arabia,EM,linear algebra;data science,B,University exam archive,KFUPM Department of Mathematics exam archive,https://math.kfupm.edu.sa/miscellaneous/exam,Mathematics for Data Science — Final Exam (Term 241),https://math.kfupm.edu.sa/docs/default-source/default-document-library/math503-241-fx.pdf,Exam,English,"Official KFUPM Department of Mathematics archive exam (MATH503 final exam, term 241). PDF retrieved and text extracted: English questions verified. Hosted on math.kfupm.edu.sa.",Free public web resource,HTTP 200 · verified 2026-08-24,yes
Saudi Arabia,EM,linear algebra;data science,B,University exam archive,KFUPM Department of Mathematics exam archive,https://math.kfupm.edu.sa/miscellaneous/exam,Mathematics for Data Science — Final Exam (Term 251),https://math.kfupm.edu.sa/docs/default-source/default-document-library/math503-251-fx.pdf,Exam,English,"Official KFUPM Department of Mathematics archive exam (MATH503 final exam, term 251). PDF retrieved and text extracted: English questions verified. Hosted on math.kfupm.edu.sa.",Free public web resource,HTTP 200 · verified 2026-08-24,yes
Saudi Arabia,EM,linear algebra;data science,B,University exam archive,KFUPM Department of Mathematics exam archive,https://math.kfupm.edu.sa/miscellaneous/exam,Mathematics for Data Science — Midterm Exam (Term 251),https://math.kfupm.edu.sa/docs/default-source/default-document-library/math503-251-midterm.pdf,Exam,English,"Official KFUPM Department of Mathematics archive exam (MATH503 midterm exam, term 251). PDF retrieved and text extracted: English questions verified. Hosted on math.kfupm.edu.sa.",Free public web resource,HTTP 200 · verified 2026-08-24,yes
Saudi Arabia,EM,data science;statistics,B,University exam archive,KFUPM Department of Mathematics exam archive,https://math.kfupm.edu.sa/miscellaneous/exam,Data Science Fundamentals — Major Exam I (Term 231),https://math.kfupm.edu.sa/docs/default-source/default-document-library/math506-231-ex1.pdf,Exam,English,"Official KFUPM Department of Mathematics archive exam (MATH506 major exam i, term 231). PDF retrieved and text extracted: English questions verified. Hosted on math.kfupm.edu.sa.",Free public web resource,HTTP 200 · verified 2026-08-24,yes
Saudi Arabia,EM,data science;statistics,B,University exam archive,KFUPM Department of Mathematics exam archive,https://math.kfupm.edu.sa/miscellaneous/exam,Data Science Fundamentals — Major Exam II (Term 231),https://math.kfupm.edu.sa/docs/default-source/default-document-library/math506-231-ex2.pdf,Exam,English,"Official KFUPM Department of Mathematics archive exam (MATH506 major exam ii, term 231). PDF retrieved and text extracted: English questions verified. Hosted on math.kfupm.edu.sa.",Free public web resource,HTTP 200 · verified 2026-08-24,yes
Saudi Arabia,EM,data science;statistics,B,University exam archive,KFUPM Department of Mathematics exam archive,https://math.kfupm.edu.sa/miscellaneous/exam,Data Science Fundamentals — Major Exam I (Term 241),https://math.kfupm.edu.sa/docs/default-source/default-document-library/math506-241-e1.pdf,Exam,English,"Official KFUPM Department of Mathematics archive exam (MATH506 major exam i, term 241). PDF retrieved and text extracted: English questions verified. Hosted on math.kfupm.edu.sa.",Free public web resource,HTTP 200 · verified 2026-08-24,yes
Saudi Arabia,EM,data science;statistics,B,University exam archive,KFUPM Department of Mathematics exam archive,https://math.kfupm.edu.sa/miscellaneous/exam,Data Science Fundamentals — Major Exam II (Term 241),https://math.kfupm.edu.sa/docs/default-source/default-document-library/math506-241-e2.pdf,Exam,English,"Official KFUPM Department of Mathematics archive exam (MATH506 major exam ii, term 241). PDF retrieved and text extracted: English questions verified. Hosted on math.kfupm.edu.sa.",Free public web resource,HTTP 200 · verified 2026-08-24,yes
Saudi Arabia,EM,data science;statistics,B,University exam archive,KFUPM Department of Mathematics exam archive,https://math.kfupm.edu.sa/miscellaneous/exam,Data Science Fundamentals — Final Exam (Term 241),https://math.kfupm.edu.sa/docs/default-source/default-document-library/math506-241-fx.pdf,Exam,English,"Official KFUPM Department of Mathematics archive exam (MATH506 final exam, term 241). PDF retrieved and text extracted: English questions verified. Hosted on math.kfupm.edu.sa.",Free public web resource,HTTP 200 · verified 2026-08-24,yes
Saudi Arabia,EM,engineering mathematics;methods,B,University exam archive,KFUPM Department of Mathematics exam archive,https://math.kfupm.edu.sa/miscellaneous/exam,Mathematical Methods for Engineers — Major Exam II (Term 211),https://math.kfupm.edu.sa/docs/default-source/default-document-library/math513-211-e2.pdf,Exam,English,"Official KFUPM Department of Mathematics archive exam (MATH513 major exam ii, term 211). PDF retrieved and text extracted: English questions verified. Hosted on math.kfupm.edu.sa.",Free public web resource,HTTP 200 · verified 2026-08-24,yes
Saudi Arabia,EM,engineering mathematics;methods,B,University exam archive,KFUPM Department of Mathematics exam archive,https://math.kfupm.edu.sa/miscellaneous/exam,Mathematical Methods for Engineers — Final Exam (Term 211),https://math.kfupm.edu.sa/docs/default-source/default-document-library/math513-211-fx.pdf,Exam,English,"Official KFUPM Department of Mathematics archive exam (MATH513 final exam, term 211). PDF retrieved and text extracted: English questions verified. Hosted on math.kfupm.edu.sa.",Free public web resource,HTTP 200 · verified 2026-08-24,yes
Saudi Arabia,EM,engineering mathematics;methods,B,University exam archive,KFUPM Department of Mathematics exam archive,https://math.kfupm.edu.sa/miscellaneous/exam,Mathematical Methods for Engineers — Major Exam I (Term 212),https://math.kfupm.edu.sa/docs/default-source/default-document-library/math513-212-e1.pdf,Exam,English,"Official KFUPM Department of Mathematics archive exam (MATH513 major exam i, term 212). PDF retrieved and text extracted: English questions verified. Hosted on math.kfupm.edu.sa.",Free public web resource,HTTP 200 · verified 2026-08-24,yes
Saudi Arabia,EM,engineering mathematics;methods,B,University exam archive,KFUPM Department of Mathematics exam archive,https://math.kfupm.edu.sa/miscellaneous/exam,Mathematical Methods for Engineers — Major Exam I (Term 221),https://math.kfupm.edu.sa/docs/default-source/default-document-library/math513-221-e1.pdf,Exam,English,"Official KFUPM Department of Mathematics archive exam (MATH513 major exam i, term 221). PDF retrieved and text extracted: English questions verified. Hosted on math.kfupm.edu.sa.",Free public web resource,HTTP 200 · verified 2026-08-24,yes
Saudi Arabia,EM,engineering mathematics;methods,B,University exam archive,KFUPM Department of Mathematics exam archive,https://math.kfupm.edu.sa/miscellaneous/exam,Mathematical Methods for Engineers — Final Exam (Term 231),https://math.kfupm.edu.sa/docs/default-source/default-document-library/math513-231-fx.pdf,Exam,English,"Official KFUPM Department of Mathematics archive exam (MATH513 final exam, term 231). PDF retrieved and text extracted: English questions verified. Hosted on math.kfupm.edu.sa.",Free public web resource,HTTP 200 · verified 2026-08-24,yes
Saudi Arabia,EM,engineering mathematics;methods,B,University exam archive,KFUPM Department of Mathematics exam archive,https://math.kfupm.edu.sa/miscellaneous/exam,Mathematical Methods for Engineers — Midterm Exam (Term 231),https://math.kfupm.edu.sa/docs/default-source/default-document-library/math513-231-midterm.pdf,Exam,English,"Official KFUPM Department of Mathematics archive exam (MATH513 midterm exam, term 231). PDF retrieved and text extracted: English questions verified. Hosted on math.kfupm.edu.sa.",Free public web resource,HTTP 200 · verified 2026-08-24,yes
Saudi Arabia,EM,engineering mathematics;methods,B,University exam archive,KFUPM Department of Mathematics exam archive,https://math.kfupm.edu.sa/miscellaneous/exam,Mathematical Methods for Engineers — Major Exam I (Term 241),https://math.kfupm.edu.sa/docs/default-source/default-document-library/math513-241-e1.pdf,Exam,English,"Official KFUPM Department of Mathematics archive exam (MATH513 major exam i, term 241). PDF retrieved and text extracted: English questions verified. Hosted on math.kfupm.edu.sa.",Free public web resource,HTTP 200 · verified 2026-08-24,yes
Saudi Arabia,EM,engineering mathematics;methods,B,University exam archive,KFUPM Department of Mathematics exam archive,https://math.kfupm.edu.sa/miscellaneous/exam,Mathematical Methods for Engineers — Final Exam (Term 241),https://math.kfupm.edu.sa/docs/default-source/default-document-library/math513-241-fx.pdf,Exam,English,"Official KFUPM Department of Mathematics archive exam (MATH513 final exam, term 241). PDF retrieved and text extracted: English questions verified. Hosted on math.kfupm.edu.sa.",Free public web resource,HTTP 200 · verified 2026-08-24,yes
Saudi Arabia,EM,engineering mathematics;methods,B,University exam archive,KFUPM Department of Mathematics exam archive,https://math.kfupm.edu.sa/miscellaneous/exam,Mathematical Methods for Engineers — Major Exam I (Term 251),https://math.kfupm.edu.sa/docs/default-source/default-document-library/math513-251-e1.pdf,Exam,English,"Official KFUPM Department of Mathematics archive exam (MATH513 major exam i, term 251). PDF retrieved and text extracted: English questions verified. Hosted on math.kfupm.edu.sa.",Free public web resource,HTTP 200 · verified 2026-08-24,yes
Saudi Arabia,EM,engineering mathematics;methods,B,University exam archive,KFUPM Department of Mathematics exam archive,https://math.kfupm.edu.sa/miscellaneous/exam,Mathematical Methods for Engineers — Major Exam II (Term 251),https://math.kfupm.edu.sa/docs/default-source/default-document-library/math513-251-e2.pdf,Exam,English,"Official KFUPM Department of Mathematics archive exam (MATH513 major exam ii, term 251). PDF retrieved and text extracted: English questions verified. Hosted on math.kfupm.edu.sa.",Free public web resource,HTTP 200 · verified 2026-08-24,yes
Saudi Arabia,EM,engineering mathematics;methods,B,University exam archive,KFUPM Department of Mathematics exam archive,https://math.kfupm.edu.sa/miscellaneous/exam,Mathematical Methods for Engineers — Final Exam (Term 251),https://math.kfupm.edu.sa/docs/default-source/default-document-library/math513-251-fx.pdf,Exam,English,"Official KFUPM Department of Mathematics archive exam (MATH513 final exam, term 251). PDF retrieved and text extracted: English questions verified. Hosted on math.kfupm.edu.sa.",Free public web resource,HTTP 200 · verified 2026-08-24,yes
Saudi Arabia,DM,topology;point-set topology,B,University exam archive,KFUPM Department of Mathematics exam archive,https://math.kfupm.edu.sa/miscellaneous/exam,General Topology — Major Exam I (Term 231),https://math.kfupm.edu.sa/docs/default-source/default-document-library/math521-231-ex1.pdf,Exam,English,"Official KFUPM Department of Mathematics archive exam (MATH521 major exam i, term 231). PDF retrieved and text extracted: English questions verified. Hosted on math.kfupm.edu.sa.",Free public web resource,HTTP 200 · verified 2026-08-24,yes
Saudi Arabia,DM,topology;point-set topology,B,University exam archive,KFUPM Department of Mathematics exam archive,https://math.kfupm.edu.sa/miscellaneous/exam,General Topology — Major Exam II (Term 231),https://math.kfupm.edu.sa/docs/default-source/default-document-library/math521-231-ex2.pdf,Exam,English,"Official KFUPM Department of Mathematics archive exam (MATH521 major exam ii, term 231). PDF retrieved and text extracted: English questions verified. Hosted on math.kfupm.edu.sa.",Free public web resource,HTTP 200 · verified 2026-08-24,yes
Saudi Arabia,DM,topology;point-set topology,B,University exam archive,KFUPM Department of Mathematics exam archive,https://math.kfupm.edu.sa/miscellaneous/exam,General Topology — Final Exam (Term 231),https://math.kfupm.edu.sa/docs/default-source/default-document-library/math521-231-fx.pdf,Exam,English,"Official KFUPM Department of Mathematics archive exam (MATH521 final exam, term 231). PDF retrieved and text extracted: English questions verified. Hosted on math.kfupm.edu.sa.",Free public web resource,HTTP 200 · verified 2026-08-24,yes
Saudi Arabia,DM,graph theory,B,University exam archive,KFUPM Department of Mathematics exam archive,https://math.kfupm.edu.sa/miscellaneous/exam,Graph Theory — Major Exam II (Term 211),https://math.kfupm.edu.sa/docs/default-source/default-document-library/math525-211-e2.pdf,Exam,English,"Official KFUPM Department of Mathematics archive exam (MATH525 major exam ii, term 211). PDF retrieved and text extracted: English questions verified. Hosted on math.kfupm.edu.sa.",Free public web resource,HTTP 200 · verified 2026-08-24,yes
Saudi Arabia,DM,graph theory,B,University exam archive,KFUPM Department of Mathematics exam archive,https://math.kfupm.edu.sa/miscellaneous/exam,Graph Theory — Major Exam II (Term 241),https://math.kfupm.edu.sa/docs/default-source/default-document-library/math525-241-e2.pdf,Exam,English,"Official KFUPM Department of Mathematics archive exam (MATH525 major exam ii, term 241). PDF retrieved and text extracted: English questions verified. Hosted on math.kfupm.edu.sa.",Free public web resource,HTTP 200 · verified 2026-08-24,yes
Saudi Arabia,EM,linear algebra;linear transformations,B,University exam archive,KFUPM Department of Mathematics exam archive,https://math.kfupm.edu.sa/miscellaneous/exam,Linear Algebra — Major Exam I (Term 211),https://math.kfupm.edu.sa/docs/default-source/default-document-library/math528-211-e1.pdf,Exam,English,"Official KFUPM Department of Mathematics archive exam (MATH528 major exam i, term 211). PDF retrieved and text extracted: English questions verified. Hosted on math.kfupm.edu.sa.",Free public web resource,HTTP 200 · verified 2026-08-24,yes
Saudi Arabia,EM,linear algebra;linear transformations,B,University exam archive,KFUPM Department of Mathematics exam archive,https://math.kfupm.edu.sa/miscellaneous/exam,Linear Algebra — Major Exam II (Term 211),https://math.kfupm.edu.sa/docs/default-source/default-document-library/math528-211-e2.pdf,Exam,English,"Official KFUPM Department of Mathematics archive exam (MATH528 major exam ii, term 211). PDF retrieved and text extracted: English questions verified. Hosted on math.kfupm.edu.sa.",Free public web resource,HTTP 200 · verified 2026-08-24,yes
Saudi Arabia,EM,linear algebra;linear transformations,B,University exam archive,KFUPM Department of Mathematics exam archive,https://math.kfupm.edu.sa/miscellaneous/exam,Linear Algebra — Final Exam (Term 211),https://math.kfupm.edu.sa/docs/default-source/default-document-library/math528-211-fx.pdf,Exam,English,"Official KFUPM Department of Mathematics archive exam (MATH528 final exam, term 211). PDF retrieved and text extracted: English questions verified. Hosted on math.kfupm.edu.sa.",Free public web resource,HTTP 200 · verified 2026-08-24,yes
Saudi Arabia,EM,real analysis;measure theory,B,University exam archive,KFUPM Department of Mathematics exam archive,https://math.kfupm.edu.sa/miscellaneous/exam,Real Analysis — Major Exam I (Term 211),https://math.kfupm.edu.sa/docs/default-source/default-document-library/math531-211-e1.pdf,Exam,English,"Official KFUPM Department of Mathematics archive exam (MATH531 major exam i, term 211). PDF retrieved and text extracted: English questions verified. Hosted on math.kfupm.edu.sa.",Free public web resource,HTTP 200 · verified 2026-08-24,yes
Saudi Arabia,EM,real analysis;measure theory,B,University exam archive,KFUPM Department of Mathematics exam archive,https://math.kfupm.edu.sa/miscellaneous/exam,Real Analysis — Major Exam II (Term 211),https://math.kfupm.edu.sa/docs/default-source/default-document-library/math531-211-e2.pdf,Exam,English,"Official KFUPM Department of Mathematics archive exam (MATH531 major exam ii, term 211). PDF retrieved and text extracted: English questions verified. Hosted on math.kfupm.edu.sa.",Free public web resource,HTTP 200 · verified 2026-08-24,yes
Saudi Arabia,EM,real analysis;measure theory,B,University exam archive,KFUPM Department of Mathematics exam archive,https://math.kfupm.edu.sa/miscellaneous/exam,Real Analysis — Final Exam (Term 211),https://math.kfupm.edu.sa/docs/default-source/default-document-library/math531-211-fx.pdf,Exam,English,"Official KFUPM Department of Mathematics archive exam (MATH531 final exam, term 211). PDF retrieved and text extracted: English questions verified. Hosted on math.kfupm.edu.sa.",Free public web resource,HTTP 200 · verified 2026-08-24,yes
Saudi Arabia,EM,real analysis;measure theory,B,University exam archive,KFUPM Department of Mathematics exam archive,https://math.kfupm.edu.sa/miscellaneous/exam,Real Analysis — Major Exam I (Term 212),https://math.kfupm.edu.sa/docs/default-source/default-document-library/math531-212-e1.pdf,Exam,English,"Official KFUPM Department of Mathematics archive exam (MATH531 major exam i, term 212). PDF retrieved and text extracted: English questions verified. Hosted on math.kfupm.edu.sa.",Free public web resource,HTTP 200 · verified 2026-08-24,yes
Saudi Arabia,EM,real analysis;measure theory,B,University exam archive,KFUPM Department of Mathematics exam archive,https://math.kfupm.edu.sa/miscellaneous/exam,Real Analysis — Major Exam II (Term 212),https://math.kfupm.edu.sa/docs/default-source/default-document-library/math531-212-e2.pdf,Exam,English,"Official KFUPM Department of Mathematics archive exam (MATH531 major exam ii, term 212). PDF retrieved and text extracted: English questions verified. Hosted on math.kfupm.edu.sa.",Free public web resource,HTTP 200 · verified 2026-08-24,yes
Saudi Arabia,EM,real analysis;measure theory,B,University exam archive,KFUPM Department of Mathematics exam archive,https://math.kfupm.edu.sa/miscellaneous/exam,Real Analysis — Final Exam (Term 212),https://math.kfupm.edu.sa/docs/default-source/default-document-library/math531-212-fx.pdf,Exam,English,"Official KFUPM Department of Mathematics archive exam (MATH531 final exam, term 212). PDF retrieved and text extracted: English questions verified. Hosted on math.kfupm.edu.sa.",Free public web resource,HTTP 200 · verified 2026-08-24,yes
Saudi Arabia,EM,real analysis;measure theory,B,University exam archive,KFUPM Department of Mathematics exam archive,https://math.kfupm.edu.sa/miscellaneous/exam,Real Analysis — Major Exam I (Term 222),https://math.kfupm.edu.sa/docs/default-source/default-document-library/math531-222-ex1.pdf,Exam,English,"Official KFUPM Department of Mathematics archive exam (MATH531 major exam i, term 222). PDF retrieved and text extracted: English questions verified. Hosted on math.kfupm.edu.sa.",Free public web resource,HTTP 200 · verified 2026-08-24,yes
Saudi Arabia,EM,real analysis;measure theory,B,University exam archive,KFUPM Department of Mathematics exam archive,https://math.kfupm.edu.sa/miscellaneous/exam,Real Analysis — Major Exam II (Term 222),https://math.kfupm.edu.sa/docs/default-source/default-document-library/math531-222-ex2.pdf,Exam,English,"Official KFUPM Department of Mathematics archive exam (MATH531 major exam ii, term 222). PDF retrieved and text extracted: English questions verified. Hosted on math.kfupm.edu.sa.",Free public web resource,HTTP 200 · verified 2026-08-24,yes
Saudi Arabia,EM,real analysis;measure theory,B,University exam archive,KFUPM Department of Mathematics exam archive,https://math.kfupm.edu.sa/miscellaneous/exam,Real Analysis — Final Exam (Term 222),https://math.kfupm.edu.sa/docs/default-source/default-document-library/math531-222-fx.pdf,Exam,English,"Official KFUPM Department of Mathematics archive exam (MATH531 final exam, term 222). PDF retrieved and text extracted: English questions verified. Hosted on math.kfupm.edu.sa.",Free public web resource,HTTP 200 · verified 2026-08-24,yes
Saudi Arabia,EM,complex analysis,B,University exam archive,KFUPM Department of Mathematics exam archive,https://math.kfupm.edu.sa/miscellaneous/exam,Complex Variables — Final Exam (Term 221),https://math.kfupm.edu.sa/docs/default-source/default-document-library/math533-221-fx.pdf,Exam,English,"Official KFUPM Department of Mathematics archive exam (MATH533 final exam, term 221). PDF retrieved and text extracted: English questions verified. Hosted on math.kfupm.edu.sa.",Free public web resource,HTTP 200 · verified 2026-08-24,yes
Saudi Arabia,EM,complex analysis,B,University exam archive,KFUPM Department of Mathematics exam archive,https://math.kfupm.edu.sa/miscellaneous/exam,Complex Variables — Midterm Exam (Term 221),https://math.kfupm.edu.sa/docs/default-source/default-document-library/math533-221-midterm.pdf,Exam,English,"Official KFUPM Department of Mathematics archive exam (MATH533 midterm exam, term 221). PDF retrieved and text extracted: English questions verified. Hosted on math.kfupm.edu.sa.",Free public web resource,HTTP 200 · verified 2026-08-24,yes
Saudi Arabia,EM,complex analysis,B,University exam archive,KFUPM Department of Mathematics exam archive,https://math.kfupm.edu.sa/miscellaneous/exam,Complex Variables — Major Exam I (Term 231),https://math.kfupm.edu.sa/docs/default-source/default-document-library/math533-231-ex1.pdf,Exam,English,"Official KFUPM Department of Mathematics archive exam (MATH533 major exam i, term 231). PDF retrieved and text extracted: English questions verified. Hosted on math.kfupm.edu.sa.",Free public web resource,HTTP 200 · verified 2026-08-24,yes
Saudi Arabia,EM,complex analysis,B,University exam archive,KFUPM Department of Mathematics exam archive,https://math.kfupm.edu.sa/miscellaneous/exam,Complex Variables — Major Exam I (Term 241),https://math.kfupm.edu.sa/docs/default-source/default-document-library/math533-241-e1.pdf,Exam,English,"Official KFUPM Department of Mathematics archive exam (MATH533 major exam i, term 241). PDF retrieved and text extracted: English questions verified. Hosted on math.kfupm.edu.sa.",Free public web resource,HTTP 200 · verified 2026-08-24,yes
Saudi Arabia,EM,complex analysis,B,University exam archive,KFUPM Department of Mathematics exam archive,https://math.kfupm.edu.sa/miscellaneous/exam,Complex Variables — Major Exam II (Term 241),https://math.kfupm.edu.sa/docs/default-source/default-document-library/math533-241-e2.pdf,Exam,English,"Official KFUPM Department of Mathematics archive exam (MATH533 major exam ii, term 241). PDF retrieved and text extracted: English questions verified. Hosted on math.kfupm.edu.sa.",Free public web resource,HTTP 200 · verified 2026-08-24,yes
Saudi Arabia,EM,complex analysis,B,University exam archive,KFUPM Department of Mathematics exam archive,https://math.kfupm.edu.sa/miscellaneous/exam,Complex Variables — Final Exam (Term 241),https://math.kfupm.edu.sa/docs/default-source/default-document-library/math533-241-fx.pdf,Exam,English,"Official KFUPM Department of Mathematics archive exam (MATH533 final exam, term 241). PDF retrieved and text extracted: English questions verified. Hosted on math.kfupm.edu.sa.",Free public web resource,HTTP 200 · verified 2026-08-24,yes
Saudi Arabia,EM,complex analysis,B,University exam archive,KFUPM Department of Mathematics exam archive,https://math.kfupm.edu.sa/miscellaneous/exam,Complex Variables — Major Exam I (Term 251),https://math.kfupm.edu.sa/docs/default-source/default-document-library/math533-251-e1.pdf,Exam,English,"Official KFUPM Department of Mathematics archive exam (MATH533 major exam i, term 251). PDF retrieved and text extracted: English questions verified. Hosted on math.kfupm.edu.sa.",Free public web resource,HTTP 200 · verified 2026-08-24,yes
Saudi Arabia,EM,complex analysis,B,University exam archive,KFUPM Department of Mathematics exam archive,https://math.kfupm.edu.sa/miscellaneous/exam,Complex Variables — Major Exam II (Term 251),https://math.kfupm.edu.sa/docs/default-source/default-document-library/math533-251-e2.pdf,Exam,English,"Official KFUPM Department of Mathematics archive exam (MATH533 major exam ii, term 251). PDF retrieved and text extracted: English questions verified. Hosted on math.kfupm.edu.sa.",Free public web resource,HTTP 200 · verified 2026-08-24,yes
Saudi Arabia,EM,complex analysis,B,University exam archive,KFUPM Department of Mathematics exam archive,https://math.kfupm.edu.sa/miscellaneous/exam,Complex Variables — Final Exam (Term 251),https://math.kfupm.edu.sa/docs/default-source/default-document-library/math533-251-fx.pdf,Exam,English,"Official KFUPM Department of Mathematics archive exam (MATH533 final exam, term 251). PDF retrieved and text extracted: English questions verified. Hosted on math.kfupm.edu.sa.",Free public web resource,HTTP 200 · verified 2026-08-24,yes
Saudi Arabia,EM,functional analysis;linear spaces,B,University exam archive,KFUPM Department of Mathematics exam archive,https://math.kfupm.edu.sa/miscellaneous/exam,Functional Analysis — Midterm Exam (Term 212),https://math.kfupm.edu.sa/docs/default-source/default-document-library/math535-212-(midterm).pdf,Exam,English,"Official KFUPM Department of Mathematics archive exam (MATH535 midterm exam, term 212). PDF retrieved and text extracted: English questions verified. Hosted on math.kfupm.edu.sa.",Free public web resource,HTTP 200 · verified 2026-08-24,yes
Saudi Arabia,EM,functional analysis;linear spaces,B,University exam archive,KFUPM Department of Mathematics exam archive,https://math.kfupm.edu.sa/miscellaneous/exam,Functional Analysis — Major Exam II (Term 212),https://math.kfupm.edu.sa/docs/default-source/default-document-library/math535-212-e2.pdf,Exam,English,"Official KFUPM Department of Mathematics archive exam (MATH535 major exam ii, term 212). PDF retrieved and text extracted: English questions verified. Hosted on math.kfupm.edu.sa.",Free public web resource,HTTP 200 · verified 2026-08-24,yes
Saudi Arabia,EM,functional analysis;linear spaces,B,University exam archive,KFUPM Department of Mathematics exam archive,https://math.kfupm.edu.sa/miscellaneous/exam,Functional Analysis — Major Exam I (Term 221),https://math.kfupm.edu.sa/docs/default-source/default-document-library/math535-221-e1.pdf,Exam,English,"Official KFUPM Department of Mathematics archive exam (MATH535 major exam i, term 221). PDF retrieved and text extracted: English questions verified. Hosted on math.kfupm.edu.sa.",Free public web resource,HTTP 200 · verified 2026-08-24,yes
Saudi Arabia,EM,functional analysis;linear spaces,B,University exam archive,KFUPM Department of Mathematics exam archive,https://math.kfupm.edu.sa/miscellaneous/exam,Functional Analysis — Major Exam II (Term 221),https://math.kfupm.edu.sa/docs/default-source/default-document-library/math535-221-e2.pdf,Exam,English,"Official KFUPM Department of Mathematics archive exam (MATH535 major exam ii, term 221). PDF retrieved and text extracted: English questions verified. Hosted on math.kfupm.edu.sa.",Free public web resource,HTTP 200 · verified 2026-08-24,yes
Saudi Arabia,EM,functional analysis;linear spaces,B,University exam archive,KFUPM Department of Mathematics exam archive,https://math.kfupm.edu.sa/miscellaneous/exam,Functional Analysis — Final Exam (Term 221),https://math.kfupm.edu.sa/docs/default-source/default-document-library/math535-221-fx.pdf,Exam,English,"Official KFUPM Department of Mathematics archive exam (MATH535 final exam, term 221). PDF retrieved and text extracted: English questions verified. Hosted on math.kfupm.edu.sa.",Free public web resource,HTTP 200 · verified 2026-08-24,yes
Saudi Arabia,EM,linear algebra;vector spaces,B,University exam archive,KFUPM Department of Mathematics exam archive,https://math.kfupm.edu.sa/miscellaneous/exam,Linear Algebra — Major Exam I (Term 211),https://math.kfupm.edu.sa/docs/default-source/default-document-library/math550-211-e1.pdf,Exam,English,"Official KFUPM Department of Mathematics archive exam (MATH550 major exam i, term 211). PDF retrieved and text extracted: English questions verified. Hosted on math.kfupm.edu.sa.",Free public web resource,HTTP 200 · verified 2026-08-24,yes
Saudi Arabia,EM,linear algebra;vector spaces,B,University exam archive,KFUPM Department of Mathematics exam archive,https://math.kfupm.edu.sa/miscellaneous/exam,Linear Algebra — Major Exam II (Term 211),https://math.kfupm.edu.sa/docs/default-source/default-document-library/math550-211-e2.pdf,Exam,English,"Official KFUPM Department of Mathematics archive exam (MATH550 major exam ii, term 211). PDF retrieved and text extracted: English questions verified. Hosted on math.kfupm.edu.sa.",Free public web resource,HTTP 200 · verified 2026-08-24,yes
Saudi Arabia,EM,linear algebra;vector spaces,B,University exam archive,KFUPM Department of Mathematics exam archive,https://math.kfupm.edu.sa/miscellaneous/exam,Linear Algebra — Final Exam (Term 211),https://math.kfupm.edu.sa/docs/default-source/default-document-library/math550-211-fx.pdf,Exam,English,"Official KFUPM Department of Mathematics archive exam (MATH550 final exam, term 211). PDF retrieved and text extracted: English questions verified. Hosted on math.kfupm.edu.sa.",Free public web resource,HTTP 200 · verified 2026-08-24,yes
Saudi Arabia,EM,linear algebra;vector spaces,B,University exam archive,KFUPM Department of Mathematics exam archive,https://math.kfupm.edu.sa/miscellaneous/exam,Linear Algebra — Major Exam I (Term 212),https://math.kfupm.edu.sa/docs/default-source/default-document-library/math550-212-e1.pdf,Exam,English,"Official KFUPM Department of Mathematics archive exam (MATH550 major exam i, term 212). PDF retrieved and text extracted: English questions verified. Hosted on math.kfupm.edu.sa.",Free public web resource,HTTP 200 · verified 2026-08-24,yes
Saudi Arabia,EM,linear algebra;vector spaces,B,University exam archive,KFUPM Department of Mathematics exam archive,https://math.kfupm.edu.sa/miscellaneous/exam,Linear Algebra — Major Exam II (Term 212),https://math.kfupm.edu.sa/docs/default-source/default-document-library/math550-212-e2.pdf,Exam,English,"Official KFUPM Department of Mathematics archive exam (MATH550 major exam ii, term 212). PDF retrieved and text extracted: English questions verified. Hosted on math.kfupm.edu.sa.",Free public web resource,HTTP 200 · verified 2026-08-24,yes
Saudi Arabia,EM,linear algebra;vector spaces,B,University exam archive,KFUPM Department of Mathematics exam archive,https://math.kfupm.edu.sa/miscellaneous/exam,Linear Algebra — Final Exam (Term 212),https://math.kfupm.edu.sa/docs/default-source/default-document-library/math550-212-fx.pdf,Exam,English,"Official KFUPM Department of Mathematics archive exam (MATH550 final exam, term 212). PDF retrieved and text extracted: English questions verified. Hosted on math.kfupm.edu.sa.",Free public web resource,HTTP 200 · verified 2026-08-24,yes
Saudi Arabia,EM,linear algebra;vector spaces,B,University exam archive,KFUPM Department of Mathematics exam archive,https://math.kfupm.edu.sa/miscellaneous/exam,Linear Algebra — Major Exam I (Term 221),https://math.kfupm.edu.sa/docs/default-source/default-document-library/math550-221-e1.pdf,Exam,English,"Official KFUPM Department of Mathematics archive exam (MATH550 major exam i, term 221). PDF retrieved and text extracted: English questions verified. Hosted on math.kfupm.edu.sa.",Free public web resource,HTTP 200 · verified 2026-08-24,yes
Saudi Arabia,EM,linear algebra;vector spaces,B,University exam archive,KFUPM Department of Mathematics exam archive,https://math.kfupm.edu.sa/miscellaneous/exam,Linear Algebra — Major Exam II (Term 221),https://math.kfupm.edu.sa/docs/default-source/default-document-library/math550-221-e2.pdf,Exam,English,"Official KFUPM Department of Mathematics archive exam (MATH550 major exam ii, term 221). PDF retrieved and text extracted: English questions verified. Hosted on math.kfupm.edu.sa.",Free public web resource,HTTP 200 · verified 2026-08-24,yes
Saudi Arabia,EM,linear algebra;vector spaces,B,University exam archive,KFUPM Department of Mathematics exam archive,https://math.kfupm.edu.sa/miscellaneous/exam,Linear Algebra — Final Exam (Term 221),https://math.kfupm.edu.sa/docs/default-source/default-document-library/math550-221-fx.pdf,Exam,English,"Official KFUPM Department of Mathematics archive exam (MATH550 final exam, term 221). PDF retrieved and text extracted: English questions verified. Hosted on math.kfupm.edu.sa.",Free public web resource,HTTP 200 · verified 2026-08-24,yes
Saudi Arabia,EM,linear algebra;vector spaces,B,University exam archive,KFUPM Department of Mathematics exam archive,https://math.kfupm.edu.sa/miscellaneous/exam,Linear Algebra — Major Exam I (Term 231),https://math.kfupm.edu.sa/docs/default-source/default-document-library/math550-231-ex1.pdf,Exam,English,"Official KFUPM Department of Mathematics archive exam (MATH550 major exam i, term 231). PDF retrieved and text extracted: English questions verified. Hosted on math.kfupm.edu.sa.",Free public web resource,HTTP 200 · verified 2026-08-24,yes
Saudi Arabia,EM,linear algebra;vector spaces,B,University exam archive,KFUPM Department of Mathematics exam archive,https://math.kfupm.edu.sa/miscellaneous/exam,Linear Algebra — Major Exam II (Term 231),https://math.kfupm.edu.sa/docs/default-source/default-document-library/math550-231-ex2.pdf,Exam,English,"Official KFUPM Department of Mathematics archive exam (MATH550 major exam ii, term 231). PDF retrieved and text extracted: English questions verified. Hosted on math.kfupm.edu.sa.",Free public web resource,HTTP 200 · verified 2026-08-24,yes
Saudi Arabia,EM,linear algebra;vector spaces,B,University exam archive,KFUPM Department of Mathematics exam archive,https://math.kfupm.edu.sa/miscellaneous/exam,Linear Algebra — Final Exam (Term 231),https://math.kfupm.edu.sa/docs/default-source/default-document-library/math550-231-fx.pdf,Exam,English,"Official KFUPM Department of Mathematics archive exam (MATH550 final exam, term 231). PDF retrieved and text extracted: English questions verified. Hosted on math.kfupm.edu.sa.",Free public web resource,HTTP 200 · verified 2026-08-24,yes
Saudi Arabia,EM,linear algebra;vector spaces,B,University exam archive,KFUPM Department of Mathematics exam archive,https://math.kfupm.edu.sa/miscellaneous/exam,Linear Algebra — Major Exam I (Term 241),https://math.kfupm.edu.sa/docs/default-source/default-document-library/math550-241-e1.pdf,Exam,English,"Official KFUPM Department of Mathematics archive exam (MATH550 major exam i, term 241). PDF retrieved and text extracted: English questions verified. Hosted on math.kfupm.edu.sa.",Free public web resource,HTTP 200 · verified 2026-08-24,yes
Saudi Arabia,EM,linear algebra;vector spaces,B,University exam archive,KFUPM Department of Mathematics exam archive,https://math.kfupm.edu.sa/miscellaneous/exam,Linear Algebra — Major Exam II (Term 241),https://math.kfupm.edu.sa/docs/default-source/default-document-library/math550-241-e2.pdf,Exam,English,"Official KFUPM Department of Mathematics archive exam (MATH550 major exam ii, term 241). PDF retrieved and text extracted: English questions verified. Hosted on math.kfupm.edu.sa.",Free public web resource,HTTP 200 · verified 2026-08-24,yes
Saudi Arabia,EM,linear algebra;vector spaces,B,University exam archive,KFUPM Department of Mathematics exam archive,https://math.kfupm.edu.sa/miscellaneous/exam,Linear Algebra — Final Exam (Term 241),https://math.kfupm.edu.sa/docs/default-source/default-document-library/math550-241-fx.pdf,Exam,English,"Official KFUPM Department of Mathematics archive exam (MATH550 final exam, term 241). PDF retrieved and text extracted: English questions verified. Hosted on math.kfupm.edu.sa.",Free public web resource,HTTP 200 · verified 2026-08-24,yes
Saudi Arabia,EM,linear algebra;vector spaces,B,University exam archive,KFUPM Department of Mathematics exam archive,https://math.kfupm.edu.sa/miscellaneous/exam,Linear Algebra — Major Exam I (Term 251),https://math.kfupm.edu.sa/docs/default-source/default-document-library/math550-251-e1.pdf,Exam,English,"Official KFUPM Department of Mathematics archive exam (MATH550 major exam i, term 251). PDF retrieved and text extracted: English questions verified. Hosted on math.kfupm.edu.sa.",Free public web resource,HTTP 200 · verified 2026-08-24,yes
Saudi Arabia,EM,linear algebra;vector spaces,B,University exam archive,KFUPM Department of Mathematics exam archive,https://math.kfupm.edu.sa/miscellaneous/exam,Linear Algebra — Major Exam II (Term 251),https://math.kfupm.edu.sa/docs/default-source/default-document-library/math550-251-e2.pdf,Exam,English,"Official KFUPM Department of Mathematics archive exam (MATH550 major exam ii, term 251). PDF retrieved and text extracted: English questions verified. Hosted on math.kfupm.edu.sa.",Free public web resource,HTTP 200 · verified 2026-08-24,yes
Saudi Arabia,EM,linear algebra;vector spaces,B,University exam archive,KFUPM Department of Mathematics exam archive,https://math.kfupm.edu.sa/miscellaneous/exam,Linear Algebra — Final Exam (Term 251),https://math.kfupm.edu.sa/docs/default-source/default-document-library/math550-251-fx.pdf,Exam,English,"Official KFUPM Department of Mathematics archive exam (MATH550 final exam, term 251). PDF retrieved and text extracted: English questions verified. Hosted on math.kfupm.edu.sa.",Free public web resource,HTTP 200 · verified 2026-08-24,yes
Saudi Arabia,DM,abstract algebra;rings;fields,B,University exam archive,KFUPM Department of Mathematics exam archive,https://math.kfupm.edu.sa/miscellaneous/exam,Abstract Algebra — Major Exam I (Term 231),https://math.kfupm.edu.sa/docs/default-source/default-document-library/math551-231-ex1.pdf,Exam,English,"Official KFUPM Department of Mathematics archive exam (MATH551 major exam i, term 231). PDF retrieved and text extracted: English questions verified. Hosted on math.kfupm.edu.sa.",Free public web resource,HTTP 200 · verified 2026-08-24,yes
Saudi Arabia,DM,abstract algebra;rings;fields,B,University exam archive,KFUPM Department of Mathematics exam archive,https://math.kfupm.edu.sa/miscellaneous/exam,Abstract Algebra — Exam (Term 232),https://math.kfupm.edu.sa/docs/default-source/default-document-library/math551-232-e1c075dbe0-1d73-453d-9e55-1e42ba7cd0c5.pdf,Exam,English,"Official KFUPM Department of Mathematics archive exam (MATH551 exam, term 232). PDF retrieved and text extracted: English questions verified. Hosted on math.kfupm.edu.sa.",Free public web resource,HTTP 200 · verified 2026-08-24,yes
Saudi Arabia,DM,abstract algebra;rings;fields,B,University exam archive,KFUPM Department of Mathematics exam archive,https://math.kfupm.edu.sa/miscellaneous/exam,Abstract Algebra — Exam (Term 232),https://math.kfupm.edu.sa/docs/default-source/default-document-library/math551-232-e268d544a2-b4c2-445d-a165-d4484efdc128.pdf,Exam,English,"Official KFUPM Department of Mathematics archive exam (MATH551 exam, term 232). PDF retrieved and text extracted: English questions verified. Hosted on math.kfupm.edu.sa.",Free public web resource,HTTP 200 · verified 2026-08-24,yes
Saudi Arabia,DM,abstract algebra;rings;fields,B,University exam archive,KFUPM Department of Mathematics exam archive,https://math.kfupm.edu.sa/miscellaneous/exam,Abstract Algebra — Exam (Term 232),https://math.kfupm.edu.sa/docs/default-source/default-document-library/math551-232-fxb4bdd704-3cf8-4bbb-aa21-bdc0629069ed.pdf,Exam,English,"Official KFUPM Department of Mathematics archive exam (MATH551 exam, term 232). PDF retrieved and text extracted: English questions verified. Hosted on math.kfupm.edu.sa.",Free public web resource,HTTP 200 · verified 2026-08-24,yes
Saudi Arabia,DM,commutative algebra;rings,C,University exam archive,KFUPM Department of Mathematics exam archive,https://math.kfupm.edu.sa/miscellaneous/exam,Commutative Algebra — Final Exam (Term 251),https://math.kfupm.edu.sa/docs/default-source/default-document-library/math555-251-fx.pdf,Exam,English,"Official KFUPM Department of Mathematics archive exam (MATH555 final exam, term 251). PDF retrieved and text extracted: English questions verified. Hosted on math.kfupm.edu.sa.",Free public web resource,HTTP 200 · verified 2026-08-24,yes
Saudi Arabia,DM,commutative algebra;rings,C,University exam archive,KFUPM Department of Mathematics exam archive,https://math.kfupm.edu.sa/miscellaneous/exam,Commutative Algebra — Midterm Exam (Term 251),https://math.kfupm.edu.sa/docs/default-source/default-document-library/math555-251-midterm.pdf,Exam,English,"Official KFUPM Department of Mathematics archive exam (MATH555 midterm exam, term 251). PDF retrieved and text extracted: English questions verified. Hosted on math.kfupm.edu.sa.",Free public web resource,HTTP 200 · verified 2026-08-24,yes
Saudi Arabia,DM,commutative algebra;rings,C,University exam archive,KFUPM Department of Mathematics exam archive,https://math.kfupm.edu.sa/miscellaneous/exam,Commutative Algebra — Midterm Exam,https://math.kfupm.edu.sa/docs/default-source/default-document-library/math555-midtermexam.pdf,Exam,English,"Official KFUPM Department of Mathematics archive exam (MATH555 midterm exam, term ). PDF retrieved and text extracted: English questions verified. Hosted on math.kfupm.edu.sa.",Free public web resource,HTTP 200 · verified 2026-08-24,yes
Saudi Arabia,EM,linear algebra;applications,B,University exam archive,KFUPM Department of Mathematics exam archive,https://math.kfupm.edu.sa/miscellaneous/exam,Applied Linear Algebra — Major Exam I (Term 231),https://math.kfupm.edu.sa/docs/default-source/default-document-library/math557-231-ex1.pdf,Exam,English,"Official KFUPM Department of Mathematics archive exam (MATH557 major exam i, term 231). PDF retrieved and text extracted: English questions verified. Hosted on math.kfupm.edu.sa.",Free public web resource,HTTP 200 · verified 2026-08-24,yes
Saudi Arabia,EM,linear algebra;applications,B,University exam archive,KFUPM Department of Mathematics exam archive,https://math.kfupm.edu.sa/miscellaneous/exam,Applied Linear Algebra — Major Exam II (Term 231),https://math.kfupm.edu.sa/docs/default-source/default-document-library/math557-231-ex2.pdf,Exam,English,"Official KFUPM Department of Mathematics archive exam (MATH557 major exam ii, term 231). PDF retrieved and text extracted: English questions verified. Hosted on math.kfupm.edu.sa.",Free public web resource,HTTP 200 · verified 2026-08-24,yes
Saudi Arabia,EM,linear algebra;applications,B,University exam archive,KFUPM Department of Mathematics exam archive,https://math.kfupm.edu.sa/miscellaneous/exam,Applied Linear Algebra — Final Exam (Term 231),https://math.kfupm.edu.sa/docs/default-source/default-document-library/math557-231-fx.pdf,Exam,English,"Official KFUPM Department of Mathematics archive exam (MATH557 final exam, term 231). PDF retrieved and text extracted: English questions verified. Hosted on math.kfupm.edu.sa.",Free public web resource,HTTP 200 · verified 2026-08-24,yes
Saudi Arabia,EM,linear algebra;applications,B,University exam archive,KFUPM Department of Mathematics exam archive,https://math.kfupm.edu.sa/miscellaneous/exam,Applied Linear Algebra — Major Exam I (Term 241),https://math.kfupm.edu.sa/docs/default-source/default-document-library/math557-241-e1.pdf,Exam,English,"Official KFUPM Department of Mathematics archive exam (MATH557 major exam i, term 241). PDF retrieved and text extracted: English questions verified. Hosted on math.kfupm.edu.sa.",Free public web resource,HTTP 200 · verified 2026-08-24,yes
Saudi Arabia,EM,linear algebra;applications,B,University exam archive,KFUPM Department of Mathematics exam archive,https://math.kfupm.edu.sa/miscellaneous/exam,Applied Linear Algebra — Final Exam (Term 241),https://math.kfupm.edu.sa/docs/default-source/default-document-library/math557-241-fx.pdf,Exam,English,"Official KFUPM Department of Mathematics archive exam (MATH557 final exam, term 241). PDF retrieved and text extracted: English questions verified. Hosted on math.kfupm.edu.sa.",Free public web resource,HTTP 200 · verified 2026-08-24,yes
Saudi Arabia,EM,linear algebra;applications,B,University exam archive,KFUPM Department of Mathematics exam archive,https://math.kfupm.edu.sa/miscellaneous/exam,Applied Linear Algebra — Final Exam (Term 251),https://math.kfupm.edu.sa/docs/default-source/default-document-library/math557-251-fx.pdf,Exam,English,"Official KFUPM Department of Mathematics archive exam (MATH557 final exam, term 251). PDF retrieved and text extracted: English questions verified. Hosted on math.kfupm.edu.sa.",Free public web resource,HTTP 200 · verified 2026-08-24,yes
Saudi Arabia,EM,linear algebra;applications,B,University exam archive,KFUPM Department of Mathematics exam archive,https://math.kfupm.edu.sa/miscellaneous/exam,Applied Linear Algebra — Midterm Exam (Term 251),https://math.kfupm.edu.sa/docs/default-source/default-document-library/math557-251-midterm.pdf,Exam,English,"Official KFUPM Department of Mathematics archive exam (MATH557 midterm exam, term 251). PDF retrieved and text extracted: English questions verified. Hosted on math.kfupm.edu.sa.",Free public web resource,HTTP 200 · verified 2026-08-24,yes
Saudi Arabia,EM,numerical linear algebra;matrix methods,B,University exam archive,KFUPM Department of Mathematics exam archive,https://math.kfupm.edu.sa/miscellaneous/exam,Numerical Linear Algebra — Major Exam I (Term 241),https://math.kfupm.edu.sa/docs/default-source/default-document-library/math559-241-e1.pdf,Exam,English,"Official KFUPM Department of Mathematics archive exam (MATH559 major exam i, term 241). PDF retrieved and text extracted: English questions verified. Hosted on math.kfupm.edu.sa.",Free public web resource,HTTP 200 · verified 2026-08-24,yes
Saudi Arabia,EM,numerical linear algebra;matrix methods,B,University exam archive,KFUPM Department of Mathematics exam archive,https://math.kfupm.edu.sa/miscellaneous/exam,Numerical Linear Algebra — Final Exam (Term 241),https://math.kfupm.edu.sa/docs/default-source/default-document-library/math559-241-fx.pdf,Exam,English,"Official KFUPM Department of Mathematics archive exam (MATH559 final exam, term 241). PDF retrieved and text extracted: English questions verified. Hosted on math.kfupm.edu.sa.",Free public web resource,HTTP 200 · verified 2026-08-24,yes
Saudi Arabia,EM,stochastic processes;finance,C,University exam archive,KFUPM Department of Mathematics exam archive,https://math.kfupm.edu.sa/miscellaneous/exam,Stochastic Analysis in Finance — Major Exam I (Term 211),https://math.kfupm.edu.sa/docs/default-source/default-document-library/math564-211-e1.pdf,Exam,English,"Official KFUPM Department of Mathematics archive exam (MATH564 major exam i, term 211). PDF retrieved and text extracted: English questions verified. Hosted on math.kfupm.edu.sa.",Free public web resource,HTTP 200 · verified 2026-08-24,yes
Saudi Arabia,EM,stochastic processes;finance,C,University exam archive,KFUPM Department of Mathematics exam archive,https://math.kfupm.edu.sa/miscellaneous/exam,Stochastic Analysis in Finance — Major Exam II (Term 211),https://math.kfupm.edu.sa/docs/default-source/default-document-library/math564-211-e2.pdf,Exam,English,"Official KFUPM Department of Mathematics archive exam (MATH564 major exam ii, term 211). PDF retrieved and text extracted: English questions verified. Hosted on math.kfupm.edu.sa.",Free public web resource,HTTP 200 · verified 2026-08-24,yes
Saudi Arabia,EM,stochastic processes;finance,C,University exam archive,KFUPM Department of Mathematics exam archive,https://math.kfupm.edu.sa/miscellaneous/exam,Stochastic Analysis in Finance — Final Exam (Term 211),https://math.kfupm.edu.sa/docs/default-source/default-document-library/math564-211-fx.pdf,Exam,English,"Official KFUPM Department of Mathematics archive exam (MATH564 final exam, term 211). PDF retrieved and text extracted: English questions verified. Hosted on math.kfupm.edu.sa.",Free public web resource,HTTP 200 · verified 2026-08-24,yes
Saudi Arabia,EM,differential equations;existence uniqueness,B,University exam archive,KFUPM Department of Mathematics exam archive,https://math.kfupm.edu.sa/miscellaneous/exam,Differential Equations — Major Exam I (Term 241),https://math.kfupm.edu.sa/docs/default-source/default-document-library/math565-241-e1.pdf,Exam,English,"Official KFUPM Department of Mathematics archive exam (MATH565 major exam i, term 241). PDF retrieved and text extracted: English questions verified. Hosted on math.kfupm.edu.sa.",Free public web resource,HTTP 200 · verified 2026-08-24,yes
Saudi Arabia,EM,differential equations;existence uniqueness,B,University exam archive,KFUPM Department of Mathematics exam archive,https://math.kfupm.edu.sa/miscellaneous/exam,Differential Equations — Final Exam (Term 241),https://math.kfupm.edu.sa/docs/default-source/default-document-library/math565-241-fx.pdf,Exam,English,"Official KFUPM Department of Mathematics archive exam (MATH565 final exam, term 241). PDF retrieved and text extracted: English questions verified. Hosted on math.kfupm.edu.sa.",Free public web resource,HTTP 200 · verified 2026-08-24,yes
Saudi Arabia,EM,fractional differential equations,C,University exam archive,KFUPM Department of Mathematics exam archive,https://math.kfupm.edu.sa/miscellaneous/exam,Fractional Differential Equations — Midterm Exam (Term 231),https://math.kfupm.edu.sa/docs/default-source/default-document-library/math566-231-midterm.pdf,Exam,English,"Official KFUPM Department of Mathematics archive exam (MATH566 midterm exam, term 231). PDF retrieved and text extracted: English questions verified. Hosted on math.kfupm.edu.sa.",Free public web resource,HTTP 200 · verified 2026-08-24,yes
Saudi Arabia,EM,partial differential equations,B,University exam archive,KFUPM Department of Mathematics exam archive,https://math.kfupm.edu.sa/miscellaneous/exam,Partial Differential Equations — Final Exam (Term 222),https://math.kfupm.edu.sa/docs/default-source/default-document-library/math568-222-fx.pdf,Exam,English,"Official KFUPM Department of Mathematics archive exam (MATH568 final exam, term 222). PDF retrieved and text extracted: English questions verified. Hosted on math.kfupm.edu.sa.",Free public web resource,HTTP 200 · verified 2026-08-24,yes
Saudi Arabia,EM,partial differential equations,B,University exam archive,KFUPM Department of Mathematics exam archive,https://math.kfupm.edu.sa/miscellaneous/exam,Partial Differential Equations — Midterm Exam (Term 242),https://math.kfupm.edu.sa/docs/default-source/default-document-library/math568-242-midterm.pdf,Exam,English,"Official KFUPM Department of Mathematics archive exam (MATH568 midterm exam, term 242). PDF retrieved and text extracted: English questions verified. Hosted on math.kfupm.edu.sa.",Free public web resource,HTTP 200 · verified 2026-08-24,yes
Saudi Arabia,EM,mathematics,B,University exam archive,KFUPM Department of Mathematics exam archive,https://math.kfupm.edu.sa/miscellaneous/exam,Mathematics — Final Exam (Term 231),https://math.kfupm.edu.sa/docs/default-source/default-document-library/math569-231-fx.pdf,Exam,English,"Official KFUPM Department of Mathematics archive exam (MATH569 final exam, term 231). PDF retrieved and text extracted: English questions verified. Hosted on math.kfupm.edu.sa.",Free public web resource,HTTP 200 · verified 2026-08-24,yes
Saudi Arabia,EM,mathematics,B,University exam archive,KFUPM Department of Mathematics exam archive,https://math.kfupm.edu.sa/miscellaneous/exam,Mathematics — Midterm Exam (Term 231),https://math.kfupm.edu.sa/docs/default-source/default-document-library/math569-231-midterm.pdf,Exam,English,"Official KFUPM Department of Mathematics archive exam (MATH569 midterm exam, term 231). PDF retrieved and text extracted: English questions verified. Hosted on math.kfupm.edu.sa.",Free public web resource,HTTP 200 · verified 2026-08-24,yes
Saudi Arabia,EM,numerical methods;ODEs,C,University exam archive,KFUPM Department of Mathematics exam archive,https://math.kfupm.edu.sa/miscellaneous/exam,Numerical Analysis of ODEs — Exam (Term 232),https://math.kfupm.edu.sa/docs/default-source/default-document-library/math571-232-fxf1b1ff4c-a82e-401a-96ee-3dfa9655181c.pdf,Exam,English,"Official KFUPM Department of Mathematics archive exam (MATH571 exam, term 232). PDF retrieved and text extracted: English questions verified. Hosted on math.kfupm.edu.sa.",Free public web resource,HTTP 200 · verified 2026-08-24,yes
Saudi Arabia,EM,numerical methods;ODEs,C,University exam archive,KFUPM Department of Mathematics exam archive,https://math.kfupm.edu.sa/miscellaneous/exam,Numerical Analysis of ODEs — Midterm Exam (Term 232),https://math.kfupm.edu.sa/docs/default-source/default-document-library/math571-232-midterm.pdf,Exam,English,"Official KFUPM Department of Mathematics archive exam (MATH571 midterm exam, term 232). PDF retrieved and text extracted: English questions verified. Hosted on math.kfupm.edu.sa.",Free public web resource,HTTP 200 · verified 2026-08-24,yes
Saudi Arabia,EM,numerical methods;PDEs,C,University exam archive,KFUPM Department of Mathematics exam archive,https://math.kfupm.edu.sa/miscellaneous/exam,Numerical Methods for PDEs — Major Exam II (Term 211),https://math.kfupm.edu.sa/docs/default-source/default-document-library/math572-211-e2.pdf,Exam,English,"Official KFUPM Department of Mathematics archive exam (MATH572 major exam ii, term 211). PDF retrieved and text extracted: English questions verified. Hosted on math.kfupm.edu.sa.",Free public web resource,HTTP 200 · verified 2026-08-24,yes
Saudi Arabia,EM,numerical methods;PDEs,C,University exam archive,KFUPM Department of Mathematics exam archive,https://math.kfupm.edu.sa/miscellaneous/exam,Numerical Methods for PDEs — Exam (Term 211),https://math.kfupm.edu.sa/docs/default-source/default-document-library/math572-211-e2c8a59163-83d4-42ff-9e8e-99e2fcad4aea.pdf,Exam,English,"Official KFUPM Department of Mathematics archive exam (MATH572 exam, term 211). PDF retrieved and text extracted: English questions verified. Hosted on math.kfupm.edu.sa.",Free public web resource,HTTP 200 · verified 2026-08-24,yes
Saudi Arabia,EM,numerical methods;PDEs,C,University exam archive,KFUPM Department of Mathematics exam archive,https://math.kfupm.edu.sa/miscellaneous/exam,Numerical Methods for PDEs — Final Exam (Term 231),https://math.kfupm.edu.sa/docs/default-source/default-document-library/math572-231-fx.pdf,Exam,English,"Official KFUPM Department of Mathematics archive exam (MATH572 final exam, term 231). PDF retrieved and text extracted: English questions verified. Hosted on math.kfupm.edu.sa.",Free public web resource,HTTP 200 · verified 2026-08-24,yes
Saudi Arabia,EM,numerical methods;PDEs,C,University exam archive,KFUPM Department of Mathematics exam archive,https://math.kfupm.edu.sa/miscellaneous/exam,Numerical Methods for PDEs — Midterm Exam (Term 231),https://math.kfupm.edu.sa/docs/default-source/default-document-library/math572-231-midterm6fa70e36-ecb4-4679-be0d-8ab12b166702.pdf,Exam,English,"Official KFUPM Department of Mathematics archive exam (MATH572 midterm exam, term 231). PDF retrieved and text extracted: English questions verified. Hosted on math.kfupm.edu.sa.",Free public web resource,HTTP 200 · verified 2026-08-24,yes
Saudi Arabia,EM,numerical methods,B,University exam archive,KFUPM Department of Mathematics exam archive,https://math.kfupm.edu.sa/miscellaneous/exam,Applied Numerical Methods — Midterm Exam (Term 231),https://math.kfupm.edu.sa/docs/default-source/default-document-library/math578-231-midterm.pdf,Exam,English,"Official KFUPM Department of Mathematics archive exam (MATH578 midterm exam, term 231). PDF retrieved and text extracted: English questions verified. Hosted on math.kfupm.edu.sa.",Free public web resource,HTTP 200 · verified 2026-08-24,yes
Saudi Arabia,EM,numerical methods,B,University exam archive,KFUPM Department of Mathematics exam archive,https://math.kfupm.edu.sa/miscellaneous/exam,Applied Numerical Methods — Major Exam I (Term 241),https://math.kfupm.edu.sa/docs/default-source/default-document-library/math578-241-e1.pdf,Exam,English,"Official KFUPM Department of Mathematics archive exam (MATH578 major exam i, term 241). PDF retrieved and text extracted: English questions verified. Hosted on math.kfupm.edu.sa.",Free public web resource,HTTP 200 · verified 2026-08-24,yes
Saudi Arabia,EM,numerical methods,B,University exam archive,KFUPM Department of Mathematics exam archive,https://math.kfupm.edu.sa/miscellaneous/exam,Applied Numerical Methods — Major Exam II (Term 241),https://math.kfupm.edu.sa/docs/default-source/default-document-library/math578-241-e2.pdf,Exam,English,"Official KFUPM Department of Mathematics archive exam (MATH578 major exam ii, term 241). PDF retrieved and text extracted: English questions verified. Hosted on math.kfupm.edu.sa.",Free public web resource,HTTP 200 · verified 2026-08-24,yes
Saudi Arabia,EM,numerical methods,B,University exam archive,KFUPM Department of Mathematics exam archive,https://math.kfupm.edu.sa/miscellaneous/exam,Applied Numerical Methods — Final Exam (Term 241),https://math.kfupm.edu.sa/docs/default-source/default-document-library/math578-241-fx.pdf,Exam,English,"Official KFUPM Department of Mathematics archive exam (MATH578 final exam, term 241). PDF retrieved and text extracted: English questions verified. Hosted on math.kfupm.edu.sa.",Free public web resource,HTTP 200 · verified 2026-08-24,yes
Saudi Arabia,EM,convex analysis;optimization,C,University exam archive,KFUPM Department of Mathematics exam archive,https://math.kfupm.edu.sa/miscellaneous/exam,Convex Analysis — Major Exam I (Term 222),https://math.kfupm.edu.sa/docs/default-source/default-document-library/math580-222-ex1.pdf,Exam,English,"Official KFUPM Department of Mathematics archive exam (MATH580 major exam i, term 222). PDF retrieved and text extracted: English questions verified. Hosted on math.kfupm.edu.sa.",Free public web resource,HTTP 200 · verified 2026-08-24,yes
Saudi Arabia,EM,convex analysis;optimization,C,University exam archive,KFUPM Department of Mathematics exam archive,https://math.kfupm.edu.sa/miscellaneous/exam,Convex Analysis — Major Exam II (Term 222),https://math.kfupm.edu.sa/docs/default-source/default-document-library/math580-222-ex2.pdf,Exam,English,"Official KFUPM Department of Mathematics archive exam (MATH580 major exam ii, term 222). PDF retrieved and text extracted: English questions verified. Hosted on math.kfupm.edu.sa.",Free public web resource,HTTP 200 · verified 2026-08-24,yes
Saudi Arabia,EM,convex analysis;optimization,C,University exam archive,KFUPM Department of Mathematics exam archive,https://math.kfupm.edu.sa/miscellaneous/exam,Convex Analysis — Final Exam (Term 222),https://math.kfupm.edu.sa/docs/default-source/default-document-library/math580-222-fx.pdf,Exam,English,"Official KFUPM Department of Mathematics archive exam (MATH580 final exam, term 222). PDF retrieved and text extracted: English questions verified. Hosted on math.kfupm.edu.sa.",Free public web resource,HTTP 200 · verified 2026-08-24,yes
Saudi Arabia,EM,mathematics,B,University exam archive,KFUPM Department of Mathematics exam archive,https://math.kfupm.edu.sa/miscellaneous/exam,Mathematics — Final Exam (Term 242),https://math.kfupm.edu.sa/docs/default-source/default-document-library/math581-242-fx.pdf,Exam,English,"Official KFUPM Department of Mathematics archive exam (MATH581 final exam, term 242). PDF retrieved and text extracted: English questions verified. Hosted on math.kfupm.edu.sa.",Free public web resource,HTTP 200 · verified 2026-08-24,yes
Saudi Arabia,EM,mathematics,B,University exam archive,KFUPM Department of Mathematics exam archive,https://math.kfupm.edu.sa/miscellaneous/exam,Mathematics — Midterm Exam (Term 242),https://math.kfupm.edu.sa/docs/default-source/default-document-library/math581-242-midterm.pdf,Exam,English,"Official KFUPM Department of Mathematics archive exam (MATH581 midterm exam, term 242). PDF retrieved and text extracted: English questions verified. Hosted on math.kfupm.edu.sa.",Free public web resource,HTTP 200 · verified 2026-08-24,yes
Saudi Arabia,EM,nonlinear programming;optimization,B,University exam archive,KFUPM Department of Mathematics exam archive,https://math.kfupm.edu.sa/miscellaneous/exam,Nonlinear Programming — Exam (Term 211),https://math.kfupm.edu.sa/docs/default-source/default-document-library/math582-211-e13efd4579-6e93-401e-a50d-91ebd184f826.pdf,Exam,English,"Official KFUPM Department of Mathematics archive exam (MATH582 exam, term 211). PDF retrieved and text extracted: English questions verified. Hosted on math.kfupm.edu.sa.",Free public web resource,HTTP 200 · verified 2026-08-24,yes
Saudi Arabia,EM,nonlinear programming;optimization,B,University exam archive,KFUPM Department of Mathematics exam archive,https://math.kfupm.edu.sa/miscellaneous/exam,Nonlinear Programming — Final Exam (Term 211),https://math.kfupm.edu.sa/docs/default-source/default-document-library/math582-211-fx.pdf,Exam,English,"Official KFUPM Department of Mathematics archive exam (MATH582 final exam, term 211). PDF retrieved and text extracted: English questions verified. Hosted on math.kfupm.edu.sa.",Free public web resource,HTTP 200 · verified 2026-08-24,yes
Saudi Arabia,EM,nonlinear programming;optimization,B,University exam archive,KFUPM Department of Mathematics exam archive,https://math.kfupm.edu.sa/miscellaneous/exam,Nonlinear Programming — Major Exam I (Term 251),https://math.kfupm.edu.sa/docs/default-source/default-document-library/math582-251-e1.pdf,Exam,English,"Official KFUPM Department of Mathematics archive exam (MATH582 major exam i, term 251). PDF retrieved and text extracted: English questions verified. Hosted on math.kfupm.edu.sa.",Free public web resource,HTTP 200 · verified 2026-08-24,yes
Saudi Arabia,EM,nonlinear programming;optimization,B,University exam archive,KFUPM Department of Mathematics exam archive,https://math.kfupm.edu.sa/miscellaneous/exam,Nonlinear Programming — Major Exam II (Term 251),https://math.kfupm.edu.sa/docs/default-source/default-document-library/math582-251-e2.pdf,Exam,English,"Official KFUPM Department of Mathematics archive exam (MATH582 major exam ii, term 251). PDF retrieved and text extracted: English questions verified. Hosted on math.kfupm.edu.sa.",Free public web resource,HTTP 200 · verified 2026-08-24,yes
Saudi Arabia,EM,nonlinear programming;optimization,B,University exam archive,KFUPM Department of Mathematics exam archive,https://math.kfupm.edu.sa/miscellaneous/exam,Nonlinear Programming — Final Exam (Term 251),https://math.kfupm.edu.sa/docs/default-source/default-document-library/math582-251-fx.pdf,Exam,English,"Official KFUPM Department of Mathematics archive exam (MATH582 final exam, term 251). PDF retrieved and text extracted: English questions verified. Hosted on math.kfupm.edu.sa.",Free public web resource,HTTP 200 · verified 2026-08-24,yes
Saudi Arabia,EM,computer graphics;modeling,B,University exam archive,KFUPM Department of Mathematics exam archive,https://math.kfupm.edu.sa/miscellaneous/exam,Computer Graphics Modeling — Midterm Exam (Term 231),https://math.kfupm.edu.sa/docs/default-source/default-document-library/math583-231-midterm.pdf,Exam,English,"Official KFUPM Department of Mathematics archive exam (MATH583 midterm exam, term 231). PDF retrieved and text extracted: English questions verified. Hosted on math.kfupm.edu.sa.",Free public web resource,HTTP 200 · verified 2026-08-24,yes
Saudi Arabia,EM,mathematics,C,University exam archive,KFUPM Department of Mathematics exam archive,https://math.kfupm.edu.sa/miscellaneous/exam,Mathematics — Midterm Exam (Term 231),https://math.kfupm.edu.sa/docs/default-source/default-document-library/math601-231-midterm.pdf,Exam,English,"Official KFUPM Department of Mathematics archive exam (MATH601 midterm exam, term 231). PDF retrieved and text extracted: English questions verified. Hosted on math.kfupm.edu.sa.",Free public web resource,HTTP 200 · verified 2026-08-24,yes
Saudi Arabia,EM,mathematics,C,University exam archive,KFUPM Department of Mathematics exam archive,https://math.kfupm.edu.sa/miscellaneous/exam,Mathematics — Major Exam I (Term 241),https://math.kfupm.edu.sa/docs/default-source/default-document-library/math601-241-e1.pdf,Exam,English,"Official KFUPM Department of Mathematics archive exam (MATH601 major exam i, term 241). PDF retrieved and text extracted: English questions verified. Hosted on math.kfupm.edu.sa.",Free public web resource,HTTP 200 · verified 2026-08-24,yes
Saudi Arabia,EM,mathematics,C,University exam archive,KFUPM Department of Mathematics exam archive,https://math.kfupm.edu.sa/miscellaneous/exam,Mathematics — Final Exam (Term 241),https://math.kfupm.edu.sa/docs/default-source/default-document-library/math601-241-fx.pdf,Exam,English,"Official KFUPM Department of Mathematics archive exam (MATH601 final exam, term 241). PDF retrieved and text extracted: English questions verified. Hosted on math.kfupm.edu.sa.",Free public web resource,HTTP 200 · verified 2026-08-24,yes
Saudi Arabia,DM,combinatorics;enumeration,B,University exam archive,KFUPM Department of Mathematics exam archive,https://math.kfupm.edu.sa/miscellaneous/exam,Combinatorics — Major Exam I (Term 231),https://math.kfupm.edu.sa/docs/default-source/default-document-library/math645-231-ex1.pdf,Exam,English,"Official KFUPM Department of Mathematics archive exam (MATH645 major exam i, term 231). PDF retrieved and text extracted: English questions verified. Hosted on math.kfupm.edu.sa.",Free public web resource,HTTP 200 · verified 2026-08-24,yes
Saudi Arabia,DM,combinatorics;enumeration,B,University exam archive,KFUPM Department of Mathematics exam archive,https://math.kfupm.edu.sa/miscellaneous/exam,Combinatorics — Major Exam II (Term 231),https://math.kfupm.edu.sa/docs/default-source/default-document-library/math645-231-ex2.pdf,Exam,English,"Official KFUPM Department of Mathematics archive exam (MATH645 major exam ii, term 231). PDF retrieved and text extracted: English questions verified. Hosted on math.kfupm.edu.sa.",Free public web resource,HTTP 200 · verified 2026-08-24,yes
Saudi Arabia,DM,combinatorics;enumeration,B,University exam archive,KFUPM Department of Mathematics exam archive,https://math.kfupm.edu.sa/miscellaneous/exam,Combinatorics — Major Exam I (Term 241),https://math.kfupm.edu.sa/docs/default-source/default-document-library/math645-241-e1.pdf,Exam,English,"Official KFUPM Department of Mathematics archive exam (MATH645 major exam i, term 241). PDF retrieved and text extracted: English questions verified. Hosted on math.kfupm.edu.sa.",Free public web resource,HTTP 200 · verified 2026-08-24,yes
Saudi Arabia,DM,combinatorics;enumeration,B,University exam archive,KFUPM Department of Mathematics exam archive,https://math.kfupm.edu.sa/miscellaneous/exam,Combinatorics — Major Exam II (Term 241),https://math.kfupm.edu.sa/docs/default-source/default-document-library/math645-241-e2.pdf,Exam,English,"Official KFUPM Department of Mathematics archive exam (MATH645 major exam ii, term 241). PDF retrieved and text extracted: English questions verified. Hosted on math.kfupm.edu.sa.",Free public web resource,HTTP 200 · verified 2026-08-24,yes
Saudi Arabia,DM,combinatorics;enumeration,B,University exam archive,KFUPM Department of Mathematics exam archive,https://math.kfupm.edu.sa/miscellaneous/exam,Combinatorics — Final Exam (Term 241),https://math.kfupm.edu.sa/docs/default-source/default-document-library/math645-241-fx.pdf,Exam,English,"Official KFUPM Department of Mathematics archive exam (MATH645 final exam, term 241). PDF retrieved and text extracted: English questions verified. Hosted on math.kfupm.edu.sa.",Free public web resource,HTTP 200 · verified 2026-08-24,yes
Saudi Arabia,DM,abstract algebra,C,University exam archive,KFUPM Department of Mathematics exam archive,https://math.kfupm.edu.sa/miscellaneous/exam,Advanced Topics in Algebra — Major Exam I (Term 241),https://math.kfupm.edu.sa/docs/default-source/default-document-library/math654-241-e1(midterm).pdf,Exam,English,"Official KFUPM Department of Mathematics archive exam (MATH654 major exam i, term 241). PDF retrieved and text extracted: English questions verified. Hosted on math.kfupm.edu.sa.",Free public web resource,HTTP 200 · verified 2026-08-24,yes
Saudi Arabia,DM,abstract algebra,C,University exam archive,KFUPM Department of Mathematics exam archive,https://math.kfupm.edu.sa/miscellaneous/exam,Advanced Topics in Algebra — Final Exam (Term 241),https://math.kfupm.edu.sa/docs/default-source/default-document-library/math654-241-fx.pdf,Exam,English,"Official KFUPM Department of Mathematics archive exam (MATH654 final exam, term 241). PDF retrieved and text extracted: English questions verified. Hosted on math.kfupm.edu.sa.",Free public web resource,HTTP 200 · verified 2026-08-24,yes
Saudi Arabia,DM,computational algebra,C,University exam archive,KFUPM Department of Mathematics exam archive,https://math.kfupm.edu.sa/miscellaneous/exam,Applied and Computational Algebra — Final Exam (Term 242),https://math.kfupm.edu.sa/docs/default-source/default-document-library/math655-242-fx.pdf,Exam,English,"Official KFUPM Department of Mathematics archive exam (MATH655 final exam, term 242). PDF retrieved and text extracted: English questions verified. Hosted on math.kfupm.edu.sa.",Free public web resource,HTTP 200 · verified 2026-08-24,yes
Saudi Arabia,DM,computational algebra,C,University exam archive,KFUPM Department of Mathematics exam archive,https://math.kfupm.edu.sa/miscellaneous/exam,Applied and Computational Algebra — Midterm Exam (Term 242),https://math.kfupm.edu.sa/docs/default-source/default-document-library/math655-242-midterm.pdf,Exam,English,"Official KFUPM Department of Mathematics archive exam (MATH655 midterm exam, term 242). PDF retrieved and text extracted: English questions verified. Hosted on math.kfupm.edu.sa.",Free public web resource,HTTP 200 · verified 2026-08-24,yes
Saudi Arabia,EM,partial differential equations;conservation laws,C,University exam archive,KFUPM Department of Mathematics exam archive,https://math.kfupm.edu.sa/miscellaneous/exam,Partial Differential Equations — Final Exam (Term 251),https://math.kfupm.edu.sa/docs/default-source/default-document-library/math667-251-fx.pdf,Exam,English,"Official KFUPM Department of Mathematics archive exam (MATH667 final exam, term 251). PDF retrieved and text extracted: English questions verified. Hosted on math.kfupm.edu.sa.",Free public web resource,HTTP 200 · verified 2026-08-24,yes
Saudi Arabia,EM,partial differential equations;conservation laws,C,University exam archive,KFUPM Department of Mathematics exam archive,https://math.kfupm.edu.sa/miscellaneous/exam,Partial Differential Equations — Midterm Exam (Term 251),https://math.kfupm.edu.sa/docs/default-source/default-document-library/math667-251-midterm.pdf,Exam,English,"Official KFUPM Department of Mathematics archive exam (MATH667 midterm exam, term 251). PDF retrieved and text extracted: English questions verified. Hosted on math.kfupm.edu.sa.",Free public web resource,HTTP 200 · verified 2026-08-24,yes
Saudi Arabia,DM,dynamic programming;optimization,B,University exam archive,KFUPM Department of Mathematics exam archive,https://math.kfupm.edu.sa/miscellaneous/exam,Dynamic Programming — Final Exam (Term 251),https://math.kfupm.edu.sa/docs/default-source/default-document-library/math680-251-fx.pdf,Exam,English,"Official KFUPM Department of Mathematics archive exam (MATH680 final exam, term 251). PDF retrieved and text extracted: English questions verified. Hosted on math.kfupm.edu.sa.",Free public web resource,HTTP 200 · verified 2026-08-24,yes
Saudi Arabia,DM,dynamic programming;optimization,B,University exam archive,KFUPM Department of Mathematics exam archive,https://math.kfupm.edu.sa/miscellaneous/exam,Dynamic Programming — Midterm Exam (Term 251),https://math.kfupm.edu.sa/docs/default-source/default-document-library/math680-251-midterm.pdf,Exam,English,"Official KFUPM Department of Mathematics archive exam (MATH680 midterm exam, term 251). PDF retrieved and text extracted: English questions verified. Hosted on math.kfupm.edu.sa.",Free public web resource,HTTP 200 · verified 2026-08-24,yes
Saudi Arabia,EM,statistics;descriptive statistics,A,University exam archive,KFUPM Department of Mathematics exam archive,https://math.kfupm.edu.sa/miscellaneous/exam,Business Statistics I — Major Exam I (Term 211),https://math.kfupm.edu.sa/docs/default-source/default-document-library/stat201-211-e1.pdf,Exam,English,"Official KFUPM Department of Mathematics archive exam (STAT201 major exam i, term 211). PDF retrieved and text extracted: English questions verified. Hosted on math.kfupm.edu.sa.",Free public web resource,HTTP 200 · verified 2026-08-24,yes
Saudi Arabia,EM,statistics;descriptive statistics,A,University exam archive,KFUPM Department of Mathematics exam archive,https://math.kfupm.edu.sa/miscellaneous/exam,Business Statistics I — Major Exam II (Term 211),https://math.kfupm.edu.sa/docs/default-source/default-document-library/stat201-211-e2.pdf,Exam,English,"Official KFUPM Department of Mathematics archive exam (STAT201 major exam ii, term 211). PDF retrieved and text extracted: English questions verified. Hosted on math.kfupm.edu.sa.",Free public web resource,HTTP 200 · verified 2026-08-24,yes
Saudi Arabia,EM,statistics;descriptive statistics,A,University exam archive,KFUPM Department of Mathematics exam archive,https://math.kfupm.edu.sa/miscellaneous/exam,Business Statistics I — Final Exam (Term 211),https://math.kfupm.edu.sa/docs/default-source/default-document-library/stat201-211-fx.pdf,Exam,English,"Official KFUPM Department of Mathematics archive exam (STAT201 final exam, term 211). PDF retrieved and text extracted: English questions verified. Hosted on math.kfupm.edu.sa.",Free public web resource,HTTP 200 · verified 2026-08-24,yes
Saudi Arabia,EM,statistics;descriptive statistics,A,University exam archive,KFUPM Department of Mathematics exam archive,https://math.kfupm.edu.sa/miscellaneous/exam,Business Statistics I — Major Exam I (Term 251),https://math.kfupm.edu.sa/docs/default-source/default-document-library/stat201-251-e1.pdf,Exam,English,"Official KFUPM Department of Mathematics archive exam (STAT201 major exam i, term 251). PDF retrieved and text extracted: English questions verified. Hosted on math.kfupm.edu.sa.",Free public web resource,HTTP 200 · verified 2026-08-24,yes
Saudi Arabia,EM,statistics;descriptive statistics,A,University exam archive,KFUPM Department of Mathematics exam archive,https://math.kfupm.edu.sa/miscellaneous/exam,Business Statistics I — Major Exam II (Term 251),https://math.kfupm.edu.sa/docs/default-source/default-document-library/stat201-251-e2.pdf,Exam,English,"Official KFUPM Department of Mathematics archive exam (STAT201 major exam ii, term 251). PDF retrieved and text extracted: English questions verified. Hosted on math.kfupm.edu.sa.",Free public web resource,HTTP 200 · verified 2026-08-24,yes
Saudi Arabia,EM,statistics;descriptive statistics,A,University exam archive,KFUPM Department of Mathematics exam archive,https://math.kfupm.edu.sa/miscellaneous/exam,Business Statistics I — Final Exam (Term 251),https://math.kfupm.edu.sa/docs/default-source/default-document-library/stat201-251-fx.pdf,Exam,English,"Official KFUPM Department of Mathematics archive exam (STAT201 final exam, term 251). PDF retrieved and text extracted: English questions verified. Hosted on math.kfupm.edu.sa.",Free public web resource,HTTP 200 · verified 2026-08-24,yes
Saudi Arabia,EM,statistics;probability,A,University exam archive,KFUPM Department of Mathematics exam archive,https://math.kfupm.edu.sa/miscellaneous/exam,Business Statistics II — Major Exam I (Term 211),https://math.kfupm.edu.sa/docs/default-source/default-document-library/stat211-211-e1.pdf,Exam,English,"Official KFUPM Department of Mathematics archive exam (STAT211 major exam i, term 211). PDF retrieved and text extracted: English questions verified. Hosted on math.kfupm.edu.sa.",Free public web resource,HTTP 200 · verified 2026-08-24,yes
Saudi Arabia,EM,statistics;probability,A,University exam archive,KFUPM Department of Mathematics exam archive,https://math.kfupm.edu.sa/miscellaneous/exam,Business Statistics II — Major Exam II (Term 211),https://math.kfupm.edu.sa/docs/default-source/default-document-library/stat211-211-e2.pdf,Exam,English,"Official KFUPM Department of Mathematics archive exam (STAT211 major exam ii, term 211). PDF retrieved and text extracted: English questions verified. Hosted on math.kfupm.edu.sa.",Free public web resource,HTTP 200 · verified 2026-08-24,yes
Saudi Arabia,EM,statistics;probability,A,University exam archive,KFUPM Department of Mathematics exam archive,https://math.kfupm.edu.sa/miscellaneous/exam,Business Statistics II — Final Exam (Term 211),https://math.kfupm.edu.sa/docs/default-source/default-document-library/stat211-211-fx.pdf,Exam,English,"Official KFUPM Department of Mathematics archive exam (STAT211 final exam, term 211). PDF retrieved and text extracted: English questions verified. Hosted on math.kfupm.edu.sa.",Free public web resource,HTTP 200 · verified 2026-08-24,yes
Saudi Arabia,EM,statistics;probability,A,University exam archive,KFUPM Department of Mathematics exam archive,https://math.kfupm.edu.sa/miscellaneous/exam,Business Statistics II — Major Exam I (Term 212),https://math.kfupm.edu.sa/docs/default-source/default-document-library/stat211-212-e1.pdf,Exam,English,"Official KFUPM Department of Mathematics archive exam (STAT211 major exam i, term 212). PDF retrieved and text extracted: English questions verified. Hosted on math.kfupm.edu.sa.",Free public web resource,HTTP 200 · verified 2026-08-24,yes
Saudi Arabia,EM,statistics;probability,A,University exam archive,KFUPM Department of Mathematics exam archive,https://math.kfupm.edu.sa/miscellaneous/exam,Business Statistics II — Major Exam II (Term 212),https://math.kfupm.edu.sa/docs/default-source/default-document-library/stat211-212-e2.pdf,Exam,English,"Official KFUPM Department of Mathematics archive exam (STAT211 major exam ii, term 212). PDF retrieved and text extracted: English questions verified. Hosted on math.kfupm.edu.sa.",Free public web resource,HTTP 200 · verified 2026-08-24,yes
Saudi Arabia,EM,statistics;probability,A,University exam archive,KFUPM Department of Mathematics exam archive,https://math.kfupm.edu.sa/miscellaneous/exam,Business Statistics II — Final Exam (Term 212),https://math.kfupm.edu.sa/docs/default-source/default-document-library/stat211-212-fx.pdf,Exam,English,"Official KFUPM Department of Mathematics archive exam (STAT211 final exam, term 212). PDF retrieved and text extracted: English questions verified. Hosted on math.kfupm.edu.sa.",Free public web resource,HTTP 200 · verified 2026-08-24,yes
Saudi Arabia,EM,statistics;probability,A,University exam archive,KFUPM Department of Mathematics exam archive,https://math.kfupm.edu.sa/miscellaneous/exam,Business Statistics II — Major Exam I (Term 221),https://math.kfupm.edu.sa/docs/default-source/default-document-library/stat211-221-e1.pdf,Exam,English,"Official KFUPM Department of Mathematics archive exam (STAT211 major exam i, term 221). PDF retrieved and text extracted: English questions verified. Hosted on math.kfupm.edu.sa.",Free public web resource,HTTP 200 · verified 2026-08-24,yes
Saudi Arabia,EM,statistics;probability,A,University exam archive,KFUPM Department of Mathematics exam archive,https://math.kfupm.edu.sa/miscellaneous/exam,Business Statistics II — Major Exam I (Term 222),https://math.kfupm.edu.sa/docs/default-source/default-document-library/stat211-222-ex1.pdf,Exam,English,"Official KFUPM Department of Mathematics archive exam (STAT211 major exam i, term 222). PDF retrieved and text extracted: English questions verified. Hosted on math.kfupm.edu.sa.",Free public web resource,HTTP 200 · verified 2026-08-24,yes
Saudi Arabia,EM,statistics;probability,A,University exam archive,KFUPM Department of Mathematics exam archive,https://math.kfupm.edu.sa/miscellaneous/exam,Business Statistics II — Major Exam II (Term 222),https://math.kfupm.edu.sa/docs/default-source/default-document-library/stat211-222-ex2.pdf,Exam,English,"Official KFUPM Department of Mathematics archive exam (STAT211 major exam ii, term 222). PDF retrieved and text extracted: English questions verified. Hosted on math.kfupm.edu.sa.",Free public web resource,HTTP 200 · verified 2026-08-24,yes
Saudi Arabia,EM,statistics;probability,A,University exam archive,KFUPM Department of Mathematics exam archive,https://math.kfupm.edu.sa/miscellaneous/exam,Business Statistics II — Final Exam (Term 222),https://math.kfupm.edu.sa/docs/default-source/default-document-library/stat211-222-fx.pdf,Exam,English,"Official KFUPM Department of Mathematics archive exam (STAT211 final exam, term 222). PDF retrieved and text extracted: English questions verified. Hosted on math.kfupm.edu.sa.",Free public web resource,HTTP 200 · verified 2026-08-24,yes
Saudi Arabia,EM,statistics;probability,A,University exam archive,KFUPM Department of Mathematics exam archive,https://math.kfupm.edu.sa/miscellaneous/exam,Business Statistics II — Final Exam (Term 223),https://math.kfupm.edu.sa/docs/default-source/default-document-library/stat211-223-fx.pdf,Exam,English,"Official KFUPM Department of Mathematics archive exam (STAT211 final exam, term 223). PDF retrieved and text extracted: English questions verified. Hosted on math.kfupm.edu.sa.",Free public web resource,HTTP 200 · verified 2026-08-24,yes
Saudi Arabia,EM,statistics;probability,A,University exam archive,KFUPM Department of Mathematics exam archive,https://math.kfupm.edu.sa/miscellaneous/exam,Business Statistics II — Midterm Exam (Term 223),https://math.kfupm.edu.sa/docs/default-source/default-document-library/stat211-223-midterm1.pdf,Exam,English,"Official KFUPM Department of Mathematics archive exam (STAT211 midterm exam, term 223). PDF retrieved and text extracted: English questions verified. Hosted on math.kfupm.edu.sa.",Free public web resource,HTTP 200 · verified 2026-08-24,yes
Saudi Arabia,EM,statistics;probability,A,University exam archive,KFUPM Department of Mathematics exam archive,https://math.kfupm.edu.sa/miscellaneous/exam,Business Statistics II — Midterm Exam (Term 223),https://math.kfupm.edu.sa/docs/default-source/default-document-library/stat211-223-midterm2.pdf,Exam,English,"Official KFUPM Department of Mathematics archive exam (STAT211 midterm exam, term 223). PDF retrieved and text extracted: English questions verified. Hosted on math.kfupm.edu.sa.",Free public web resource,HTTP 200 · verified 2026-08-24,yes
Saudi Arabia,EM,statistics;probability,A,University exam archive,KFUPM Department of Mathematics exam archive,https://math.kfupm.edu.sa/miscellaneous/exam,Business Statistics II — Major Exam I (Term 231),https://math.kfupm.edu.sa/docs/default-source/default-document-library/stat211-231-ex1.pdf,Exam,English,"Official KFUPM Department of Mathematics archive exam (STAT211 major exam i, term 231). PDF retrieved and text extracted: English questions verified. Hosted on math.kfupm.edu.sa.",Free public web resource,HTTP 200 · verified 2026-08-24,yes
Saudi Arabia,EM,statistics;probability,A,University exam archive,KFUPM Department of Mathematics exam archive,https://math.kfupm.edu.sa/miscellaneous/exam,Business Statistics II — Major Exam II (Term 231),https://math.kfupm.edu.sa/docs/default-source/default-document-library/stat211-231-ex2.pdf,Exam,English,"Official KFUPM Department of Mathematics archive exam (STAT211 major exam ii, term 231). PDF retrieved and text extracted: English questions verified. Hosted on math.kfupm.edu.sa.",Free public web resource,HTTP 200 · verified 2026-08-24,yes
Saudi Arabia,EM,statistics;probability;inference,A,University exam archive,KFUPM Department of Mathematics exam archive,https://math.kfupm.edu.sa/miscellaneous/exam,Business Statistics II — Major Exam I (Term 211),https://math.kfupm.edu.sa/docs/default-source/default-document-library/stat212-211-e1.pdf,Exam,English,"Official KFUPM Department of Mathematics archive exam (STAT212 major exam i, term 211). PDF retrieved and text extracted: English questions verified. Hosted on math.kfupm.edu.sa.",Free public web resource,HTTP 200 · verified 2026-08-24,yes
Saudi Arabia,EM,statistics;probability;inference,A,University exam archive,KFUPM Department of Mathematics exam archive,https://math.kfupm.edu.sa/miscellaneous/exam,Business Statistics II — Major Exam II (Term 211),https://math.kfupm.edu.sa/docs/default-source/default-document-library/stat212-211-e2.pdf,Exam,English,"Official KFUPM Department of Mathematics archive exam (STAT212 major exam ii, term 211). PDF retrieved and text extracted: English questions verified. Hosted on math.kfupm.edu.sa.",Free public web resource,HTTP 200 · verified 2026-08-24,yes
Saudi Arabia,EM,statistics;probability;inference,A,University exam archive,KFUPM Department of Mathematics exam archive,https://math.kfupm.edu.sa/miscellaneous/exam,Business Statistics II — Final Exam (Term 211),https://math.kfupm.edu.sa/docs/default-source/default-document-library/stat212-211-fx.pdf,Exam,English,"Official KFUPM Department of Mathematics archive exam (STAT212 final exam, term 211). PDF retrieved and text extracted: English questions verified. Hosted on math.kfupm.edu.sa.",Free public web resource,HTTP 200 · verified 2026-08-24,yes
Saudi Arabia,EM,statistics;probability;inference,A,University exam archive,KFUPM Department of Mathematics exam archive,https://math.kfupm.edu.sa/miscellaneous/exam,Business Statistics II — Major Exam I (Term 212),https://math.kfupm.edu.sa/docs/default-source/default-document-library/stat212-212-e1.pdf,Exam,English,"Official KFUPM Department of Mathematics archive exam (STAT212 major exam i, term 212). PDF retrieved and text extracted: English questions verified. Hosted on math.kfupm.edu.sa.",Free public web resource,HTTP 200 · verified 2026-08-24,yes
Saudi Arabia,EM,statistics;probability;inference,A,University exam archive,KFUPM Department of Mathematics exam archive,https://math.kfupm.edu.sa/miscellaneous/exam,Business Statistics II — Major Exam II (Term 212),https://math.kfupm.edu.sa/docs/default-source/default-document-library/stat212-212-e2.pdf,Exam,English,"Official KFUPM Department of Mathematics archive exam (STAT212 major exam ii, term 212). PDF retrieved and text extracted: English questions verified. Hosted on math.kfupm.edu.sa.",Free public web resource,HTTP 200 · verified 2026-08-24,yes
Saudi Arabia,EM,statistics;probability;inference,A,University exam archive,KFUPM Department of Mathematics exam archive,https://math.kfupm.edu.sa/miscellaneous/exam,Business Statistics II — Final Exam (Term 212),https://math.kfupm.edu.sa/docs/default-source/default-document-library/stat212-212-fx.pdf,Exam,English,"Official KFUPM Department of Mathematics archive exam (STAT212 final exam, term 212). PDF retrieved and text extracted: English questions verified. Hosted on math.kfupm.edu.sa.",Free public web resource,HTTP 200 · verified 2026-08-24,yes
Saudi Arabia,EM,statistics;probability;inference,A,University exam archive,KFUPM Department of Mathematics exam archive,https://math.kfupm.edu.sa/miscellaneous/exam,Business Statistics II — Major Exam I (Term 221),https://math.kfupm.edu.sa/docs/default-source/default-document-library/stat212-221-e1.pdf,Exam,English,"Official KFUPM Department of Mathematics archive exam (STAT212 major exam i, term 221). PDF retrieved and text extracted: English questions verified. Hosted on math.kfupm.edu.sa.",Free public web resource,HTTP 200 · verified 2026-08-24,yes
Saudi Arabia,EM,statistics;probability;inference,A,University exam archive,KFUPM Department of Mathematics exam archive,https://math.kfupm.edu.sa/miscellaneous/exam,Business Statistics II — Major Exam II (Term 221),https://math.kfupm.edu.sa/docs/default-source/default-document-library/stat212-221-e2.pdf,Exam,English,"Official KFUPM Department of Mathematics archive exam (STAT212 major exam ii, term 221). PDF retrieved and text extracted: English questions verified. Hosted on math.kfupm.edu.sa.",Free public web resource,HTTP 200 · verified 2026-08-24,yes
Saudi Arabia,EM,statistics;probability;inference,A,University exam archive,KFUPM Department of Mathematics exam archive,https://math.kfupm.edu.sa/miscellaneous/exam,Business Statistics II — Final Exam (Term 221),https://math.kfupm.edu.sa/docs/default-source/default-document-library/stat212-221-fx.pdf,Exam,English,"Official KFUPM Department of Mathematics archive exam (STAT212 final exam, term 221). PDF retrieved and text extracted: English questions verified. Hosted on math.kfupm.edu.sa.",Free public web resource,HTTP 200 · verified 2026-08-24,yes
Saudi Arabia,EM,statistics;probability;inference,A,University exam archive,KFUPM Department of Mathematics exam archive,https://math.kfupm.edu.sa/miscellaneous/exam,Business Statistics II — Major Exam I (Term 222),https://math.kfupm.edu.sa/docs/default-source/default-document-library/stat212-222-ex1.pdf,Exam,English,"Official KFUPM Department of Mathematics archive exam (STAT212 major exam i, term 222). PDF retrieved and text extracted: English questions verified. Hosted on math.kfupm.edu.sa.",Free public web resource,HTTP 200 · verified 2026-08-24,yes
Saudi Arabia,EM,statistics;probability;inference,A,University exam archive,KFUPM Department of Mathematics exam archive,https://math.kfupm.edu.sa/miscellaneous/exam,Business Statistics II — Major Exam II (Term 222),https://math.kfupm.edu.sa/docs/default-source/default-document-library/stat212-222-ex2.pdf,Exam,English,"Official KFUPM Department of Mathematics archive exam (STAT212 major exam ii, term 222). PDF retrieved and text extracted: English questions verified. Hosted on math.kfupm.edu.sa.",Free public web resource,HTTP 200 · verified 2026-08-24,yes
Saudi Arabia,EM,statistics;probability;inference,A,University exam archive,KFUPM Department of Mathematics exam archive,https://math.kfupm.edu.sa/miscellaneous/exam,Business Statistics II — Final Exam (Term 222),https://math.kfupm.edu.sa/docs/default-source/default-document-library/stat212-222-fx.pdf,Exam,English,"Official KFUPM Department of Mathematics archive exam (STAT212 final exam, term 222). PDF retrieved and text extracted: English questions verified. Hosted on math.kfupm.edu.sa.",Free public web resource,HTTP 200 · verified 2026-08-24,yes
Saudi Arabia,EM,statistics;probability;inference,A,University exam archive,KFUPM Department of Mathematics exam archive,https://math.kfupm.edu.sa/miscellaneous/exam,Business Statistics II — Major Exam I (Term 223),https://math.kfupm.edu.sa/docs/default-source/default-document-library/stat212-223-ex1.pdf,Exam,English,"Official KFUPM Department of Mathematics archive exam (STAT212 major exam i, term 223). PDF retrieved and text extracted: English questions verified. Hosted on math.kfupm.edu.sa.",Free public web resource,HTTP 200 · verified 2026-08-24,yes
Saudi Arabia,EM,statistics;probability;inference,A,University exam archive,KFUPM Department of Mathematics exam archive,https://math.kfupm.edu.sa/miscellaneous/exam,Business Statistics II — Major Exam II (Term 223),https://math.kfupm.edu.sa/docs/default-source/default-document-library/stat212-223-ex2.pdf,Exam,English,"Official KFUPM Department of Mathematics archive exam (STAT212 major exam ii, term 223). PDF retrieved and text extracted: English questions verified. Hosted on math.kfupm.edu.sa.",Free public web resource,HTTP 200 · verified 2026-08-24,yes
Saudi Arabia,EM,statistics;probability;inference,A,University exam archive,KFUPM Department of Mathematics exam archive,https://math.kfupm.edu.sa/miscellaneous/exam,Business Statistics II — Final Exam (Term 223),https://math.kfupm.edu.sa/docs/default-source/default-document-library/stat212-223-fx.pdf,Exam,English,"Official KFUPM Department of Mathematics archive exam (STAT212 final exam, term 223). PDF retrieved and text extracted: English questions verified. Hosted on math.kfupm.edu.sa.",Free public web resource,HTTP 200 · verified 2026-08-24,yes
Saudi Arabia,EM,statistics;probability;inference,A,University exam archive,KFUPM Department of Mathematics exam archive,https://math.kfupm.edu.sa/miscellaneous/exam,Business Statistics II — Major Exam I (Term 231),https://math.kfupm.edu.sa/docs/default-source/default-document-library/stat212-231-ex1.pdf,Exam,English,"Official KFUPM Department of Mathematics archive exam (STAT212 major exam i, term 231). PDF retrieved and text extracted: English questions verified. Hosted on math.kfupm.edu.sa.",Free public web resource,HTTP 200 · verified 2026-08-24,yes
Saudi Arabia,EM,statistics;probability;inference,A,University exam archive,KFUPM Department of Mathematics exam archive,https://math.kfupm.edu.sa/miscellaneous/exam,Business Statistics II — Major Exam II (Term 231),https://math.kfupm.edu.sa/docs/default-source/default-document-library/stat212-231-ex2.pdf,Exam,English,"Official KFUPM Department of Mathematics archive exam (STAT212 major exam ii, term 231). PDF retrieved and text extracted: English questions verified. Hosted on math.kfupm.edu.sa.",Free public web resource,HTTP 200 · verified 2026-08-24,yes
Saudi Arabia,EM,statistics;probability;inference,A,University exam archive,KFUPM Department of Mathematics exam archive,https://math.kfupm.edu.sa/miscellaneous/exam,Business Statistics II — Major Exam I (Term 232),https://math.kfupm.edu.sa/docs/default-source/default-document-library/stat212-232-e1.pdf,Exam,English,"Official KFUPM Department of Mathematics archive exam (STAT212 major exam i, term 232). PDF retrieved and text extracted: English questions verified. Hosted on math.kfupm.edu.sa.",Free public web resource,HTTP 200 · verified 2026-08-24,yes
Saudi Arabia,EM,statistics;probability;inference,A,University exam archive,KFUPM Department of Mathematics exam archive,https://math.kfupm.edu.sa/miscellaneous/exam,Business Statistics II — Major Exam II (Term 232),https://math.kfupm.edu.sa/docs/default-source/default-document-library/stat212-232-e2.pdf,Exam,English,"Official KFUPM Department of Mathematics archive exam (STAT212 major exam ii, term 232). PDF retrieved and text extracted: English questions verified. Hosted on math.kfupm.edu.sa.",Free public web resource,HTTP 200 · verified 2026-08-24,yes
Saudi Arabia,EM,statistics;probability;inference,A,University exam archive,KFUPM Department of Mathematics exam archive,https://math.kfupm.edu.sa/miscellaneous/exam,Business Statistics II — Major Exam I (Term 233),https://math.kfupm.edu.sa/docs/default-source/default-document-library/stat212-233-e1.pdf,Exam,English,"Official KFUPM Department of Mathematics archive exam (STAT212 major exam i, term 233). PDF retrieved and text extracted: English questions verified. Hosted on math.kfupm.edu.sa.",Free public web resource,HTTP 200 · verified 2026-08-24,yes
Saudi Arabia,EM,statistics;probability;inference,A,University exam archive,KFUPM Department of Mathematics exam archive,https://math.kfupm.edu.sa/miscellaneous/exam,Business Statistics II — Major Exam II (Term 233),https://math.kfupm.edu.sa/docs/default-source/default-document-library/stat212-233-e2.pdf,Exam,English,"Official KFUPM Department of Mathematics archive exam (STAT212 major exam ii, term 233). PDF retrieved and text extracted: English questions verified. Hosted on math.kfupm.edu.sa.",Free public web resource,HTTP 200 · verified 2026-08-24,yes
Saudi Arabia,EM,statistics;probability;inference,A,University exam archive,KFUPM Department of Mathematics exam archive,https://math.kfupm.edu.sa/miscellaneous/exam,Business Statistics II — Final Exam (Term 233),https://math.kfupm.edu.sa/docs/default-source/default-document-library/stat212-233-fx.pdf,Exam,English,"Official KFUPM Department of Mathematics archive exam (STAT212 final exam, term 233). PDF retrieved and text extracted: English questions verified. Hosted on math.kfupm.edu.sa.",Free public web resource,HTTP 200 · verified 2026-08-24,yes
Saudi Arabia,EM,statistics;descriptive statistics,A,University exam archive,KFUPM Department of Mathematics exam archive,https://math.kfupm.edu.sa/miscellaneous/exam,Statistics for Engineers — Major Exam II (Term 211),https://math.kfupm.edu.sa/docs/default-source/default-document-library/stat214-211-e2.pdf,Exam,English,"Official KFUPM Department of Mathematics archive exam (STAT214 major exam ii, term 211). PDF retrieved and text extracted: English questions verified. Hosted on math.kfupm.edu.sa.",Free public web resource,HTTP 200 · verified 2026-08-24,yes
Saudi Arabia,EM,statistics;descriptive statistics,A,University exam archive,KFUPM Department of Mathematics exam archive,https://math.kfupm.edu.sa/miscellaneous/exam,Statistics for Engineers — Final Exam (Term 211),https://math.kfupm.edu.sa/docs/default-source/default-document-library/stat214-211-fx.pdf,Exam,English,"Official KFUPM Department of Mathematics archive exam (STAT214 final exam, term 211). PDF retrieved and text extracted: English questions verified. Hosted on math.kfupm.edu.sa.",Free public web resource,HTTP 200 · verified 2026-08-24,yes
Saudi Arabia,EM,statistics;descriptive statistics,A,University exam archive,KFUPM Department of Mathematics exam archive,https://math.kfupm.edu.sa/miscellaneous/exam,Statistics for Engineers — Major Exam I (Term 231),https://math.kfupm.edu.sa/docs/default-source/default-document-library/stat214-231-ex1.pdf,Exam,English,"Official KFUPM Department of Mathematics archive exam (STAT214 major exam i, term 231). PDF retrieved and text extracted: English questions verified. Hosted on math.kfupm.edu.sa.",Free public web resource,HTTP 200 · verified 2026-08-24,yes
Saudi Arabia,EM,statistics;descriptive statistics,A,University exam archive,KFUPM Department of Mathematics exam archive,https://math.kfupm.edu.sa/miscellaneous/exam,Statistics for Engineers — Major Exam II (Term 231),https://math.kfupm.edu.sa/docs/default-source/default-document-library/stat214-231-ex2.pdf,Exam,English,"Official KFUPM Department of Mathematics archive exam (STAT214 major exam ii, term 231). PDF retrieved and text extracted: English questions verified. Hosted on math.kfupm.edu.sa.",Free public web resource,HTTP 200 · verified 2026-08-24,yes
Saudi Arabia,EM,statistics;descriptive statistics,A,University exam archive,KFUPM Department of Mathematics exam archive,https://math.kfupm.edu.sa/miscellaneous/exam,Statistics for Engineers — Major Exam I (Term 241),https://math.kfupm.edu.sa/docs/default-source/default-document-library/stat214-241-e1.pdf,Exam,English,"Official KFUPM Department of Mathematics archive exam (STAT214 major exam i, term 241). PDF retrieved and text extracted: English questions verified. Hosted on math.kfupm.edu.sa.",Free public web resource,HTTP 200 · verified 2026-08-24,yes
Saudi Arabia,EM,statistics;descriptive statistics,A,University exam archive,KFUPM Department of Mathematics exam archive,https://math.kfupm.edu.sa/miscellaneous/exam,Statistics for Engineers — Major Exam II (Term 241),https://math.kfupm.edu.sa/docs/default-source/default-document-library/stat214-241-e2.pdf,Exam,English,"Official KFUPM Department of Mathematics archive exam (STAT214 major exam ii, term 241). PDF retrieved and text extracted: English questions verified. Hosted on math.kfupm.edu.sa.",Free public web resource,HTTP 200 · verified 2026-08-24,yes
Saudi Arabia,EM,statistics;descriptive statistics,A,University exam archive,KFUPM Department of Mathematics exam archive,https://math.kfupm.edu.sa/miscellaneous/exam,Statistics for Engineers — Final Exam (Term 241),https://math.kfupm.edu.sa/docs/default-source/default-document-library/stat214-241-fx.pdf,Exam,English,"Official KFUPM Department of Mathematics archive exam (STAT214 final exam, term 241). PDF retrieved and text extracted: English questions verified. Hosted on math.kfupm.edu.sa.",Free public web resource,HTTP 200 · verified 2026-08-24,yes
Saudi Arabia,EM,statistical inference,B,University exam archive,KFUPM Department of Mathematics exam archive,https://math.kfupm.edu.sa/miscellaneous/exam,Statistical Inference — Major Exam I (Term 231),https://math.kfupm.edu.sa/docs/default-source/default-document-library/stat302-231-ex1.pdf,Exam,English,"Official KFUPM Department of Mathematics archive exam (STAT302 major exam i, term 231). PDF retrieved and text extracted: English questions verified. Hosted on math.kfupm.edu.sa.",Free public web resource,HTTP 200 · verified 2026-08-24,yes
Saudi Arabia,EM,statistical inference,B,University exam archive,KFUPM Department of Mathematics exam archive,https://math.kfupm.edu.sa/miscellaneous/exam,Statistical Inference — Major Exam II (Term 231),https://math.kfupm.edu.sa/docs/default-source/default-document-library/stat302-231-ex2.pdf,Exam,English,"Official KFUPM Department of Mathematics archive exam (STAT302 major exam ii, term 231). PDF retrieved and text extracted: English questions verified. Hosted on math.kfupm.edu.sa.",Free public web resource,HTTP 200 · verified 2026-08-24,yes
Saudi Arabia,EM,regression analysis;statistics,B,University exam archive,KFUPM Department of Mathematics exam archive,https://math.kfupm.edu.sa/miscellaneous/exam,Regression Analysis — Major Exam I (Term 211),https://math.kfupm.edu.sa/docs/default-source/default-document-library/stat310-211-e1.pdf,Exam,English,"Official KFUPM Department of Mathematics archive exam (STAT310 major exam i, term 211). PDF retrieved and text extracted: English questions verified. Hosted on math.kfupm.edu.sa.",Free public web resource,HTTP 200 · verified 2026-08-24,yes
Saudi Arabia,EM,regression analysis;statistics,B,University exam archive,KFUPM Department of Mathematics exam archive,https://math.kfupm.edu.sa/miscellaneous/exam,Regression Analysis — Major Exam II (Term 211),https://math.kfupm.edu.sa/docs/default-source/default-document-library/stat310-211-e2.pdf,Exam,English,"Official KFUPM Department of Mathematics archive exam (STAT310 major exam ii, term 211). PDF retrieved and text extracted: English questions verified. Hosted on math.kfupm.edu.sa.",Free public web resource,HTTP 200 · verified 2026-08-24,yes
Saudi Arabia,EM,regression analysis;statistics,B,University exam archive,KFUPM Department of Mathematics exam archive,https://math.kfupm.edu.sa/miscellaneous/exam,Regression Analysis — Final Exam (Term 211),https://math.kfupm.edu.sa/docs/default-source/default-document-library/stat310-211-fx.pdf,Exam,English,"Official KFUPM Department of Mathematics archive exam (STAT310 final exam, term 211). PDF retrieved and text extracted: English questions verified. Hosted on math.kfupm.edu.sa.",Free public web resource,HTTP 200 · verified 2026-08-24,yes
Saudi Arabia,EM,regression analysis;statistics,B,University exam archive,KFUPM Department of Mathematics exam archive,https://math.kfupm.edu.sa/miscellaneous/exam,Regression Analysis — Major Exam I (Term 221),https://math.kfupm.edu.sa/docs/default-source/default-document-library/stat310-221-e1.pdf,Exam,English,"Official KFUPM Department of Mathematics archive exam (STAT310 major exam i, term 221). PDF retrieved and text extracted: English questions verified. Hosted on math.kfupm.edu.sa.",Free public web resource,HTTP 200 · verified 2026-08-24,yes
Saudi Arabia,EM,regression analysis;statistics,B,University exam archive,KFUPM Department of Mathematics exam archive,https://math.kfupm.edu.sa/miscellaneous/exam,Regression Analysis — Major Exam II (Term 221),https://math.kfupm.edu.sa/docs/default-source/default-document-library/stat310-221-e2.pdf,Exam,English,"Official KFUPM Department of Mathematics archive exam (STAT310 major exam ii, term 221). PDF retrieved and text extracted: English questions verified. Hosted on math.kfupm.edu.sa.",Free public web resource,HTTP 200 · verified 2026-08-24,yes
Saudi Arabia,EM,regression analysis;statistics,B,University exam archive,KFUPM Department of Mathematics exam archive,https://math.kfupm.edu.sa/miscellaneous/exam,Regression Analysis — Final Exam (Term 221),https://math.kfupm.edu.sa/docs/default-source/default-document-library/stat310-221-fx.pdf,Exam,English,"Official KFUPM Department of Mathematics archive exam (STAT310 final exam, term 221). PDF retrieved and text extracted: English questions verified. Hosted on math.kfupm.edu.sa.",Free public web resource,HTTP 200 · verified 2026-08-24,yes
Saudi Arabia,EM,regression analysis;statistics,B,University exam archive,KFUPM Department of Mathematics exam archive,https://math.kfupm.edu.sa/miscellaneous/exam,Regression Analysis — Major Exam I (Term 231),https://math.kfupm.edu.sa/docs/default-source/default-document-library/stat310-231-ex1.pdf,Exam,English,"Official KFUPM Department of Mathematics archive exam (STAT310 major exam i, term 231). PDF retrieved and text extracted: English questions verified. Hosted on math.kfupm.edu.sa.",Free public web resource,HTTP 200 · verified 2026-08-24,yes
Saudi Arabia,EM,regression analysis;statistics,B,University exam archive,KFUPM Department of Mathematics exam archive,https://math.kfupm.edu.sa/miscellaneous/exam,Regression Analysis — Major Exam II (Term 231),https://math.kfupm.edu.sa/docs/default-source/default-document-library/stat310-231-ex2.pdf,Exam,English,"Official KFUPM Department of Mathematics archive exam (STAT310 major exam ii, term 231). PDF retrieved and text extracted: English questions verified. Hosted on math.kfupm.edu.sa.",Free public web resource,HTTP 200 · verified 2026-08-24,yes
Saudi Arabia,EM,probability;statistics,A,University exam archive,KFUPM Department of Mathematics exam archive,https://math.kfupm.edu.sa/miscellaneous/exam,Probability and Statistics — Major Exam II (Term 211),https://math.kfupm.edu.sa/docs/default-source/default-document-library/stat319-211-e2.pdf,Exam,English,"Official KFUPM Department of Mathematics archive exam (STAT319 major exam ii, term 211). PDF retrieved and text extracted: English questions verified. Hosted on math.kfupm.edu.sa.",Free public web resource,HTTP 200 · verified 2026-08-24,yes
Saudi Arabia,EM,probability;statistics,A,University exam archive,KFUPM Department of Mathematics exam archive,https://math.kfupm.edu.sa/miscellaneous/exam,Probability and Statistics — Final Exam (Term 211),https://math.kfupm.edu.sa/docs/default-source/default-document-library/stat319-211-fx.pdf,Exam,English,"Official KFUPM Department of Mathematics archive exam (STAT319 final exam, term 211). PDF retrieved and text extracted: English questions verified. Hosted on math.kfupm.edu.sa.",Free public web resource,HTTP 200 · verified 2026-08-24,yes
Saudi Arabia,EM,probability;statistics,A,University exam archive,KFUPM Department of Mathematics exam archive,https://math.kfupm.edu.sa/miscellaneous/exam,Probability and Statistics — Major Exam I (Term 212),https://math.kfupm.edu.sa/docs/default-source/default-document-library/stat319-212-e1.pdf,Exam,English,"Official KFUPM Department of Mathematics archive exam (STAT319 major exam i, term 212). PDF retrieved and text extracted: English questions verified. Hosted on math.kfupm.edu.sa.",Free public web resource,HTTP 200 · verified 2026-08-24,yes
Saudi Arabia,EM,probability;statistics,A,University exam archive,KFUPM Department of Mathematics exam archive,https://math.kfupm.edu.sa/miscellaneous/exam,Probability and Statistics — Final Exam (Term 212),https://math.kfupm.edu.sa/docs/default-source/default-document-library/stat319-212-fx.pdf,Exam,English,"Official KFUPM Department of Mathematics archive exam (STAT319 final exam, term 212). PDF retrieved and text extracted: English questions verified. Hosted on math.kfupm.edu.sa.",Free public web resource,HTTP 200 · verified 2026-08-24,yes
Saudi Arabia,EM,probability;statistics,A,University exam archive,KFUPM Department of Mathematics exam archive,https://math.kfupm.edu.sa/miscellaneous/exam,Probability and Statistics — Major Exam I (Term 213),https://math.kfupm.edu.sa/docs/default-source/default-document-library/stat319-213-e1.pdf,Exam,English,"Official KFUPM Department of Mathematics archive exam (STAT319 major exam i, term 213). PDF retrieved and text extracted: English questions verified. Hosted on math.kfupm.edu.sa.",Free public web resource,HTTP 200 · verified 2026-08-24,yes
Saudi Arabia,EM,probability;statistics,A,University exam archive,KFUPM Department of Mathematics exam archive,https://math.kfupm.edu.sa/miscellaneous/exam,Probability and Statistics — Major Exam II (Term 213),https://math.kfupm.edu.sa/docs/default-source/default-document-library/stat319-213-e2.pdf,Exam,English,"Official KFUPM Department of Mathematics archive exam (STAT319 major exam ii, term 213). PDF retrieved and text extracted: English questions verified. Hosted on math.kfupm.edu.sa.",Free public web resource,HTTP 200 · verified 2026-08-24,yes
Saudi Arabia,EM,probability;statistics,A,University exam archive,KFUPM Department of Mathematics exam archive,https://math.kfupm.edu.sa/miscellaneous/exam,Probability and Statistics — Final Exam (Term 213),https://math.kfupm.edu.sa/docs/default-source/default-document-library/stat319-213-fx.pdf,Exam,English,"Official KFUPM Department of Mathematics archive exam (STAT319 final exam, term 213). PDF retrieved and text extracted: English questions verified. Hosted on math.kfupm.edu.sa.",Free public web resource,HTTP 200 · verified 2026-08-24,yes
Saudi Arabia,EM,probability;statistics,A,University exam archive,KFUPM Department of Mathematics exam archive,https://math.kfupm.edu.sa/miscellaneous/exam,Probability and Statistics — Major Exam I (Term 222),https://math.kfupm.edu.sa/docs/default-source/default-document-library/stat319-222-ex1.pdf,Exam,English,"Official KFUPM Department of Mathematics archive exam (STAT319 major exam i, term 222). PDF retrieved and text extracted: English questions verified. Hosted on math.kfupm.edu.sa.",Free public web resource,HTTP 200 · verified 2026-08-24,yes
Saudi Arabia,EM,probability;statistics,A,University exam archive,KFUPM Department of Mathematics exam archive,https://math.kfupm.edu.sa/miscellaneous/exam,Probability and Statistics — Major Exam I (Term 231),https://math.kfupm.edu.sa/docs/default-source/default-document-library/stat319-231-ex1.pdf,Exam,English,"Official KFUPM Department of Mathematics archive exam (STAT319 major exam i, term 231). PDF retrieved and text extracted: English questions verified. Hosted on math.kfupm.edu.sa.",Free public web resource,HTTP 200 · verified 2026-08-24,yes
Saudi Arabia,EM,probability;statistics,A,University exam archive,KFUPM Department of Mathematics exam archive,https://math.kfupm.edu.sa/miscellaneous/exam,Probability and Statistics — Major Exam II (Term 231),https://math.kfupm.edu.sa/docs/default-source/default-document-library/stat319-231-ex2.pdf,Exam,English,"Official KFUPM Department of Mathematics archive exam (STAT319 major exam ii, term 231). PDF retrieved and text extracted: English questions verified. Hosted on math.kfupm.edu.sa.",Free public web resource,HTTP 200 · verified 2026-08-24,yes
Saudi Arabia,EM,probability;statistics,A,University exam archive,KFUPM Department of Mathematics exam archive,https://math.kfupm.edu.sa/miscellaneous/exam,Probability and Statistics — Major Exam I (Term 233),https://math.kfupm.edu.sa/docs/default-source/default-document-library/stat319-233-e1.pdf,Exam,English,"Official KFUPM Department of Mathematics archive exam (STAT319 major exam i, term 233). PDF retrieved and text extracted: English questions verified. Hosted on math.kfupm.edu.sa.",Free public web resource,HTTP 200 · verified 2026-08-24,yes
Saudi Arabia,EM,probability;statistics,A,University exam archive,KFUPM Department of Mathematics exam archive,https://math.kfupm.edu.sa/miscellaneous/exam,Probability and Statistics — Major Exam II (Term 233),https://math.kfupm.edu.sa/docs/default-source/default-document-library/stat319-233-e2.pdf,Exam,English,"Official KFUPM Department of Mathematics archive exam (STAT319 major exam ii, term 233). PDF retrieved and text extracted: English questions verified. Hosted on math.kfupm.edu.sa.",Free public web resource,HTTP 200 · verified 2026-08-24,yes
Saudi Arabia,EM,probability;statistics,A,University exam archive,KFUPM Department of Mathematics exam archive,https://math.kfupm.edu.sa/miscellaneous/exam,Probability and Statistics — Final Exam (Term 233),https://math.kfupm.edu.sa/docs/default-source/default-document-library/stat319-233-fx.pdf,Exam,English,"Official KFUPM Department of Mathematics archive exam (STAT319 final exam, term 233). PDF retrieved and text extracted: English questions verified. Hosted on math.kfupm.edu.sa.",Free public web resource,HTTP 200 · verified 2026-08-24,yes
Saudi Arabia,EM,probability;statistics,A,University exam archive,KFUPM Department of Mathematics exam archive,https://math.kfupm.edu.sa/miscellaneous/exam,Probability and Statistics — Major Exam I (Term 241),https://math.kfupm.edu.sa/docs/default-source/default-document-library/stat319-241-e1.pdf,Exam,English,"Official KFUPM Department of Mathematics archive exam (STAT319 major exam i, term 241). PDF retrieved and text extracted: English questions verified. Hosted on math.kfupm.edu.sa.",Free public web resource,HTTP 200 · verified 2026-08-24,yes
Saudi Arabia,EM,probability;statistics,A,University exam archive,KFUPM Department of Mathematics exam archive,https://math.kfupm.edu.sa/miscellaneous/exam,Probability and Statistics — Major Exam II (Term 241),https://math.kfupm.edu.sa/docs/default-source/default-document-library/stat319-241-e2.pdf,Exam,English,"Official KFUPM Department of Mathematics archive exam (STAT319 major exam ii, term 241). PDF retrieved and text extracted: English questions verified. Hosted on math.kfupm.edu.sa.",Free public web resource,HTTP 200 · verified 2026-08-24,yes
Saudi Arabia,EM,probability;statistics,A,University exam archive,KFUPM Department of Mathematics exam archive,https://math.kfupm.edu.sa/miscellaneous/exam,Probability and Statistics — Final Exam (Term 241),https://math.kfupm.edu.sa/docs/default-source/default-document-library/stat319-241-fx.pdf,Exam,English,"Official KFUPM Department of Mathematics archive exam (STAT319 final exam, term 241). PDF retrieved and text extracted: English questions verified. Hosted on math.kfupm.edu.sa.",Free public web resource,HTTP 200 · verified 2026-08-24,yes
Saudi Arabia,EM,probability;statistics,A,University exam archive,KFUPM Department of Mathematics exam archive,https://math.kfupm.edu.sa/miscellaneous/exam,Probability and Statistics — Major Exam I (Term 242),https://math.kfupm.edu.sa/docs/default-source/default-document-library/stat319-242-e1.pdf,Exam,English,"Official KFUPM Department of Mathematics archive exam (STAT319 major exam i, term 242). PDF retrieved and text extracted: English questions verified. Hosted on math.kfupm.edu.sa.",Free public web resource,HTTP 200 · verified 2026-08-24,yes
Saudi Arabia,EM,probability;statistics,A,University exam archive,KFUPM Department of Mathematics exam archive,https://math.kfupm.edu.sa/miscellaneous/exam,Probability and Statistics — Major Exam II (Term 242),https://math.kfupm.edu.sa/docs/default-source/default-document-library/stat319-242-e2.pdf,Exam,English,"Official KFUPM Department of Mathematics archive exam (STAT319 major exam ii, term 242). PDF retrieved and text extracted: English questions verified. Hosted on math.kfupm.edu.sa.",Free public web resource,HTTP 200 · verified 2026-08-24,yes
Saudi Arabia,EM,probability;statistics,A,University exam archive,KFUPM Department of Mathematics exam archive,https://math.kfupm.edu.sa/miscellaneous/exam,Probability and Statistics — Final Exam (Term 242),https://math.kfupm.edu.sa/docs/default-source/default-document-library/stat319-242-fx.pdf,Exam,English,"Official KFUPM Department of Mathematics archive exam (STAT319 final exam, term 242). PDF retrieved and text extracted: English questions verified. Hosted on math.kfupm.edu.sa.",Free public web resource,HTTP 200 · verified 2026-08-24,yes
Saudi Arabia,EM,probability;statistics,A,University exam archive,KFUPM Department of Mathematics exam archive,https://math.kfupm.edu.sa/miscellaneous/exam,Probability and Statistics — Major Exam I (Term 243),https://math.kfupm.edu.sa/docs/default-source/default-document-library/stat319-243-e1.pdf,Exam,English,"Official KFUPM Department of Mathematics archive exam (STAT319 major exam i, term 243). PDF retrieved and text extracted: English questions verified. Hosted on math.kfupm.edu.sa.",Free public web resource,HTTP 200 · verified 2026-08-24,yes
Saudi Arabia,EM,stochastic processes;Markov chains,B,University exam archive,KFUPM Department of Mathematics exam archive,https://math.kfupm.edu.sa/miscellaneous/exam,Stochastic Processes — Major Exam I (Term 211),https://math.kfupm.edu.sa/docs/default-source/default-document-library/stat416-211-e1.pdf,Exam,English,"Official KFUPM Department of Mathematics archive exam (STAT416 major exam i, term 211). PDF retrieved and text extracted: English questions verified. Hosted on math.kfupm.edu.sa.",Free public web resource,HTTP 200 · verified 2026-08-24,yes
Saudi Arabia,EM,stochastic processes;Markov chains,B,University exam archive,KFUPM Department of Mathematics exam archive,https://math.kfupm.edu.sa/miscellaneous/exam,Stochastic Processes — Major Exam II (Term 211),https://math.kfupm.edu.sa/docs/default-source/default-document-library/stat416-211-e2.pdf,Exam,English,"Official KFUPM Department of Mathematics archive exam (STAT416 major exam ii, term 211). PDF retrieved and text extracted: English questions verified. Hosted on math.kfupm.edu.sa.",Free public web resource,HTTP 200 · verified 2026-08-24,yes
Saudi Arabia,EM,stochastic processes;Markov chains,B,University exam archive,KFUPM Department of Mathematics exam archive,https://math.kfupm.edu.sa/miscellaneous/exam,Stochastic Processes — Final Exam (Term 211),https://math.kfupm.edu.sa/docs/default-source/default-document-library/stat416-211-fx.pdf,Exam,English,"Official KFUPM Department of Mathematics archive exam (STAT416 final exam, term 211). PDF retrieved and text extracted: English questions verified. Hosted on math.kfupm.edu.sa.",Free public web resource,HTTP 200 · verified 2026-08-24,yes
Saudi Arabia,EM,stochastic processes;Markov chains,B,University exam archive,KFUPM Department of Mathematics exam archive,https://math.kfupm.edu.sa/miscellaneous/exam,Stochastic Processes — Major Exam I (Term 221),https://math.kfupm.edu.sa/docs/default-source/default-document-library/stat416-221-e1.pdf,Exam,English,"Official KFUPM Department of Mathematics archive exam (STAT416 major exam i, term 221). PDF retrieved and text extracted: English questions verified. Hosted on math.kfupm.edu.sa.",Free public web resource,HTTP 200 · verified 2026-08-24,yes
Saudi Arabia,EM,stochastic processes;Markov chains,B,University exam archive,KFUPM Department of Mathematics exam archive,https://math.kfupm.edu.sa/miscellaneous/exam,Stochastic Processes — Major Exam II (Term 221),https://math.kfupm.edu.sa/docs/default-source/default-document-library/stat416-221-e2.pdf,Exam,English,"Official KFUPM Department of Mathematics archive exam (STAT416 major exam ii, term 221). PDF retrieved and text extracted: English questions verified. Hosted on math.kfupm.edu.sa.",Free public web resource,HTTP 200 · verified 2026-08-24,yes
Saudi Arabia,EM,stochastic processes;Markov chains,B,University exam archive,KFUPM Department of Mathematics exam archive,https://math.kfupm.edu.sa/miscellaneous/exam,Stochastic Processes — Final Exam (Term 221),https://math.kfupm.edu.sa/docs/default-source/default-document-library/stat416-221-fx.pdf,Exam,English,"Official KFUPM Department of Mathematics archive exam (STAT416 final exam, term 221). PDF retrieved and text extracted: English questions verified. Hosted on math.kfupm.edu.sa.",Free public web resource,HTTP 200 · verified 2026-08-24,yes
Saudi Arabia,EM,stochastic processes;Markov chains,B,University exam archive,KFUPM Department of Mathematics exam archive,https://math.kfupm.edu.sa/miscellaneous/exam,Stochastic Processes — Major Exam I (Term 241),https://math.kfupm.edu.sa/docs/default-source/default-document-library/stat416-241-e1.pdf,Exam,English,"Official KFUPM Department of Mathematics archive exam (STAT416 major exam i, term 241). PDF retrieved and text extracted: English questions verified. Hosted on math.kfupm.edu.sa.",Free public web resource,HTTP 200 · verified 2026-08-24,yes
Saudi Arabia,EM,stochastic processes;Markov chains,B,University exam archive,KFUPM Department of Mathematics exam archive,https://math.kfupm.edu.sa/miscellaneous/exam,Stochastic Processes — Major Exam II (Term 241),https://math.kfupm.edu.sa/docs/default-source/default-document-library/stat416-241-e2.pdf,Exam,English,"Official KFUPM Department of Mathematics archive exam (STAT416 major exam ii, term 241). PDF retrieved and text extracted: English questions verified. Hosted on math.kfupm.edu.sa.",Free public web resource,HTTP 200 · verified 2026-08-24,yes
Saudi Arabia,EM,stochastic processes;Markov chains,B,University exam archive,KFUPM Department of Mathematics exam archive,https://math.kfupm.edu.sa/miscellaneous/exam,Stochastic Processes — Final Exam (Term 241),https://math.kfupm.edu.sa/docs/default-source/default-document-library/stat416-241-fx.pdf,Exam,English,"Official KFUPM Department of Mathematics archive exam (STAT416 final exam, term 241). PDF retrieved and text extracted: English questions verified. Hosted on math.kfupm.edu.sa.",Free public web resource,HTTP 200 · verified 2026-08-24,yes
Saudi Arabia,EM,time series;forecasting,B,University exam archive,KFUPM Department of Mathematics exam archive,https://math.kfupm.edu.sa/miscellaneous/exam,Time Series Analysis — Major Exam I (Term 222),https://math.kfupm.edu.sa/docs/default-source/default-document-library/stat460-222-ex1.pdf,Exam,English,"Official KFUPM Department of Mathematics archive exam (STAT460 major exam i, term 222). PDF retrieved and text extracted: English questions verified. Hosted on math.kfupm.edu.sa.",Free public web resource,HTTP 200 · verified 2026-08-24,yes
Saudi Arabia,EM,probability;mathematical statistics,B,University exam archive,KFUPM Department of Mathematics exam archive,https://math.kfupm.edu.sa/miscellaneous/exam,Probability and Mathematical Statistics — Major Exam I (Term 212),https://math.kfupm.edu.sa/docs/default-source/default-document-library/stat501-212-e1.pdf,Exam,English,"Official KFUPM Department of Mathematics archive exam (STAT501 major exam i, term 212). PDF retrieved and text extracted: English questions verified. Hosted on math.kfupm.edu.sa.",Free public web resource,HTTP 200 · verified 2026-08-24,yes
Saudi Arabia,EM,probability;mathematical statistics,B,University exam archive,KFUPM Department of Mathematics exam archive,https://math.kfupm.edu.sa/miscellaneous/exam,Probability and Mathematical Statistics — Midterm Exam (Term 231),https://math.kfupm.edu.sa/docs/default-source/default-document-library/stat501-231-midterm.pdf,Exam,English,"Official KFUPM Department of Mathematics archive exam (STAT501 midterm exam, term 231). PDF retrieved and text extracted: English questions verified. Hosted on math.kfupm.edu.sa.",Free public web resource,HTTP 200 · verified 2026-08-24,yes
Saudi Arabia,EM,statistical inference,B,University exam archive,KFUPM Department of Mathematics exam archive,https://math.kfupm.edu.sa/miscellaneous/exam,Statistical Inference — Major Exam II (Term 211),https://math.kfupm.edu.sa/docs/default-source/default-document-library/stat502-211-e2.pdf,Exam,English,"Official KFUPM Department of Mathematics archive exam (STAT502 major exam ii, term 211). PDF retrieved and text extracted: English questions verified. Hosted on math.kfupm.edu.sa.",Free public web resource,HTTP 200 · verified 2026-08-24,yes
Saudi Arabia,EM,statistical inference,B,University exam archive,KFUPM Department of Mathematics exam archive,https://math.kfupm.edu.sa/miscellaneous/exam,Statistical Inference — Final Exam (Term 211),https://math.kfupm.edu.sa/docs/default-source/default-document-library/stat502-211-fx.pdf,Exam,English,"Official KFUPM Department of Mathematics archive exam (STAT502 final exam, term 211). PDF retrieved and text extracted: English questions verified. Hosted on math.kfupm.edu.sa.",Free public web resource,HTTP 200 · verified 2026-08-24,yes
Saudi Arabia,EM,statistical inference,B,University exam archive,KFUPM Department of Mathematics exam archive,https://math.kfupm.edu.sa/miscellaneous/exam,Statistical Inference — Major Exam II (Term 212),https://math.kfupm.edu.sa/docs/default-source/default-document-library/stat502-212-e2.pdf,Exam,English,"Official KFUPM Department of Mathematics archive exam (STAT502 major exam ii, term 212). PDF retrieved and text extracted: English questions verified. Hosted on math.kfupm.edu.sa.",Free public web resource,HTTP 200 · verified 2026-08-24,yes
Saudi Arabia,EM,statistical inference,B,University exam archive,KFUPM Department of Mathematics exam archive,https://math.kfupm.edu.sa/miscellaneous/exam,Statistical Inference — Final Exam (Term 212),https://math.kfupm.edu.sa/docs/default-source/default-document-library/stat502-212-fx.pdf,Exam,English,"Official KFUPM Department of Mathematics archive exam (STAT502 final exam, term 212). PDF retrieved and text extracted: English questions verified. Hosted on math.kfupm.edu.sa.",Free public web resource,HTTP 200 · verified 2026-08-24,yes
Saudi Arabia,EM,statistical inference,B,University exam archive,KFUPM Department of Mathematics exam archive,https://math.kfupm.edu.sa/miscellaneous/exam,Statistical Inference — Final Exam (Term 222),https://math.kfupm.edu.sa/docs/default-source/default-document-library/stat502-222-fx.pdf,Exam,English,"Official KFUPM Department of Mathematics archive exam (STAT502 final exam, term 222). PDF retrieved and text extracted: English questions verified. Hosted on math.kfupm.edu.sa.",Free public web resource,HTTP 200 · verified 2026-08-24,yes
Saudi Arabia,EM,statistical inference,B,University exam archive,KFUPM Department of Mathematics exam archive,https://math.kfupm.edu.sa/miscellaneous/exam,Statistical Inference — Exam (Term 222),https://math.kfupm.edu.sa/docs/default-source/default-document-library/stat502-222-fxaa79b500-7b7d-4465-9290-5783d0701bd3.pdf,Exam,English,"Official KFUPM Department of Mathematics archive exam (STAT502 exam, term 222). PDF retrieved and text extracted: English questions verified. Hosted on math.kfupm.edu.sa.",Free public web resource,HTTP 200 · verified 2026-08-24,yes
Saudi Arabia,EM,statistical inference,B,University exam archive,KFUPM Department of Mathematics exam archive,https://math.kfupm.edu.sa/miscellaneous/exam,Statistical Inference — Midterm Exam (Term 222),https://math.kfupm.edu.sa/docs/default-source/default-document-library/stat502-222-mid-term.pdf,Exam,English,"Official KFUPM Department of Mathematics archive exam (STAT502 midterm exam, term 222). PDF retrieved and text extracted: English questions verified. Hosted on math.kfupm.edu.sa.",Free public web resource,HTTP 200 · verified 2026-08-24,yes
Saudi Arabia,EM,statistical inference,B,University exam archive,KFUPM Department of Mathematics exam archive,https://math.kfupm.edu.sa/miscellaneous/exam,Statistical Inference — Midterm Exam (Term 222),https://math.kfupm.edu.sa/docs/default-source/default-document-library/stat502-222-mid-terme2470305-2d16-4a1c-aa41-ed0a9e961256.pdf,Exam,English,"Official KFUPM Department of Mathematics archive exam (STAT502 midterm exam, term 222). PDF retrieved and text extracted: English questions verified. Hosted on math.kfupm.edu.sa.",Free public web resource,HTTP 200 · verified 2026-08-24,yes
Saudi Arabia,EM,statistical inference,B,University exam archive,KFUPM Department of Mathematics exam archive,https://math.kfupm.edu.sa/miscellaneous/exam,Statistical Inference — Major Exam I (Term 232),https://math.kfupm.edu.sa/docs/default-source/default-document-library/stat502-232-e1.pdf,Exam,English,"Official KFUPM Department of Mathematics archive exam (STAT502 major exam i, term 232). PDF retrieved and text extracted: English questions verified. Hosted on math.kfupm.edu.sa.",Free public web resource,HTTP 200 · verified 2026-08-24,yes
Saudi Arabia,EM,regression analysis,B,University exam archive,KFUPM Department of Mathematics exam archive,https://math.kfupm.edu.sa/miscellaneous/exam,Regression Analysis — Major Exam I (Term 221),https://math.kfupm.edu.sa/docs/default-source/default-document-library/stat510-221-e1.pdf,Exam,English,"Official KFUPM Department of Mathematics archive exam (STAT510 major exam i, term 221). PDF retrieved and text extracted: English questions verified. Hosted on math.kfupm.edu.sa.",Free public web resource,HTTP 200 · verified 2026-08-24,yes
Saudi Arabia,EM,regression analysis,B,University exam archive,KFUPM Department of Mathematics exam archive,https://math.kfupm.edu.sa/miscellaneous/exam,Regression Analysis — Major Exam II (Term 221),https://math.kfupm.edu.sa/docs/default-source/default-document-library/stat510-221-e2.pdf,Exam,English,"Official KFUPM Department of Mathematics archive exam (STAT510 major exam ii, term 221). PDF retrieved and text extracted: English questions verified. Hosted on math.kfupm.edu.sa.",Free public web resource,HTTP 200 · verified 2026-08-24,yes
Saudi Arabia,EM,regression analysis,B,University exam archive,KFUPM Department of Mathematics exam archive,https://math.kfupm.edu.sa/miscellaneous/exam,Regression Analysis — Final Exam (Term 221),https://math.kfupm.edu.sa/docs/default-source/default-document-library/stat510-221-fx.pdf,Exam,English,"Official KFUPM Department of Mathematics archive exam (STAT510 final exam, term 221). PDF retrieved and text extracted: English questions verified. Hosted on math.kfupm.edu.sa.",Free public web resource,HTTP 200 · verified 2026-08-24,yes
Saudi Arabia,EM,regression analysis,B,University exam archive,KFUPM Department of Mathematics exam archive,https://math.kfupm.edu.sa/miscellaneous/exam,Regression Analysis — Major Exam I (Term 231),https://math.kfupm.edu.sa/docs/default-source/default-document-library/stat510-231-ex1.pdf,Exam,English,"Official KFUPM Department of Mathematics archive exam (STAT510 major exam i, term 231). PDF retrieved and text extracted: English questions verified. Hosted on math.kfupm.edu.sa.",Free public web resource,HTTP 200 · verified 2026-08-24,yes
Saudi Arabia,EM,regression analysis,B,University exam archive,KFUPM Department of Mathematics exam archive,https://math.kfupm.edu.sa/miscellaneous/exam,Regression Analysis — Major Exam II (Term 231),https://math.kfupm.edu.sa/docs/default-source/default-document-library/stat510-231-ex2.pdf,Exam,English,"Official KFUPM Department of Mathematics archive exam (STAT510 major exam ii, term 231). PDF retrieved and text extracted: English questions verified. Hosted on math.kfupm.edu.sa.",Free public web resource,HTTP 200 · verified 2026-08-24,yes
Saudi Arabia,EM,regression analysis,B,University exam archive,KFUPM Department of Mathematics exam archive,https://math.kfupm.edu.sa/miscellaneous/exam,Regression Analysis — Major Exam I (Term 241),https://math.kfupm.edu.sa/docs/default-source/default-document-library/stat510-241-e1.pdf,Exam,English,"Official KFUPM Department of Mathematics archive exam (STAT510 major exam i, term 241). PDF retrieved and text extracted: English questions verified. Hosted on math.kfupm.edu.sa.",Free public web resource,HTTP 200 · verified 2026-08-24,yes
Saudi Arabia,EM,regression analysis,B,University exam archive,KFUPM Department of Mathematics exam archive,https://math.kfupm.edu.sa/miscellaneous/exam,Regression Analysis — Final Exam (Term 241),https://math.kfupm.edu.sa/docs/default-source/default-document-library/stat510-241-fx.pdf,Exam,English,"Official KFUPM Department of Mathematics archive exam (STAT510 final exam, term 241). PDF retrieved and text extracted: English questions verified. Hosted on math.kfupm.edu.sa.",Free public web resource,HTTP 200 · verified 2026-08-24,yes
Saudi Arabia,EM,regression;experimental design,B,University exam archive,KFUPM Department of Mathematics exam archive,https://math.kfupm.edu.sa/miscellaneous/exam,Applied Regression and Experimental Design — Midterm Exam (Term 242),https://math.kfupm.edu.sa/docs/default-source/default-document-library/stat511-242-midterm.pdf,Exam,English,"Official KFUPM Department of Mathematics archive exam (STAT511 midterm exam, term 242). PDF retrieved and text extracted: English questions verified. Hosted on math.kfupm.edu.sa.",Free public web resource,HTTP 200 · verified 2026-08-24,yes
Saudi Arabia,EM,statistical modelling,B,University exam archive,KFUPM Department of Mathematics exam archive,https://math.kfupm.edu.sa/miscellaneous/exam,Statistical Modelling — Major Exam I (Term 212),https://math.kfupm.edu.sa/docs/default-source/default-document-library/stat513-212-e1.pdf,Exam,English,"Official KFUPM Department of Mathematics archive exam (STAT513 major exam i, term 212). PDF retrieved and text extracted: English questions verified. Hosted on math.kfupm.edu.sa.",Free public web resource,HTTP 200 · verified 2026-08-24,yes
Saudi Arabia,EM,statistical modelling,B,University exam archive,KFUPM Department of Mathematics exam archive,https://math.kfupm.edu.sa/miscellaneous/exam,Statistical Modelling — Major Exam II (Term 212),https://math.kfupm.edu.sa/docs/default-source/default-document-library/stat513-212-e2.pdf,Exam,English,"Official KFUPM Department of Mathematics archive exam (STAT513 major exam ii, term 212). PDF retrieved and text extracted: English questions verified. Hosted on math.kfupm.edu.sa.",Free public web resource,HTTP 200 · verified 2026-08-24,yes
Saudi Arabia,EM,statistical modelling,B,University exam archive,KFUPM Department of Mathematics exam archive,https://math.kfupm.edu.sa/miscellaneous/exam,Statistical Modelling — Final Exam (Term 212),https://math.kfupm.edu.sa/docs/default-source/default-document-library/stat513-212-fx.pdf,Exam,English,"Official KFUPM Department of Mathematics archive exam (STAT513 final exam, term 212). PDF retrieved and text extracted: English questions verified. Hosted on math.kfupm.edu.sa.",Free public web resource,HTTP 200 · verified 2026-08-24,yes
Saudi Arabia,EM,statistical modelling,B,University exam archive,KFUPM Department of Mathematics exam archive,https://math.kfupm.edu.sa/miscellaneous/exam,Statistical Modelling — Major Exam I (Term 231),https://math.kfupm.edu.sa/docs/default-source/default-document-library/stat513-231-ex1.pdf,Exam,English,"Official KFUPM Department of Mathematics archive exam (STAT513 major exam i, term 231). PDF retrieved and text extracted: English questions verified. Hosted on math.kfupm.edu.sa.",Free public web resource,HTTP 200 · verified 2026-08-24,yes
Saudi Arabia,EM,statistical modelling,B,University exam archive,KFUPM Department of Mathematics exam archive,https://math.kfupm.edu.sa/miscellaneous/exam,Statistical Modelling — Major Exam II (Term 231),https://math.kfupm.edu.sa/docs/default-source/default-document-library/stat513-231-ex2.pdf,Exam,English,"Official KFUPM Department of Mathematics archive exam (STAT513 major exam ii, term 231). PDF retrieved and text extracted: English questions verified. Hosted on math.kfupm.edu.sa.",Free public web resource,HTTP 200 · verified 2026-08-24,yes
Saudi Arabia,EM,statistical modelling,B,University exam archive,KFUPM Department of Mathematics exam archive,https://math.kfupm.edu.sa/miscellaneous/exam,Statistical Modelling — Major Exam I (Term 241),https://math.kfupm.edu.sa/docs/default-source/default-document-library/stat513-241-e1.pdf,Exam,English,"Official KFUPM Department of Mathematics archive exam (STAT513 major exam i, term 241). PDF retrieved and text extracted: English questions verified. Hosted on math.kfupm.edu.sa.",Free public web resource,HTTP 200 · verified 2026-08-24,yes
Saudi Arabia,EM,statistical modelling,B,University exam archive,KFUPM Department of Mathematics exam archive,https://math.kfupm.edu.sa/miscellaneous/exam,Statistical Modelling — Final Exam (Term 241),https://math.kfupm.edu.sa/docs/default-source/default-document-library/stat513-241-fx.pdf,Exam,English,"Official KFUPM Department of Mathematics archive exam (STAT513 final exam, term 241). PDF retrieved and text extracted: English questions verified. Hosted on math.kfupm.edu.sa.",Free public web resource,HTTP 200 · verified 2026-08-24,yes
Saudi Arabia,EM,statistics,B,University exam archive,KFUPM Department of Mathematics exam archive,https://math.kfupm.edu.sa/miscellaneous/exam,Statistics — Midterm Exam (Term 231),https://math.kfupm.edu.sa/docs/default-source/default-document-library/stat515-231-midterm.pdf,Exam,English,"Official KFUPM Department of Mathematics archive exam (STAT515 midterm exam, term 231). PDF retrieved and text extracted: English questions verified. Hosted on math.kfupm.edu.sa.",Free public web resource,HTTP 200 · verified 2026-08-24,yes
Saudi Arabia,EM,design of experiments,B,University exam archive,KFUPM Department of Mathematics exam archive,https://math.kfupm.edu.sa/miscellaneous/exam,Design and Analysis of Experiments — Major Exam I (Term 231),https://math.kfupm.edu.sa/docs/default-source/default-document-library/stat530-231-ex1.pdf,Exam,English,"Official KFUPM Department of Mathematics archive exam (STAT530 major exam i, term 231). PDF retrieved and text extracted: English questions verified. Hosted on math.kfupm.edu.sa.",Free public web resource,HTTP 200 · verified 2026-08-24,yes
Saudi Arabia,EM,design of experiments,B,University exam archive,KFUPM Department of Mathematics exam archive,https://math.kfupm.edu.sa/miscellaneous/exam,Design and Analysis of Experiments — Major Exam II (Term 231),https://math.kfupm.edu.sa/docs/default-source/default-document-library/stat530-231-ex2.pdf,Exam,English,"Official KFUPM Department of Mathematics archive exam (STAT530 major exam ii, term 231). PDF retrieved and text extracted: English questions verified. Hosted on math.kfupm.edu.sa.",Free public web resource,HTTP 200 · verified 2026-08-24,yes
Saudi Arabia,EM,statistics,B,University exam archive,KFUPM Department of Mathematics exam archive,https://math.kfupm.edu.sa/miscellaneous/exam,Statistics — Final Exam (Term 212),https://math.kfupm.edu.sa/docs/default-source/default-document-library/stat565-212-fx.pdf,Exam,English,"Official KFUPM Department of Mathematics archive exam (STAT565 final exam, term 212). PDF retrieved and text extracted: English questions verified. Hosted on math.kfupm.edu.sa.",Free public web resource,HTTP 200 · verified 2026-08-24,yes
Saudi Arabia,EM,statistics,B,University exam archive,KFUPM Department of Mathematics exam archive,https://math.kfupm.edu.sa/miscellaneous/exam,Statistics — Major Exam I (Term 222),https://math.kfupm.edu.sa/docs/default-source/default-document-library/stat565-222-ex1.pdf,Exam,English,"Official KFUPM Department of Mathematics archive exam (STAT565 major exam i, term 222). PDF retrieved and text extracted: English questions verified. Hosted on math.kfupm.edu.sa.",Free public web resource,HTTP 200 · verified 2026-08-24,yes
Saudi Arabia,EM,statistics,B,University exam archive,KFUPM Department of Mathematics exam archive,https://math.kfupm.edu.sa/miscellaneous/exam,Statistics — Major Exam I (Term 222),https://math.kfupm.edu.sa/docs/default-source/default-document-library/stat565-222-ex118ff04c1-70e2-4871-ae7f-d8f90176d4ea.pdf,Exam,English,"Official KFUPM Department of Mathematics archive exam (STAT565 major exam i, term 222). PDF retrieved and text extracted: English questions verified. Hosted on math.kfupm.edu.sa.",Free public web resource,HTTP 200 · verified 2026-08-24,yes
Saudi Arabia,EM,regression analysis,B,University exam archive,KFUPM Department of Mathematics exam archive,https://math.kfupm.edu.sa/miscellaneous/exam,Advanced Applied Regression — Final Exam (Term 222),https://math.kfupm.edu.sa/docs/default-source/default-document-library/stat587-222-fx.pdf,Exam,English,"Official KFUPM Department of Mathematics archive exam (STAT587 final exam, term 222). PDF retrieved and text extracted: English questions verified. Hosted on math.kfupm.edu.sa.",Free public web resource,HTTP 200 · verified 2026-08-24,yes
Saudi Arabia,EM,regression analysis,B,University exam archive,KFUPM Department of Mathematics exam archive,https://math.kfupm.edu.sa/miscellaneous/exam,Advanced Applied Regression — Midterm Exam (Term 222),https://math.kfupm.edu.sa/docs/default-source/default-document-library/stat587-222-mid-term.pdf,Exam,English,"Official KFUPM Department of Mathematics archive exam (STAT587 midterm exam, term 222). PDF retrieved and text extracted: English questions verified. Hosted on math.kfupm.edu.sa.",Free public web resource,HTTP 200 · verified 2026-08-24,yes
Saudi Arabia,EM,regression analysis,B,University exam archive,KFUPM Department of Mathematics exam archive,https://math.kfupm.edu.sa/miscellaneous/exam,Advanced Applied Regression — Midterm Exam (Term 232),https://math.kfupm.edu.sa/docs/default-source/default-document-library/stat587-232-midterm.pdf,Exam,English,"Official KFUPM Department of Mathematics archive exam (STAT587 midterm exam, term 232). PDF retrieved and text extracted: English questions verified. Hosted on math.kfupm.edu.sa.",Free public web resource,HTTP 200 · verified 2026-08-24,yes
Saudi Arabia,DM,mathematics competition;algebra;geometry;combinatorics;number theory,B,University competition archive,KAUST Academy Mathematics Competition (KMC),https://academy.kaust.edu.sa/program/pre-university/kaust-mathematics-competition/,KMC Round-1 Junior sample questions,https://academy.kaust.edu.sa/wp-content/uploads/2025/10/KMC_problems_A_Junior_en.pdf,Problem set,English,Official KAUST Academy Mathematics Competition sample paper. PDF retrieved and text extracted: English contest questions/solutions verified.,Free public web resource,HTTP 200 · verified 2026-08-24,yes
Saudi Arabia,DM,mathematics competition;algebra;geometry;combinatorics;number theory,B,University competition archive,KAUST Academy Mathematics Competition (KMC),https://academy.kaust.edu.sa/program/pre-university/kaust-mathematics-competition/,KMC Round-1 Junior sample solutions,https://academy.kaust.edu.sa/wp-content/uploads/2025/10/KMC_problems_A_Junior_en_solutions.pdf,Problem set,English,Official KAUST Academy Mathematics Competition sample paper. PDF retrieved and text extracted: English contest questions/solutions verified.,Free public web resource,HTTP 200 · verified 2026-08-24,yes
Saudi Arabia,DM,mathematics competition;algebra;geometry;combinatorics;number theory,B,University competition archive,KAUST Academy Mathematics Competition (KMC),https://academy.kaust.edu.sa/program/pre-university/kaust-mathematics-competition/,KMC Round-1 Junior answer key,https://academy.kaust.edu.sa/wp-content/uploads/2025/10/KMC_problems_A_Junior_answers.pdf,Problem set,English,Official KAUST Academy Mathematics Competition sample paper. PDF retrieved and text extracted: English contest questions/solutions verified.,Free public web resource,HTTP 200 · verified 2026-08-24,yes
Saudi Arabia,DM,mathematics competition;algebra;geometry;combinatorics;number theory,B,University competition archive,KAUST Academy Mathematics Competition (KMC),https://academy.kaust.edu.sa/program/pre-university/kaust-mathematics-competition/,KMC Final-Round Junior sample questions,https://academy.kaust.edu.sa/wp-content/uploads/2026/03/KMC_sampleA_Round-2-Sample-Questions-English.pdf,Problem set,English,Official KAUST Academy Mathematics Competition sample paper. PDF retrieved and text extracted: English contest questions/solutions verified.,Free public web resource,HTTP 200 · verified 2026-08-24,yes
Saudi Arabia,DM,mathematics competition;algebra;geometry;combinatorics;number theory,B,University competition archive,KAUST Academy Mathematics Competition (KMC),https://academy.kaust.edu.sa/program/pre-university/kaust-mathematics-competition/,KMC Final-Round Junior sample solutions,https://academy.kaust.edu.sa/wp-content/uploads/2026/03/KMC_sampleA_Round-2-Sample-Solutions-English.pdf,Problem set,English,Official KAUST Academy Mathematics Competition sample paper. PDF retrieved and text extracted: English contest questions/solutions verified.,Free public web resource,HTTP 200 · verified 2026-08-24,yes
Saudi Arabia,DM,mathematics competition;algebra;geometry;combinatorics;number theory,B,University competition archive,KAUST Academy Mathematics Competition (KMC),https://academy.kaust.edu.sa/program/pre-university/kaust-mathematics-competition/,KMC Round-1 Senior sample questions,https://academy.kaust.edu.sa/wp-content/uploads/2025/10/KMC_problems_B_Senior_en.pdf,Problem set,English,Official KAUST Academy Mathematics Competition sample paper. PDF retrieved and text extracted: English contest questions/solutions verified.,Free public web resource,HTTP 200 · verified 2026-08-24,yes
Saudi Arabia,DM,mathematics competition;algebra;geometry;combinatorics;number theory,B,University competition archive,KAUST Academy Mathematics Competition (KMC),https://academy.kaust.edu.sa/program/pre-university/kaust-mathematics-competition/,KMC Round-1 Senior sample solutions,https://academy.kaust.edu.sa/wp-content/uploads/2025/10/KMC_problems_B_Senior_en_solutions.pdf,Problem set,English,Official KAUST Academy Mathematics Competition sample paper. PDF retrieved and text extracted: English contest questions/solutions verified.,Free public web resource,HTTP 200 · verified 2026-08-24,yes
Saudi Arabia,DM,mathematics competition;algebra;geometry;combinatorics;number theory,B,University competition archive,KAUST Academy Mathematics Competition (KMC),https://academy.kaust.edu.sa/program/pre-university/kaust-mathematics-competition/,KMC Round-1 Senior answer key,https://academy.kaust.edu.sa/wp-content/uploads/2025/10/KMC_problems_B_Senior_answers.pdf,Problem set,English,Official KAUST Academy Mathematics Competition sample paper. PDF retrieved and text extracted: English contest questions/solutions verified.,Free public web resource,HTTP 200 · verified 2026-08-24,yes
Saudi Arabia,DM,mathematics competition;algebra;geometry;combinatorics;number theory,B,University competition archive,KAUST Academy Mathematics Competition (KMC),https://academy.kaust.edu.sa/program/pre-university/kaust-mathematics-competition/,KMC Final-Round Senior sample questions,https://academy.kaust.edu.sa/wp-content/uploads/2026/03/KMC_sampleB_Round-2-Sample-Questions-English.pdf,Problem set,English,Official KAUST Academy Mathematics Competition sample paper. PDF retrieved and text extracted: English contest questions/solutions verified.,Free public web resource,HTTP 200 · verified 2026-08-24,yes
Saudi Arabia,DM,mathematics competition;algebra;geometry;combinatorics;number theory,B,University competition archive,KAUST Academy Mathematics Competition (KMC),https://academy.kaust.edu.sa/program/pre-university/kaust-mathematics-competition/,KMC Final-Round Senior sample solutions,https://academy.kaust.edu.sa/wp-content/uploads/2026/03/KMC_SampleB_Round-2-Answers-English.pdf,Problem set,English,Official KAUST Academy Mathematics Competition sample paper. PDF retrieved and text extracted: English contest questions/solutions verified.,Free public web resource,HTTP 200 · verified 2026-08-24,yes
