country,track,topic_tags,priority,source_type,source_title,source_url,resource_title,resource_url,resource_class,language,notes,access_model,verification_status,free_resource
Nigeria,GA,mathematics;WASSCE;question;exam analysis,A,Official examination council e-learning archive,West African Examinations Council Mathematics e-Learning (Nigeria),https://www.waeconline.org.ng/e-learning/Mathematics/mathsmain.html,"General Mathematics Paper 2,May/June. 2007",https://www.waeconline.org.ng/e-learning/Mathematics/maths217mq1.html,Question page,English,Official public WAEC Nigeria e-learning page with substantive mathematics question content or examiner analysis; retained as a free web resource after direct HTTP and text-content audit.,Free public web resource,Official source HTTP 200 + substantive English page audit · verified 2026-08-16,Yes
Nigeria,GA,mathematics;WASSCE;question;exam analysis,A,Official examination council e-learning archive,West African Examinations Council Mathematics e-Learning (Nigeria),https://www.waeconline.org.ng/e-learning/Mathematics/mathsmain.html,"General Mathematics Paper 2,May/June. 2007",https://www.waeconline.org.ng/e-learning/Mathematics/maths217mq10.html,Question page,English,Official public WAEC Nigeria e-learning page with substantive mathematics question content or examiner analysis; retained as a free web resource after direct HTTP and text-content audit.,Free public web resource,Official source HTTP 200 + substantive English page audit · verified 2026-08-16,Yes
Nigeria,GA,mathematics;WASSCE;question;exam analysis,A,Official examination council e-learning archive,West African Examinations Council Mathematics e-Learning (Nigeria),https://www.waeconline.org.ng/e-learning/Mathematics/mathsmain.html,"General Mathematics Paper 2,May/June. 2007",https://www.waeconline.org.ng/e-learning/Mathematics/maths217mq11.html,Question page,English,Official public WAEC Nigeria e-learning page with substantive mathematics question content or examiner analysis; retained as a free web resource after direct HTTP and text-content audit.,Free public web resource,Official source HTTP 200 + substantive English page audit · verified 2026-08-16,Yes
Nigeria,GA,mathematics;WASSCE;question;exam analysis,A,Official examination council e-learning archive,West African Examinations Council Mathematics e-Learning (Nigeria),https://www.waeconline.org.ng/e-learning/Mathematics/mathsmain.html,"General Mathematics Paper 2,May/June. 2007",https://www.waeconline.org.ng/e-learning/Mathematics/maths217mq12.html,Question page,English,Official public WAEC Nigeria e-learning page with substantive mathematics question content or examiner analysis; retained as a free web resource after direct HTTP and text-content audit.,Free public web resource,Official source HTTP 200 + substantive English page audit · verified 2026-08-16,Yes
Nigeria,GA,mathematics;WASSCE;question;exam analysis,A,Official examination council e-learning archive,West African Examinations Council Mathematics e-Learning (Nigeria),https://www.waeconline.org.ng/e-learning/Mathematics/mathsmain.html,"General Mathematics Paper 2,May/June. 2007",https://www.waeconline.org.ng/e-learning/Mathematics/maths217mq13.html,Question page,English,Official public WAEC Nigeria e-learning page with substantive mathematics question content or examiner analysis; retained as a free web resource after direct HTTP and text-content audit.,Free public web resource,Official source HTTP 200 + substantive English page audit · verified 2026-08-16,Yes
Nigeria,GA,mathematics;WASSCE;question;exam analysis,A,Official examination council e-learning archive,West African Examinations Council Mathematics e-Learning (Nigeria),https://www.waeconline.org.ng/e-learning/Mathematics/mathsmain.html,"General Mathematics Paper 2,May/June. 2007",https://www.waeconline.org.ng/e-learning/Mathematics/maths217mq2.html,Question page,English,Official public WAEC Nigeria e-learning page with substantive mathematics question content or examiner analysis; retained as a free web resource after direct HTTP and text-content audit.,Free public web resource,Official source HTTP 200 + substantive English page audit · verified 2026-08-16,Yes
Nigeria,GA,mathematics;WASSCE;question;exam analysis,A,Official examination council e-learning archive,West African Examinations Council Mathematics e-Learning (Nigeria),https://www.waeconline.org.ng/e-learning/Mathematics/mathsmain.html,"General Mathematics Paper 2,May/June. 2007",https://www.waeconline.org.ng/e-learning/Mathematics/maths217mq3.html,Question page,English,Official public WAEC Nigeria e-learning page with substantive mathematics question content or examiner analysis; retained as a free web resource after direct HTTP and text-content audit.,Free public web resource,Official source HTTP 200 + substantive English page audit · verified 2026-08-16,Yes
Nigeria,GA,mathematics;WASSCE;question;exam analysis,A,Official examination council e-learning archive,West African Examinations Council Mathematics e-Learning (Nigeria),https://www.waeconline.org.ng/e-learning/Mathematics/mathsmain.html,"General Mathematics Paper 2,May/June. 2007",https://www.waeconline.org.ng/e-learning/Mathematics/maths217mq4.html,Question page,English,Official public WAEC Nigeria e-learning page with substantive mathematics question content or examiner analysis; retained as a free web resource after direct HTTP and text-content audit.,Free public web resource,Official source HTTP 200 + substantive English page audit · verified 2026-08-16,Yes
Nigeria,GA,mathematics;WASSCE;question;exam analysis,A,Official examination council e-learning archive,West African Examinations Council Mathematics e-Learning (Nigeria),https://www.waeconline.org.ng/e-learning/Mathematics/mathsmain.html,"General Mathematics Paper 2,May/June. 2007",https://www.waeconline.org.ng/e-learning/Mathematics/maths217mq5.html,Question page,English,Official public WAEC Nigeria e-learning page with substantive mathematics question content or examiner analysis; retained as a free web resource after direct HTTP and text-content audit.,Free public web resource,Official source HTTP 200 + substantive English page audit · verified 2026-08-16,Yes
Nigeria,GA,mathematics;WASSCE;question;exam analysis,A,Official examination council e-learning archive,West African Examinations Council Mathematics e-Learning (Nigeria),https://www.waeconline.org.ng/e-learning/Mathematics/mathsmain.html,"General Mathematics Paper 2,May/June. 2007",https://www.waeconline.org.ng/e-learning/Mathematics/maths217mq6.html,Question page,English,Official public WAEC Nigeria e-learning page with substantive mathematics question content or examiner analysis; retained as a free web resource after direct HTTP and text-content audit.,Free public web resource,Official source HTTP 200 + substantive English page audit · verified 2026-08-16,Yes
Nigeria,GA,mathematics;WASSCE;question;exam analysis,A,Official examination council e-learning archive,West African Examinations Council Mathematics e-Learning (Nigeria),https://www.waeconline.org.ng/e-learning/Mathematics/mathsmain.html,"General Mathematics Paper 2,May/June. 2007",https://www.waeconline.org.ng/e-learning/Mathematics/maths217mq7.html,Question page,English,Official public WAEC Nigeria e-learning page with substantive mathematics question content or examiner analysis; retained as a free web resource after direct HTTP and text-content audit.,Free public web resource,Official source HTTP 200 + substantive English page audit · verified 2026-08-16,Yes
Nigeria,GA,mathematics;WASSCE;question;exam analysis,A,Official examination council e-learning archive,West African Examinations Council Mathematics e-Learning (Nigeria),https://www.waeconline.org.ng/e-learning/Mathematics/mathsmain.html,"General Mathematics Paper 2,May/June. 2007",https://www.waeconline.org.ng/e-learning/Mathematics/maths217mq8.html,Question page,English,Official public WAEC Nigeria e-learning page with substantive mathematics question content or examiner analysis; retained as a free web resource after direct HTTP and text-content audit.,Free public web resource,Official source HTTP 200 + substantive English page audit · verified 2026-08-16,Yes
Nigeria,GA,mathematics;WASSCE;question;exam analysis,A,Official examination council e-learning archive,West African Examinations Council Mathematics e-Learning (Nigeria),https://www.waeconline.org.ng/e-learning/Mathematics/mathsmain.html,"General Mathematics Paper 2,May/June. 2007",https://www.waeconline.org.ng/e-learning/Mathematics/maths217mq9.html,Question page,English,Official public WAEC Nigeria e-learning page with substantive mathematics question content or examiner analysis; retained as a free web resource after direct HTTP and text-content audit.,Free public web resource,Official source HTTP 200 + substantive English page audit · verified 2026-08-16,Yes
Nigeria,EM,mathematics;WASSCE;question;exam analysis,A,Official examination council e-learning archive,West African Examinations Council Mathematics e-Learning (Nigeria),https://www.waeconline.org.ng/e-learning/Mathematics/mathsmain.html,"General Mathematics Paper 2,May/June. 2007",https://www.waeconline.org.ng/e-learning/Mathematics/maths217ms.html,Examiner analysis,English,Official public WAEC Nigeria e-learning page with substantive mathematics question content or examiner analysis; retained as a free web resource after direct HTTP and text-content audit.,Free public web resource,Official source HTTP 200 + substantive English page audit · verified 2026-08-16,Yes
Nigeria,EM,mathematics;WASSCE;question;exam analysis,A,Official examination council e-learning archive,West African Examinations Council Mathematics e-Learning (Nigeria),https://www.waeconline.org.ng/e-learning/Mathematics/mathsmain.html,"General Mathematics Paper 2,May/June. 2007",https://www.waeconline.org.ng/e-learning/Mathematics/maths217mw.html,Examiner analysis,English,Official public WAEC Nigeria e-learning page with substantive mathematics question content or examiner analysis; retained as a free web resource after direct HTTP and text-content audit.,Free public web resource,Official source HTTP 200 + substantive English page audit · verified 2026-08-16,Yes
Nigeria,EM,mathematics;WASSCE;question;exam analysis,A,Official examination council e-learning archive,West African Examinations Council Mathematics e-Learning (Nigeria),https://www.waeconline.org.ng/e-learning/Mathematics/mathsmain.html,"General Mathematics Paper 2, Nov/Dec 2008",https://www.waeconline.org.ng/e-learning/Mathematics/maths217nq1.html,Examiner analysis,English,Official public WAEC Nigeria e-learning page with substantive mathematics question content or examiner analysis; retained as a free web resource after direct HTTP and text-content audit.,Free public web resource,Official source HTTP 200 + substantive English page audit · verified 2026-08-16,Yes
Nigeria,EM,mathematics;WASSCE;question;exam analysis,A,Official examination council e-learning archive,West African Examinations Council Mathematics e-Learning (Nigeria),https://www.waeconline.org.ng/e-learning/Mathematics/mathsmain.html,"General Mathematics Paper 2, Nov/Dec 2008",https://www.waeconline.org.ng/e-learning/Mathematics/maths217nq10.html,Examiner analysis,English,Official public WAEC Nigeria e-learning page with substantive mathematics question content or examiner analysis; retained as a free web resource after direct HTTP and text-content audit.,Free public web resource,Official source HTTP 200 + substantive English page audit · verified 2026-08-16,Yes
Nigeria,EM,mathematics;WASSCE;question;exam analysis,A,Official examination council e-learning archive,West African Examinations Council Mathematics e-Learning (Nigeria),https://www.waeconline.org.ng/e-learning/Mathematics/mathsmain.html,"General Mathematics Paper 2, Nov/Dec 2008",https://www.waeconline.org.ng/e-learning/Mathematics/maths217nq11.html,Examiner analysis,English,Official public WAEC Nigeria e-learning page with substantive mathematics question content or examiner analysis; retained as a free web resource after direct HTTP and text-content audit.,Free public web resource,Official source HTTP 200 + substantive English page audit · verified 2026-08-16,Yes
Nigeria,EM,mathematics;WASSCE;question;exam analysis,A,Official examination council e-learning archive,West African Examinations Council Mathematics e-Learning (Nigeria),https://www.waeconline.org.ng/e-learning/Mathematics/mathsmain.html,"General Mathematics Paper 2, Nov/Dec 2008",https://www.waeconline.org.ng/e-learning/Mathematics/maths217nq12.html,Examiner analysis,English,Official public WAEC Nigeria e-learning page with substantive mathematics question content or examiner analysis; retained as a free web resource after direct HTTP and text-content audit.,Free public web resource,Official source HTTP 200 + substantive English page audit · verified 2026-08-16,Yes
Nigeria,EM,mathematics;WASSCE;question;exam analysis,A,Official examination council e-learning archive,West African Examinations Council Mathematics e-Learning (Nigeria),https://www.waeconline.org.ng/e-learning/Mathematics/mathsmain.html,"General Mathematics Paper 2, Nov/Dec 2008",https://www.waeconline.org.ng/e-learning/Mathematics/maths217nq13.html,Examiner analysis,English,Official public WAEC Nigeria e-learning page with substantive mathematics question content or examiner analysis; retained as a free web resource after direct HTTP and text-content audit.,Free public web resource,Official source HTTP 200 + substantive English page audit · verified 2026-08-16,Yes
Nigeria,EM,mathematics;WASSCE;question;exam analysis,A,Official examination council e-learning archive,West African Examinations Council Mathematics e-Learning (Nigeria),https://www.waeconline.org.ng/e-learning/Mathematics/mathsmain.html,"General Mathematics Paper 2, Nov/Dec 2008",https://www.waeconline.org.ng/e-learning/Mathematics/maths217nq2.html,Examiner analysis,English,Official public WAEC Nigeria e-learning page with substantive mathematics question content or examiner analysis; retained as a free web resource after direct HTTP and text-content audit.,Free public web resource,Official source HTTP 200 + substantive English page audit · verified 2026-08-16,Yes
Nigeria,EM,mathematics;WASSCE;question;exam analysis,A,Official examination council e-learning archive,West African Examinations Council Mathematics e-Learning (Nigeria),https://www.waeconline.org.ng/e-learning/Mathematics/mathsmain.html,"General Mathematics Paper 2, Nov/Dec 2008",https://www.waeconline.org.ng/e-learning/Mathematics/maths217nq3.html,Examiner analysis,English,Official public WAEC Nigeria e-learning page with substantive mathematics question content or examiner analysis; retained as a free web resource after direct HTTP and text-content audit.,Free public web resource,Official source HTTP 200 + substantive English page audit · verified 2026-08-16,Yes
Nigeria,EM,mathematics;WASSCE;question;exam analysis,A,Official examination council e-learning archive,West African Examinations Council Mathematics e-Learning (Nigeria),https://www.waeconline.org.ng/e-learning/Mathematics/mathsmain.html,"General Mathematics Paper 2, Nov/Dec 2008",https://www.waeconline.org.ng/e-learning/Mathematics/maths217nq4.html,Examiner analysis,English,Official public WAEC Nigeria e-learning page with substantive mathematics question content or examiner analysis; retained as a free web resource after direct HTTP and text-content audit.,Free public web resource,Official source HTTP 200 + substantive English page audit · verified 2026-08-16,Yes
Nigeria,EM,mathematics;WASSCE;question;exam analysis,A,Official examination council e-learning archive,West African Examinations Council Mathematics e-Learning (Nigeria),https://www.waeconline.org.ng/e-learning/Mathematics/mathsmain.html,"General Mathematics Paper 2, Nov/Dec 2008",https://www.waeconline.org.ng/e-learning/Mathematics/maths217nq5.html,Examiner analysis,English,Official public WAEC Nigeria e-learning page with substantive mathematics question content or examiner analysis; retained as a free web resource after direct HTTP and text-content audit.,Free public web resource,Official source HTTP 200 + substantive English page audit · verified 2026-08-16,Yes
Nigeria,EM,mathematics;WASSCE;question;exam analysis,A,Official examination council e-learning archive,West African Examinations Council Mathematics e-Learning (Nigeria),https://www.waeconline.org.ng/e-learning/Mathematics/mathsmain.html,"General Mathematics Paper 2, Nov/Dec 2008",https://www.waeconline.org.ng/e-learning/Mathematics/maths217nq6.html,Examiner analysis,English,Official public WAEC Nigeria e-learning page with substantive mathematics question content or examiner analysis; retained as a free web resource after direct HTTP and text-content audit.,Free public web resource,Official source HTTP 200 + substantive English page audit · verified 2026-08-16,Yes
Nigeria,EM,mathematics;WASSCE;question;exam analysis,A,Official examination council e-learning archive,West African Examinations Council Mathematics e-Learning (Nigeria),https://www.waeconline.org.ng/e-learning/Mathematics/mathsmain.html,"General Mathematics Paper 2, Nov/Dec 2008",https://www.waeconline.org.ng/e-learning/Mathematics/maths217nq7.html,Examiner analysis,English,Official public WAEC Nigeria e-learning page with substantive mathematics question content or examiner analysis; retained as a free web resource after direct HTTP and text-content audit.,Free public web resource,Official source HTTP 200 + substantive English page audit · verified 2026-08-16,Yes
Nigeria,EM,mathematics;WASSCE;question;exam analysis,A,Official examination council e-learning archive,West African Examinations Council Mathematics e-Learning (Nigeria),https://www.waeconline.org.ng/e-learning/Mathematics/mathsmain.html,"General Mathematics Paper 2, Nov/Dec 2008",https://www.waeconline.org.ng/e-learning/Mathematics/maths217nq8.html,Examiner analysis,English,Official public WAEC Nigeria e-learning page with substantive mathematics question content or examiner analysis; retained as a free web resource after direct HTTP and text-content audit.,Free public web resource,Official source HTTP 200 + substantive English page audit · verified 2026-08-16,Yes
Nigeria,EM,mathematics;WASSCE;question;exam analysis,A,Official examination council e-learning archive,West African Examinations Council Mathematics e-Learning (Nigeria),https://www.waeconline.org.ng/e-learning/Mathematics/mathsmain.html,"General Mathematics Paper 2, Nov/Dec 2008",https://www.waeconline.org.ng/e-learning/Mathematics/maths217nq9.html,Examiner analysis,English,Official public WAEC Nigeria e-learning page with substantive mathematics question content or examiner analysis; retained as a free web resource after direct HTTP and text-content audit.,Free public web resource,Official source HTTP 200 + substantive English page audit · verified 2026-08-16,Yes
Nigeria,EM,mathematics;WASSCE;question;exam analysis,A,Official examination council e-learning archive,West African Examinations Council Mathematics e-Learning (Nigeria),https://www.waeconline.org.ng/e-learning/Mathematics/mathsmain.html,"General Mathematics Paper 2, Nov/Dec. 2008 - Candidates' Strength",https://www.waeconline.org.ng/e-learning/Mathematics/maths217ns.html,Examiner analysis,English,Official public WAEC Nigeria e-learning page with substantive mathematics question content or examiner analysis; retained as a free web resource after direct HTTP and text-content audit.,Free public web resource,Official source HTTP 200 + substantive English page audit · verified 2026-08-16,Yes
Nigeria,EM,mathematics;WASSCE;question;exam analysis,A,Official examination council e-learning archive,West African Examinations Council Mathematics e-Learning (Nigeria),https://www.waeconline.org.ng/e-learning/Mathematics/mathsmain.html,"General Mathematics Paper 2, Nov/Dec. 2008 - Candidates' Weakness",https://www.waeconline.org.ng/e-learning/Mathematics/maths217nw.html,Examiner analysis,English,Official public WAEC Nigeria e-learning page with substantive mathematics question content or examiner analysis; retained as a free web resource after direct HTTP and text-content audit.,Free public web resource,Official source HTTP 200 + substantive English page audit · verified 2026-08-16,Yes
Nigeria,GA,mathematics;WASSCE;question;exam analysis,A,Official examination council e-learning archive,West African Examinations Council Mathematics e-Learning (Nigeria),https://www.waeconline.org.ng/e-learning/Mathematics/mathsmain.html,"General Mathematics Paper 2,May/June. 2009",https://www.waeconline.org.ng/e-learning/Mathematics/maths218mq1.html,Question page,English,Official public WAEC Nigeria e-learning page with substantive mathematics question content or examiner analysis; retained as a free web resource after direct HTTP and text-content audit.,Free public web resource,Official source HTTP 200 + substantive English page audit · verified 2026-08-16,Yes
Nigeria,GA,mathematics;WASSCE;question;exam analysis,A,Official examination council e-learning archive,West African Examinations Council Mathematics e-Learning (Nigeria),https://www.waeconline.org.ng/e-learning/Mathematics/mathsmain.html,"General Mathematics Paper 2,May/June. 2009",https://www.waeconline.org.ng/e-learning/Mathematics/maths218mq10.html,Question page,English,Official public WAEC Nigeria e-learning page with substantive mathematics question content or examiner analysis; retained as a free web resource after direct HTTP and text-content audit.,Free public web resource,Official source HTTP 200 + substantive English page audit · verified 2026-08-16,Yes
Nigeria,GA,mathematics;WASSCE;question;exam analysis,A,Official examination council e-learning archive,West African Examinations Council Mathematics e-Learning (Nigeria),https://www.waeconline.org.ng/e-learning/Mathematics/mathsmain.html,"General Mathematics Paper 2,May/June. 2009",https://www.waeconline.org.ng/e-learning/Mathematics/maths218mq11.html,Question page,English,Official public WAEC Nigeria e-learning page with substantive mathematics question content or examiner analysis; retained as a free web resource after direct HTTP and text-content audit.,Free public web resource,Official source HTTP 200 + substantive English page audit · verified 2026-08-16,Yes
Nigeria,GA,mathematics;WASSCE;question;exam analysis,A,Official examination council e-learning archive,West African Examinations Council Mathematics e-Learning (Nigeria),https://www.waeconline.org.ng/e-learning/Mathematics/mathsmain.html,"General Mathematics Paper 2,May/June. 2009",https://www.waeconline.org.ng/e-learning/Mathematics/maths218mq12.html,Question page,English,Official public WAEC Nigeria e-learning page with substantive mathematics question content or examiner analysis; retained as a free web resource after direct HTTP and text-content audit.,Free public web resource,Official source HTTP 200 + substantive English page audit · verified 2026-08-16,Yes
Nigeria,GA,mathematics;WASSCE;question;exam analysis,A,Official examination council e-learning archive,West African Examinations Council Mathematics e-Learning (Nigeria),https://www.waeconline.org.ng/e-learning/Mathematics/mathsmain.html,"General Mathematics Paper 2,May/June. 2009",https://www.waeconline.org.ng/e-learning/Mathematics/maths218mq13.html,Question page,English,Official public WAEC Nigeria e-learning page with substantive mathematics question content or examiner analysis; retained as a free web resource after direct HTTP and text-content audit.,Free public web resource,Official source HTTP 200 + substantive English page audit · verified 2026-08-16,Yes
Nigeria,GA,mathematics;WASSCE;question;exam analysis,A,Official examination council e-learning archive,West African Examinations Council Mathematics e-Learning (Nigeria),https://www.waeconline.org.ng/e-learning/Mathematics/mathsmain.html,"General Mathematics Paper 2,May/June. 2009",https://www.waeconline.org.ng/e-learning/Mathematics/maths218mq2.html,Question page,English,Official public WAEC Nigeria e-learning page with substantive mathematics question content or examiner analysis; retained as a free web resource after direct HTTP and text-content audit.,Free public web resource,Official source HTTP 200 + substantive English page audit · verified 2026-08-16,Yes
Nigeria,GA,mathematics;WASSCE;question;exam analysis,A,Official examination council e-learning archive,West African Examinations Council Mathematics e-Learning (Nigeria),https://www.waeconline.org.ng/e-learning/Mathematics/mathsmain.html,"General Mathematics Paper 2,May/June. 2009",https://www.waeconline.org.ng/e-learning/Mathematics/maths218mq3.html,Question page,English,Official public WAEC Nigeria e-learning page with substantive mathematics question content or examiner analysis; retained as a free web resource after direct HTTP and text-content audit.,Free public web resource,Official source HTTP 200 + substantive English page audit · verified 2026-08-16,Yes
Nigeria,GA,mathematics;WASSCE;question;exam analysis,A,Official examination council e-learning archive,West African Examinations Council Mathematics e-Learning (Nigeria),https://www.waeconline.org.ng/e-learning/Mathematics/mathsmain.html,"General Mathematics Paper 2,May/June. 2009",https://www.waeconline.org.ng/e-learning/Mathematics/maths218mq4.html,Question page,English,Official public WAEC Nigeria e-learning page with substantive mathematics question content or examiner analysis; retained as a free web resource after direct HTTP and text-content audit.,Free public web resource,Official source HTTP 200 + substantive English page audit · verified 2026-08-16,Yes
Nigeria,GA,mathematics;WASSCE;question;exam analysis,A,Official examination council e-learning archive,West African Examinations Council Mathematics e-Learning (Nigeria),https://www.waeconline.org.ng/e-learning/Mathematics/mathsmain.html,"General Mathematics Paper 2,May/June. 2009",https://www.waeconline.org.ng/e-learning/Mathematics/maths218mq5.html,Question page,English,Official public WAEC Nigeria e-learning page with substantive mathematics question content or examiner analysis; retained as a free web resource after direct HTTP and text-content audit.,Free public web resource,Official source HTTP 200 + substantive English page audit · verified 2026-08-16,Yes
Nigeria,GA,mathematics;WASSCE;question;exam analysis,A,Official examination council e-learning archive,West African Examinations Council Mathematics e-Learning (Nigeria),https://www.waeconline.org.ng/e-learning/Mathematics/mathsmain.html,"General Mathematics Paper 2,May/June. 2009",https://www.waeconline.org.ng/e-learning/Mathematics/maths218mq6.html,Question page,English,Official public WAEC Nigeria e-learning page with substantive mathematics question content or examiner analysis; retained as a free web resource after direct HTTP and text-content audit.,Free public web resource,Official source HTTP 200 + substantive English page audit · verified 2026-08-16,Yes
Nigeria,GA,mathematics;WASSCE;question;exam analysis,A,Official examination council e-learning archive,West African Examinations Council Mathematics e-Learning (Nigeria),https://www.waeconline.org.ng/e-learning/Mathematics/mathsmain.html,"General Mathematics Paper 2,May/June. 2009",https://www.waeconline.org.ng/e-learning/Mathematics/maths218mq7.html,Question page,English,Official public WAEC Nigeria e-learning page with substantive mathematics question content or examiner analysis; retained as a free web resource after direct HTTP and text-content audit.,Free public web resource,Official source HTTP 200 + substantive English page audit · verified 2026-08-16,Yes
Nigeria,GA,mathematics;WASSCE;question;exam analysis,A,Official examination council e-learning archive,West African Examinations Council Mathematics e-Learning (Nigeria),https://www.waeconline.org.ng/e-learning/Mathematics/mathsmain.html,"General Mathematics Paper 2,May/June. 2009",https://www.waeconline.org.ng/e-learning/Mathematics/maths218mq8.html,Question page,English,Official public WAEC Nigeria e-learning page with substantive mathematics question content or examiner analysis; retained as a free web resource after direct HTTP and text-content audit.,Free public web resource,Official source HTTP 200 + substantive English page audit · verified 2026-08-16,Yes
Nigeria,GA,mathematics;WASSCE;question;exam analysis,A,Official examination council e-learning archive,West African Examinations Council Mathematics e-Learning (Nigeria),https://www.waeconline.org.ng/e-learning/Mathematics/mathsmain.html,"General Mathematics Paper 2,May/June. 2009",https://www.waeconline.org.ng/e-learning/Mathematics/maths218mq9.html,Question page,English,Official public WAEC Nigeria e-learning page with substantive mathematics question content or examiner analysis; retained as a free web resource after direct HTTP and text-content audit.,Free public web resource,Official source HTTP 200 + substantive English page audit · verified 2026-08-16,Yes
Nigeria,EM,mathematics;WASSCE;question;exam analysis,A,Official examination council e-learning archive,West African Examinations Council Mathematics e-Learning (Nigeria),https://www.waeconline.org.ng/e-learning/Mathematics/mathsmain.html,"General Mathematics Paper 2,May/June. 2009-Strength",https://www.waeconline.org.ng/e-learning/Mathematics/maths218ms.html,Examiner analysis,English,Official public WAEC Nigeria e-learning page with substantive mathematics question content or examiner analysis; retained as a free web resource after direct HTTP and text-content audit.,Free public web resource,Official source HTTP 200 + substantive English page audit · verified 2026-08-16,Yes
Nigeria,EM,mathematics;WASSCE;question;exam analysis,A,Official examination council e-learning archive,West African Examinations Council Mathematics e-Learning (Nigeria),https://www.waeconline.org.ng/e-learning/Mathematics/mathsmain.html,"General Mathematics Paper 2,May/June. 2009 - Weakness/Remedies",https://www.waeconline.org.ng/e-learning/Mathematics/maths218mw.html,Examiner analysis,English,Official public WAEC Nigeria e-learning page with substantive mathematics question content or examiner analysis; retained as a free web resource after direct HTTP and text-content audit.,Free public web resource,Official source HTTP 200 + substantive English page audit · verified 2026-08-16,Yes
Nigeria,EM,mathematics;WASSCE;question;exam analysis,A,Official examination council e-learning archive,West African Examinations Council Mathematics e-Learning (Nigeria),https://www.waeconline.org.ng/e-learning/Mathematics/mathsmain.html,"General Mathematics Paper 2, Nov/Dec 2009",https://www.waeconline.org.ng/e-learning/Mathematics/maths218nq1.html,Examiner analysis,English,Official public WAEC Nigeria e-learning page with substantive mathematics question content or examiner analysis; retained as a free web resource after direct HTTP and text-content audit.,Free public web resource,Official source HTTP 200 + substantive English page audit · verified 2026-08-16,Yes
Nigeria,EM,mathematics;WASSCE;question;exam analysis,A,Official examination council e-learning archive,West African Examinations Council Mathematics e-Learning (Nigeria),https://www.waeconline.org.ng/e-learning/Mathematics/mathsmain.html,"General Mathematics Paper 2, Nov/Dec 2009",https://www.waeconline.org.ng/e-learning/Mathematics/maths218nq10.html,Examiner analysis,English,Official public WAEC Nigeria e-learning page with substantive mathematics question content or examiner analysis; retained as a free web resource after direct HTTP and text-content audit.,Free public web resource,Official source HTTP 200 + substantive English page audit · verified 2026-08-16,Yes
Nigeria,EM,mathematics;WASSCE;question;exam analysis,A,Official examination council e-learning archive,West African Examinations Council Mathematics e-Learning (Nigeria),https://www.waeconline.org.ng/e-learning/Mathematics/mathsmain.html,"General Mathematics Paper 2, Nov/Dec 2009",https://www.waeconline.org.ng/e-learning/Mathematics/maths218nq11.html,Examiner analysis,English,Official public WAEC Nigeria e-learning page with substantive mathematics question content or examiner analysis; retained as a free web resource after direct HTTP and text-content audit.,Free public web resource,Official source HTTP 200 + substantive English page audit · verified 2026-08-16,Yes
Nigeria,EM,mathematics;WASSCE;question;exam analysis,A,Official examination council e-learning archive,West African Examinations Council Mathematics e-Learning (Nigeria),https://www.waeconline.org.ng/e-learning/Mathematics/mathsmain.html,"General Mathematics Paper 2, Nov/Dec 2009",https://www.waeconline.org.ng/e-learning/Mathematics/maths218nq12.html,Examiner analysis,English,Official public WAEC Nigeria e-learning page with substantive mathematics question content or examiner analysis; retained as a free web resource after direct HTTP and text-content audit.,Free public web resource,Official source HTTP 200 + substantive English page audit · verified 2026-08-16,Yes
Nigeria,EM,mathematics;WASSCE;question;exam analysis,A,Official examination council e-learning archive,West African Examinations Council Mathematics e-Learning (Nigeria),https://www.waeconline.org.ng/e-learning/Mathematics/mathsmain.html,"General Mathematics Paper 2, Nov/Dec 2009",https://www.waeconline.org.ng/e-learning/Mathematics/maths218nq13.html,Examiner analysis,English,Official public WAEC Nigeria e-learning page with substantive mathematics question content or examiner analysis; retained as a free web resource after direct HTTP and text-content audit.,Free public web resource,Official source HTTP 200 + substantive English page audit · verified 2026-08-16,Yes
Nigeria,EM,mathematics;WASSCE;question;exam analysis,A,Official examination council e-learning archive,West African Examinations Council Mathematics e-Learning (Nigeria),https://www.waeconline.org.ng/e-learning/Mathematics/mathsmain.html,"General Mathematics Paper 2, Nov/Dec 2009",https://www.waeconline.org.ng/e-learning/Mathematics/maths218nq2.html,Examiner analysis,English,Official public WAEC Nigeria e-learning page with substantive mathematics question content or examiner analysis; retained as a free web resource after direct HTTP and text-content audit.,Free public web resource,Official source HTTP 200 + substantive English page audit · verified 2026-08-16,Yes
Nigeria,EM,mathematics;WASSCE;question;exam analysis,A,Official examination council e-learning archive,West African Examinations Council Mathematics e-Learning (Nigeria),https://www.waeconline.org.ng/e-learning/Mathematics/mathsmain.html,"General Mathematics Paper 2, Nov/Dec 2009",https://www.waeconline.org.ng/e-learning/Mathematics/maths218nq3.html,Examiner analysis,English,Official public WAEC Nigeria e-learning page with substantive mathematics question content or examiner analysis; retained as a free web resource after direct HTTP and text-content audit.,Free public web resource,Official source HTTP 200 + substantive English page audit · verified 2026-08-16,Yes
Nigeria,EM,mathematics;WASSCE;question;exam analysis,A,Official examination council e-learning archive,West African Examinations Council Mathematics e-Learning (Nigeria),https://www.waeconline.org.ng/e-learning/Mathematics/mathsmain.html,"General Mathematics Paper 2, Nov/Dec 2009",https://www.waeconline.org.ng/e-learning/Mathematics/maths218nq4.html,Examiner analysis,English,Official public WAEC Nigeria e-learning page with substantive mathematics question content or examiner analysis; retained as a free web resource after direct HTTP and text-content audit.,Free public web resource,Official source HTTP 200 + substantive English page audit · verified 2026-08-16,Yes
Nigeria,EM,mathematics;WASSCE;question;exam analysis,A,Official examination council e-learning archive,West African Examinations Council Mathematics e-Learning (Nigeria),https://www.waeconline.org.ng/e-learning/Mathematics/mathsmain.html,"General Mathematics Paper 2, Nov/Dec 2009",https://www.waeconline.org.ng/e-learning/Mathematics/maths218nq5.html,Examiner analysis,English,Official public WAEC Nigeria e-learning page with substantive mathematics question content or examiner analysis; retained as a free web resource after direct HTTP and text-content audit.,Free public web resource,Official source HTTP 200 + substantive English page audit · verified 2026-08-16,Yes
Nigeria,EM,mathematics;WASSCE;question;exam analysis,A,Official examination council e-learning archive,West African Examinations Council Mathematics e-Learning (Nigeria),https://www.waeconline.org.ng/e-learning/Mathematics/mathsmain.html,"General Mathematics Paper 2, Nov/Dec 2009",https://www.waeconline.org.ng/e-learning/Mathematics/maths218nq6.html,Examiner analysis,English,Official public WAEC Nigeria e-learning page with substantive mathematics question content or examiner analysis; retained as a free web resource after direct HTTP and text-content audit.,Free public web resource,Official source HTTP 200 + substantive English page audit · verified 2026-08-16,Yes
Nigeria,EM,mathematics;WASSCE;question;exam analysis,A,Official examination council e-learning archive,West African Examinations Council Mathematics e-Learning (Nigeria),https://www.waeconline.org.ng/e-learning/Mathematics/mathsmain.html,"General Mathematics Paper 2, Nov/Dec 2009",https://www.waeconline.org.ng/e-learning/Mathematics/maths218nq7.html,Examiner analysis,English,Official public WAEC Nigeria e-learning page with substantive mathematics question content or examiner analysis; retained as a free web resource after direct HTTP and text-content audit.,Free public web resource,Official source HTTP 200 + substantive English page audit · verified 2026-08-16,Yes
Nigeria,EM,mathematics;WASSCE;question;exam analysis,A,Official examination council e-learning archive,West African Examinations Council Mathematics e-Learning (Nigeria),https://www.waeconline.org.ng/e-learning/Mathematics/mathsmain.html,"General Mathematics Paper 2, Nov/Dec 2009",https://www.waeconline.org.ng/e-learning/Mathematics/maths218nq8.html,Examiner analysis,English,Official public WAEC Nigeria e-learning page with substantive mathematics question content or examiner analysis; retained as a free web resource after direct HTTP and text-content audit.,Free public web resource,Official source HTTP 200 + substantive English page audit · verified 2026-08-16,Yes
Nigeria,EM,mathematics;WASSCE;question;exam analysis,A,Official examination council e-learning archive,West African Examinations Council Mathematics e-Learning (Nigeria),https://www.waeconline.org.ng/e-learning/Mathematics/mathsmain.html,"General Mathematics Paper 2, Nov/Dec. 2009 - Candidates' Strength",https://www.waeconline.org.ng/e-learning/Mathematics/maths218ns.html,Examiner analysis,English,Official public WAEC Nigeria e-learning page with substantive mathematics question content or examiner analysis; retained as a free web resource after direct HTTP and text-content audit.,Free public web resource,Official source HTTP 200 + substantive English page audit · verified 2026-08-16,Yes
Nigeria,EM,mathematics;WASSCE;question;exam analysis,A,Official examination council e-learning archive,West African Examinations Council Mathematics e-Learning (Nigeria),https://www.waeconline.org.ng/e-learning/Mathematics/mathsmain.html,"General Mathematics Paper 2, Nov/Dec. 2009 - Candidates' Weakness",https://www.waeconline.org.ng/e-learning/Mathematics/maths218nw.html,Examiner analysis,English,Official public WAEC Nigeria e-learning page with substantive mathematics question content or examiner analysis; retained as a free web resource after direct HTTP and text-content audit.,Free public web resource,Official source HTTP 200 + substantive English page audit · verified 2026-08-16,Yes
Nigeria,EM,mathematics;WASSCE;question;exam analysis,A,Official examination council e-learning archive,West African Examinations Council Mathematics e-Learning (Nigeria),https://www.waeconline.org.ng/e-learning/Mathematics/mathsmain.html,"General Mathematics Paper 2,Nov/Dec. 2010",https://www.waeconline.org.ng/e-learning/Mathematics/maths219Nq1.html,Examiner analysis,English,Official public WAEC Nigeria e-learning page with substantive mathematics question content or examiner analysis; retained as a free web resource after direct HTTP and text-content audit.,Free public web resource,Official source HTTP 200 + substantive English page audit · verified 2026-08-16,Yes
Nigeria,EM,mathematics;WASSCE;question;exam analysis,A,Official examination council e-learning archive,West African Examinations Council Mathematics e-Learning (Nigeria),https://www.waeconline.org.ng/e-learning/Mathematics/mathsmain.html,"General Mathematics Paper 2,Nov/Dec. 2010",https://www.waeconline.org.ng/e-learning/Mathematics/maths219Nq10.html,Examiner analysis,English,Official public WAEC Nigeria e-learning page with substantive mathematics question content or examiner analysis; retained as a free web resource after direct HTTP and text-content audit.,Free public web resource,Official source HTTP 200 + substantive English page audit · verified 2026-08-16,Yes
Nigeria,EM,mathematics;WASSCE;question;exam analysis,A,Official examination council e-learning archive,West African Examinations Council Mathematics e-Learning (Nigeria),https://www.waeconline.org.ng/e-learning/Mathematics/mathsmain.html,"General Mathematics Paper 2,Nov/Dec. 2010",https://www.waeconline.org.ng/e-learning/Mathematics/maths219Nq11.html,Examiner analysis,English,Official public WAEC Nigeria e-learning page with substantive mathematics question content or examiner analysis; retained as a free web resource after direct HTTP and text-content audit.,Free public web resource,Official source HTTP 200 + substantive English page audit · verified 2026-08-16,Yes
Nigeria,EM,mathematics;WASSCE;question;exam analysis,A,Official examination council e-learning archive,West African Examinations Council Mathematics e-Learning (Nigeria),https://www.waeconline.org.ng/e-learning/Mathematics/mathsmain.html,"General Mathematics Paper 2,Nov/Dec. 2010",https://www.waeconline.org.ng/e-learning/Mathematics/maths219Nq12.html,Examiner analysis,English,Official public WAEC Nigeria e-learning page with substantive mathematics question content or examiner analysis; retained as a free web resource after direct HTTP and text-content audit.,Free public web resource,Official source HTTP 200 + substantive English page audit · verified 2026-08-16,Yes
Nigeria,EM,mathematics;WASSCE;question;exam analysis,A,Official examination council e-learning archive,West African Examinations Council Mathematics e-Learning (Nigeria),https://www.waeconline.org.ng/e-learning/Mathematics/mathsmain.html,"General Mathematics Paper 2,Nov/Dec. 2010",https://www.waeconline.org.ng/e-learning/Mathematics/maths219Nq13.html,Examiner analysis,English,Official public WAEC Nigeria e-learning page with substantive mathematics question content or examiner analysis; retained as a free web resource after direct HTTP and text-content audit.,Free public web resource,Official source HTTP 200 + substantive English page audit · verified 2026-08-16,Yes
Nigeria,EM,mathematics;WASSCE;question;exam analysis,A,Official examination council e-learning archive,West African Examinations Council Mathematics e-Learning (Nigeria),https://www.waeconline.org.ng/e-learning/Mathematics/mathsmain.html,"General Mathematics Paper 2,Nov/Dec. 2010",https://www.waeconline.org.ng/e-learning/Mathematics/maths219Nq2.html,Examiner analysis,English,Official public WAEC Nigeria e-learning page with substantive mathematics question content or examiner analysis; retained as a free web resource after direct HTTP and text-content audit.,Free public web resource,Official source HTTP 200 + substantive English page audit · verified 2026-08-16,Yes
Nigeria,EM,mathematics;WASSCE;question;exam analysis,A,Official examination council e-learning archive,West African Examinations Council Mathematics e-Learning (Nigeria),https://www.waeconline.org.ng/e-learning/Mathematics/mathsmain.html,"General Mathematics Paper 2,Nov/Dec. 2010",https://www.waeconline.org.ng/e-learning/Mathematics/maths219Nq3.html,Examiner analysis,English,Official public WAEC Nigeria e-learning page with substantive mathematics question content or examiner analysis; retained as a free web resource after direct HTTP and text-content audit.,Free public web resource,Official source HTTP 200 + substantive English page audit · verified 2026-08-16,Yes
Nigeria,EM,mathematics;WASSCE;question;exam analysis,A,Official examination council e-learning archive,West African Examinations Council Mathematics e-Learning (Nigeria),https://www.waeconline.org.ng/e-learning/Mathematics/mathsmain.html,"General Mathematics Paper 2,Nov/Dec. 2010",https://www.waeconline.org.ng/e-learning/Mathematics/maths219Nq4.html,Examiner analysis,English,Official public WAEC Nigeria e-learning page with substantive mathematics question content or examiner analysis; retained as a free web resource after direct HTTP and text-content audit.,Free public web resource,Official source HTTP 200 + substantive English page audit · verified 2026-08-16,Yes
Nigeria,EM,mathematics;WASSCE;question;exam analysis,A,Official examination council e-learning archive,West African Examinations Council Mathematics e-Learning (Nigeria),https://www.waeconline.org.ng/e-learning/Mathematics/mathsmain.html,"General Mathematics Paper 2,Nov/Dec. 2010",https://www.waeconline.org.ng/e-learning/Mathematics/maths219Nq5.html,Examiner analysis,English,Official public WAEC Nigeria e-learning page with substantive mathematics question content or examiner analysis; retained as a free web resource after direct HTTP and text-content audit.,Free public web resource,Official source HTTP 200 + substantive English page audit · verified 2026-08-16,Yes
Nigeria,EM,mathematics;WASSCE;question;exam analysis,A,Official examination council e-learning archive,West African Examinations Council Mathematics e-Learning (Nigeria),https://www.waeconline.org.ng/e-learning/Mathematics/mathsmain.html,"General Mathematics Paper 2,Nov/Dec. 2010",https://www.waeconline.org.ng/e-learning/Mathematics/maths219Nq6.html,Examiner analysis,English,Official public WAEC Nigeria e-learning page with substantive mathematics question content or examiner analysis; retained as a free web resource after direct HTTP and text-content audit.,Free public web resource,Official source HTTP 200 + substantive English page audit · verified 2026-08-16,Yes
Nigeria,EM,mathematics;WASSCE;question;exam analysis,A,Official examination council e-learning archive,West African Examinations Council Mathematics e-Learning (Nigeria),https://www.waeconline.org.ng/e-learning/Mathematics/mathsmain.html,"General Mathematics Paper 2,Nov/Dec. 2010",https://www.waeconline.org.ng/e-learning/Mathematics/maths219Nq7.html,Examiner analysis,English,Official public WAEC Nigeria e-learning page with substantive mathematics question content or examiner analysis; retained as a free web resource after direct HTTP and text-content audit.,Free public web resource,Official source HTTP 200 + substantive English page audit · verified 2026-08-16,Yes
Nigeria,EM,mathematics;WASSCE;question;exam analysis,A,Official examination council e-learning archive,West African Examinations Council Mathematics e-Learning (Nigeria),https://www.waeconline.org.ng/e-learning/Mathematics/mathsmain.html,"General Mathematics Paper 2,Nov/Dec. 2010",https://www.waeconline.org.ng/e-learning/Mathematics/maths219Nq8.html,Examiner analysis,English,Official public WAEC Nigeria e-learning page with substantive mathematics question content or examiner analysis; retained as a free web resource after direct HTTP and text-content audit.,Free public web resource,Official source HTTP 200 + substantive English page audit · verified 2026-08-16,Yes
Nigeria,EM,mathematics;WASSCE;question;exam analysis,A,Official examination council e-learning archive,West African Examinations Council Mathematics e-Learning (Nigeria),https://www.waeconline.org.ng/e-learning/Mathematics/mathsmain.html,"General Mathematics Paper 2,Nov/Dec. 2010",https://www.waeconline.org.ng/e-learning/Mathematics/maths219Nq9.html,Examiner analysis,English,Official public WAEC Nigeria e-learning page with substantive mathematics question content or examiner analysis; retained as a free web resource after direct HTTP and text-content audit.,Free public web resource,Official source HTTP 200 + substantive English page audit · verified 2026-08-16,Yes
Nigeria,EM,mathematics;WASSCE;question;exam analysis,A,Official examination council e-learning archive,West African Examinations Council Mathematics e-Learning (Nigeria),https://www.waeconline.org.ng/e-learning/Mathematics/mathsmain.html,"General Mathematics Paper 2,Nov/Dec. 2010",https://www.waeconline.org.ng/e-learning/Mathematics/maths219Ns.html,Examiner analysis,English,Official public WAEC Nigeria e-learning page with substantive mathematics question content or examiner analysis; retained as a free web resource after direct HTTP and text-content audit.,Free public web resource,Official source HTTP 200 + substantive English page audit · verified 2026-08-16,Yes
Nigeria,EM,mathematics;WASSCE;question;exam analysis,A,Official examination council e-learning archive,West African Examinations Council Mathematics e-Learning (Nigeria),https://www.waeconline.org.ng/e-learning/Mathematics/mathsmain.html,"General Mathematics Paper 2,Nov/Dec. 2010",https://www.waeconline.org.ng/e-learning/Mathematics/maths219Nw.html,Examiner analysis,English,Official public WAEC Nigeria e-learning page with substantive mathematics question content or examiner analysis; retained as a free web resource after direct HTTP and text-content audit.,Free public web resource,Official source HTTP 200 + substantive English page audit · verified 2026-08-16,Yes
Nigeria,GA,mathematics;WASSCE;question;exam analysis,A,Official examination council e-learning archive,West African Examinations Council Mathematics e-Learning (Nigeria),https://www.waeconline.org.ng/e-learning/Mathematics/mathsmain.html,"General Mathematics Paper 2,May/June. 2010",https://www.waeconline.org.ng/e-learning/Mathematics/maths219mq1.html,Question page,English,Official public WAEC Nigeria e-learning page with substantive mathematics question content or examiner analysis; retained as a free web resource after direct HTTP and text-content audit.,Free public web resource,Official source HTTP 200 + substantive English page audit · verified 2026-08-16,Yes
Nigeria,GA,mathematics;WASSCE;question;exam analysis,A,Official examination council e-learning archive,West African Examinations Council Mathematics e-Learning (Nigeria),https://www.waeconline.org.ng/e-learning/Mathematics/mathsmain.html,"General Mathematics Paper 2,May/June. 2010",https://www.waeconline.org.ng/e-learning/Mathematics/maths219mq10.html,Question page,English,Official public WAEC Nigeria e-learning page with substantive mathematics question content or examiner analysis; retained as a free web resource after direct HTTP and text-content audit.,Free public web resource,Official source HTTP 200 + substantive English page audit · verified 2026-08-16,Yes
Nigeria,GA,mathematics;WASSCE;question;exam analysis,A,Official examination council e-learning archive,West African Examinations Council Mathematics e-Learning (Nigeria),https://www.waeconline.org.ng/e-learning/Mathematics/mathsmain.html,"General Mathematics Paper 2,May/June. 2010",https://www.waeconline.org.ng/e-learning/Mathematics/maths219mq11.html,Question page,English,Official public WAEC Nigeria e-learning page with substantive mathematics question content or examiner analysis; retained as a free web resource after direct HTTP and text-content audit.,Free public web resource,Official source HTTP 200 + substantive English page audit · verified 2026-08-16,Yes
Nigeria,GA,mathematics;WASSCE;question;exam analysis,A,Official examination council e-learning archive,West African Examinations Council Mathematics e-Learning (Nigeria),https://www.waeconline.org.ng/e-learning/Mathematics/mathsmain.html,"General Mathematics Paper 2,May/June. 2010",https://www.waeconline.org.ng/e-learning/Mathematics/maths219mq12.html,Question page,English,Official public WAEC Nigeria e-learning page with substantive mathematics question content or examiner analysis; retained as a free web resource after direct HTTP and text-content audit.,Free public web resource,Official source HTTP 200 + substantive English page audit · verified 2026-08-16,Yes
Nigeria,GA,mathematics;WASSCE;question;exam analysis,A,Official examination council e-learning archive,West African Examinations Council Mathematics e-Learning (Nigeria),https://www.waeconline.org.ng/e-learning/Mathematics/mathsmain.html,"General Mathematics Paper 2,May/June. 2010",https://www.waeconline.org.ng/e-learning/Mathematics/maths219mq13.html,Question page,English,Official public WAEC Nigeria e-learning page with substantive mathematics question content or examiner analysis; retained as a free web resource after direct HTTP and text-content audit.,Free public web resource,Official source HTTP 200 + substantive English page audit · verified 2026-08-16,Yes
Nigeria,GA,mathematics;WASSCE;question;exam analysis,A,Official examination council e-learning archive,West African Examinations Council Mathematics e-Learning (Nigeria),https://www.waeconline.org.ng/e-learning/Mathematics/mathsmain.html,"General Mathematics Paper 2,May/June. 2010",https://www.waeconline.org.ng/e-learning/Mathematics/maths219mq2.html,Question page,English,Official public WAEC Nigeria e-learning page with substantive mathematics question content or examiner analysis; retained as a free web resource after direct HTTP and text-content audit.,Free public web resource,Official source HTTP 200 + substantive English page audit · verified 2026-08-16,Yes
Nigeria,GA,mathematics;WASSCE;question;exam analysis,A,Official examination council e-learning archive,West African Examinations Council Mathematics e-Learning (Nigeria),https://www.waeconline.org.ng/e-learning/Mathematics/mathsmain.html,"General Mathematics Paper 2,May/June. 2010",https://www.waeconline.org.ng/e-learning/Mathematics/maths219mq3.html,Question page,English,Official public WAEC Nigeria e-learning page with substantive mathematics question content or examiner analysis; retained as a free web resource after direct HTTP and text-content audit.,Free public web resource,Official source HTTP 200 + substantive English page audit · verified 2026-08-16,Yes
Nigeria,GA,mathematics;WASSCE;question;exam analysis,A,Official examination council e-learning archive,West African Examinations Council Mathematics e-Learning (Nigeria),https://www.waeconline.org.ng/e-learning/Mathematics/mathsmain.html,"General Mathematics Paper 2,May/June. 2010",https://www.waeconline.org.ng/e-learning/Mathematics/maths219mq4.html,Question page,English,Official public WAEC Nigeria e-learning page with substantive mathematics question content or examiner analysis; retained as a free web resource after direct HTTP and text-content audit.,Free public web resource,Official source HTTP 200 + substantive English page audit · verified 2026-08-16,Yes
Nigeria,GA,mathematics;WASSCE;question;exam analysis,A,Official examination council e-learning archive,West African Examinations Council Mathematics e-Learning (Nigeria),https://www.waeconline.org.ng/e-learning/Mathematics/mathsmain.html,"General Mathematics Paper 2,May/June. 2010",https://www.waeconline.org.ng/e-learning/Mathematics/maths219mq5.html,Question page,English,Official public WAEC Nigeria e-learning page with substantive mathematics question content or examiner analysis; retained as a free web resource after direct HTTP and text-content audit.,Free public web resource,Official source HTTP 200 + substantive English page audit · verified 2026-08-16,Yes
Nigeria,GA,mathematics;WASSCE;question;exam analysis,A,Official examination council e-learning archive,West African Examinations Council Mathematics e-Learning (Nigeria),https://www.waeconline.org.ng/e-learning/Mathematics/mathsmain.html,"General Mathematics Paper 2,May/June. 2010",https://www.waeconline.org.ng/e-learning/Mathematics/maths219mq6.html,Question page,English,Official public WAEC Nigeria e-learning page with substantive mathematics question content or examiner analysis; retained as a free web resource after direct HTTP and text-content audit.,Free public web resource,Official source HTTP 200 + substantive English page audit · verified 2026-08-16,Yes
Nigeria,GA,mathematics;WASSCE;question;exam analysis,A,Official examination council e-learning archive,West African Examinations Council Mathematics e-Learning (Nigeria),https://www.waeconline.org.ng/e-learning/Mathematics/mathsmain.html,"General Mathematics Paper 2,May/June. 2010",https://www.waeconline.org.ng/e-learning/Mathematics/maths219mq7.html,Question page,English,Official public WAEC Nigeria e-learning page with substantive mathematics question content or examiner analysis; retained as a free web resource after direct HTTP and text-content audit.,Free public web resource,Official source HTTP 200 + substantive English page audit · verified 2026-08-16,Yes
Nigeria,GA,mathematics;WASSCE;question;exam analysis,A,Official examination council e-learning archive,West African Examinations Council Mathematics e-Learning (Nigeria),https://www.waeconline.org.ng/e-learning/Mathematics/mathsmain.html,"General Mathematics Paper 2,May/June. 2010",https://www.waeconline.org.ng/e-learning/Mathematics/maths219mq8.html,Question page,English,Official public WAEC Nigeria e-learning page with substantive mathematics question content or examiner analysis; retained as a free web resource after direct HTTP and text-content audit.,Free public web resource,Official source HTTP 200 + substantive English page audit · verified 2026-08-16,Yes
Nigeria,GA,mathematics;WASSCE;question;exam analysis,A,Official examination council e-learning archive,West African Examinations Council Mathematics e-Learning (Nigeria),https://www.waeconline.org.ng/e-learning/Mathematics/mathsmain.html,"General Mathematics Paper 2,May/June. 2010",https://www.waeconline.org.ng/e-learning/Mathematics/maths219mq9.html,Question page,English,Official public WAEC Nigeria e-learning page with substantive mathematics question content or examiner analysis; retained as a free web resource after direct HTTP and text-content audit.,Free public web resource,Official source HTTP 200 + substantive English page audit · verified 2026-08-16,Yes
Nigeria,EM,mathematics;WASSCE;question;exam analysis,A,Official examination council e-learning archive,West African Examinations Council Mathematics e-Learning (Nigeria),https://www.waeconline.org.ng/e-learning/Mathematics/mathsmain.html,"General Mathematics Paper 2,May/June. 2010 -Strength",https://www.waeconline.org.ng/e-learning/Mathematics/maths219ms.html,Examiner analysis,English,Official public WAEC Nigeria e-learning page with substantive mathematics question content or examiner analysis; retained as a free web resource after direct HTTP and text-content audit.,Free public web resource,Official source HTTP 200 + substantive English page audit · verified 2026-08-16,Yes
Nigeria,EM,mathematics;WASSCE;question;exam analysis,A,Official examination council e-learning archive,West African Examinations Council Mathematics e-Learning (Nigeria),https://www.waeconline.org.ng/e-learning/Mathematics/mathsmain.html,"General Mathematics Paper 2,May/June. 2010 - Weakness/Remedies",https://www.waeconline.org.ng/e-learning/Mathematics/maths219mw.html,Examiner analysis,English,Official public WAEC Nigeria e-learning page with substantive mathematics question content or examiner analysis; retained as a free web resource after direct HTTP and text-content audit.,Free public web resource,Official source HTTP 200 + substantive English page audit · verified 2026-08-16,Yes
Nigeria,GA,mathematics;WASSCE;question;exam analysis,A,Official examination council e-learning archive,West African Examinations Council Mathematics e-Learning (Nigeria),https://www.waeconline.org.ng/e-learning/Mathematics/mathsmain.html,"General Mathematics Paper 2,May/June. 2010",https://www.waeconline.org.ng/e-learning/Mathematics/maths220mq1.html,Question page,English,Official public WAEC Nigeria e-learning page with substantive mathematics question content or examiner analysis; retained as a free web resource after direct HTTP and text-content audit.,Free public web resource,Official source HTTP 200 + substantive English page audit · verified 2026-08-16,Yes
Nigeria,GA,mathematics;WASSCE;question;exam analysis,A,Official examination council e-learning archive,West African Examinations Council Mathematics e-Learning (Nigeria),https://www.waeconline.org.ng/e-learning/Mathematics/mathsmain.html,"General Mathematics Paper 2,May/June. 2010",https://www.waeconline.org.ng/e-learning/Mathematics/maths220mq10.html,Question page,English,Official public WAEC Nigeria e-learning page with substantive mathematics question content or examiner analysis; retained as a free web resource after direct HTTP and text-content audit.,Free public web resource,Official source HTTP 200 + substantive English page audit · verified 2026-08-16,Yes
Nigeria,GA,mathematics;WASSCE;question;exam analysis,A,Official examination council e-learning archive,West African Examinations Council Mathematics e-Learning (Nigeria),https://www.waeconline.org.ng/e-learning/Mathematics/mathsmain.html,"General Mathematics Paper 2,May/June. 2010",https://www.waeconline.org.ng/e-learning/Mathematics/maths220mq11.html,Question page,English,Official public WAEC Nigeria e-learning page with substantive mathematics question content or examiner analysis; retained as a free web resource after direct HTTP and text-content audit.,Free public web resource,Official source HTTP 200 + substantive English page audit · verified 2026-08-16,Yes
Nigeria,GA,mathematics;WASSCE;question;exam analysis,A,Official examination council e-learning archive,West African Examinations Council Mathematics e-Learning (Nigeria),https://www.waeconline.org.ng/e-learning/Mathematics/mathsmain.html,"General Mathematics Paper 2,May/June. 2010",https://www.waeconline.org.ng/e-learning/Mathematics/maths220mq12.html,Question page,English,Official public WAEC Nigeria e-learning page with substantive mathematics question content or examiner analysis; retained as a free web resource after direct HTTP and text-content audit.,Free public web resource,Official source HTTP 200 + substantive English page audit · verified 2026-08-16,Yes
Nigeria,GA,mathematics;WASSCE;question;exam analysis,A,Official examination council e-learning archive,West African Examinations Council Mathematics e-Learning (Nigeria),https://www.waeconline.org.ng/e-learning/Mathematics/mathsmain.html,"General Mathematics Paper 2,May/June. 2011",https://www.waeconline.org.ng/e-learning/Mathematics/maths220mq2.html,Question page,English,Official public WAEC Nigeria e-learning page with substantive mathematics question content or examiner analysis; retained as a free web resource after direct HTTP and text-content audit.,Free public web resource,Official source HTTP 200 + substantive English page audit · verified 2026-08-16,Yes
Nigeria,GA,mathematics;WASSCE;question;exam analysis,A,Official examination council e-learning archive,West African Examinations Council Mathematics e-Learning (Nigeria),https://www.waeconline.org.ng/e-learning/Mathematics/mathsmain.html,"General Mathematics Paper 2,May/June. 2011",https://www.waeconline.org.ng/e-learning/Mathematics/maths220mq3.html,Question page,English,Official public WAEC Nigeria e-learning page with substantive mathematics question content or examiner analysis; retained as a free web resource after direct HTTP and text-content audit.,Free public web resource,Official source HTTP 200 + substantive English page audit · verified 2026-08-16,Yes
Nigeria,GA,mathematics;WASSCE;question;exam analysis,A,Official examination council e-learning archive,West African Examinations Council Mathematics e-Learning (Nigeria),https://www.waeconline.org.ng/e-learning/Mathematics/mathsmain.html,"General Mathematics Paper 2,May/June. 2011",https://www.waeconline.org.ng/e-learning/Mathematics/maths220mq4.html,Question page,English,Official public WAEC Nigeria e-learning page with substantive mathematics question content or examiner analysis; retained as a free web resource after direct HTTP and text-content audit.,Free public web resource,Official source HTTP 200 + substantive English page audit · verified 2026-08-16,Yes
Nigeria,GA,mathematics;WASSCE;question;exam analysis,A,Official examination council e-learning archive,West African Examinations Council Mathematics e-Learning (Nigeria),https://www.waeconline.org.ng/e-learning/Mathematics/mathsmain.html,"General Mathematics Paper 2,May/June. 2011",https://www.waeconline.org.ng/e-learning/Mathematics/maths220mq5.html,Question page,English,Official public WAEC Nigeria e-learning page with substantive mathematics question content or examiner analysis; retained as a free web resource after direct HTTP and text-content audit.,Free public web resource,Official source HTTP 200 + substantive English page audit · verified 2026-08-16,Yes
Nigeria,GA,mathematics;WASSCE;question;exam analysis,A,Official examination council e-learning archive,West African Examinations Council Mathematics e-Learning (Nigeria),https://www.waeconline.org.ng/e-learning/Mathematics/mathsmain.html,"General Mathematics Paper 2,May/June. 2011",https://www.waeconline.org.ng/e-learning/Mathematics/maths220mq6.html,Question page,English,Official public WAEC Nigeria e-learning page with substantive mathematics question content or examiner analysis; retained as a free web resource after direct HTTP and text-content audit.,Free public web resource,Official source HTTP 200 + substantive English page audit · verified 2026-08-16,Yes
Nigeria,GA,mathematics;WASSCE;question;exam analysis,A,Official examination council e-learning archive,West African Examinations Council Mathematics e-Learning (Nigeria),https://www.waeconline.org.ng/e-learning/Mathematics/mathsmain.html,"General Mathematics Paper 2,May/June. 2010",https://www.waeconline.org.ng/e-learning/Mathematics/maths220mq7.html,Question page,English,Official public WAEC Nigeria e-learning page with substantive mathematics question content or examiner analysis; retained as a free web resource after direct HTTP and text-content audit.,Free public web resource,Official source HTTP 200 + substantive English page audit · verified 2026-08-16,Yes
Nigeria,GA,mathematics;WASSCE;question;exam analysis,A,Official examination council e-learning archive,West African Examinations Council Mathematics e-Learning (Nigeria),https://www.waeconline.org.ng/e-learning/Mathematics/mathsmain.html,"General Mathematics Paper 2,May/June. 2011",https://www.waeconline.org.ng/e-learning/Mathematics/maths220mq8.html,Question page,English,Official public WAEC Nigeria e-learning page with substantive mathematics question content or examiner analysis; retained as a free web resource after direct HTTP and text-content audit.,Free public web resource,Official source HTTP 200 + substantive English page audit · verified 2026-08-16,Yes
Nigeria,GA,mathematics;WASSCE;question;exam analysis,A,Official examination council e-learning archive,West African Examinations Council Mathematics e-Learning (Nigeria),https://www.waeconline.org.ng/e-learning/Mathematics/mathsmain.html,"General Mathematics Paper 2,May/June. 2011",https://www.waeconline.org.ng/e-learning/Mathematics/maths220mq9.html,Question page,English,Official public WAEC Nigeria e-learning page with substantive mathematics question content or examiner analysis; retained as a free web resource after direct HTTP and text-content audit.,Free public web resource,Official source HTTP 200 + substantive English page audit · verified 2026-08-16,Yes
Nigeria,EM,mathematics;WASSCE;question;exam analysis,A,Official examination council e-learning archive,West African Examinations Council Mathematics e-Learning (Nigeria),https://www.waeconline.org.ng/e-learning/Mathematics/mathsmain.html,"General Mathematics Paper 2,May/June. 2011 -Strength",https://www.waeconline.org.ng/e-learning/Mathematics/maths220ms.html,Examiner analysis,English,Official public WAEC Nigeria e-learning page with substantive mathematics question content or examiner analysis; retained as a free web resource after direct HTTP and text-content audit.,Free public web resource,Official source HTTP 200 + substantive English page audit · verified 2026-08-16,Yes
Nigeria,EM,mathematics;WASSCE;question;exam analysis,A,Official examination council e-learning archive,West African Examinations Council Mathematics e-Learning (Nigeria),https://www.waeconline.org.ng/e-learning/Mathematics/mathsmain.html,"General Mathematics Paper 2,May/June. 2011 - Weakness/Remedies",https://www.waeconline.org.ng/e-learning/Mathematics/maths220mw.html,Examiner analysis,English,Official public WAEC Nigeria e-learning page with substantive mathematics question content or examiner analysis; retained as a free web resource after direct HTTP and text-content audit.,Free public web resource,Official source HTTP 200 + substantive English page audit · verified 2026-08-16,Yes
Nigeria,EM,mathematics;WASSCE;question;exam analysis,A,Official examination council e-learning archive,West African Examinations Council Mathematics e-Learning (Nigeria),https://www.waeconline.org.ng/e-learning/Mathematics/mathsmain.html,"General Mathematics Paper 2,Nov/Dec. 2012",https://www.waeconline.org.ng/e-learning/Mathematics/maths221Nq1.html,Examiner analysis,English,Official public WAEC Nigeria e-learning page with substantive mathematics question content or examiner analysis; retained as a free web resource after direct HTTP and text-content audit.,Free public web resource,Official source HTTP 200 + substantive English page audit · verified 2026-08-16,Yes
Nigeria,EM,mathematics;WASSCE;question;exam analysis,A,Official examination council e-learning archive,West African Examinations Council Mathematics e-Learning (Nigeria),https://www.waeconline.org.ng/e-learning/Mathematics/mathsmain.html,"General Mathematics Paper 2,Nov/Dec. 2012",https://www.waeconline.org.ng/e-learning/Mathematics/maths221Nq10.html,Examiner analysis,English,Official public WAEC Nigeria e-learning page with substantive mathematics question content or examiner analysis; retained as a free web resource after direct HTTP and text-content audit.,Free public web resource,Official source HTTP 200 + substantive English page audit · verified 2026-08-16,Yes
Nigeria,EM,mathematics;WASSCE;question;exam analysis,A,Official examination council e-learning archive,West African Examinations Council Mathematics e-Learning (Nigeria),https://www.waeconline.org.ng/e-learning/Mathematics/mathsmain.html,"General Mathematics Paper 2,Nov/Dec. 2012",https://www.waeconline.org.ng/e-learning/Mathematics/maths221Nq11.html,Examiner analysis,English,Official public WAEC Nigeria e-learning page with substantive mathematics question content or examiner analysis; retained as a free web resource after direct HTTP and text-content audit.,Free public web resource,Official source HTTP 200 + substantive English page audit · verified 2026-08-16,Yes
Nigeria,EM,mathematics;WASSCE;question;exam analysis,A,Official examination council e-learning archive,West African Examinations Council Mathematics e-Learning (Nigeria),https://www.waeconline.org.ng/e-learning/Mathematics/mathsmain.html,"General Mathematics Paper 2,Nov/Dec. 2012",https://www.waeconline.org.ng/e-learning/Mathematics/maths221Nq12.html,Examiner analysis,English,Official public WAEC Nigeria e-learning page with substantive mathematics question content or examiner analysis; retained as a free web resource after direct HTTP and text-content audit.,Free public web resource,Official source HTTP 200 + substantive English page audit · verified 2026-08-16,Yes
Nigeria,EM,mathematics;WASSCE;question;exam analysis,A,Official examination council e-learning archive,West African Examinations Council Mathematics e-Learning (Nigeria),https://www.waeconline.org.ng/e-learning/Mathematics/mathsmain.html,"General Mathematics Paper 2,Nov/Dec. 2012",https://www.waeconline.org.ng/e-learning/Mathematics/maths221Nq13.html,Examiner analysis,English,Official public WAEC Nigeria e-learning page with substantive mathematics question content or examiner analysis; retained as a free web resource after direct HTTP and text-content audit.,Free public web resource,Official source HTTP 200 + substantive English page audit · verified 2026-08-16,Yes
Nigeria,EM,mathematics;WASSCE;question;exam analysis,A,Official examination council e-learning archive,West African Examinations Council Mathematics e-Learning (Nigeria),https://www.waeconline.org.ng/e-learning/Mathematics/mathsmain.html,"General Mathematics Paper 2,Nov/Dec. 2012",https://www.waeconline.org.ng/e-learning/Mathematics/maths221Nq2.html,Examiner analysis,English,Official public WAEC Nigeria e-learning page with substantive mathematics question content or examiner analysis; retained as a free web resource after direct HTTP and text-content audit.,Free public web resource,Official source HTTP 200 + substantive English page audit · verified 2026-08-16,Yes
Nigeria,EM,mathematics;WASSCE;question;exam analysis,A,Official examination council e-learning archive,West African Examinations Council Mathematics e-Learning (Nigeria),https://www.waeconline.org.ng/e-learning/Mathematics/mathsmain.html,"General Mathematics Paper 2,Nov/Dec. 2012",https://www.waeconline.org.ng/e-learning/Mathematics/maths221Nq3.html,Examiner analysis,English,Official public WAEC Nigeria e-learning page with substantive mathematics question content or examiner analysis; retained as a free web resource after direct HTTP and text-content audit.,Free public web resource,Official source HTTP 200 + substantive English page audit · verified 2026-08-16,Yes
Nigeria,EM,mathematics;WASSCE;question;exam analysis,A,Official examination council e-learning archive,West African Examinations Council Mathematics e-Learning (Nigeria),https://www.waeconline.org.ng/e-learning/Mathematics/mathsmain.html,"General Mathematics Paper 2,Nov/Dec. 2012",https://www.waeconline.org.ng/e-learning/Mathematics/maths221Nq4.html,Examiner analysis,English,Official public WAEC Nigeria e-learning page with substantive mathematics question content or examiner analysis; retained as a free web resource after direct HTTP and text-content audit.,Free public web resource,Official source HTTP 200 + substantive English page audit · verified 2026-08-16,Yes
Nigeria,EM,mathematics;WASSCE;question;exam analysis,A,Official examination council e-learning archive,West African Examinations Council Mathematics e-Learning (Nigeria),https://www.waeconline.org.ng/e-learning/Mathematics/mathsmain.html,"General Mathematics Paper 2,Nov/Dec. 2012",https://www.waeconline.org.ng/e-learning/Mathematics/maths221Nq5.html,Examiner analysis,English,Official public WAEC Nigeria e-learning page with substantive mathematics question content or examiner analysis; retained as a free web resource after direct HTTP and text-content audit.,Free public web resource,Official source HTTP 200 + substantive English page audit · verified 2026-08-16,Yes
Nigeria,EM,mathematics;WASSCE;question;exam analysis,A,Official examination council e-learning archive,West African Examinations Council Mathematics e-Learning (Nigeria),https://www.waeconline.org.ng/e-learning/Mathematics/mathsmain.html,"General Mathematics Paper 2,Nov/Dec. 2012",https://www.waeconline.org.ng/e-learning/Mathematics/maths221Nq6.html,Examiner analysis,English,Official public WAEC Nigeria e-learning page with substantive mathematics question content or examiner analysis; retained as a free web resource after direct HTTP and text-content audit.,Free public web resource,Official source HTTP 200 + substantive English page audit · verified 2026-08-16,Yes
Nigeria,EM,mathematics;WASSCE;question;exam analysis,A,Official examination council e-learning archive,West African Examinations Council Mathematics e-Learning (Nigeria),https://www.waeconline.org.ng/e-learning/Mathematics/mathsmain.html,"General Mathematics Paper 2,Nov/Dec. 2012",https://www.waeconline.org.ng/e-learning/Mathematics/maths221Nq7.html,Examiner analysis,English,Official public WAEC Nigeria e-learning page with substantive mathematics question content or examiner analysis; retained as a free web resource after direct HTTP and text-content audit.,Free public web resource,Official source HTTP 200 + substantive English page audit · verified 2026-08-16,Yes
Nigeria,EM,mathematics;WASSCE;question;exam analysis,A,Official examination council e-learning archive,West African Examinations Council Mathematics e-Learning (Nigeria),https://www.waeconline.org.ng/e-learning/Mathematics/mathsmain.html,"General Mathematics Paper 2,Nov/Dec. 2012",https://www.waeconline.org.ng/e-learning/Mathematics/maths221Nq8.html,Examiner analysis,English,Official public WAEC Nigeria e-learning page with substantive mathematics question content or examiner analysis; retained as a free web resource after direct HTTP and text-content audit.,Free public web resource,Official source HTTP 200 + substantive English page audit · verified 2026-08-16,Yes
Nigeria,EM,mathematics;WASSCE;question;exam analysis,A,Official examination council e-learning archive,West African Examinations Council Mathematics e-Learning (Nigeria),https://www.waeconline.org.ng/e-learning/Mathematics/mathsmain.html,"General Mathematics Paper 2,Nov/Dec. 2012",https://www.waeconline.org.ng/e-learning/Mathematics/maths221Nq9.html,Examiner analysis,English,Official public WAEC Nigeria e-learning page with substantive mathematics question content or examiner analysis; retained as a free web resource after direct HTTP and text-content audit.,Free public web resource,Official source HTTP 200 + substantive English page audit · verified 2026-08-16,Yes
Nigeria,EM,mathematics;WASSCE;question;exam analysis,A,Official examination council e-learning archive,West African Examinations Council Mathematics e-Learning (Nigeria),https://www.waeconline.org.ng/e-learning/Mathematics/mathsmain.html,"General Mathematics Paper 2,Nov/Dec. 2012",https://www.waeconline.org.ng/e-learning/Mathematics/maths221Ns.html,Examiner analysis,English,Official public WAEC Nigeria e-learning page with substantive mathematics question content or examiner analysis; retained as a free web resource after direct HTTP and text-content audit.,Free public web resource,Official source HTTP 200 + substantive English page audit · verified 2026-08-16,Yes
Nigeria,EM,mathematics;WASSCE;question;exam analysis,A,Official examination council e-learning archive,West African Examinations Council Mathematics e-Learning (Nigeria),https://www.waeconline.org.ng/e-learning/Mathematics/mathsmain.html,"General Mathematics Paper 2,Nov/Dec. 2012",https://www.waeconline.org.ng/e-learning/Mathematics/maths221Nw.html,Examiner analysis,English,Official public WAEC Nigeria e-learning page with substantive mathematics question content or examiner analysis; retained as a free web resource after direct HTTP and text-content audit.,Free public web resource,Official source HTTP 200 + substantive English page audit · verified 2026-08-16,Yes
Nigeria,GA,mathematics;WASSCE;question;exam analysis,A,Official examination council e-learning archive,West African Examinations Council Mathematics e-Learning (Nigeria),https://www.waeconline.org.ng/e-learning/Mathematics/mathsmain.html,"General Mathematics Paper 2,May/June. 2012",https://www.waeconline.org.ng/e-learning/Mathematics/maths221mq1.html,Question page,English,Official public WAEC Nigeria e-learning page with substantive mathematics question content or examiner analysis; retained as a free web resource after direct HTTP and text-content audit.,Free public web resource,Official source HTTP 200 + substantive English page audit · verified 2026-08-16,Yes
Nigeria,GA,mathematics;WASSCE;question;exam analysis,A,Official examination council e-learning archive,West African Examinations Council Mathematics e-Learning (Nigeria),https://www.waeconline.org.ng/e-learning/Mathematics/mathsmain.html,"General Mathematics Paper 2,May/June. 2012",https://www.waeconline.org.ng/e-learning/Mathematics/maths221mq10.html,Question page,English,Official public WAEC Nigeria e-learning page with substantive mathematics question content or examiner analysis; retained as a free web resource after direct HTTP and text-content audit.,Free public web resource,Official source HTTP 200 + substantive English page audit · verified 2026-08-16,Yes
Nigeria,GA,mathematics;WASSCE;question;exam analysis,A,Official examination council e-learning archive,West African Examinations Council Mathematics e-Learning (Nigeria),https://www.waeconline.org.ng/e-learning/Mathematics/mathsmain.html,"General Mathematics Paper 2,May/June. 2012",https://www.waeconline.org.ng/e-learning/Mathematics/maths221mq11.html,Question page,English,Official public WAEC Nigeria e-learning page with substantive mathematics question content or examiner analysis; retained as a free web resource after direct HTTP and text-content audit.,Free public web resource,Official source HTTP 200 + substantive English page audit · verified 2026-08-16,Yes
Nigeria,GA,mathematics;WASSCE;question;exam analysis,A,Official examination council e-learning archive,West African Examinations Council Mathematics e-Learning (Nigeria),https://www.waeconline.org.ng/e-learning/Mathematics/mathsmain.html,"General Mathematics Paper 2,May/June. 2012",https://www.waeconline.org.ng/e-learning/Mathematics/maths221mq12.html,Question page,English,Official public WAEC Nigeria e-learning page with substantive mathematics question content or examiner analysis; retained as a free web resource after direct HTTP and text-content audit.,Free public web resource,Official source HTTP 200 + substantive English page audit · verified 2026-08-16,Yes
Nigeria,GA,mathematics;WASSCE;question;exam analysis,A,Official examination council e-learning archive,West African Examinations Council Mathematics e-Learning (Nigeria),https://www.waeconline.org.ng/e-learning/Mathematics/mathsmain.html,"General Mathematics Paper 2,May/June. 2012",https://www.waeconline.org.ng/e-learning/Mathematics/maths221mq2.html,Question page,English,Official public WAEC Nigeria e-learning page with substantive mathematics question content or examiner analysis; retained as a free web resource after direct HTTP and text-content audit.,Free public web resource,Official source HTTP 200 + substantive English page audit · verified 2026-08-16,Yes
Nigeria,GA,mathematics;WASSCE;question;exam analysis,A,Official examination council e-learning archive,West African Examinations Council Mathematics e-Learning (Nigeria),https://www.waeconline.org.ng/e-learning/Mathematics/mathsmain.html,"General Mathematics Paper 2,May/June. 2012",https://www.waeconline.org.ng/e-learning/Mathematics/maths221mq3.html,Question page,English,Official public WAEC Nigeria e-learning page with substantive mathematics question content or examiner analysis; retained as a free web resource after direct HTTP and text-content audit.,Free public web resource,Official source HTTP 200 + substantive English page audit · verified 2026-08-16,Yes
Nigeria,GA,mathematics;WASSCE;question;exam analysis,A,Official examination council e-learning archive,West African Examinations Council Mathematics e-Learning (Nigeria),https://www.waeconline.org.ng/e-learning/Mathematics/mathsmain.html,"General Mathematics Paper 2,May/June. 2012",https://www.waeconline.org.ng/e-learning/Mathematics/maths221mq4.html,Question page,English,Official public WAEC Nigeria e-learning page with substantive mathematics question content or examiner analysis; retained as a free web resource after direct HTTP and text-content audit.,Free public web resource,Official source HTTP 200 + substantive English page audit · verified 2026-08-16,Yes
Nigeria,GA,mathematics;WASSCE;question;exam analysis,A,Official examination council e-learning archive,West African Examinations Council Mathematics e-Learning (Nigeria),https://www.waeconline.org.ng/e-learning/Mathematics/mathsmain.html,"General Mathematics Paper 2,May/June. 2012",https://www.waeconline.org.ng/e-learning/Mathematics/maths221mq5.html,Question page,English,Official public WAEC Nigeria e-learning page with substantive mathematics question content or examiner analysis; retained as a free web resource after direct HTTP and text-content audit.,Free public web resource,Official source HTTP 200 + substantive English page audit · verified 2026-08-16,Yes
Nigeria,GA,mathematics;WASSCE;question;exam analysis,A,Official examination council e-learning archive,West African Examinations Council Mathematics e-Learning (Nigeria),https://www.waeconline.org.ng/e-learning/Mathematics/mathsmain.html,"General Mathematics Paper 2,May/June. 2012",https://www.waeconline.org.ng/e-learning/Mathematics/maths221mq6.html,Question page,English,Official public WAEC Nigeria e-learning page with substantive mathematics question content or examiner analysis; retained as a free web resource after direct HTTP and text-content audit.,Free public web resource,Official source HTTP 200 + substantive English page audit · verified 2026-08-16,Yes
Nigeria,GA,mathematics;WASSCE;question;exam analysis,A,Official examination council e-learning archive,West African Examinations Council Mathematics e-Learning (Nigeria),https://www.waeconline.org.ng/e-learning/Mathematics/mathsmain.html,"General Mathematics Paper 2,May/June. 2012",https://www.waeconline.org.ng/e-learning/Mathematics/maths221mq7.html,Question page,English,Official public WAEC Nigeria e-learning page with substantive mathematics question content or examiner analysis; retained as a free web resource after direct HTTP and text-content audit.,Free public web resource,Official source HTTP 200 + substantive English page audit · verified 2026-08-16,Yes
Nigeria,GA,mathematics;WASSCE;question;exam analysis,A,Official examination council e-learning archive,West African Examinations Council Mathematics e-Learning (Nigeria),https://www.waeconline.org.ng/e-learning/Mathematics/mathsmain.html,"General Mathematics Paper 2,May/June. 2012",https://www.waeconline.org.ng/e-learning/Mathematics/maths221mq8.html,Question page,English,Official public WAEC Nigeria e-learning page with substantive mathematics question content or examiner analysis; retained as a free web resource after direct HTTP and text-content audit.,Free public web resource,Official source HTTP 200 + substantive English page audit · verified 2026-08-16,Yes
Nigeria,GA,mathematics;WASSCE;question;exam analysis,A,Official examination council e-learning archive,West African Examinations Council Mathematics e-Learning (Nigeria),https://www.waeconline.org.ng/e-learning/Mathematics/mathsmain.html,"General Mathematics Paper 2,May/June. 2012",https://www.waeconline.org.ng/e-learning/Mathematics/maths221mq9.html,Question page,English,Official public WAEC Nigeria e-learning page with substantive mathematics question content or examiner analysis; retained as a free web resource after direct HTTP and text-content audit.,Free public web resource,Official source HTTP 200 + substantive English page audit · verified 2026-08-16,Yes
Nigeria,EM,mathematics;WASSCE;question;exam analysis,A,Official examination council e-learning archive,West African Examinations Council Mathematics e-Learning (Nigeria),https://www.waeconline.org.ng/e-learning/Mathematics/mathsmain.html,"General Mathematics Paper 2,May/June. 2012 - Candidates' Strength",https://www.waeconline.org.ng/e-learning/Mathematics/maths221ms.html,Examiner analysis,English,Official public WAEC Nigeria e-learning page with substantive mathematics question content or examiner analysis; retained as a free web resource after direct HTTP and text-content audit.,Free public web resource,Official source HTTP 200 + substantive English page audit · verified 2026-08-16,Yes
Nigeria,EM,mathematics;WASSCE;question;exam analysis,A,Official examination council e-learning archive,West African Examinations Council Mathematics e-Learning (Nigeria),https://www.waeconline.org.ng/e-learning/Mathematics/mathsmain.html,"General Mathematics Paper 2,May/June. 2012 - Candidates' Weakness/Remedies",https://www.waeconline.org.ng/e-learning/Mathematics/maths221mw.html,Examiner analysis,English,Official public WAEC Nigeria e-learning page with substantive mathematics question content or examiner analysis; retained as a free web resource after direct HTTP and text-content audit.,Free public web resource,Official source HTTP 200 + substantive English page audit · verified 2026-08-16,Yes
Nigeria,GA,mathematics;WASSCE;question;exam analysis,A,Official examination council e-learning archive,West African Examinations Council Mathematics e-Learning (Nigeria),https://www.waeconline.org.ng/e-learning/Mathematics/mathsmain.html,"General Mathematics Paper 2,May/June. 2013",https://www.waeconline.org.ng/e-learning/Mathematics/maths222mq1.html,Question page,English,Official public WAEC Nigeria e-learning page with substantive mathematics question content or examiner analysis; retained as a free web resource after direct HTTP and text-content audit.,Free public web resource,Official source HTTP 200 + substantive English page audit · verified 2026-08-16,Yes
Nigeria,GA,mathematics;WASSCE;question;exam analysis,A,Official examination council e-learning archive,West African Examinations Council Mathematics e-Learning (Nigeria),https://www.waeconline.org.ng/e-learning/Mathematics/mathsmain.html,"General Mathematics Paper 2,May/June. 2013",https://www.waeconline.org.ng/e-learning/Mathematics/maths222mq10.html,Question page,English,Official public WAEC Nigeria e-learning page with substantive mathematics question content or examiner analysis; retained as a free web resource after direct HTTP and text-content audit.,Free public web resource,Official source HTTP 200 + substantive English page audit · verified 2026-08-16,Yes
Nigeria,GA,mathematics;WASSCE;question;exam analysis,A,Official examination council e-learning archive,West African Examinations Council Mathematics e-Learning (Nigeria),https://www.waeconline.org.ng/e-learning/Mathematics/mathsmain.html,"General Mathematics Paper 2,May/June. 2013",https://www.waeconline.org.ng/e-learning/Mathematics/maths222mq11.html,Question page,English,Official public WAEC Nigeria e-learning page with substantive mathematics question content or examiner analysis; retained as a free web resource after direct HTTP and text-content audit.,Free public web resource,Official source HTTP 200 + substantive English page audit · verified 2026-08-16,Yes
Nigeria,GA,mathematics;WASSCE;question;exam analysis,A,Official examination council e-learning archive,West African Examinations Council Mathematics e-Learning (Nigeria),https://www.waeconline.org.ng/e-learning/Mathematics/mathsmain.html,"General Mathematics Paper 2,May/June. 2013",https://www.waeconline.org.ng/e-learning/Mathematics/maths222mq12.html,Question page,English,Official public WAEC Nigeria e-learning page with substantive mathematics question content or examiner analysis; retained as a free web resource after direct HTTP and text-content audit.,Free public web resource,Official source HTTP 200 + substantive English page audit · verified 2026-08-16,Yes
Nigeria,GA,mathematics;WASSCE;question;exam analysis,A,Official examination council e-learning archive,West African Examinations Council Mathematics e-Learning (Nigeria),https://www.waeconline.org.ng/e-learning/Mathematics/mathsmain.html,"General Mathematics Paper 2,May/June. 2013",https://www.waeconline.org.ng/e-learning/Mathematics/maths222mq13.html,Question page,English,Official public WAEC Nigeria e-learning page with substantive mathematics question content or examiner analysis; retained as a free web resource after direct HTTP and text-content audit.,Free public web resource,Official source HTTP 200 + substantive English page audit · verified 2026-08-16,Yes
Nigeria,GA,mathematics;WASSCE;question;exam analysis,A,Official examination council e-learning archive,West African Examinations Council Mathematics e-Learning (Nigeria),https://www.waeconline.org.ng/e-learning/Mathematics/mathsmain.html,"General Mathematics Paper 2,May/June. 2013",https://www.waeconline.org.ng/e-learning/Mathematics/maths222mq2.html,Question page,English,Official public WAEC Nigeria e-learning page with substantive mathematics question content or examiner analysis; retained as a free web resource after direct HTTP and text-content audit.,Free public web resource,Official source HTTP 200 + substantive English page audit · verified 2026-08-16,Yes
Nigeria,GA,mathematics;WASSCE;question;exam analysis,A,Official examination council e-learning archive,West African Examinations Council Mathematics e-Learning (Nigeria),https://www.waeconline.org.ng/e-learning/Mathematics/mathsmain.html,"General Mathematics Paper 2,May/June. 2013",https://www.waeconline.org.ng/e-learning/Mathematics/maths222mq3.html,Question page,English,Official public WAEC Nigeria e-learning page with substantive mathematics question content or examiner analysis; retained as a free web resource after direct HTTP and text-content audit.,Free public web resource,Official source HTTP 200 + substantive English page audit · verified 2026-08-16,Yes
Nigeria,GA,mathematics;WASSCE;question;exam analysis,A,Official examination council e-learning archive,West African Examinations Council Mathematics e-Learning (Nigeria),https://www.waeconline.org.ng/e-learning/Mathematics/mathsmain.html,"General Mathematics Paper 2,May/June. 2013",https://www.waeconline.org.ng/e-learning/Mathematics/maths222mq4.html,Question page,English,Official public WAEC Nigeria e-learning page with substantive mathematics question content or examiner analysis; retained as a free web resource after direct HTTP and text-content audit.,Free public web resource,Official source HTTP 200 + substantive English page audit · verified 2026-08-16,Yes
Nigeria,GA,mathematics;WASSCE;question;exam analysis,A,Official examination council e-learning archive,West African Examinations Council Mathematics e-Learning (Nigeria),https://www.waeconline.org.ng/e-learning/Mathematics/mathsmain.html,"General Mathematics Paper 2,May/June. 2013",https://www.waeconline.org.ng/e-learning/Mathematics/maths222mq7.html,Question page,English,Official public WAEC Nigeria e-learning page with substantive mathematics question content or examiner analysis; retained as a free web resource after direct HTTP and text-content audit.,Free public web resource,Official source HTTP 200 + substantive English page audit · verified 2026-08-16,Yes
Nigeria,GA,mathematics;WASSCE;question;exam analysis,A,Official examination council e-learning archive,West African Examinations Council Mathematics e-Learning (Nigeria),https://www.waeconline.org.ng/e-learning/Mathematics/mathsmain.html,"General Mathematics Paper 2,May/June. 2013",https://www.waeconline.org.ng/e-learning/Mathematics/maths222mq8.html,Question page,English,Official public WAEC Nigeria e-learning page with substantive mathematics question content or examiner analysis; retained as a free web resource after direct HTTP and text-content audit.,Free public web resource,Official source HTTP 200 + substantive English page audit · verified 2026-08-16,Yes
Nigeria,GA,mathematics;WASSCE;question;exam analysis,A,Official examination council e-learning archive,West African Examinations Council Mathematics e-Learning (Nigeria),https://www.waeconline.org.ng/e-learning/Mathematics/mathsmain.html,"General Mathematics Paper 2,May/June. 2013",https://www.waeconline.org.ng/e-learning/Mathematics/maths222mq9.html,Question page,English,Official public WAEC Nigeria e-learning page with substantive mathematics question content or examiner analysis; retained as a free web resource after direct HTTP and text-content audit.,Free public web resource,Official source HTTP 200 + substantive English page audit · verified 2026-08-16,Yes
Nigeria,EM,mathematics;WASSCE;question;exam analysis,A,Official examination council e-learning archive,West African Examinations Council Mathematics e-Learning (Nigeria),https://www.waeconline.org.ng/e-learning/Mathematics/mathsmain.html,"General Mathematics Paper 2,May/June. 2013 - Candidates' Strength",https://www.waeconline.org.ng/e-learning/Mathematics/maths222ms.html,Examiner analysis,English,Official public WAEC Nigeria e-learning page with substantive mathematics question content or examiner analysis; retained as a free web resource after direct HTTP and text-content audit.,Free public web resource,Official source HTTP 200 + substantive English page audit · verified 2026-08-16,Yes
Nigeria,EM,mathematics;WASSCE;question;exam analysis,A,Official examination council e-learning archive,West African Examinations Council Mathematics e-Learning (Nigeria),https://www.waeconline.org.ng/e-learning/Mathematics/mathsmain.html,"General Mathematics Paper 2,May/June. 2013 - Candidates' Weakness/Remedies",https://www.waeconline.org.ng/e-learning/Mathematics/maths222mw.html,Examiner analysis,English,Official public WAEC Nigeria e-learning page with substantive mathematics question content or examiner analysis; retained as a free web resource after direct HTTP and text-content audit.,Free public web resource,Official source HTTP 200 + substantive English page audit · verified 2026-08-16,Yes
Nigeria,EM,mathematics;WASSCE;question;exam analysis,A,Official examination council e-learning archive,West African Examinations Council Mathematics e-Learning (Nigeria),https://www.waeconline.org.ng/e-learning/Mathematics/mathsmain.html,"General Mathematics Paper 2,Nov/Dec. 2014",https://www.waeconline.org.ng/e-learning/Mathematics/maths223Nq1.html,Examiner analysis,English,Official public WAEC Nigeria e-learning page with substantive mathematics question content or examiner analysis; retained as a free web resource after direct HTTP and text-content audit.,Free public web resource,Official source HTTP 200 + substantive English page audit · verified 2026-08-16,Yes
Nigeria,EM,mathematics;WASSCE;question;exam analysis,A,Official examination council e-learning archive,West African Examinations Council Mathematics e-Learning (Nigeria),https://www.waeconline.org.ng/e-learning/Mathematics/mathsmain.html,"General Mathematics Paper 2,Nov/Dec. 2014",https://www.waeconline.org.ng/e-learning/Mathematics/maths223Nq10.html,Examiner analysis,English,Official public WAEC Nigeria e-learning page with substantive mathematics question content or examiner analysis; retained as a free web resource after direct HTTP and text-content audit.,Free public web resource,Official source HTTP 200 + substantive English page audit · verified 2026-08-16,Yes
Nigeria,EM,mathematics;WASSCE;question;exam analysis,A,Official examination council e-learning archive,West African Examinations Council Mathematics e-Learning (Nigeria),https://www.waeconline.org.ng/e-learning/Mathematics/mathsmain.html,"General Mathematics Paper 2,Nov/Dec. 2014",https://www.waeconline.org.ng/e-learning/Mathematics/maths223Nq11.html,Examiner analysis,English,Official public WAEC Nigeria e-learning page with substantive mathematics question content or examiner analysis; retained as a free web resource after direct HTTP and text-content audit.,Free public web resource,Official source HTTP 200 + substantive English page audit · verified 2026-08-16,Yes
Nigeria,EM,mathematics;WASSCE;question;exam analysis,A,Official examination council e-learning archive,West African Examinations Council Mathematics e-Learning (Nigeria),https://www.waeconline.org.ng/e-learning/Mathematics/mathsmain.html,"General Mathematics Paper 2,Nov/Dec. 2014",https://www.waeconline.org.ng/e-learning/Mathematics/maths223Nq12.html,Examiner analysis,English,Official public WAEC Nigeria e-learning page with substantive mathematics question content or examiner analysis; retained as a free web resource after direct HTTP and text-content audit.,Free public web resource,Official source HTTP 200 + substantive English page audit · verified 2026-08-16,Yes
Nigeria,EM,mathematics;WASSCE;question;exam analysis,A,Official examination council e-learning archive,West African Examinations Council Mathematics e-Learning (Nigeria),https://www.waeconline.org.ng/e-learning/Mathematics/mathsmain.html,"General Mathematics Paper 2,Nov/Dec. 2014",https://www.waeconline.org.ng/e-learning/Mathematics/maths223Nq13.html,Examiner analysis,English,Official public WAEC Nigeria e-learning page with substantive mathematics question content or examiner analysis; retained as a free web resource after direct HTTP and text-content audit.,Free public web resource,Official source HTTP 200 + substantive English page audit · verified 2026-08-16,Yes
Nigeria,EM,mathematics;WASSCE;question;exam analysis,A,Official examination council e-learning archive,West African Examinations Council Mathematics e-Learning (Nigeria),https://www.waeconline.org.ng/e-learning/Mathematics/mathsmain.html,"General Mathematics Paper 2,Nov/Dec. 2014",https://www.waeconline.org.ng/e-learning/Mathematics/maths223Nq2.html,Examiner analysis,English,Official public WAEC Nigeria e-learning page with substantive mathematics question content or examiner analysis; retained as a free web resource after direct HTTP and text-content audit.,Free public web resource,Official source HTTP 200 + substantive English page audit · verified 2026-08-16,Yes
Nigeria,EM,mathematics;WASSCE;question;exam analysis,A,Official examination council e-learning archive,West African Examinations Council Mathematics e-Learning (Nigeria),https://www.waeconline.org.ng/e-learning/Mathematics/mathsmain.html,"General Mathematics Paper 2,Nov/Dec. 2014",https://www.waeconline.org.ng/e-learning/Mathematics/maths223Nq3.html,Examiner analysis,English,Official public WAEC Nigeria e-learning page with substantive mathematics question content or examiner analysis; retained as a free web resource after direct HTTP and text-content audit.,Free public web resource,Official source HTTP 200 + substantive English page audit · verified 2026-08-16,Yes
Nigeria,EM,mathematics;WASSCE;question;exam analysis,A,Official examination council e-learning archive,West African Examinations Council Mathematics e-Learning (Nigeria),https://www.waeconline.org.ng/e-learning/Mathematics/mathsmain.html,"General Mathematics Paper 2,Nov/Dec. 2014",https://www.waeconline.org.ng/e-learning/Mathematics/maths223Nq4.html,Examiner analysis,English,Official public WAEC Nigeria e-learning page with substantive mathematics question content or examiner analysis; retained as a free web resource after direct HTTP and text-content audit.,Free public web resource,Official source HTTP 200 + substantive English page audit · verified 2026-08-16,Yes
Nigeria,EM,mathematics;WASSCE;question;exam analysis,A,Official examination council e-learning archive,West African Examinations Council Mathematics e-Learning (Nigeria),https://www.waeconline.org.ng/e-learning/Mathematics/mathsmain.html,"General Mathematics Paper 2,Nov/Dec. 2014",https://www.waeconline.org.ng/e-learning/Mathematics/maths223Nq5.html,Examiner analysis,English,Official public WAEC Nigeria e-learning page with substantive mathematics question content or examiner analysis; retained as a free web resource after direct HTTP and text-content audit.,Free public web resource,Official source HTTP 200 + substantive English page audit · verified 2026-08-16,Yes
Nigeria,EM,mathematics;WASSCE;question;exam analysis,A,Official examination council e-learning archive,West African Examinations Council Mathematics e-Learning (Nigeria),https://www.waeconline.org.ng/e-learning/Mathematics/mathsmain.html,"General Mathematics Paper 2,Nov/Dec. 2014",https://www.waeconline.org.ng/e-learning/Mathematics/maths223Nq6.html,Examiner analysis,English,Official public WAEC Nigeria e-learning page with substantive mathematics question content or examiner analysis; retained as a free web resource after direct HTTP and text-content audit.,Free public web resource,Official source HTTP 200 + substantive English page audit · verified 2026-08-16,Yes
Nigeria,EM,mathematics;WASSCE;question;exam analysis,A,Official examination council e-learning archive,West African Examinations Council Mathematics e-Learning (Nigeria),https://www.waeconline.org.ng/e-learning/Mathematics/mathsmain.html,"General Mathematics Paper 2,Nov/Dec. 2014",https://www.waeconline.org.ng/e-learning/Mathematics/maths223Nq7.html,Examiner analysis,English,Official public WAEC Nigeria e-learning page with substantive mathematics question content or examiner analysis; retained as a free web resource after direct HTTP and text-content audit.,Free public web resource,Official source HTTP 200 + substantive English page audit · verified 2026-08-16,Yes
Nigeria,EM,mathematics;WASSCE;question;exam analysis,A,Official examination council e-learning archive,West African Examinations Council Mathematics e-Learning (Nigeria),https://www.waeconline.org.ng/e-learning/Mathematics/mathsmain.html,"General Mathematics Paper 2,Nov/Dec. 2014",https://www.waeconline.org.ng/e-learning/Mathematics/maths223Nq8.html,Examiner analysis,English,Official public WAEC Nigeria e-learning page with substantive mathematics question content or examiner analysis; retained as a free web resource after direct HTTP and text-content audit.,Free public web resource,Official source HTTP 200 + substantive English page audit · verified 2026-08-16,Yes
Nigeria,EM,mathematics;WASSCE;question;exam analysis,A,Official examination council e-learning archive,West African Examinations Council Mathematics e-Learning (Nigeria),https://www.waeconline.org.ng/e-learning/Mathematics/mathsmain.html,"General Mathematics Paper 2,Nov/Dec. 2014",https://www.waeconline.org.ng/e-learning/Mathematics/maths223Ns.html,Examiner analysis,English,Official public WAEC Nigeria e-learning page with substantive mathematics question content or examiner analysis; retained as a free web resource after direct HTTP and text-content audit.,Free public web resource,Official source HTTP 200 + substantive English page audit · verified 2026-08-16,Yes
Nigeria,GA,mathematics;WASSCE;question;exam analysis,A,Official examination council e-learning archive,West African Examinations Council Mathematics e-Learning (Nigeria),https://www.waeconline.org.ng/e-learning/Mathematics/mathsmain.html,"General Mathematics Paper 2,May/June. 2014",https://www.waeconline.org.ng/e-learning/Mathematics/maths223mq10.html,Question page,English,Official public WAEC Nigeria e-learning page with substantive mathematics question content or examiner analysis; retained as a free web resource after direct HTTP and text-content audit.,Free public web resource,Official source HTTP 200 + substantive English page audit · verified 2026-08-16,Yes
Nigeria,GA,mathematics;WASSCE;question;exam analysis,A,Official examination council e-learning archive,West African Examinations Council Mathematics e-Learning (Nigeria),https://www.waeconline.org.ng/e-learning/Mathematics/mathsmain.html,"General Mathematics Paper 2,May/June. 2014",https://www.waeconline.org.ng/e-learning/Mathematics/maths223mq11.html,Question page,English,Official public WAEC Nigeria e-learning page with substantive mathematics question content or examiner analysis; retained as a free web resource after direct HTTP and text-content audit.,Free public web resource,Official source HTTP 200 + substantive English page audit · verified 2026-08-16,Yes
Nigeria,GA,mathematics;WASSCE;question;exam analysis,A,Official examination council e-learning archive,West African Examinations Council Mathematics e-Learning (Nigeria),https://www.waeconline.org.ng/e-learning/Mathematics/mathsmain.html,"General Mathematics Paper 2,May/June. 2014",https://www.waeconline.org.ng/e-learning/Mathematics/maths223mq12.html,Question page,English,Official public WAEC Nigeria e-learning page with substantive mathematics question content or examiner analysis; retained as a free web resource after direct HTTP and text-content audit.,Free public web resource,Official source HTTP 200 + substantive English page audit · verified 2026-08-16,Yes
Nigeria,GA,mathematics;WASSCE;question;exam analysis,A,Official examination council e-learning archive,West African Examinations Council Mathematics e-Learning (Nigeria),https://www.waeconline.org.ng/e-learning/Mathematics/mathsmain.html,"General Mathematics Paper 2,May/June. 2014",https://www.waeconline.org.ng/e-learning/Mathematics/maths223mq13.html,Question page,English,Official public WAEC Nigeria e-learning page with substantive mathematics question content or examiner analysis; retained as a free web resource after direct HTTP and text-content audit.,Free public web resource,Official source HTTP 200 + substantive English page audit · verified 2026-08-16,Yes
Nigeria,GA,mathematics;WASSCE;question;exam analysis,A,Official examination council e-learning archive,West African Examinations Council Mathematics e-Learning (Nigeria),https://www.waeconline.org.ng/e-learning/Mathematics/mathsmain.html,"General Mathematics Paper 2,May/June. 2014",https://www.waeconline.org.ng/e-learning/Mathematics/maths223mq3.html,Question page,English,Official public WAEC Nigeria e-learning page with substantive mathematics question content or examiner analysis; retained as a free web resource after direct HTTP and text-content audit.,Free public web resource,Official source HTTP 200 + substantive English page audit · verified 2026-08-16,Yes
Nigeria,GA,mathematics;WASSCE;question;exam analysis,A,Official examination council e-learning archive,West African Examinations Council Mathematics e-Learning (Nigeria),https://www.waeconline.org.ng/e-learning/Mathematics/mathsmain.html,"General Mathematics Paper 2,May/June. 2014",https://www.waeconline.org.ng/e-learning/Mathematics/maths223mq4.html,Question page,English,Official public WAEC Nigeria e-learning page with substantive mathematics question content or examiner analysis; retained as a free web resource after direct HTTP and text-content audit.,Free public web resource,Official source HTTP 200 + substantive English page audit · verified 2026-08-16,Yes
Nigeria,GA,mathematics;WASSCE;question;exam analysis,A,Official examination council e-learning archive,West African Examinations Council Mathematics e-Learning (Nigeria),https://www.waeconline.org.ng/e-learning/Mathematics/mathsmain.html,"General Mathematics Paper 2,May/June. 2014",https://www.waeconline.org.ng/e-learning/Mathematics/maths223mq5.html,Question page,English,Official public WAEC Nigeria e-learning page with substantive mathematics question content or examiner analysis; retained as a free web resource after direct HTTP and text-content audit.,Free public web resource,Official source HTTP 200 + substantive English page audit · verified 2026-08-16,Yes
Nigeria,GA,mathematics;WASSCE;question;exam analysis,A,Official examination council e-learning archive,West African Examinations Council Mathematics e-Learning (Nigeria),https://www.waeconline.org.ng/e-learning/Mathematics/mathsmain.html,"General Mathematics Paper 2,May/June. 2014",https://www.waeconline.org.ng/e-learning/Mathematics/maths223mq6.html,Question page,English,Official public WAEC Nigeria e-learning page with substantive mathematics question content or examiner analysis; retained as a free web resource after direct HTTP and text-content audit.,Free public web resource,Official source HTTP 200 + substantive English page audit · verified 2026-08-16,Yes
Nigeria,GA,mathematics;WASSCE;question;exam analysis,A,Official examination council e-learning archive,West African Examinations Council Mathematics e-Learning (Nigeria),https://www.waeconline.org.ng/e-learning/Mathematics/mathsmain.html,"General Mathematics Paper 2,May/June. 2014",https://www.waeconline.org.ng/e-learning/Mathematics/maths223mq7.html,Question page,English,Official public WAEC Nigeria e-learning page with substantive mathematics question content or examiner analysis; retained as a free web resource after direct HTTP and text-content audit.,Free public web resource,Official source HTTP 200 + substantive English page audit · verified 2026-08-16,Yes
Nigeria,GA,mathematics;WASSCE;question;exam analysis,A,Official examination council e-learning archive,West African Examinations Council Mathematics e-Learning (Nigeria),https://www.waeconline.org.ng/e-learning/Mathematics/mathsmain.html,"General Mathematics Paper 2,May/June. 2014",https://www.waeconline.org.ng/e-learning/Mathematics/maths223mq8.html,Question page,English,Official public WAEC Nigeria e-learning page with substantive mathematics question content or examiner analysis; retained as a free web resource after direct HTTP and text-content audit.,Free public web resource,Official source HTTP 200 + substantive English page audit · verified 2026-08-16,Yes
Nigeria,GA,mathematics;WASSCE;question;exam analysis,A,Official examination council e-learning archive,West African Examinations Council Mathematics e-Learning (Nigeria),https://www.waeconline.org.ng/e-learning/Mathematics/mathsmain.html,"General Mathematics Paper 2,May/June. 2014",https://www.waeconline.org.ng/e-learning/Mathematics/maths223mq9.html,Question page,English,Official public WAEC Nigeria e-learning page with substantive mathematics question content or examiner analysis; retained as a free web resource after direct HTTP and text-content audit.,Free public web resource,Official source HTTP 200 + substantive English page audit · verified 2026-08-16,Yes
Nigeria,EM,mathematics;WASSCE;question;exam analysis,A,Official examination council e-learning archive,West African Examinations Council Mathematics e-Learning (Nigeria),https://www.waeconline.org.ng/e-learning/Mathematics/mathsmain.html,"General Mathematics Paper 2,May/June. 2014",https://www.waeconline.org.ng/e-learning/Mathematics/maths223ms.html,Examiner analysis,English,Official public WAEC Nigeria e-learning page with substantive mathematics question content or examiner analysis; retained as a free web resource after direct HTTP and text-content audit.,Free public web resource,Official source HTTP 200 + substantive English page audit · verified 2026-08-16,Yes
Nigeria,EM,mathematics;WASSCE;question;exam analysis,A,Official examination council e-learning archive,West African Examinations Council Mathematics e-Learning (Nigeria),https://www.waeconline.org.ng/e-learning/Mathematics/mathsmain.html,"General Mathematics Paper 2,May/June. 2014",https://www.waeconline.org.ng/e-learning/Mathematics/maths223mw.html,Examiner analysis,English,Official public WAEC Nigeria e-learning page with substantive mathematics question content or examiner analysis; retained as a free web resource after direct HTTP and text-content audit.,Free public web resource,Official source HTTP 200 + substantive English page audit · verified 2026-08-16,Yes
Nigeria,GA,mathematics;WASSCE;question;exam analysis,A,Official examination council e-learning archive,West African Examinations Council Mathematics e-Learning (Nigeria),https://www.waeconline.org.ng/e-learning/Mathematics/mathsmain.html,"General Mathematics Paper 2, May/June. 2015",https://www.waeconline.org.ng/e-learning/Mathematics/maths224mq1.html,Question page,English,Official public WAEC Nigeria e-learning page with substantive mathematics question content or examiner analysis; retained as a free web resource after direct HTTP and text-content audit.,Free public web resource,Official source HTTP 200 + substantive English page audit · verified 2026-08-16,Yes
Nigeria,GA,mathematics;WASSCE;question;exam analysis,A,Official examination council e-learning archive,West African Examinations Council Mathematics e-Learning (Nigeria),https://www.waeconline.org.ng/e-learning/Mathematics/mathsmain.html,"General Mathematics Paper 2, May/June. 2015",https://www.waeconline.org.ng/e-learning/Mathematics/maths224mq10.html,Question page,English,Official public WAEC Nigeria e-learning page with substantive mathematics question content or examiner analysis; retained as a free web resource after direct HTTP and text-content audit.,Free public web resource,Official source HTTP 200 + substantive English page audit · verified 2026-08-16,Yes
Nigeria,GA,mathematics;WASSCE;question;exam analysis,A,Official examination council e-learning archive,West African Examinations Council Mathematics e-Learning (Nigeria),https://www.waeconline.org.ng/e-learning/Mathematics/mathsmain.html,"General Mathematics Paper 2, May/June. 2015",https://www.waeconline.org.ng/e-learning/Mathematics/maths224mq11.html,Question page,English,Official public WAEC Nigeria e-learning page with substantive mathematics question content or examiner analysis; retained as a free web resource after direct HTTP and text-content audit.,Free public web resource,Official source HTTP 200 + substantive English page audit · verified 2026-08-16,Yes
Nigeria,GA,mathematics;WASSCE;question;exam analysis,A,Official examination council e-learning archive,West African Examinations Council Mathematics e-Learning (Nigeria),https://www.waeconline.org.ng/e-learning/Mathematics/mathsmain.html,"General Mathematics Paper 2, May/June. 2015",https://www.waeconline.org.ng/e-learning/Mathematics/maths224mq12.html,Question page,English,Official public WAEC Nigeria e-learning page with substantive mathematics question content or examiner analysis; retained as a free web resource after direct HTTP and text-content audit.,Free public web resource,Official source HTTP 200 + substantive English page audit · verified 2026-08-16,Yes
Nigeria,GA,mathematics;WASSCE;question;exam analysis,A,Official examination council e-learning archive,West African Examinations Council Mathematics e-Learning (Nigeria),https://www.waeconline.org.ng/e-learning/Mathematics/mathsmain.html,"General Mathematics Paper 2, May/June. 2015",https://www.waeconline.org.ng/e-learning/Mathematics/maths224mq13.html,Question page,English,Official public WAEC Nigeria e-learning page with substantive mathematics question content or examiner analysis; retained as a free web resource after direct HTTP and text-content audit.,Free public web resource,Official source HTTP 200 + substantive English page audit · verified 2026-08-16,Yes
Nigeria,GA,mathematics;WASSCE;question;exam analysis,A,Official examination council e-learning archive,West African Examinations Council Mathematics e-Learning (Nigeria),https://www.waeconline.org.ng/e-learning/Mathematics/mathsmain.html,"General Mathematics Paper 2, May/June. 2015",https://www.waeconline.org.ng/e-learning/Mathematics/maths224mq2.html,Question page,English,Official public WAEC Nigeria e-learning page with substantive mathematics question content or examiner analysis; retained as a free web resource after direct HTTP and text-content audit.,Free public web resource,Official source HTTP 200 + substantive English page audit · verified 2026-08-16,Yes
Nigeria,GA,mathematics;WASSCE;question;exam analysis,A,Official examination council e-learning archive,West African Examinations Council Mathematics e-Learning (Nigeria),https://www.waeconline.org.ng/e-learning/Mathematics/mathsmain.html,"General Mathematics Paper 2, May/June. 2015",https://www.waeconline.org.ng/e-learning/Mathematics/maths224mq3.html,Question page,English,Official public WAEC Nigeria e-learning page with substantive mathematics question content or examiner analysis; retained as a free web resource after direct HTTP and text-content audit.,Free public web resource,Official source HTTP 200 + substantive English page audit · verified 2026-08-16,Yes
Nigeria,GA,mathematics;WASSCE;question;exam analysis,A,Official examination council e-learning archive,West African Examinations Council Mathematics e-Learning (Nigeria),https://www.waeconline.org.ng/e-learning/Mathematics/mathsmain.html,"General Mathematics Paper 2, WASSCE (SC), 2016",https://www.waeconline.org.ng/e-learning/Mathematics/maths224mq4.html,Question page,English,Official public WAEC Nigeria e-learning page with substantive mathematics question content or examiner analysis; retained as a free web resource after direct HTTP and text-content audit.,Free public web resource,Official source HTTP 200 + substantive English page audit · verified 2026-08-16,Yes
Nigeria,GA,mathematics;WASSCE;question;exam analysis,A,Official examination council e-learning archive,West African Examinations Council Mathematics e-Learning (Nigeria),https://www.waeconline.org.ng/e-learning/Mathematics/mathsmain.html,"General Mathematics Paper 2, May/June. 2015",https://www.waeconline.org.ng/e-learning/Mathematics/maths224mq5.html,Question page,English,Official public WAEC Nigeria e-learning page with substantive mathematics question content or examiner analysis; retained as a free web resource after direct HTTP and text-content audit.,Free public web resource,Official source HTTP 200 + substantive English page audit · verified 2026-08-16,Yes
Nigeria,GA,mathematics;WASSCE;question;exam analysis,A,Official examination council e-learning archive,West African Examinations Council Mathematics e-Learning (Nigeria),https://www.waeconline.org.ng/e-learning/Mathematics/mathsmain.html,"General Mathematics Paper 2, WASSCE (SC), 2016",https://www.waeconline.org.ng/e-learning/Mathematics/maths224mq6.html,Question page,English,Official public WAEC Nigeria e-learning page with substantive mathematics question content or examiner analysis; retained as a free web resource after direct HTTP and text-content audit.,Free public web resource,Official source HTTP 200 + substantive English page audit · verified 2026-08-16,Yes
Nigeria,GA,mathematics;WASSCE;question;exam analysis,A,Official examination council e-learning archive,West African Examinations Council Mathematics e-Learning (Nigeria),https://www.waeconline.org.ng/e-learning/Mathematics/mathsmain.html,"General Mathematics Paper 2, May/June. 2015",https://www.waeconline.org.ng/e-learning/Mathematics/maths224mq7.html,Question page,English,Official public WAEC Nigeria e-learning page with substantive mathematics question content or examiner analysis; retained as a free web resource after direct HTTP and text-content audit.,Free public web resource,Official source HTTP 200 + substantive English page audit · verified 2026-08-16,Yes
Nigeria,GA,mathematics;WASSCE;question;exam analysis,A,Official examination council e-learning archive,West African Examinations Council Mathematics e-Learning (Nigeria),https://www.waeconline.org.ng/e-learning/Mathematics/mathsmain.html,"General Mathematics Paper 2, May/June. 2015",https://www.waeconline.org.ng/e-learning/Mathematics/maths224mq8.html,Question page,English,Official public WAEC Nigeria e-learning page with substantive mathematics question content or examiner analysis; retained as a free web resource after direct HTTP and text-content audit.,Free public web resource,Official source HTTP 200 + substantive English page audit · verified 2026-08-16,Yes
Nigeria,GA,mathematics;WASSCE;question;exam analysis,A,Official examination council e-learning archive,West African Examinations Council Mathematics e-Learning (Nigeria),https://www.waeconline.org.ng/e-learning/Mathematics/mathsmain.html,"General Mathematics Paper 2, May/June. 2015",https://www.waeconline.org.ng/e-learning/Mathematics/maths224mq9.html,Question page,English,Official public WAEC Nigeria e-learning page with substantive mathematics question content or examiner analysis; retained as a free web resource after direct HTTP and text-content audit.,Free public web resource,Official source HTTP 200 + substantive English page audit · verified 2026-08-16,Yes
Nigeria,EM,mathematics;WASSCE;question;exam analysis,A,Official examination council e-learning archive,West African Examinations Council Mathematics e-Learning (Nigeria),https://www.waeconline.org.ng/e-learning/Mathematics/mathsmain.html,"General Mathematics Paper 2, May/June. 2015",https://www.waeconline.org.ng/e-learning/Mathematics/maths224ms.html,Examiner analysis,English,Official public WAEC Nigeria e-learning page with substantive mathematics question content or examiner analysis; retained as a free web resource after direct HTTP and text-content audit.,Free public web resource,Official source HTTP 200 + substantive English page audit · verified 2026-08-16,Yes
Nigeria,EM,mathematics;WASSCE;question;exam analysis,A,Official examination council e-learning archive,West African Examinations Council Mathematics e-Learning (Nigeria),https://www.waeconline.org.ng/e-learning/Mathematics/mathsmain.html,"General Mathematics Paper 2, May/June. 2015",https://www.waeconline.org.ng/e-learning/Mathematics/maths224mw.html,Examiner analysis,English,Official public WAEC Nigeria e-learning page with substantive mathematics question content or examiner analysis; retained as a free web resource after direct HTTP and text-content audit.,Free public web resource,Official source HTTP 200 + substantive English page audit · verified 2026-08-16,Yes
Nigeria,GA,mathematics;WASSCE;question;exam analysis,A,Official examination council e-learning archive,West African Examinations Council Mathematics e-Learning (Nigeria),https://www.waeconline.org.ng/e-learning/Mathematics/mathsmain.html,"General Mathematics Paper 2, WASSCE (SC), 2016",https://www.waeconline.org.ng/e-learning/Mathematics/maths225mq1.html,Question page,English,Official public WAEC Nigeria e-learning page with substantive mathematics question content or examiner analysis; retained as a free web resource after direct HTTP and text-content audit.,Free public web resource,Official source HTTP 200 + substantive English page audit · verified 2026-08-16,Yes
Nigeria,GA,mathematics;WASSCE;question;exam analysis,A,Official examination council e-learning archive,West African Examinations Council Mathematics e-Learning (Nigeria),https://www.waeconline.org.ng/e-learning/Mathematics/mathsmain.html,"General Mathematics Paper 2, May/June. 2015",https://www.waeconline.org.ng/e-learning/Mathematics/maths225mq10.html,Question page,English,Official public WAEC Nigeria e-learning page with substantive mathematics question content or examiner analysis; retained as a free web resource after direct HTTP and text-content audit.,Free public web resource,Official source HTTP 200 + substantive English page audit · verified 2026-08-16,Yes
Nigeria,GA,mathematics;WASSCE;question;exam analysis,A,Official examination council e-learning archive,West African Examinations Council Mathematics e-Learning (Nigeria),https://www.waeconline.org.ng/e-learning/Mathematics/mathsmain.html,"General Mathematics Paper 2, May/June. 2015",https://www.waeconline.org.ng/e-learning/Mathematics/maths225mq11.html,Question page,English,Official public WAEC Nigeria e-learning page with substantive mathematics question content or examiner analysis; retained as a free web resource after direct HTTP and text-content audit.,Free public web resource,Official source HTTP 200 + substantive English page audit · verified 2026-08-16,Yes
Nigeria,GA,mathematics;WASSCE;question;exam analysis,A,Official examination council e-learning archive,West African Examinations Council Mathematics e-Learning (Nigeria),https://www.waeconline.org.ng/e-learning/Mathematics/mathsmain.html,"General Mathematics Paper 2, May/June. 2015",https://www.waeconline.org.ng/e-learning/Mathematics/maths225mq12.html,Question page,English,Official public WAEC Nigeria e-learning page with substantive mathematics question content or examiner analysis; retained as a free web resource after direct HTTP and text-content audit.,Free public web resource,Official source HTTP 200 + substantive English page audit · verified 2026-08-16,Yes
Nigeria,GA,mathematics;WASSCE;question;exam analysis,A,Official examination council e-learning archive,West African Examinations Council Mathematics e-Learning (Nigeria),https://www.waeconline.org.ng/e-learning/Mathematics/mathsmain.html,"General Mathematics Paper 2, May/June. 2015",https://www.waeconline.org.ng/e-learning/Mathematics/maths225mq13.html,Question page,English,Official public WAEC Nigeria e-learning page with substantive mathematics question content or examiner analysis; retained as a free web resource after direct HTTP and text-content audit.,Free public web resource,Official source HTTP 200 + substantive English page audit · verified 2026-08-16,Yes
Nigeria,GA,mathematics;WASSCE;question;exam analysis,A,Official examination council e-learning archive,West African Examinations Council Mathematics e-Learning (Nigeria),https://www.waeconline.org.ng/e-learning/Mathematics/mathsmain.html,"General Mathematics Paper 2, WASSCE (SC), 2016",https://www.waeconline.org.ng/e-learning/Mathematics/maths225mq2.html,Question page,English,Official public WAEC Nigeria e-learning page with substantive mathematics question content or examiner analysis; retained as a free web resource after direct HTTP and text-content audit.,Free public web resource,Official source HTTP 200 + substantive English page audit · verified 2026-08-16,Yes
Nigeria,GA,mathematics;WASSCE;question;exam analysis,A,Official examination council e-learning archive,West African Examinations Council Mathematics e-Learning (Nigeria),https://www.waeconline.org.ng/e-learning/Mathematics/mathsmain.html,"General Mathematics Paper 2, WASSCE (SC), 2016",https://www.waeconline.org.ng/e-learning/Mathematics/maths225mq3.html,Question page,English,Official public WAEC Nigeria e-learning page with substantive mathematics question content or examiner analysis; retained as a free web resource after direct HTTP and text-content audit.,Free public web resource,Official source HTTP 200 + substantive English page audit · verified 2026-08-16,Yes
Nigeria,GA,mathematics;WASSCE;question;exam analysis,A,Official examination council e-learning archive,West African Examinations Council Mathematics e-Learning (Nigeria),https://www.waeconline.org.ng/e-learning/Mathematics/mathsmain.html,"General Mathematics Paper 2, WASSCE (SC), 2016",https://www.waeconline.org.ng/e-learning/Mathematics/maths225mq4.html,Question page,English,Official public WAEC Nigeria e-learning page with substantive mathematics question content or examiner analysis; retained as a free web resource after direct HTTP and text-content audit.,Free public web resource,Official source HTTP 200 + substantive English page audit · verified 2026-08-16,Yes
Nigeria,GA,mathematics;WASSCE;question;exam analysis,A,Official examination council e-learning archive,West African Examinations Council Mathematics e-Learning (Nigeria),https://www.waeconline.org.ng/e-learning/Mathematics/mathsmain.html,"General Mathematics Paper 2, WASSCE (SC), 2016",https://www.waeconline.org.ng/e-learning/Mathematics/maths225mq5.html,Question page,English,Official public WAEC Nigeria e-learning page with substantive mathematics question content or examiner analysis; retained as a free web resource after direct HTTP and text-content audit.,Free public web resource,Official source HTTP 200 + substantive English page audit · verified 2026-08-16,Yes
Nigeria,GA,mathematics;WASSCE;question;exam analysis,A,Official examination council e-learning archive,West African Examinations Council Mathematics e-Learning (Nigeria),https://www.waeconline.org.ng/e-learning/Mathematics/mathsmain.html,"General Mathematics Paper 2, WASSCE (SC), 2016",https://www.waeconline.org.ng/e-learning/Mathematics/maths225mq6.html,Question page,English,Official public WAEC Nigeria e-learning page with substantive mathematics question content or examiner analysis; retained as a free web resource after direct HTTP and text-content audit.,Free public web resource,Official source HTTP 200 + substantive English page audit · verified 2026-08-16,Yes
Nigeria,GA,mathematics;WASSCE;question;exam analysis,A,Official examination council e-learning archive,West African Examinations Council Mathematics e-Learning (Nigeria),https://www.waeconline.org.ng/e-learning/Mathematics/mathsmain.html,"General Mathematics Paper 2, WASSCE (SC), 2016",https://www.waeconline.org.ng/e-learning/Mathematics/maths225mq7.html,Question page,English,Official public WAEC Nigeria e-learning page with substantive mathematics question content or examiner analysis; retained as a free web resource after direct HTTP and text-content audit.,Free public web resource,Official source HTTP 200 + substantive English page audit · verified 2026-08-16,Yes
Nigeria,GA,mathematics;WASSCE;question;exam analysis,A,Official examination council e-learning archive,West African Examinations Council Mathematics e-Learning (Nigeria),https://www.waeconline.org.ng/e-learning/Mathematics/mathsmain.html,"General Mathematics Paper 2, May/June. 2015",https://www.waeconline.org.ng/e-learning/Mathematics/maths225mq8.html,Question page,English,Official public WAEC Nigeria e-learning page with substantive mathematics question content or examiner analysis; retained as a free web resource after direct HTTP and text-content audit.,Free public web resource,Official source HTTP 200 + substantive English page audit · verified 2026-08-16,Yes
Nigeria,GA,mathematics;WASSCE;question;exam analysis,A,Official examination council e-learning archive,West African Examinations Council Mathematics e-Learning (Nigeria),https://www.waeconline.org.ng/e-learning/Mathematics/mathsmain.html,"General Mathematics Paper 2, May/June. 2015",https://www.waeconline.org.ng/e-learning/Mathematics/maths225mq9.html,Question page,English,Official public WAEC Nigeria e-learning page with substantive mathematics question content or examiner analysis; retained as a free web resource after direct HTTP and text-content audit.,Free public web resource,Official source HTTP 200 + substantive English page audit · verified 2026-08-16,Yes
Nigeria,EM,mathematics;WASSCE;question;exam analysis,A,Official examination council e-learning archive,West African Examinations Council Mathematics e-Learning (Nigeria),https://www.waeconline.org.ng/e-learning/Mathematics/mathsmain.html,"General Mathematics Paper 2, WASSCE (SC), 2016",https://www.waeconline.org.ng/e-learning/Mathematics/maths225ms.html,Examiner analysis,English,Official public WAEC Nigeria e-learning page with substantive mathematics question content or examiner analysis; retained as a free web resource after direct HTTP and text-content audit.,Free public web resource,Official source HTTP 200 + substantive English page audit · verified 2026-08-16,Yes
Nigeria,EM,mathematics;WASSCE;question;exam analysis,A,Official examination council e-learning archive,West African Examinations Council Mathematics e-Learning (Nigeria),https://www.waeconline.org.ng/e-learning/Mathematics/mathsmain.html,"General Mathematics Paper 2, May/June. 2015",https://www.waeconline.org.ng/e-learning/Mathematics/maths225mw.html,Examiner analysis,English,Official public WAEC Nigeria e-learning page with substantive mathematics question content or examiner analysis; retained as a free web resource after direct HTTP and text-content audit.,Free public web resource,Official source HTTP 200 + substantive English page audit · verified 2026-08-16,Yes
Nigeria,EM,mathematics;WASSCE;question;exam analysis,A,Official examination council e-learning archive,West African Examinations Council Mathematics e-Learning (Nigeria),https://www.waeconline.org.ng/e-learning/Mathematics/mathsmain.html,"General Mathematics Paper 2, WASSCE (SC), 2016",https://www.waeconline.org.ng/e-learning/Mathematics/maths225nq1.html,Examiner analysis,English,Official public WAEC Nigeria e-learning page with substantive mathematics question content or examiner analysis; retained as a free web resource after direct HTTP and text-content audit.,Free public web resource,Official source HTTP 200 + substantive English page audit · verified 2026-08-16,Yes
Nigeria,EM,mathematics;WASSCE;question;exam analysis,A,Official examination council e-learning archive,West African Examinations Council Mathematics e-Learning (Nigeria),https://www.waeconline.org.ng/e-learning/Mathematics/mathsmain.html,"General Mathematics Paper 2, May/June. 2015",https://www.waeconline.org.ng/e-learning/Mathematics/maths225nq10.html,Examiner analysis,English,Official public WAEC Nigeria e-learning page with substantive mathematics question content or examiner analysis; retained as a free web resource after direct HTTP and text-content audit.,Free public web resource,Official source HTTP 200 + substantive English page audit · verified 2026-08-16,Yes
Nigeria,EM,mathematics;WASSCE;question;exam analysis,A,Official examination council e-learning archive,West African Examinations Council Mathematics e-Learning (Nigeria),https://www.waeconline.org.ng/e-learning/Mathematics/mathsmain.html,"General Mathematics Paper 2, May/June. 2015",https://www.waeconline.org.ng/e-learning/Mathematics/maths225nq11.html,Examiner analysis,English,Official public WAEC Nigeria e-learning page with substantive mathematics question content or examiner analysis; retained as a free web resource after direct HTTP and text-content audit.,Free public web resource,Official source HTTP 200 + substantive English page audit · verified 2026-08-16,Yes
Nigeria,EM,mathematics;WASSCE;question;exam analysis,A,Official examination council e-learning archive,West African Examinations Council Mathematics e-Learning (Nigeria),https://www.waeconline.org.ng/e-learning/Mathematics/mathsmain.html,"General Mathematics Paper 2, May/June. 2015",https://www.waeconline.org.ng/e-learning/Mathematics/maths225nq12.html,Examiner analysis,English,Official public WAEC Nigeria e-learning page with substantive mathematics question content or examiner analysis; retained as a free web resource after direct HTTP and text-content audit.,Free public web resource,Official source HTTP 200 + substantive English page audit · verified 2026-08-16,Yes
Nigeria,EM,mathematics;WASSCE;question;exam analysis,A,Official examination council e-learning archive,West African Examinations Council Mathematics e-Learning (Nigeria),https://www.waeconline.org.ng/e-learning/Mathematics/mathsmain.html,"General Mathematics Paper 2, May/June. 2015",https://www.waeconline.org.ng/e-learning/Mathematics/maths225nq13.html,Examiner analysis,English,Official public WAEC Nigeria e-learning page with substantive mathematics question content or examiner analysis; retained as a free web resource after direct HTTP and text-content audit.,Free public web resource,Official source HTTP 200 + substantive English page audit · verified 2026-08-16,Yes
Nigeria,EM,mathematics;WASSCE;question;exam analysis,A,Official examination council e-learning archive,West African Examinations Council Mathematics e-Learning (Nigeria),https://www.waeconline.org.ng/e-learning/Mathematics/mathsmain.html,"General Mathematics Paper 2, WASSCE (SC), 2016",https://www.waeconline.org.ng/e-learning/Mathematics/maths225nq2.html,Examiner analysis,English,Official public WAEC Nigeria e-learning page with substantive mathematics question content or examiner analysis; retained as a free web resource after direct HTTP and text-content audit.,Free public web resource,Official source HTTP 200 + substantive English page audit · verified 2026-08-16,Yes
Nigeria,EM,mathematics;WASSCE;question;exam analysis,A,Official examination council e-learning archive,West African Examinations Council Mathematics e-Learning (Nigeria),https://www.waeconline.org.ng/e-learning/Mathematics/mathsmain.html,"General Mathematics Paper 2, WASSCE (SC), 2016",https://www.waeconline.org.ng/e-learning/Mathematics/maths225nq3.html,Examiner analysis,English,Official public WAEC Nigeria e-learning page with substantive mathematics question content or examiner analysis; retained as a free web resource after direct HTTP and text-content audit.,Free public web resource,Official source HTTP 200 + substantive English page audit · verified 2026-08-16,Yes
Nigeria,EM,mathematics;WASSCE;question;exam analysis,A,Official examination council e-learning archive,West African Examinations Council Mathematics e-Learning (Nigeria),https://www.waeconline.org.ng/e-learning/Mathematics/mathsmain.html,"General Mathematics Paper 2, WASSCE (SC), 2016",https://www.waeconline.org.ng/e-learning/Mathematics/maths225nq4.html,Examiner analysis,English,Official public WAEC Nigeria e-learning page with substantive mathematics question content or examiner analysis; retained as a free web resource after direct HTTP and text-content audit.,Free public web resource,Official source HTTP 200 + substantive English page audit · verified 2026-08-16,Yes
Nigeria,EM,mathematics;WASSCE;question;exam analysis,A,Official examination council e-learning archive,West African Examinations Council Mathematics e-Learning (Nigeria),https://www.waeconline.org.ng/e-learning/Mathematics/mathsmain.html,"General Mathematics Paper 2, WASSCE (SC), 2016",https://www.waeconline.org.ng/e-learning/Mathematics/maths225nq5.html,Examiner analysis,English,Official public WAEC Nigeria e-learning page with substantive mathematics question content or examiner analysis; retained as a free web resource after direct HTTP and text-content audit.,Free public web resource,Official source HTTP 200 + substantive English page audit · verified 2026-08-16,Yes
Nigeria,EM,mathematics;WASSCE;question;exam analysis,A,Official examination council e-learning archive,West African Examinations Council Mathematics e-Learning (Nigeria),https://www.waeconline.org.ng/e-learning/Mathematics/mathsmain.html,"General Mathematics Paper 2, WASSCE (SC), 2016",https://www.waeconline.org.ng/e-learning/Mathematics/maths225nq6.html,Examiner analysis,English,Official public WAEC Nigeria e-learning page with substantive mathematics question content or examiner analysis; retained as a free web resource after direct HTTP and text-content audit.,Free public web resource,Official source HTTP 200 + substantive English page audit · verified 2026-08-16,Yes
Nigeria,EM,mathematics;WASSCE;question;exam analysis,A,Official examination council e-learning archive,West African Examinations Council Mathematics e-Learning (Nigeria),https://www.waeconline.org.ng/e-learning/Mathematics/mathsmain.html,"General Mathematics Paper 2, WASSCE (SC), 2016",https://www.waeconline.org.ng/e-learning/Mathematics/maths225nq7.html,Examiner analysis,English,Official public WAEC Nigeria e-learning page with substantive mathematics question content or examiner analysis; retained as a free web resource after direct HTTP and text-content audit.,Free public web resource,Official source HTTP 200 + substantive English page audit · verified 2026-08-16,Yes
Nigeria,EM,mathematics;WASSCE;question;exam analysis,A,Official examination council e-learning archive,West African Examinations Council Mathematics e-Learning (Nigeria),https://www.waeconline.org.ng/e-learning/Mathematics/mathsmain.html,"General Mathematics Paper 2, May/June. 2015",https://www.waeconline.org.ng/e-learning/Mathematics/maths225nq8.html,Examiner analysis,English,Official public WAEC Nigeria e-learning page with substantive mathematics question content or examiner analysis; retained as a free web resource after direct HTTP and text-content audit.,Free public web resource,Official source HTTP 200 + substantive English page audit · verified 2026-08-16,Yes
Nigeria,EM,mathematics;WASSCE;question;exam analysis,A,Official examination council e-learning archive,West African Examinations Council Mathematics e-Learning (Nigeria),https://www.waeconline.org.ng/e-learning/Mathematics/mathsmain.html,"General Mathematics Paper 2, May/June. 2015",https://www.waeconline.org.ng/e-learning/Mathematics/maths225nq9.html,Examiner analysis,English,Official public WAEC Nigeria e-learning page with substantive mathematics question content or examiner analysis; retained as a free web resource after direct HTTP and text-content audit.,Free public web resource,Official source HTTP 200 + substantive English page audit · verified 2026-08-16,Yes
Nigeria,EM,mathematics;WASSCE;question;exam analysis,A,Official examination council e-learning archive,West African Examinations Council Mathematics e-Learning (Nigeria),https://www.waeconline.org.ng/e-learning/Mathematics/mathsmain.html,"General Mathematics Paper 2, WASSCE (SC), 2016",https://www.waeconline.org.ng/e-learning/Mathematics/maths225ns.html,Examiner analysis,English,Official public WAEC Nigeria e-learning page with substantive mathematics question content or examiner analysis; retained as a free web resource after direct HTTP and text-content audit.,Free public web resource,Official source HTTP 200 + substantive English page audit · verified 2026-08-16,Yes
Nigeria,EM,mathematics;WASSCE;question;exam analysis,A,Official examination council e-learning archive,West African Examinations Council Mathematics e-Learning (Nigeria),https://www.waeconline.org.ng/e-learning/Mathematics/mathsmain.html,"General Mathematics Paper 2, May/June. 2015",https://www.waeconline.org.ng/e-learning/Mathematics/maths225nw.html,Examiner analysis,English,Official public WAEC Nigeria e-learning page with substantive mathematics question content or examiner analysis; retained as a free web resource after direct HTTP and text-content audit.,Free public web resource,Official source HTTP 200 + substantive English page audit · verified 2026-08-16,Yes
Nigeria,GA,mathematics;WASSCE;question;exam analysis,A,Official examination council e-learning archive,West African Examinations Council Mathematics e-Learning (Nigeria),https://www.waeconline.org.ng/e-learning/Mathematics/mathsmain.html,"General Mathematics Paper 2, WASSCE (SC), 2017",https://www.waeconline.org.ng/e-learning/Mathematics/maths226mq1.html,Question page,English,Official public WAEC Nigeria e-learning page with substantive mathematics question content or examiner analysis; retained as a free web resource after direct HTTP and text-content audit.,Free public web resource,Official source HTTP 200 + substantive English page audit · verified 2026-08-16,Yes
Nigeria,GA,mathematics;WASSCE;question;exam analysis,A,Official examination council e-learning archive,West African Examinations Council Mathematics e-Learning (Nigeria),https://www.waeconline.org.ng/e-learning/Mathematics/mathsmain.html,"General Mathematics Paper 2, WASSCE (SC), 2017",https://www.waeconline.org.ng/e-learning/Mathematics/maths226mq10.html,Question page,English,Official public WAEC Nigeria e-learning page with substantive mathematics question content or examiner analysis; retained as a free web resource after direct HTTP and text-content audit.,Free public web resource,Official source HTTP 200 + substantive English page audit · verified 2026-08-16,Yes
Nigeria,GA,mathematics;WASSCE;question;exam analysis,A,Official examination council e-learning archive,West African Examinations Council Mathematics e-Learning (Nigeria),https://www.waeconline.org.ng/e-learning/Mathematics/mathsmain.html,"General Mathematics Paper 2, WASSCE (SC), 2017",https://www.waeconline.org.ng/e-learning/Mathematics/maths226mq11.html,Question page,English,Official public WAEC Nigeria e-learning page with substantive mathematics question content or examiner analysis; retained as a free web resource after direct HTTP and text-content audit.,Free public web resource,Official source HTTP 200 + substantive English page audit · verified 2026-08-16,Yes
Nigeria,GA,mathematics;WASSCE;question;exam analysis,A,Official examination council e-learning archive,West African Examinations Council Mathematics e-Learning (Nigeria),https://www.waeconline.org.ng/e-learning/Mathematics/mathsmain.html,"General Mathematics Paper 2, WASSCE (SC), 2017",https://www.waeconline.org.ng/e-learning/Mathematics/maths226mq12.html,Question page,English,Official public WAEC Nigeria e-learning page with substantive mathematics question content or examiner analysis; retained as a free web resource after direct HTTP and text-content audit.,Free public web resource,Official source HTTP 200 + substantive English page audit · verified 2026-08-16,Yes
Nigeria,GA,mathematics;WASSCE;question;exam analysis,A,Official examination council e-learning archive,West African Examinations Council Mathematics e-Learning (Nigeria),https://www.waeconline.org.ng/e-learning/Mathematics/mathsmain.html,"General Mathematics Paper 2, WASSCE (SC), 2017",https://www.waeconline.org.ng/e-learning/Mathematics/maths226mq13.html,Question page,English,Official public WAEC Nigeria e-learning page with substantive mathematics question content or examiner analysis; retained as a free web resource after direct HTTP and text-content audit.,Free public web resource,Official source HTTP 200 + substantive English page audit · verified 2026-08-16,Yes
Nigeria,GA,mathematics;WASSCE;question;exam analysis,A,Official examination council e-learning archive,West African Examinations Council Mathematics e-Learning (Nigeria),https://www.waeconline.org.ng/e-learning/Mathematics/mathsmain.html,"General Mathematics Paper 2, WASSCE (SC), 2017",https://www.waeconline.org.ng/e-learning/Mathematics/maths226mq2.html,Question page,English,Official public WAEC Nigeria e-learning page with substantive mathematics question content or examiner analysis; retained as a free web resource after direct HTTP and text-content audit.,Free public web resource,Official source HTTP 200 + substantive English page audit · verified 2026-08-16,Yes
Nigeria,GA,mathematics;WASSCE;question;exam analysis,A,Official examination council e-learning archive,West African Examinations Council Mathematics e-Learning (Nigeria),https://www.waeconline.org.ng/e-learning/Mathematics/mathsmain.html,"General Mathematics Paper 2, WASSCE (SC), 2017",https://www.waeconline.org.ng/e-learning/Mathematics/maths226mq3.html,Question page,English,Official public WAEC Nigeria e-learning page with substantive mathematics question content or examiner analysis; retained as a free web resource after direct HTTP and text-content audit.,Free public web resource,Official source HTTP 200 + substantive English page audit · verified 2026-08-16,Yes
Nigeria,GA,mathematics;WASSCE;question;exam analysis,A,Official examination council e-learning archive,West African Examinations Council Mathematics e-Learning (Nigeria),https://www.waeconline.org.ng/e-learning/Mathematics/mathsmain.html,"General Mathematics Paper 2, WASSCE (SC), 2017",https://www.waeconline.org.ng/e-learning/Mathematics/maths226mq4.html,Question page,English,Official public WAEC Nigeria e-learning page with substantive mathematics question content or examiner analysis; retained as a free web resource after direct HTTP and text-content audit.,Free public web resource,Official source HTTP 200 + substantive English page audit · verified 2026-08-16,Yes
Nigeria,GA,mathematics;WASSCE;question;exam analysis,A,Official examination council e-learning archive,West African Examinations Council Mathematics e-Learning (Nigeria),https://www.waeconline.org.ng/e-learning/Mathematics/mathsmain.html,"General Mathematics Paper 2, WASSCE (SC), 2017",https://www.waeconline.org.ng/e-learning/Mathematics/maths226mq5.html,Question page,English,Official public WAEC Nigeria e-learning page with substantive mathematics question content or examiner analysis; retained as a free web resource after direct HTTP and text-content audit.,Free public web resource,Official source HTTP 200 + substantive English page audit · verified 2026-08-16,Yes
Nigeria,GA,mathematics;WASSCE;question;exam analysis,A,Official examination council e-learning archive,West African Examinations Council Mathematics e-Learning (Nigeria),https://www.waeconline.org.ng/e-learning/Mathematics/mathsmain.html,"General Mathematics Paper 2, WASSCE (SC), 2017",https://www.waeconline.org.ng/e-learning/Mathematics/maths226mq6.html,Question page,English,Official public WAEC Nigeria e-learning page with substantive mathematics question content or examiner analysis; retained as a free web resource after direct HTTP and text-content audit.,Free public web resource,Official source HTTP 200 + substantive English page audit · verified 2026-08-16,Yes
Nigeria,GA,mathematics;WASSCE;question;exam analysis,A,Official examination council e-learning archive,West African Examinations Council Mathematics e-Learning (Nigeria),https://www.waeconline.org.ng/e-learning/Mathematics/mathsmain.html,"General Mathematics Paper 2, WASSCE (SC), 2017",https://www.waeconline.org.ng/e-learning/Mathematics/maths226mq7.html,Question page,English,Official public WAEC Nigeria e-learning page with substantive mathematics question content or examiner analysis; retained as a free web resource after direct HTTP and text-content audit.,Free public web resource,Official source HTTP 200 + substantive English page audit · verified 2026-08-16,Yes
Nigeria,GA,mathematics;WASSCE;question;exam analysis,A,Official examination council e-learning archive,West African Examinations Council Mathematics e-Learning (Nigeria),https://www.waeconline.org.ng/e-learning/Mathematics/mathsmain.html,"General Mathematics Paper 2, WASSCE (SC), 2017",https://www.waeconline.org.ng/e-learning/Mathematics/maths226mq8.html,Question page,English,Official public WAEC Nigeria e-learning page with substantive mathematics question content or examiner analysis; retained as a free web resource after direct HTTP and text-content audit.,Free public web resource,Official source HTTP 200 + substantive English page audit · verified 2026-08-16,Yes
Nigeria,GA,mathematics;WASSCE;question;exam analysis,A,Official examination council e-learning archive,West African Examinations Council Mathematics e-Learning (Nigeria),https://www.waeconline.org.ng/e-learning/Mathematics/mathsmain.html,"General Mathematics Paper 2, WASSCE (SC), 2017",https://www.waeconline.org.ng/e-learning/Mathematics/maths226mq9.html,Question page,English,Official public WAEC Nigeria e-learning page with substantive mathematics question content or examiner analysis; retained as a free web resource after direct HTTP and text-content audit.,Free public web resource,Official source HTTP 200 + substantive English page audit · verified 2026-08-16,Yes
Nigeria,EM,mathematics;WASSCE;question;exam analysis,A,Official examination council e-learning archive,West African Examinations Council Mathematics e-Learning (Nigeria),https://www.waeconline.org.ng/e-learning/Mathematics/mathsmain.html,"General Mathematics Paper 2, WASSCE (SC), 2017",https://www.waeconline.org.ng/e-learning/Mathematics/maths226ms.html,Examiner analysis,English,Official public WAEC Nigeria e-learning page with substantive mathematics question content or examiner analysis; retained as a free web resource after direct HTTP and text-content audit.,Free public web resource,Official source HTTP 200 + substantive English page audit · verified 2026-08-16,Yes
Nigeria,EM,mathematics;WASSCE;question;exam analysis,A,Official examination council e-learning archive,West African Examinations Council Mathematics e-Learning (Nigeria),https://www.waeconline.org.ng/e-learning/Mathematics/mathsmain.html,"General Mathematics Paper 2, WASSCE (SC), 2017",https://www.waeconline.org.ng/e-learning/Mathematics/maths226mw.html,Examiner analysis,English,Official public WAEC Nigeria e-learning page with substantive mathematics question content or examiner analysis; retained as a free web resource after direct HTTP and text-content audit.,Free public web resource,Official source HTTP 200 + substantive English page audit · verified 2026-08-16,Yes
Nigeria,EM,mathematics;WASSCE;question;exam analysis,A,Official examination council e-learning archive,West African Examinations Council Mathematics e-Learning (Nigeria),https://www.waeconline.org.ng/e-learning/Mathematics/mathsmain.html,"General Mathematics Paper 2, Nov/Dec. 2015",https://www.waeconline.org.ng/e-learning/Mathematics/maths226nq1.html,Examiner analysis,English,Official public WAEC Nigeria e-learning page with substantive mathematics question content or examiner analysis; retained as a free web resource after direct HTTP and text-content audit.,Free public web resource,Official source HTTP 200 + substantive English page audit · verified 2026-08-16,Yes
Nigeria,EM,mathematics;WASSCE;question;exam analysis,A,Official examination council e-learning archive,West African Examinations Council Mathematics e-Learning (Nigeria),https://www.waeconline.org.ng/e-learning/Mathematics/mathsmain.html,"General Mathematics Paper 2, Nov/Dec. 2015",https://www.waeconline.org.ng/e-learning/Mathematics/maths226nq10.html,Examiner analysis,English,Official public WAEC Nigeria e-learning page with substantive mathematics question content or examiner analysis; retained as a free web resource after direct HTTP and text-content audit.,Free public web resource,Official source HTTP 200 + substantive English page audit · verified 2026-08-16,Yes
Nigeria,EM,mathematics;WASSCE;question;exam analysis,A,Official examination council e-learning archive,West African Examinations Council Mathematics e-Learning (Nigeria),https://www.waeconline.org.ng/e-learning/Mathematics/mathsmain.html,"General Mathematics Paper 2,Nov/Dec. 2015",https://www.waeconline.org.ng/e-learning/Mathematics/maths226nq11.html,Examiner analysis,English,Official public WAEC Nigeria e-learning page with substantive mathematics question content or examiner analysis; retained as a free web resource after direct HTTP and text-content audit.,Free public web resource,Official source HTTP 200 + substantive English page audit · verified 2026-08-16,Yes
Nigeria,EM,mathematics;WASSCE;question;exam analysis,A,Official examination council e-learning archive,West African Examinations Council Mathematics e-Learning (Nigeria),https://www.waeconline.org.ng/e-learning/Mathematics/mathsmain.html,"General Mathematics Paper 2,Nov/Dec. 2015",https://www.waeconline.org.ng/e-learning/Mathematics/maths226nq12.html,Examiner analysis,English,Official public WAEC Nigeria e-learning page with substantive mathematics question content or examiner analysis; retained as a free web resource after direct HTTP and text-content audit.,Free public web resource,Official source HTTP 200 + substantive English page audit · verified 2026-08-16,Yes
Nigeria,EM,mathematics;WASSCE;question;exam analysis,A,Official examination council e-learning archive,West African Examinations Council Mathematics e-Learning (Nigeria),https://www.waeconline.org.ng/e-learning/Mathematics/mathsmain.html,"General Mathematics Paper 2, Nov/Dec. 2015",https://www.waeconline.org.ng/e-learning/Mathematics/maths226nq13.html,Examiner analysis,English,Official public WAEC Nigeria e-learning page with substantive mathematics question content or examiner analysis; retained as a free web resource after direct HTTP and text-content audit.,Free public web resource,Official source HTTP 200 + substantive English page audit · verified 2026-08-16,Yes
Nigeria,EM,mathematics;WASSCE;question;exam analysis,A,Official examination council e-learning archive,West African Examinations Council Mathematics e-Learning (Nigeria),https://www.waeconline.org.ng/e-learning/Mathematics/mathsmain.html,"General Mathematics Paper 2, Nov/Dec. 2015",https://www.waeconline.org.ng/e-learning/Mathematics/maths226nq2.html,Examiner analysis,English,Official public WAEC Nigeria e-learning page with substantive mathematics question content or examiner analysis; retained as a free web resource after direct HTTP and text-content audit.,Free public web resource,Official source HTTP 200 + substantive English page audit · verified 2026-08-16,Yes
Nigeria,EM,mathematics;WASSCE;question;exam analysis,A,Official examination council e-learning archive,West African Examinations Council Mathematics e-Learning (Nigeria),https://www.waeconline.org.ng/e-learning/Mathematics/mathsmain.html,"General Mathematics Paper 2, Nov/Dec. 2015",https://www.waeconline.org.ng/e-learning/Mathematics/maths226nq3.html,Examiner analysis,English,Official public WAEC Nigeria e-learning page with substantive mathematics question content or examiner analysis; retained as a free web resource after direct HTTP and text-content audit.,Free public web resource,Official source HTTP 200 + substantive English page audit · verified 2026-08-16,Yes
Nigeria,EM,mathematics;WASSCE;question;exam analysis,A,Official examination council e-learning archive,West African Examinations Council Mathematics e-Learning (Nigeria),https://www.waeconline.org.ng/e-learning/Mathematics/mathsmain.html,"General Mathematics Paper 2, Nov/Dec. 2015",https://www.waeconline.org.ng/e-learning/Mathematics/maths226nq4.html,Examiner analysis,English,Official public WAEC Nigeria e-learning page with substantive mathematics question content or examiner analysis; retained as a free web resource after direct HTTP and text-content audit.,Free public web resource,Official source HTTP 200 + substantive English page audit · verified 2026-08-16,Yes
Nigeria,EM,mathematics;WASSCE;question;exam analysis,A,Official examination council e-learning archive,West African Examinations Council Mathematics e-Learning (Nigeria),https://www.waeconline.org.ng/e-learning/Mathematics/mathsmain.html,"General Mathematics Paper 2, Nov/Dec. 2015",https://www.waeconline.org.ng/e-learning/Mathematics/maths226nq5.html,Examiner analysis,English,Official public WAEC Nigeria e-learning page with substantive mathematics question content or examiner analysis; retained as a free web resource after direct HTTP and text-content audit.,Free public web resource,Official source HTTP 200 + substantive English page audit · verified 2026-08-16,Yes
Nigeria,EM,mathematics;WASSCE;question;exam analysis,A,Official examination council e-learning archive,West African Examinations Council Mathematics e-Learning (Nigeria),https://www.waeconline.org.ng/e-learning/Mathematics/mathsmain.html,"General Mathematics Paper 2, Nov/Dec. 2015",https://www.waeconline.org.ng/e-learning/Mathematics/maths226nq6.html,Examiner analysis,English,Official public WAEC Nigeria e-learning page with substantive mathematics question content or examiner analysis; retained as a free web resource after direct HTTP and text-content audit.,Free public web resource,Official source HTTP 200 + substantive English page audit · verified 2026-08-16,Yes
Nigeria,EM,mathematics;WASSCE;question;exam analysis,A,Official examination council e-learning archive,West African Examinations Council Mathematics e-Learning (Nigeria),https://www.waeconline.org.ng/e-learning/Mathematics/mathsmain.html,"General Mathematics Paper 2,Nov/Dec. 2015",https://www.waeconline.org.ng/e-learning/Mathematics/maths226nq7.html,Examiner analysis,English,Official public WAEC Nigeria e-learning page with substantive mathematics question content or examiner analysis; retained as a free web resource after direct HTTP and text-content audit.,Free public web resource,Official source HTTP 200 + substantive English page audit · verified 2026-08-16,Yes
Nigeria,EM,mathematics;WASSCE;question;exam analysis,A,Official examination council e-learning archive,West African Examinations Council Mathematics e-Learning (Nigeria),https://www.waeconline.org.ng/e-learning/Mathematics/mathsmain.html,"General Mathematics Paper 2, Nov/Dec. 2015",https://www.waeconline.org.ng/e-learning/Mathematics/maths226nq8.html,Examiner analysis,English,Official public WAEC Nigeria e-learning page with substantive mathematics question content or examiner analysis; retained as a free web resource after direct HTTP and text-content audit.,Free public web resource,Official source HTTP 200 + substantive English page audit · verified 2026-08-16,Yes
Nigeria,EM,mathematics;WASSCE;question;exam analysis,A,Official examination council e-learning archive,West African Examinations Council Mathematics e-Learning (Nigeria),https://www.waeconline.org.ng/e-learning/Mathematics/mathsmain.html,"General Mathematics Paper 2,Nov/Dec. 2015",https://www.waeconline.org.ng/e-learning/Mathematics/maths226nq9.html,Examiner analysis,English,Official public WAEC Nigeria e-learning page with substantive mathematics question content or examiner analysis; retained as a free web resource after direct HTTP and text-content audit.,Free public web resource,Official source HTTP 200 + substantive English page audit · verified 2026-08-16,Yes
Nigeria,EM,mathematics;WASSCE;question;exam analysis,A,Official examination council e-learning archive,West African Examinations Council Mathematics e-Learning (Nigeria),https://www.waeconline.org.ng/e-learning/Mathematics/mathsmain.html,"General Mathematics Paper 2, Nov/Dec. 2015",https://www.waeconline.org.ng/e-learning/Mathematics/maths226ns.html,Examiner analysis,English,Official public WAEC Nigeria e-learning page with substantive mathematics question content or examiner analysis; retained as a free web resource after direct HTTP and text-content audit.,Free public web resource,Official source HTTP 200 + substantive English page audit · verified 2026-08-16,Yes
Nigeria,EM,mathematics;WASSCE;question;exam analysis,A,Official examination council e-learning archive,West African Examinations Council Mathematics e-Learning (Nigeria),https://www.waeconline.org.ng/e-learning/Mathematics/mathsmain.html,"General Mathematics Paper 2, Nov/Dec. 2015",https://www.waeconline.org.ng/e-learning/Mathematics/maths226nw.html,Examiner analysis,English,Official public WAEC Nigeria e-learning page with substantive mathematics question content or examiner analysis; retained as a free web resource after direct HTTP and text-content audit.,Free public web resource,Official source HTTP 200 + substantive English page audit · verified 2026-08-16,Yes
Nigeria,EM,mathematics;WASSCE;question;exam analysis,A,Official examination council e-learning archive,West African Examinations Council Mathematics e-Learning (Nigeria),https://www.waeconline.org.ng/e-learning/Mathematics/mathsmain.html,"General Mathematics Paper 2, WASSCE (PC 2ND), 2018",https://www.waeconline.org.ng/e-learning/Mathematics/maths227aq1.html,Examiner analysis,English,Official public WAEC Nigeria e-learning page with substantive mathematics question content or examiner analysis; retained as a free web resource after direct HTTP and text-content audit.,Free public web resource,Official source HTTP 200 + substantive English page audit · verified 2026-08-16,Yes
Nigeria,EM,mathematics;WASSCE;question;exam analysis,A,Official examination council e-learning archive,West African Examinations Council Mathematics e-Learning (Nigeria),https://www.waeconline.org.ng/e-learning/Mathematics/mathsmain.html,"General Mathematics Paper 2, WASSCE (PC 2ND), 2018",https://www.waeconline.org.ng/e-learning/Mathematics/maths227aq10.html,Examiner analysis,English,Official public WAEC Nigeria e-learning page with substantive mathematics question content or examiner analysis; retained as a free web resource after direct HTTP and text-content audit.,Free public web resource,Official source HTTP 200 + substantive English page audit · verified 2026-08-16,Yes
Nigeria,EM,mathematics;WASSCE;question;exam analysis,A,Official examination council e-learning archive,West African Examinations Council Mathematics e-Learning (Nigeria),https://www.waeconline.org.ng/e-learning/Mathematics/mathsmain.html,"General Mathematics Paper 2, WASSCE (PC 2ND), 2018",https://www.waeconline.org.ng/e-learning/Mathematics/maths227aq11.html,Examiner analysis,English,Official public WAEC Nigeria e-learning page with substantive mathematics question content or examiner analysis; retained as a free web resource after direct HTTP and text-content audit.,Free public web resource,Official source HTTP 200 + substantive English page audit · verified 2026-08-16,Yes
Nigeria,EM,mathematics;WASSCE;question;exam analysis,A,Official examination council e-learning archive,West African Examinations Council Mathematics e-Learning (Nigeria),https://www.waeconline.org.ng/e-learning/Mathematics/mathsmain.html,"General Mathematics Paper 2, WASSCE (PC 2ND), 2018",https://www.waeconline.org.ng/e-learning/Mathematics/maths227aq12.html,Examiner analysis,English,Official public WAEC Nigeria e-learning page with substantive mathematics question content or examiner analysis; retained as a free web resource after direct HTTP and text-content audit.,Free public web resource,Official source HTTP 200 + substantive English page audit · verified 2026-08-16,Yes
Nigeria,EM,mathematics;WASSCE;question;exam analysis,A,Official examination council e-learning archive,West African Examinations Council Mathematics e-Learning (Nigeria),https://www.waeconline.org.ng/e-learning/Mathematics/mathsmain.html,"General Mathematics Paper 2, WASSCE (PC 2ND), 2018",https://www.waeconline.org.ng/e-learning/Mathematics/maths227aq13.html,Examiner analysis,English,Official public WAEC Nigeria e-learning page with substantive mathematics question content or examiner analysis; retained as a free web resource after direct HTTP and text-content audit.,Free public web resource,Official source HTTP 200 + substantive English page audit · verified 2026-08-16,Yes
Nigeria,EM,mathematics;WASSCE;question;exam analysis,A,Official examination council e-learning archive,West African Examinations Council Mathematics e-Learning (Nigeria),https://www.waeconline.org.ng/e-learning/Mathematics/mathsmain.html,"General Mathematics Paper 2, WASSCE (PC 2ND), 2018",https://www.waeconline.org.ng/e-learning/Mathematics/maths227aq2.html,Examiner analysis,English,Official public WAEC Nigeria e-learning page with substantive mathematics question content or examiner analysis; retained as a free web resource after direct HTTP and text-content audit.,Free public web resource,Official source HTTP 200 + substantive English page audit · verified 2026-08-16,Yes
Nigeria,EM,mathematics;WASSCE;question;exam analysis,A,Official examination council e-learning archive,West African Examinations Council Mathematics e-Learning (Nigeria),https://www.waeconline.org.ng/e-learning/Mathematics/mathsmain.html,"General Mathematics Paper 2, August/June 2018",https://www.waeconline.org.ng/e-learning/Mathematics/maths227aq3.html,Examiner analysis,English,Official public WAEC Nigeria e-learning page with substantive mathematics question content or examiner analysis; retained as a free web resource after direct HTTP and text-content audit.,Free public web resource,Official source HTTP 200 + substantive English page audit · verified 2026-08-16,Yes
Nigeria,EM,mathematics;WASSCE;question;exam analysis,A,Official examination council e-learning archive,West African Examinations Council Mathematics e-Learning (Nigeria),https://www.waeconline.org.ng/e-learning/Mathematics/mathsmain.html,"General Mathematics Paper 2, WASSCE (PC 2ND), 2018",https://www.waeconline.org.ng/e-learning/Mathematics/maths227aq4.html,Examiner analysis,English,Official public WAEC Nigeria e-learning page with substantive mathematics question content or examiner analysis; retained as a free web resource after direct HTTP and text-content audit.,Free public web resource,Official source HTTP 200 + substantive English page audit · verified 2026-08-16,Yes
Nigeria,EM,mathematics;WASSCE;question;exam analysis,A,Official examination council e-learning archive,West African Examinations Council Mathematics e-Learning (Nigeria),https://www.waeconline.org.ng/e-learning/Mathematics/mathsmain.html,"General Mathematics Paper 2, WASSCE (PC 2ND), 2018",https://www.waeconline.org.ng/e-learning/Mathematics/maths227aq5.html,Examiner analysis,English,Official public WAEC Nigeria e-learning page with substantive mathematics question content or examiner analysis; retained as a free web resource after direct HTTP and text-content audit.,Free public web resource,Official source HTTP 200 + substantive English page audit · verified 2026-08-16,Yes
Nigeria,EM,mathematics;WASSCE;question;exam analysis,A,Official examination council e-learning archive,West African Examinations Council Mathematics e-Learning (Nigeria),https://www.waeconline.org.ng/e-learning/Mathematics/mathsmain.html,"General Mathematics Paper 2, WASSCE (PC 2ND), 2018",https://www.waeconline.org.ng/e-learning/Mathematics/maths227aq8.html,Examiner analysis,English,Official public WAEC Nigeria e-learning page with substantive mathematics question content or examiner analysis; retained as a free web resource after direct HTTP and text-content audit.,Free public web resource,Official source HTTP 200 + substantive English page audit · verified 2026-08-16,Yes
Nigeria,EM,mathematics;WASSCE;question;exam analysis,A,Official examination council e-learning archive,West African Examinations Council Mathematics e-Learning (Nigeria),https://www.waeconline.org.ng/e-learning/Mathematics/mathsmain.html,"General Mathematics Paper 2, WASSCE (PC 2ND), 2018",https://www.waeconline.org.ng/e-learning/Mathematics/maths227aq9.html,Examiner analysis,English,Official public WAEC Nigeria e-learning page with substantive mathematics question content or examiner analysis; retained as a free web resource after direct HTTP and text-content audit.,Free public web resource,Official source HTTP 200 + substantive English page audit · verified 2026-08-16,Yes
Nigeria,EM,mathematics;WASSCE;question;exam analysis,A,Official examination council e-learning archive,West African Examinations Council Mathematics e-Learning (Nigeria),https://www.waeconline.org.ng/e-learning/Mathematics/mathsmain.html,"General Mathematics Paper 2, WASSCE (PC 2ND), 2018",https://www.waeconline.org.ng/e-learning/Mathematics/maths227as.html,Examiner analysis,English,Official public WAEC Nigeria e-learning page with substantive mathematics question content or examiner analysis; retained as a free web resource after direct HTTP and text-content audit.,Free public web resource,Official source HTTP 200 + substantive English page audit · verified 2026-08-16,Yes
Nigeria,EM,mathematics;WASSCE;question;exam analysis,A,Official examination council e-learning archive,West African Examinations Council Mathematics e-Learning (Nigeria),https://www.waeconline.org.ng/e-learning/Mathematics/mathsmain.html,"General Mathematics Paper 2, WASSCE (PC 2ND), 2018",https://www.waeconline.org.ng/e-learning/Mathematics/maths227aw.html,Examiner analysis,English,Official public WAEC Nigeria e-learning page with substantive mathematics question content or examiner analysis; retained as a free web resource after direct HTTP and text-content audit.,Free public web resource,Official source HTTP 200 + substantive English page audit · verified 2026-08-16,Yes
Nigeria,EM,mathematics;WASSCE;question;exam analysis,A,Official examination council e-learning archive,West African Examinations Council Mathematics e-Learning (Nigeria),https://www.waeconline.org.ng/e-learning/Mathematics/mathsmain.html,"General Mathematics Paper 2, WASSCE (PC), 2018",https://www.waeconline.org.ng/e-learning/Mathematics/maths227jq1.html,Examiner analysis,English,Official public WAEC Nigeria e-learning page with substantive mathematics question content or examiner analysis; retained as a free web resource after direct HTTP and text-content audit.,Free public web resource,Official source HTTP 200 + substantive English page audit · verified 2026-08-16,Yes
Nigeria,EM,mathematics;WASSCE;question;exam analysis,A,Official examination council e-learning archive,West African Examinations Council Mathematics e-Learning (Nigeria),https://www.waeconline.org.ng/e-learning/Mathematics/mathsmain.html,"General Mathematics Paper 2, WASSCE (PC), 2018",https://www.waeconline.org.ng/e-learning/Mathematics/maths227jq10.html,Examiner analysis,English,Official public WAEC Nigeria e-learning page with substantive mathematics question content or examiner analysis; retained as a free web resource after direct HTTP and text-content audit.,Free public web resource,Official source HTTP 200 + substantive English page audit · verified 2026-08-16,Yes
Nigeria,EM,mathematics;WASSCE;question;exam analysis,A,Official examination council e-learning archive,West African Examinations Council Mathematics e-Learning (Nigeria),https://www.waeconline.org.ng/e-learning/Mathematics/mathsmain.html,"General Mathematics Paper 2, WASSCE (PC), 2018",https://www.waeconline.org.ng/e-learning/Mathematics/maths227jq11.html,Examiner analysis,English,Official public WAEC Nigeria e-learning page with substantive mathematics question content or examiner analysis; retained as a free web resource after direct HTTP and text-content audit.,Free public web resource,Official source HTTP 200 + substantive English page audit · verified 2026-08-16,Yes
Nigeria,EM,mathematics;WASSCE;question;exam analysis,A,Official examination council e-learning archive,West African Examinations Council Mathematics e-Learning (Nigeria),https://www.waeconline.org.ng/e-learning/Mathematics/mathsmain.html,"General Mathematics Paper 2, WASSCE (PC), 2018",https://www.waeconline.org.ng/e-learning/Mathematics/maths227jq12.html,Examiner analysis,English,Official public WAEC Nigeria e-learning page with substantive mathematics question content or examiner analysis; retained as a free web resource after direct HTTP and text-content audit.,Free public web resource,Official source HTTP 200 + substantive English page audit · verified 2026-08-16,Yes
Nigeria,EM,mathematics;WASSCE;question;exam analysis,A,Official examination council e-learning archive,West African Examinations Council Mathematics e-Learning (Nigeria),https://www.waeconline.org.ng/e-learning/Mathematics/mathsmain.html,"General Mathematics Paper 2, WASSCE (PC), 2018",https://www.waeconline.org.ng/e-learning/Mathematics/maths227jq13.html,Examiner analysis,English,Official public WAEC Nigeria e-learning page with substantive mathematics question content or examiner analysis; retained as a free web resource after direct HTTP and text-content audit.,Free public web resource,Official source HTTP 200 + substantive English page audit · verified 2026-08-16,Yes
Nigeria,EM,mathematics;WASSCE;question;exam analysis,A,Official examination council e-learning archive,West African Examinations Council Mathematics e-Learning (Nigeria),https://www.waeconline.org.ng/e-learning/Mathematics/mathsmain.html,"General Mathematics Paper 2, WASSCE (PC), 2018",https://www.waeconline.org.ng/e-learning/Mathematics/maths227jq2.html,Examiner analysis,English,Official public WAEC Nigeria e-learning page with substantive mathematics question content or examiner analysis; retained as a free web resource after direct HTTP and text-content audit.,Free public web resource,Official source HTTP 200 + substantive English page audit · verified 2026-08-16,Yes
Nigeria,EM,mathematics;WASSCE;question;exam analysis,A,Official examination council e-learning archive,West African Examinations Council Mathematics e-Learning (Nigeria),https://www.waeconline.org.ng/e-learning/Mathematics/mathsmain.html,"General Mathematics Paper 2, WASSCE (PC), 2018",https://www.waeconline.org.ng/e-learning/Mathematics/maths227jq3.html,Examiner analysis,English,Official public WAEC Nigeria e-learning page with substantive mathematics question content or examiner analysis; retained as a free web resource after direct HTTP and text-content audit.,Free public web resource,Official source HTTP 200 + substantive English page audit · verified 2026-08-16,Yes
Nigeria,EM,mathematics;WASSCE;question;exam analysis,A,Official examination council e-learning archive,West African Examinations Council Mathematics e-Learning (Nigeria),https://www.waeconline.org.ng/e-learning/Mathematics/mathsmain.html,"General Mathematics Paper 2, WASSCE (PC), 2018",https://www.waeconline.org.ng/e-learning/Mathematics/maths227jq4.html,Examiner analysis,English,Official public WAEC Nigeria e-learning page with substantive mathematics question content or examiner analysis; retained as a free web resource after direct HTTP and text-content audit.,Free public web resource,Official source HTTP 200 + substantive English page audit · verified 2026-08-16,Yes
Nigeria,EM,mathematics;WASSCE;question;exam analysis,A,Official examination council e-learning archive,West African Examinations Council Mathematics e-Learning (Nigeria),https://www.waeconline.org.ng/e-learning/Mathematics/mathsmain.html,"General Mathematics Paper 2, WASSCE (PC), 2018",https://www.waeconline.org.ng/e-learning/Mathematics/maths227jq5.html,Examiner analysis,English,Official public WAEC Nigeria e-learning page with substantive mathematics question content or examiner analysis; retained as a free web resource after direct HTTP and text-content audit.,Free public web resource,Official source HTTP 200 + substantive English page audit · verified 2026-08-16,Yes
Nigeria,EM,mathematics;WASSCE;question;exam analysis,A,Official examination council e-learning archive,West African Examinations Council Mathematics e-Learning (Nigeria),https://www.waeconline.org.ng/e-learning/Mathematics/mathsmain.html,"General Mathematics Paper 2, WASSCE (PC), 2018",https://www.waeconline.org.ng/e-learning/Mathematics/maths227jq6.html,Examiner analysis,English,Official public WAEC Nigeria e-learning page with substantive mathematics question content or examiner analysis; retained as a free web resource after direct HTTP and text-content audit.,Free public web resource,Official source HTTP 200 + substantive English page audit · verified 2026-08-16,Yes
Nigeria,EM,mathematics;WASSCE;question;exam analysis,A,Official examination council e-learning archive,West African Examinations Council Mathematics e-Learning (Nigeria),https://www.waeconline.org.ng/e-learning/Mathematics/mathsmain.html,"General Mathematics Paper 2, WASSCE (PC), 2018",https://www.waeconline.org.ng/e-learning/Mathematics/maths227jq7.html,Examiner analysis,English,Official public WAEC Nigeria e-learning page with substantive mathematics question content or examiner analysis; retained as a free web resource after direct HTTP and text-content audit.,Free public web resource,Official source HTTP 200 + substantive English page audit · verified 2026-08-16,Yes
Nigeria,EM,mathematics;WASSCE;question;exam analysis,A,Official examination council e-learning archive,West African Examinations Council Mathematics e-Learning (Nigeria),https://www.waeconline.org.ng/e-learning/Mathematics/mathsmain.html,"General Mathematics Paper 2, WASSCE (PC), 2018",https://www.waeconline.org.ng/e-learning/Mathematics/maths227jq8.html,Examiner analysis,English,Official public WAEC Nigeria e-learning page with substantive mathematics question content or examiner analysis; retained as a free web resource after direct HTTP and text-content audit.,Free public web resource,Official source HTTP 200 + substantive English page audit · verified 2026-08-16,Yes
Nigeria,EM,mathematics;WASSCE;question;exam analysis,A,Official examination council e-learning archive,West African Examinations Council Mathematics e-Learning (Nigeria),https://www.waeconline.org.ng/e-learning/Mathematics/mathsmain.html,"General Mathematics Paper 2, WASSCE (PC), 2018",https://www.waeconline.org.ng/e-learning/Mathematics/maths227jq9.html,Examiner analysis,English,Official public WAEC Nigeria e-learning page with substantive mathematics question content or examiner analysis; retained as a free web resource after direct HTTP and text-content audit.,Free public web resource,Official source HTTP 200 + substantive English page audit · verified 2026-08-16,Yes
Nigeria,EM,mathematics;WASSCE;question;exam analysis,A,Official examination council e-learning archive,West African Examinations Council Mathematics e-Learning (Nigeria),https://www.waeconline.org.ng/e-learning/Mathematics/mathsmain.html,"General Mathematics Paper 2, WASSCE (PC), 2018",https://www.waeconline.org.ng/e-learning/Mathematics/maths227js.html,Examiner analysis,English,Official public WAEC Nigeria e-learning page with substantive mathematics question content or examiner analysis; retained as a free web resource after direct HTTP and text-content audit.,Free public web resource,Official source HTTP 200 + substantive English page audit · verified 2026-08-16,Yes
Nigeria,EM,mathematics;WASSCE;question;exam analysis,A,Official examination council e-learning archive,West African Examinations Council Mathematics e-Learning (Nigeria),https://www.waeconline.org.ng/e-learning/Mathematics/mathsmain.html,"General Mathematics Paper 2, WASSCE (PC), 2018",https://www.waeconline.org.ng/e-learning/Mathematics/maths227jw.html,Examiner analysis,English,Official public WAEC Nigeria e-learning page with substantive mathematics question content or examiner analysis; retained as a free web resource after direct HTTP and text-content audit.,Free public web resource,Official source HTTP 200 + substantive English page audit · verified 2026-08-16,Yes
Nigeria,GA,mathematics;WASSCE;question;exam analysis,A,Official examination council e-learning archive,West African Examinations Council Mathematics e-Learning (Nigeria),https://www.waeconline.org.ng/e-learning/Mathematics/mathsmain.html,"General Mathematics Paper 2, WASSCE (SC), 2018",https://www.waeconline.org.ng/e-learning/Mathematics/maths227mq1.html,Question page,English,Official public WAEC Nigeria e-learning page with substantive mathematics question content or examiner analysis; retained as a free web resource after direct HTTP and text-content audit.,Free public web resource,Official source HTTP 200 + substantive English page audit · verified 2026-08-16,Yes
Nigeria,GA,mathematics;WASSCE;question;exam analysis,A,Official examination council e-learning archive,West African Examinations Council Mathematics e-Learning (Nigeria),https://www.waeconline.org.ng/e-learning/Mathematics/mathsmain.html,"General Mathematics Paper 2, WASSCE (SC), 2018",https://www.waeconline.org.ng/e-learning/Mathematics/maths227mq10.html,Question page,English,Official public WAEC Nigeria e-learning page with substantive mathematics question content or examiner analysis; retained as a free web resource after direct HTTP and text-content audit.,Free public web resource,Official source HTTP 200 + substantive English page audit · verified 2026-08-16,Yes
Nigeria,GA,mathematics;WASSCE;question;exam analysis,A,Official examination council e-learning archive,West African Examinations Council Mathematics e-Learning (Nigeria),https://www.waeconline.org.ng/e-learning/Mathematics/mathsmain.html,"General Mathematics Paper 2, WASSCE (SC), 2018",https://www.waeconline.org.ng/e-learning/Mathematics/maths227mq11.html,Question page,English,Official public WAEC Nigeria e-learning page with substantive mathematics question content or examiner analysis; retained as a free web resource after direct HTTP and text-content audit.,Free public web resource,Official source HTTP 200 + substantive English page audit · verified 2026-08-16,Yes
Nigeria,GA,mathematics;WASSCE;question;exam analysis,A,Official examination council e-learning archive,West African Examinations Council Mathematics e-Learning (Nigeria),https://www.waeconline.org.ng/e-learning/Mathematics/mathsmain.html,"General Mathematics Paper 2, WASSCE (SC), 2018",https://www.waeconline.org.ng/e-learning/Mathematics/maths227mq12.html,Question page,English,Official public WAEC Nigeria e-learning page with substantive mathematics question content or examiner analysis; retained as a free web resource after direct HTTP and text-content audit.,Free public web resource,Official source HTTP 200 + substantive English page audit · verified 2026-08-16,Yes
Nigeria,GA,mathematics;WASSCE;question;exam analysis,A,Official examination council e-learning archive,West African Examinations Council Mathematics e-Learning (Nigeria),https://www.waeconline.org.ng/e-learning/Mathematics/mathsmain.html,"General Mathematics Paper 2, WASSCE (SC), 2018",https://www.waeconline.org.ng/e-learning/Mathematics/maths227mq13.html,Question page,English,Official public WAEC Nigeria e-learning page with substantive mathematics question content or examiner analysis; retained as a free web resource after direct HTTP and text-content audit.,Free public web resource,Official source HTTP 200 + substantive English page audit · verified 2026-08-16,Yes
Nigeria,GA,mathematics;WASSCE;question;exam analysis,A,Official examination council e-learning archive,West African Examinations Council Mathematics e-Learning (Nigeria),https://www.waeconline.org.ng/e-learning/Mathematics/mathsmain.html,"General Mathematics Paper 2, WASSCE (SC), 2018",https://www.waeconline.org.ng/e-learning/Mathematics/maths227mq2.html,Question page,English,Official public WAEC Nigeria e-learning page with substantive mathematics question content or examiner analysis; retained as a free web resource after direct HTTP and text-content audit.,Free public web resource,Official source HTTP 200 + substantive English page audit · verified 2026-08-16,Yes
Nigeria,GA,mathematics;WASSCE;question;exam analysis,A,Official examination council e-learning archive,West African Examinations Council Mathematics e-Learning (Nigeria),https://www.waeconline.org.ng/e-learning/Mathematics/mathsmain.html,"General Mathematics Paper 2, WASSCE (SC), 2018",https://www.waeconline.org.ng/e-learning/Mathematics/maths227mq3.html,Question page,English,Official public WAEC Nigeria e-learning page with substantive mathematics question content or examiner analysis; retained as a free web resource after direct HTTP and text-content audit.,Free public web resource,Official source HTTP 200 + substantive English page audit · verified 2026-08-16,Yes
Nigeria,GA,mathematics;WASSCE;question;exam analysis,A,Official examination council e-learning archive,West African Examinations Council Mathematics e-Learning (Nigeria),https://www.waeconline.org.ng/e-learning/Mathematics/mathsmain.html,"General Mathematics Paper 2, WASSCE (SC), 2018",https://www.waeconline.org.ng/e-learning/Mathematics/maths227mq4.html,Question page,English,Official public WAEC Nigeria e-learning page with substantive mathematics question content or examiner analysis; retained as a free web resource after direct HTTP and text-content audit.,Free public web resource,Official source HTTP 200 + substantive English page audit · verified 2026-08-16,Yes
Nigeria,GA,mathematics;WASSCE;question;exam analysis,A,Official examination council e-learning archive,West African Examinations Council Mathematics e-Learning (Nigeria),https://www.waeconline.org.ng/e-learning/Mathematics/mathsmain.html,"General Mathematics Paper 2, WASSCE (SC), 2018",https://www.waeconline.org.ng/e-learning/Mathematics/maths227mq5.html,Question page,English,Official public WAEC Nigeria e-learning page with substantive mathematics question content or examiner analysis; retained as a free web resource after direct HTTP and text-content audit.,Free public web resource,Official source HTTP 200 + substantive English page audit · verified 2026-08-16,Yes
Nigeria,GA,mathematics;WASSCE;question;exam analysis,A,Official examination council e-learning archive,West African Examinations Council Mathematics e-Learning (Nigeria),https://www.waeconline.org.ng/e-learning/Mathematics/mathsmain.html,"General Mathematics Paper 2, WASSCE (SC), 2018",https://www.waeconline.org.ng/e-learning/Mathematics/maths227mq6.html,Question page,English,Official public WAEC Nigeria e-learning page with substantive mathematics question content or examiner analysis; retained as a free web resource after direct HTTP and text-content audit.,Free public web resource,Official source HTTP 200 + substantive English page audit · verified 2026-08-16,Yes
Nigeria,GA,mathematics;WASSCE;question;exam analysis,A,Official examination council e-learning archive,West African Examinations Council Mathematics e-Learning (Nigeria),https://www.waeconline.org.ng/e-learning/Mathematics/mathsmain.html,"General Mathematics Paper 2, WASSCE (SC), 2018",https://www.waeconline.org.ng/e-learning/Mathematics/maths227mq7.html,Question page,English,Official public WAEC Nigeria e-learning page with substantive mathematics question content or examiner analysis; retained as a free web resource after direct HTTP and text-content audit.,Free public web resource,Official source HTTP 200 + substantive English page audit · verified 2026-08-16,Yes
Nigeria,GA,mathematics;WASSCE;question;exam analysis,A,Official examination council e-learning archive,West African Examinations Council Mathematics e-Learning (Nigeria),https://www.waeconline.org.ng/e-learning/Mathematics/mathsmain.html,"General Mathematics Paper 2, WASSCE (SC), 2018",https://www.waeconline.org.ng/e-learning/Mathematics/maths227mq8.html,Question page,English,Official public WAEC Nigeria e-learning page with substantive mathematics question content or examiner analysis; retained as a free web resource after direct HTTP and text-content audit.,Free public web resource,Official source HTTP 200 + substantive English page audit · verified 2026-08-16,Yes
Nigeria,GA,mathematics;WASSCE;question;exam analysis,A,Official examination council e-learning archive,West African Examinations Council Mathematics e-Learning (Nigeria),https://www.waeconline.org.ng/e-learning/Mathematics/mathsmain.html,"General Mathematics Paper 2, WASSCE (SC), 2018",https://www.waeconline.org.ng/e-learning/Mathematics/maths227mq9.html,Question page,English,Official public WAEC Nigeria e-learning page with substantive mathematics question content or examiner analysis; retained as a free web resource after direct HTTP and text-content audit.,Free public web resource,Official source HTTP 200 + substantive English page audit · verified 2026-08-16,Yes
Nigeria,EM,mathematics;WASSCE;question;exam analysis,A,Official examination council e-learning archive,West African Examinations Council Mathematics e-Learning (Nigeria),https://www.waeconline.org.ng/e-learning/Mathematics/mathsmain.html,"General Mathematics Paper 2, WASSCE (SC), 2018",https://www.waeconline.org.ng/e-learning/Mathematics/maths227ms.html,Examiner analysis,English,Official public WAEC Nigeria e-learning page with substantive mathematics question content or examiner analysis; retained as a free web resource after direct HTTP and text-content audit.,Free public web resource,Official source HTTP 200 + substantive English page audit · verified 2026-08-16,Yes
Nigeria,EM,mathematics;WASSCE;question;exam analysis,A,Official examination council e-learning archive,West African Examinations Council Mathematics e-Learning (Nigeria),https://www.waeconline.org.ng/e-learning/Mathematics/mathsmain.html,"General Mathematics Paper 2, WASSCE (SC), 2018",https://www.waeconline.org.ng/e-learning/Mathematics/maths227mw.html,Examiner analysis,English,Official public WAEC Nigeria e-learning page with substantive mathematics question content or examiner analysis; retained as a free web resource after direct HTTP and text-content audit.,Free public web resource,Official source HTTP 200 + substantive English page audit · verified 2026-08-16,Yes
Nigeria,EM,mathematics;WASSCE;question;exam analysis,A,Official examination council e-learning archive,West African Examinations Council Mathematics e-Learning (Nigeria),https://www.waeconline.org.ng/e-learning/Mathematics/mathsmain.html,"General Mathematics Paper 2, WASSCE (PC), 2019",https://www.waeconline.org.ng/e-learning/Mathematics/maths228jq1.html,Examiner analysis,English,Official public WAEC Nigeria e-learning page with substantive mathematics question content or examiner analysis; retained as a free web resource after direct HTTP and text-content audit.,Free public web resource,Official source HTTP 200 + substantive English page audit · verified 2026-08-16,Yes
Nigeria,EM,mathematics;WASSCE;question;exam analysis,A,Official examination council e-learning archive,West African Examinations Council Mathematics e-Learning (Nigeria),https://www.waeconline.org.ng/e-learning/Mathematics/mathsmain.html,"General Mathematics Paper 2, WASSCE (PC), 2019",https://www.waeconline.org.ng/e-learning/Mathematics/maths228jq10.html,Examiner analysis,English,Official public WAEC Nigeria e-learning page with substantive mathematics question content or examiner analysis; retained as a free web resource after direct HTTP and text-content audit.,Free public web resource,Official source HTTP 200 + substantive English page audit · verified 2026-08-16,Yes
Nigeria,EM,mathematics;WASSCE;question;exam analysis,A,Official examination council e-learning archive,West African Examinations Council Mathematics e-Learning (Nigeria),https://www.waeconline.org.ng/e-learning/Mathematics/mathsmain.html,"General Mathematics Paper 2, WASSCE (PC), 2019",https://www.waeconline.org.ng/e-learning/Mathematics/maths228jq11.html,Examiner analysis,English,Official public WAEC Nigeria e-learning page with substantive mathematics question content or examiner analysis; retained as a free web resource after direct HTTP and text-content audit.,Free public web resource,Official source HTTP 200 + substantive English page audit · verified 2026-08-16,Yes
Nigeria,EM,mathematics;WASSCE;question;exam analysis,A,Official examination council e-learning archive,West African Examinations Council Mathematics e-Learning (Nigeria),https://www.waeconline.org.ng/e-learning/Mathematics/mathsmain.html,"General Mathematics Paper 2, WASSCE (PC), 2019",https://www.waeconline.org.ng/e-learning/Mathematics/maths228jq2.html,Examiner analysis,English,Official public WAEC Nigeria e-learning page with substantive mathematics question content or examiner analysis; retained as a free web resource after direct HTTP and text-content audit.,Free public web resource,Official source HTTP 200 + substantive English page audit · verified 2026-08-16,Yes
Nigeria,EM,mathematics;WASSCE;question;exam analysis,A,Official examination council e-learning archive,West African Examinations Council Mathematics e-Learning (Nigeria),https://www.waeconline.org.ng/e-learning/Mathematics/mathsmain.html,"General Mathematics Paper 2, WASSCE (PC), 2019",https://www.waeconline.org.ng/e-learning/Mathematics/maths228jq3.html,Examiner analysis,English,Official public WAEC Nigeria e-learning page with substantive mathematics question content or examiner analysis; retained as a free web resource after direct HTTP and text-content audit.,Free public web resource,Official source HTTP 200 + substantive English page audit · verified 2026-08-16,Yes
Nigeria,EM,mathematics;WASSCE;question;exam analysis,A,Official examination council e-learning archive,West African Examinations Council Mathematics e-Learning (Nigeria),https://www.waeconline.org.ng/e-learning/Mathematics/mathsmain.html,"General Mathematics Paper 2, WASSCE (PC), 2019",https://www.waeconline.org.ng/e-learning/Mathematics/maths228jq4.html,Examiner analysis,English,Official public WAEC Nigeria e-learning page with substantive mathematics question content or examiner analysis; retained as a free web resource after direct HTTP and text-content audit.,Free public web resource,Official source HTTP 200 + substantive English page audit · verified 2026-08-16,Yes
Nigeria,EM,mathematics;WASSCE;question;exam analysis,A,Official examination council e-learning archive,West African Examinations Council Mathematics e-Learning (Nigeria),https://www.waeconline.org.ng/e-learning/Mathematics/mathsmain.html,"General Mathematics Paper 2, WASSCE (PC), 2019",https://www.waeconline.org.ng/e-learning/Mathematics/maths228jq5.html,Examiner analysis,English,Official public WAEC Nigeria e-learning page with substantive mathematics question content or examiner analysis; retained as a free web resource after direct HTTP and text-content audit.,Free public web resource,Official source HTTP 200 + substantive English page audit · verified 2026-08-16,Yes
Nigeria,EM,mathematics;WASSCE;question;exam analysis,A,Official examination council e-learning archive,West African Examinations Council Mathematics e-Learning (Nigeria),https://www.waeconline.org.ng/e-learning/Mathematics/mathsmain.html,"General Mathematics Paper 2, WASSCE (PC), 2019",https://www.waeconline.org.ng/e-learning/Mathematics/maths228jq6.html,Examiner analysis,English,Official public WAEC Nigeria e-learning page with substantive mathematics question content or examiner analysis; retained as a free web resource after direct HTTP and text-content audit.,Free public web resource,Official source HTTP 200 + substantive English page audit · verified 2026-08-16,Yes
Nigeria,EM,mathematics;WASSCE;question;exam analysis,A,Official examination council e-learning archive,West African Examinations Council Mathematics e-Learning (Nigeria),https://www.waeconline.org.ng/e-learning/Mathematics/mathsmain.html,"General Mathematics Paper 2, WASSCE (PC), 2019",https://www.waeconline.org.ng/e-learning/Mathematics/maths228jq7.html,Examiner analysis,English,Official public WAEC Nigeria e-learning page with substantive mathematics question content or examiner analysis; retained as a free web resource after direct HTTP and text-content audit.,Free public web resource,Official source HTTP 200 + substantive English page audit · verified 2026-08-16,Yes
Nigeria,EM,mathematics;WASSCE;question;exam analysis,A,Official examination council e-learning archive,West African Examinations Council Mathematics e-Learning (Nigeria),https://www.waeconline.org.ng/e-learning/Mathematics/mathsmain.html,"General Mathematics Paper 2, WASSCE (PC), 2019",https://www.waeconline.org.ng/e-learning/Mathematics/maths228jq8.html,Examiner analysis,English,Official public WAEC Nigeria e-learning page with substantive mathematics question content or examiner analysis; retained as a free web resource after direct HTTP and text-content audit.,Free public web resource,Official source HTTP 200 + substantive English page audit · verified 2026-08-16,Yes
Nigeria,EM,mathematics;WASSCE;question;exam analysis,A,Official examination council e-learning archive,West African Examinations Council Mathematics e-Learning (Nigeria),https://www.waeconline.org.ng/e-learning/Mathematics/mathsmain.html,"General Mathematics Paper 2, WASSCE (PC), 2019",https://www.waeconline.org.ng/e-learning/Mathematics/maths228jq9.html,Examiner analysis,English,Official public WAEC Nigeria e-learning page with substantive mathematics question content or examiner analysis; retained as a free web resource after direct HTTP and text-content audit.,Free public web resource,Official source HTTP 200 + substantive English page audit · verified 2026-08-16,Yes
Nigeria,EM,mathematics;WASSCE;question;exam analysis,A,Official examination council e-learning archive,West African Examinations Council Mathematics e-Learning (Nigeria),https://www.waeconline.org.ng/e-learning/Mathematics/mathsmain.html,"General Mathematics Paper 2, WASSCE (PC), 2019",https://www.waeconline.org.ng/e-learning/Mathematics/maths228js.html,Examiner analysis,English,Official public WAEC Nigeria e-learning page with substantive mathematics question content or examiner analysis; retained as a free web resource after direct HTTP and text-content audit.,Free public web resource,Official source HTTP 200 + substantive English page audit · verified 2026-08-16,Yes
Nigeria,EM,mathematics;WASSCE;question;exam analysis,A,Official examination council e-learning archive,West African Examinations Council Mathematics e-Learning (Nigeria),https://www.waeconline.org.ng/e-learning/Mathematics/mathsmain.html,"General Mathematics Paper 2, WASSCE (PC), 2019",https://www.waeconline.org.ng/e-learning/Mathematics/maths228jw.html,Examiner analysis,English,Official public WAEC Nigeria e-learning page with substantive mathematics question content or examiner analysis; retained as a free web resource after direct HTTP and text-content audit.,Free public web resource,Official source HTTP 200 + substantive English page audit · verified 2026-08-16,Yes
Nigeria,GA,mathematics;WASSCE;question;exam analysis,A,Official examination council e-learning archive,West African Examinations Council Mathematics e-Learning (Nigeria),https://www.waeconline.org.ng/e-learning/Mathematics/mathsmain.html,"General Mathematics Paper 2, WASSCE (SC), 2019",https://www.waeconline.org.ng/e-learning/Mathematics/maths228mq1.html,Question page,English,Official public WAEC Nigeria e-learning page with substantive mathematics question content or examiner analysis; retained as a free web resource after direct HTTP and text-content audit.,Free public web resource,Official source HTTP 200 + substantive English page audit · verified 2026-08-16,Yes
Nigeria,GA,mathematics;WASSCE;question;exam analysis,A,Official examination council e-learning archive,West African Examinations Council Mathematics e-Learning (Nigeria),https://www.waeconline.org.ng/e-learning/Mathematics/mathsmain.html,"General Mathematics Paper 2, WASSCE (SC), 2019",https://www.waeconline.org.ng/e-learning/Mathematics/maths228mq10.html,Question page,English,Official public WAEC Nigeria e-learning page with substantive mathematics question content or examiner analysis; retained as a free web resource after direct HTTP and text-content audit.,Free public web resource,Official source HTTP 200 + substantive English page audit · verified 2026-08-16,Yes
Nigeria,GA,mathematics;WASSCE;question;exam analysis,A,Official examination council e-learning archive,West African Examinations Council Mathematics e-Learning (Nigeria),https://www.waeconline.org.ng/e-learning/Mathematics/mathsmain.html,"General Mathematics Paper 2, WASSCE (SC), 2019",https://www.waeconline.org.ng/e-learning/Mathematics/maths228mq11.html,Question page,English,Official public WAEC Nigeria e-learning page with substantive mathematics question content or examiner analysis; retained as a free web resource after direct HTTP and text-content audit.,Free public web resource,Official source HTTP 200 + substantive English page audit · verified 2026-08-16,Yes
Nigeria,GA,mathematics;WASSCE;question;exam analysis,A,Official examination council e-learning archive,West African Examinations Council Mathematics e-Learning (Nigeria),https://www.waeconline.org.ng/e-learning/Mathematics/mathsmain.html,"General Mathematics Paper 2, WASSCE (SC), 2019",https://www.waeconline.org.ng/e-learning/Mathematics/maths228mq12.html,Question page,English,Official public WAEC Nigeria e-learning page with substantive mathematics question content or examiner analysis; retained as a free web resource after direct HTTP and text-content audit.,Free public web resource,Official source HTTP 200 + substantive English page audit · verified 2026-08-16,Yes
Nigeria,GA,mathematics;WASSCE;question;exam analysis,A,Official examination council e-learning archive,West African Examinations Council Mathematics e-Learning (Nigeria),https://www.waeconline.org.ng/e-learning/Mathematics/mathsmain.html,"General Mathematics Paper 2, WASSCE (SC), 2019",https://www.waeconline.org.ng/e-learning/Mathematics/maths228mq13.html,Question page,English,Official public WAEC Nigeria e-learning page with substantive mathematics question content or examiner analysis; retained as a free web resource after direct HTTP and text-content audit.,Free public web resource,Official source HTTP 200 + substantive English page audit · verified 2026-08-16,Yes
Nigeria,GA,mathematics;WASSCE;question;exam analysis,A,Official examination council e-learning archive,West African Examinations Council Mathematics e-Learning (Nigeria),https://www.waeconline.org.ng/e-learning/Mathematics/mathsmain.html,"General Mathematics Paper 2, WASSCE (SC), 2019",https://www.waeconline.org.ng/e-learning/Mathematics/maths228mq3.html,Question page,English,Official public WAEC Nigeria e-learning page with substantive mathematics question content or examiner analysis; retained as a free web resource after direct HTTP and text-content audit.,Free public web resource,Official source HTTP 200 + substantive English page audit · verified 2026-08-16,Yes
Nigeria,GA,mathematics;WASSCE;question;exam analysis,A,Official examination council e-learning archive,West African Examinations Council Mathematics e-Learning (Nigeria),https://www.waeconline.org.ng/e-learning/Mathematics/mathsmain.html,"General Mathematics Paper 2, WASSCE (SC), 2019",https://www.waeconline.org.ng/e-learning/Mathematics/maths228mq4.html,Question page,English,Official public WAEC Nigeria e-learning page with substantive mathematics question content or examiner analysis; retained as a free web resource after direct HTTP and text-content audit.,Free public web resource,Official source HTTP 200 + substantive English page audit · verified 2026-08-16,Yes
Nigeria,GA,mathematics;WASSCE;question;exam analysis,A,Official examination council e-learning archive,West African Examinations Council Mathematics e-Learning (Nigeria),https://www.waeconline.org.ng/e-learning/Mathematics/mathsmain.html,"General Mathematics Paper 2, WASSCE (SC), 2019",https://www.waeconline.org.ng/e-learning/Mathematics/maths228mq5.html,Question page,English,Official public WAEC Nigeria e-learning page with substantive mathematics question content or examiner analysis; retained as a free web resource after direct HTTP and text-content audit.,Free public web resource,Official source HTTP 200 + substantive English page audit · verified 2026-08-16,Yes
Nigeria,GA,mathematics;WASSCE;question;exam analysis,A,Official examination council e-learning archive,West African Examinations Council Mathematics e-Learning (Nigeria),https://www.waeconline.org.ng/e-learning/Mathematics/mathsmain.html,"General Mathematics Paper 2, WASSCE (SC), 2019",https://www.waeconline.org.ng/e-learning/Mathematics/maths228mq6.html,Question page,English,Official public WAEC Nigeria e-learning page with substantive mathematics question content or examiner analysis; retained as a free web resource after direct HTTP and text-content audit.,Free public web resource,Official source HTTP 200 + substantive English page audit · verified 2026-08-16,Yes
Nigeria,GA,mathematics;WASSCE;question;exam analysis,A,Official examination council e-learning archive,West African Examinations Council Mathematics e-Learning (Nigeria),https://www.waeconline.org.ng/e-learning/Mathematics/mathsmain.html,"General Mathematics Paper 2, WASSCE (SC), 2019",https://www.waeconline.org.ng/e-learning/Mathematics/maths228mq7.html,Question page,English,Official public WAEC Nigeria e-learning page with substantive mathematics question content or examiner analysis; retained as a free web resource after direct HTTP and text-content audit.,Free public web resource,Official source HTTP 200 + substantive English page audit · verified 2026-08-16,Yes
Nigeria,GA,mathematics;WASSCE;question;exam analysis,A,Official examination council e-learning archive,West African Examinations Council Mathematics e-Learning (Nigeria),https://www.waeconline.org.ng/e-learning/Mathematics/mathsmain.html,"General Mathematics Paper 2, WASSCE (SC), 2019",https://www.waeconline.org.ng/e-learning/Mathematics/maths228mq8.html,Question page,English,Official public WAEC Nigeria e-learning page with substantive mathematics question content or examiner analysis; retained as a free web resource after direct HTTP and text-content audit.,Free public web resource,Official source HTTP 200 + substantive English page audit · verified 2026-08-16,Yes
Nigeria,GA,mathematics;WASSCE;question;exam analysis,A,Official examination council e-learning archive,West African Examinations Council Mathematics e-Learning (Nigeria),https://www.waeconline.org.ng/e-learning/Mathematics/mathsmain.html,"General Mathematics Paper 2, WASSCE (SC), 2019",https://www.waeconline.org.ng/e-learning/Mathematics/maths228mq9.html,Question page,English,Official public WAEC Nigeria e-learning page with substantive mathematics question content or examiner analysis; retained as a free web resource after direct HTTP and text-content audit.,Free public web resource,Official source HTTP 200 + substantive English page audit · verified 2026-08-16,Yes
Nigeria,EM,mathematics;WASSCE;question;exam analysis,A,Official examination council e-learning archive,West African Examinations Council Mathematics e-Learning (Nigeria),https://www.waeconline.org.ng/e-learning/Mathematics/mathsmain.html,"General Mathematics Paper 2, WASSCE (SC), 2019",https://www.waeconline.org.ng/e-learning/Mathematics/maths228ms.html,Examiner analysis,English,Official public WAEC Nigeria e-learning page with substantive mathematics question content or examiner analysis; retained as a free web resource after direct HTTP and text-content audit.,Free public web resource,Official source HTTP 200 + substantive English page audit · verified 2026-08-16,Yes
Nigeria,EM,mathematics;WASSCE;question;exam analysis,A,Official examination council e-learning archive,West African Examinations Council Mathematics e-Learning (Nigeria),https://www.waeconline.org.ng/e-learning/Mathematics/mathsmain.html,"General Mathematics Paper 2, WASSCE (SC), 2019",https://www.waeconline.org.ng/e-learning/Mathematics/maths228mw.html,Examiner analysis,English,Official public WAEC Nigeria e-learning page with substantive mathematics question content or examiner analysis; retained as a free web resource after direct HTTP and text-content audit.,Free public web resource,Official source HTTP 200 + substantive English page audit · verified 2026-08-16,Yes
Nigeria,EM,mathematics;WASSCE;question;exam analysis,A,Official examination council e-learning archive,West African Examinations Council Mathematics e-Learning (Nigeria),https://www.waeconline.org.ng/e-learning/Mathematics/mathsmain.html,"General Mathematics Paper 2, WASSCE (PC 2ND), 2020",https://www.waeconline.org.ng/e-learning/Mathematics/maths230aq1.html,Examiner analysis,English,Official public WAEC Nigeria e-learning page with substantive mathematics question content or examiner analysis; retained as a free web resource after direct HTTP and text-content audit.,Free public web resource,Official source HTTP 200 + substantive English page audit · verified 2026-08-16,Yes
Nigeria,EM,mathematics;WASSCE;question;exam analysis,A,Official examination council e-learning archive,West African Examinations Council Mathematics e-Learning (Nigeria),https://www.waeconline.org.ng/e-learning/Mathematics/mathsmain.html,"General Mathematics Paper 2, WASSCE (PC 2ND), 2020",https://www.waeconline.org.ng/e-learning/Mathematics/maths230aq10.html,Examiner analysis,English,Official public WAEC Nigeria e-learning page with substantive mathematics question content or examiner analysis; retained as a free web resource after direct HTTP and text-content audit.,Free public web resource,Official source HTTP 200 + substantive English page audit · verified 2026-08-16,Yes
Nigeria,EM,mathematics;WASSCE;question;exam analysis,A,Official examination council e-learning archive,West African Examinations Council Mathematics e-Learning (Nigeria),https://www.waeconline.org.ng/e-learning/Mathematics/mathsmain.html,"General Mathematics Paper 2, WASSCE (PC 2ND), 2020",https://www.waeconline.org.ng/e-learning/Mathematics/maths230aq11.html,Examiner analysis,English,Official public WAEC Nigeria e-learning page with substantive mathematics question content or examiner analysis; retained as a free web resource after direct HTTP and text-content audit.,Free public web resource,Official source HTTP 200 + substantive English page audit · verified 2026-08-16,Yes
Nigeria,EM,mathematics;WASSCE;question;exam analysis,A,Official examination council e-learning archive,West African Examinations Council Mathematics e-Learning (Nigeria),https://www.waeconline.org.ng/e-learning/Mathematics/mathsmain.html,"General Mathematics Paper 2, WASSCE (PC 2ND), 2020",https://www.waeconline.org.ng/e-learning/Mathematics/maths230aq12.html,Examiner analysis,English,Official public WAEC Nigeria e-learning page with substantive mathematics question content or examiner analysis; retained as a free web resource after direct HTTP and text-content audit.,Free public web resource,Official source HTTP 200 + substantive English page audit · verified 2026-08-16,Yes
Nigeria,EM,mathematics;WASSCE;question;exam analysis,A,Official examination council e-learning archive,West African Examinations Council Mathematics e-Learning (Nigeria),https://www.waeconline.org.ng/e-learning/Mathematics/mathsmain.html,"General Mathematics Paper 2, WASSCE (PC 2ND), 2020",https://www.waeconline.org.ng/e-learning/Mathematics/maths230aq13.html,Examiner analysis,English,Official public WAEC Nigeria e-learning page with substantive mathematics question content or examiner analysis; retained as a free web resource after direct HTTP and text-content audit.,Free public web resource,Official source HTTP 200 + substantive English page audit · verified 2026-08-16,Yes
Nigeria,EM,mathematics;WASSCE;question;exam analysis,A,Official examination council e-learning archive,West African Examinations Council Mathematics e-Learning (Nigeria),https://www.waeconline.org.ng/e-learning/Mathematics/mathsmain.html,"General Mathematics Paper 2, WASSCE (PC 2ND), 2020",https://www.waeconline.org.ng/e-learning/Mathematics/maths230aq2.html,Examiner analysis,English,Official public WAEC Nigeria e-learning page with substantive mathematics question content or examiner analysis; retained as a free web resource after direct HTTP and text-content audit.,Free public web resource,Official source HTTP 200 + substantive English page audit · verified 2026-08-16,Yes
Nigeria,EM,mathematics;WASSCE;question;exam analysis,A,Official examination council e-learning archive,West African Examinations Council Mathematics e-Learning (Nigeria),https://www.waeconline.org.ng/e-learning/Mathematics/mathsmain.html,"General Mathematics Paper 2, WASSCE (PC 2ND), 2020",https://www.waeconline.org.ng/e-learning/Mathematics/maths230aq5.html,Examiner analysis,English,Official public WAEC Nigeria e-learning page with substantive mathematics question content or examiner analysis; retained as a free web resource after direct HTTP and text-content audit.,Free public web resource,Official source HTTP 200 + substantive English page audit · verified 2026-08-16,Yes
Nigeria,EM,mathematics;WASSCE;question;exam analysis,A,Official examination council e-learning archive,West African Examinations Council Mathematics e-Learning (Nigeria),https://www.waeconline.org.ng/e-learning/Mathematics/mathsmain.html,"General Mathematics Paper 2, WASSCE (PC 2ND), 2020",https://www.waeconline.org.ng/e-learning/Mathematics/maths230aq7.html,Examiner analysis,English,Official public WAEC Nigeria e-learning page with substantive mathematics question content or examiner analysis; retained as a free web resource after direct HTTP and text-content audit.,Free public web resource,Official source HTTP 200 + substantive English page audit · verified 2026-08-16,Yes
Nigeria,EM,mathematics;WASSCE;question;exam analysis,A,Official examination council e-learning archive,West African Examinations Council Mathematics e-Learning (Nigeria),https://www.waeconline.org.ng/e-learning/Mathematics/mathsmain.html,"General Mathematics Paper 2, WASSCE (PC 2ND), 2020",https://www.waeconline.org.ng/e-learning/Mathematics/maths230aq8.html,Examiner analysis,English,Official public WAEC Nigeria e-learning page with substantive mathematics question content or examiner analysis; retained as a free web resource after direct HTTP and text-content audit.,Free public web resource,Official source HTTP 200 + substantive English page audit · verified 2026-08-16,Yes
Nigeria,EM,mathematics;WASSCE;question;exam analysis,A,Official examination council e-learning archive,West African Examinations Council Mathematics e-Learning (Nigeria),https://www.waeconline.org.ng/e-learning/Mathematics/mathsmain.html,"General Mathematics Paper 2, WASSCE (PC 2ND), 2020",https://www.waeconline.org.ng/e-learning/Mathematics/maths230as.html,Examiner analysis,English,Official public WAEC Nigeria e-learning page with substantive mathematics question content or examiner analysis; retained as a free web resource after direct HTTP and text-content audit.,Free public web resource,Official source HTTP 200 + substantive English page audit · verified 2026-08-16,Yes
Nigeria,EM,mathematics;WASSCE;question;exam analysis,A,Official examination council e-learning archive,West African Examinations Council Mathematics e-Learning (Nigeria),https://www.waeconline.org.ng/e-learning/Mathematics/mathsmain.html,"General Mathematics Paper 2, WASSCE (PC 2ND), 2020",https://www.waeconline.org.ng/e-learning/Mathematics/maths230aw.html,Examiner analysis,English,Official public WAEC Nigeria e-learning page with substantive mathematics question content or examiner analysis; retained as a free web resource after direct HTTP and text-content audit.,Free public web resource,Official source HTTP 200 + substantive English page audit · verified 2026-08-16,Yes
Nigeria,EM,mathematics;WASSCE;question;exam analysis,A,Official examination council e-learning archive,West African Examinations Council Mathematics e-Learning (Nigeria),https://www.waeconline.org.ng/e-learning/Mathematics/mathsmain.html,"General Mathematics Paper 2, WASSCE (PC), 2020",https://www.waeconline.org.ng/e-learning/Mathematics/maths230jq1.html,Examiner analysis,English,Official public WAEC Nigeria e-learning page with substantive mathematics question content or examiner analysis; retained as a free web resource after direct HTTP and text-content audit.,Free public web resource,Official source HTTP 200 + substantive English page audit · verified 2026-08-16,Yes
Nigeria,EM,mathematics;WASSCE;question;exam analysis,A,Official examination council e-learning archive,West African Examinations Council Mathematics e-Learning (Nigeria),https://www.waeconline.org.ng/e-learning/Mathematics/mathsmain.html,"General Mathematics Paper 2, WASSCE (PC), 2020",https://www.waeconline.org.ng/e-learning/Mathematics/maths230jq10.html,Examiner analysis,English,Official public WAEC Nigeria e-learning page with substantive mathematics question content or examiner analysis; retained as a free web resource after direct HTTP and text-content audit.,Free public web resource,Official source HTTP 200 + substantive English page audit · verified 2026-08-16,Yes
Nigeria,EM,mathematics;WASSCE;question;exam analysis,A,Official examination council e-learning archive,West African Examinations Council Mathematics e-Learning (Nigeria),https://www.waeconline.org.ng/e-learning/Mathematics/mathsmain.html,"General Mathematics Paper 2, WASSCE (PC), 2020",https://www.waeconline.org.ng/e-learning/Mathematics/maths230jq11.html,Examiner analysis,English,Official public WAEC Nigeria e-learning page with substantive mathematics question content or examiner analysis; retained as a free web resource after direct HTTP and text-content audit.,Free public web resource,Official source HTTP 200 + substantive English page audit · verified 2026-08-16,Yes
Nigeria,EM,mathematics;WASSCE;question;exam analysis,A,Official examination council e-learning archive,West African Examinations Council Mathematics e-Learning (Nigeria),https://www.waeconline.org.ng/e-learning/Mathematics/mathsmain.html,"General Mathematics Paper 2, WASSCE (PC), 2020",https://www.waeconline.org.ng/e-learning/Mathematics/maths230jq12.html,Examiner analysis,English,Official public WAEC Nigeria e-learning page with substantive mathematics question content or examiner analysis; retained as a free web resource after direct HTTP and text-content audit.,Free public web resource,Official source HTTP 200 + substantive English page audit · verified 2026-08-16,Yes
Nigeria,EM,mathematics;WASSCE;question;exam analysis,A,Official examination council e-learning archive,West African Examinations Council Mathematics e-Learning (Nigeria),https://www.waeconline.org.ng/e-learning/Mathematics/mathsmain.html,"General Mathematics Paper 2, WASSCE (PC), 2020",https://www.waeconline.org.ng/e-learning/Mathematics/maths230jq13.html,Examiner analysis,English,Official public WAEC Nigeria e-learning page with substantive mathematics question content or examiner analysis; retained as a free web resource after direct HTTP and text-content audit.,Free public web resource,Official source HTTP 200 + substantive English page audit · verified 2026-08-16,Yes
Nigeria,EM,mathematics;WASSCE;question;exam analysis,A,Official examination council e-learning archive,West African Examinations Council Mathematics e-Learning (Nigeria),https://www.waeconline.org.ng/e-learning/Mathematics/mathsmain.html,"General Mathematics Paper 2, WASSCE (PC), 2020",https://www.waeconline.org.ng/e-learning/Mathematics/maths230jq2.html,Examiner analysis,English,Official public WAEC Nigeria e-learning page with substantive mathematics question content or examiner analysis; retained as a free web resource after direct HTTP and text-content audit.,Free public web resource,Official source HTTP 200 + substantive English page audit · verified 2026-08-16,Yes
Nigeria,EM,mathematics;WASSCE;question;exam analysis,A,Official examination council e-learning archive,West African Examinations Council Mathematics e-Learning (Nigeria),https://www.waeconline.org.ng/e-learning/Mathematics/mathsmain.html,"General Mathematics Paper 2, WASSCE (PC), 2020",https://www.waeconline.org.ng/e-learning/Mathematics/maths230jq3.html,Examiner analysis,English,Official public WAEC Nigeria e-learning page with substantive mathematics question content or examiner analysis; retained as a free web resource after direct HTTP and text-content audit.,Free public web resource,Official source HTTP 200 + substantive English page audit · verified 2026-08-16,Yes
Nigeria,EM,mathematics;WASSCE;question;exam analysis,A,Official examination council e-learning archive,West African Examinations Council Mathematics e-Learning (Nigeria),https://www.waeconline.org.ng/e-learning/Mathematics/mathsmain.html,"General Mathematics Paper 2, WASSCE (PC), 2020",https://www.waeconline.org.ng/e-learning/Mathematics/maths230jq4.html,Examiner analysis,English,Official public WAEC Nigeria e-learning page with substantive mathematics question content or examiner analysis; retained as a free web resource after direct HTTP and text-content audit.,Free public web resource,Official source HTTP 200 + substantive English page audit · verified 2026-08-16,Yes
Nigeria,EM,mathematics;WASSCE;question;exam analysis,A,Official examination council e-learning archive,West African Examinations Council Mathematics e-Learning (Nigeria),https://www.waeconline.org.ng/e-learning/Mathematics/mathsmain.html,"General Mathematics Paper 2, WASSCE (PC), 2020",https://www.waeconline.org.ng/e-learning/Mathematics/maths230jq6.html,Examiner analysis,English,Official public WAEC Nigeria e-learning page with substantive mathematics question content or examiner analysis; retained as a free web resource after direct HTTP and text-content audit.,Free public web resource,Official source HTTP 200 + substantive English page audit · verified 2026-08-16,Yes
Nigeria,EM,mathematics;WASSCE;question;exam analysis,A,Official examination council e-learning archive,West African Examinations Council Mathematics e-Learning (Nigeria),https://www.waeconline.org.ng/e-learning/Mathematics/mathsmain.html,"General Mathematics Paper 2, WASSCE (PC), 2020",https://www.waeconline.org.ng/e-learning/Mathematics/maths230jq7.html,Examiner analysis,English,Official public WAEC Nigeria e-learning page with substantive mathematics question content or examiner analysis; retained as a free web resource after direct HTTP and text-content audit.,Free public web resource,Official source HTTP 200 + substantive English page audit · verified 2026-08-16,Yes
Nigeria,EM,mathematics;WASSCE;question;exam analysis,A,Official examination council e-learning archive,West African Examinations Council Mathematics e-Learning (Nigeria),https://www.waeconline.org.ng/e-learning/Mathematics/mathsmain.html,"General Mathematics Paper 2, WASSCE (PC), 2020",https://www.waeconline.org.ng/e-learning/Mathematics/maths230jq8.html,Examiner analysis,English,Official public WAEC Nigeria e-learning page with substantive mathematics question content or examiner analysis; retained as a free web resource after direct HTTP and text-content audit.,Free public web resource,Official source HTTP 200 + substantive English page audit · verified 2026-08-16,Yes
Nigeria,EM,mathematics;WASSCE;question;exam analysis,A,Official examination council e-learning archive,West African Examinations Council Mathematics e-Learning (Nigeria),https://www.waeconline.org.ng/e-learning/Mathematics/mathsmain.html,"General Mathematics Paper 2, WASSCE (PC), 2020",https://www.waeconline.org.ng/e-learning/Mathematics/maths230jq9.html,Examiner analysis,English,Official public WAEC Nigeria e-learning page with substantive mathematics question content or examiner analysis; retained as a free web resource after direct HTTP and text-content audit.,Free public web resource,Official source HTTP 200 + substantive English page audit · verified 2026-08-16,Yes
Nigeria,EM,mathematics;WASSCE;question;exam analysis,A,Official examination council e-learning archive,West African Examinations Council Mathematics e-Learning (Nigeria),https://www.waeconline.org.ng/e-learning/Mathematics/mathsmain.html,"General Mathematics Paper 2, WASSCE (PC), 2020",https://www.waeconline.org.ng/e-learning/Mathematics/maths230js.html,Examiner analysis,English,Official public WAEC Nigeria e-learning page with substantive mathematics question content or examiner analysis; retained as a free web resource after direct HTTP and text-content audit.,Free public web resource,Official source HTTP 200 + substantive English page audit · verified 2026-08-16,Yes
Nigeria,EM,mathematics;WASSCE;question;exam analysis,A,Official examination council e-learning archive,West African Examinations Council Mathematics e-Learning (Nigeria),https://www.waeconline.org.ng/e-learning/Mathematics/mathsmain.html,"General Mathematics Paper 2, WASSCE (PC), 2020",https://www.waeconline.org.ng/e-learning/Mathematics/maths230jw.html,Examiner analysis,English,Official public WAEC Nigeria e-learning page with substantive mathematics question content or examiner analysis; retained as a free web resource after direct HTTP and text-content audit.,Free public web resource,Official source HTTP 200 + substantive English page audit · verified 2026-08-16,Yes
Nigeria,GA,mathematics;WASSCE;question;exam analysis,A,Official examination council e-learning archive,West African Examinations Council Mathematics e-Learning (Nigeria),https://www.waeconline.org.ng/e-learning/Mathematics/mathsmain.html,"General Mathematics Paper 2, WASSCE (SC), 2020",https://www.waeconline.org.ng/e-learning/Mathematics/maths231mq1.html,Question page,English,Official public WAEC Nigeria e-learning page with substantive mathematics question content or examiner analysis; retained as a free web resource after direct HTTP and text-content audit.,Free public web resource,Official source HTTP 200 + substantive English page audit · verified 2026-08-16,Yes
Nigeria,GA,mathematics;WASSCE;question;exam analysis,A,Official examination council e-learning archive,West African Examinations Council Mathematics e-Learning (Nigeria),https://www.waeconline.org.ng/e-learning/Mathematics/mathsmain.html,"General Mathematics Paper 2, WASSCE (SC), 2020",https://www.waeconline.org.ng/e-learning/Mathematics/maths231mq10.html,Question page,English,Official public WAEC Nigeria e-learning page with substantive mathematics question content or examiner analysis; retained as a free web resource after direct HTTP and text-content audit.,Free public web resource,Official source HTTP 200 + substantive English page audit · verified 2026-08-16,Yes
Nigeria,GA,mathematics;WASSCE;question;exam analysis,A,Official examination council e-learning archive,West African Examinations Council Mathematics e-Learning (Nigeria),https://www.waeconline.org.ng/e-learning/Mathematics/mathsmain.html,"General Mathematics Paper 2, WASSCE (SC), 2020",https://www.waeconline.org.ng/e-learning/Mathematics/maths231mq11.html,Question page,English,Official public WAEC Nigeria e-learning page with substantive mathematics question content or examiner analysis; retained as a free web resource after direct HTTP and text-content audit.,Free public web resource,Official source HTTP 200 + substantive English page audit · verified 2026-08-16,Yes
Nigeria,GA,mathematics;WASSCE;question;exam analysis,A,Official examination council e-learning archive,West African Examinations Council Mathematics e-Learning (Nigeria),https://www.waeconline.org.ng/e-learning/Mathematics/mathsmain.html,"General Mathematics Paper 2, WASSCE (SC), 2020",https://www.waeconline.org.ng/e-learning/Mathematics/maths231mq12.html,Question page,English,Official public WAEC Nigeria e-learning page with substantive mathematics question content or examiner analysis; retained as a free web resource after direct HTTP and text-content audit.,Free public web resource,Official source HTTP 200 + substantive English page audit · verified 2026-08-16,Yes
Nigeria,GA,mathematics;WASSCE;question;exam analysis,A,Official examination council e-learning archive,West African Examinations Council Mathematics e-Learning (Nigeria),https://www.waeconline.org.ng/e-learning/Mathematics/mathsmain.html,"General Mathematics Paper 2, WASSCE (SC), 2020",https://www.waeconline.org.ng/e-learning/Mathematics/maths231mq13.html,Question page,English,Official public WAEC Nigeria e-learning page with substantive mathematics question content or examiner analysis; retained as a free web resource after direct HTTP and text-content audit.,Free public web resource,Official source HTTP 200 + substantive English page audit · verified 2026-08-16,Yes
Nigeria,GA,mathematics;WASSCE;question;exam analysis,A,Official examination council e-learning archive,West African Examinations Council Mathematics e-Learning (Nigeria),https://www.waeconline.org.ng/e-learning/Mathematics/mathsmain.html,"General Mathematics Paper 2, WASSCE (SC), 2020",https://www.waeconline.org.ng/e-learning/Mathematics/maths231mq2.html,Question page,English,Official public WAEC Nigeria e-learning page with substantive mathematics question content or examiner analysis; retained as a free web resource after direct HTTP and text-content audit.,Free public web resource,Official source HTTP 200 + substantive English page audit · verified 2026-08-16,Yes
Nigeria,GA,mathematics;WASSCE;question;exam analysis,A,Official examination council e-learning archive,West African Examinations Council Mathematics e-Learning (Nigeria),https://www.waeconline.org.ng/e-learning/Mathematics/mathsmain.html,"General Mathematics Paper 2, WASSCE (SC), 2021",https://www.waeconline.org.ng/e-learning/Mathematics/maths231mq3.html,Question page,English,Official public WAEC Nigeria e-learning page with substantive mathematics question content or examiner analysis; retained as a free web resource after direct HTTP and text-content audit.,Free public web resource,Official source HTTP 200 + substantive English page audit · verified 2026-08-16,Yes
Nigeria,GA,mathematics;WASSCE;question;exam analysis,A,Official examination council e-learning archive,West African Examinations Council Mathematics e-Learning (Nigeria),https://www.waeconline.org.ng/e-learning/Mathematics/mathsmain.html,"General Mathematics Paper 2, WASSCE (SC), 2020",https://www.waeconline.org.ng/e-learning/Mathematics/maths231mq4.html,Question page,English,Official public WAEC Nigeria e-learning page with substantive mathematics question content or examiner analysis; retained as a free web resource after direct HTTP and text-content audit.,Free public web resource,Official source HTTP 200 + substantive English page audit · verified 2026-08-16,Yes
Nigeria,GA,mathematics;WASSCE;question;exam analysis,A,Official examination council e-learning archive,West African Examinations Council Mathematics e-Learning (Nigeria),https://www.waeconline.org.ng/e-learning/Mathematics/mathsmain.html,"General Mathematics Paper 2, WASSCE (SC), 2021",https://www.waeconline.org.ng/e-learning/Mathematics/maths231mq5.html,Question page,English,Official public WAEC Nigeria e-learning page with substantive mathematics question content or examiner analysis; retained as a free web resource after direct HTTP and text-content audit.,Free public web resource,Official source HTTP 200 + substantive English page audit · verified 2026-08-16,Yes
Nigeria,GA,mathematics;WASSCE;question;exam analysis,A,Official examination council e-learning archive,West African Examinations Council Mathematics e-Learning (Nigeria),https://www.waeconline.org.ng/e-learning/Mathematics/mathsmain.html,"General Mathematics Paper 2, WASSCE (SC), 2020",https://www.waeconline.org.ng/e-learning/Mathematics/maths231mq6.html,Question page,English,Official public WAEC Nigeria e-learning page with substantive mathematics question content or examiner analysis; retained as a free web resource after direct HTTP and text-content audit.,Free public web resource,Official source HTTP 200 + substantive English page audit · verified 2026-08-16,Yes
Nigeria,GA,mathematics;WASSCE;question;exam analysis,A,Official examination council e-learning archive,West African Examinations Council Mathematics e-Learning (Nigeria),https://www.waeconline.org.ng/e-learning/Mathematics/mathsmain.html,"General Mathematics Paper 2, WASSCE (SC), 2020",https://www.waeconline.org.ng/e-learning/Mathematics/maths231mq7.html,Question page,English,Official public WAEC Nigeria e-learning page with substantive mathematics question content or examiner analysis; retained as a free web resource after direct HTTP and text-content audit.,Free public web resource,Official source HTTP 200 + substantive English page audit · verified 2026-08-16,Yes
Nigeria,GA,mathematics;WASSCE;question;exam analysis,A,Official examination council e-learning archive,West African Examinations Council Mathematics e-Learning (Nigeria),https://www.waeconline.org.ng/e-learning/Mathematics/mathsmain.html,"General Mathematics Paper 2, WASSCE (SC), 2020",https://www.waeconline.org.ng/e-learning/Mathematics/maths231mq8.html,Question page,English,Official public WAEC Nigeria e-learning page with substantive mathematics question content or examiner analysis; retained as a free web resource after direct HTTP and text-content audit.,Free public web resource,Official source HTTP 200 + substantive English page audit · verified 2026-08-16,Yes
Nigeria,EM,mathematics;WASSCE;question;exam analysis,A,Official examination council e-learning archive,West African Examinations Council Mathematics e-Learning (Nigeria),https://www.waeconline.org.ng/e-learning/Mathematics/mathsmain.html,"General Mathematics Paper 2, WASSCE (SC), 2020",https://www.waeconline.org.ng/e-learning/Mathematics/maths231ms.html,Examiner analysis,English,Official public WAEC Nigeria e-learning page with substantive mathematics question content or examiner analysis; retained as a free web resource after direct HTTP and text-content audit.,Free public web resource,Official source HTTP 200 + substantive English page audit · verified 2026-08-16,Yes
Nigeria,EM,mathematics;WASSCE;question;exam analysis,A,Official examination council e-learning archive,West African Examinations Council Mathematics e-Learning (Nigeria),https://www.waeconline.org.ng/e-learning/Mathematics/mathsmain.html,"General Mathematics Paper 2, WASSCE (SC), 2021",https://www.waeconline.org.ng/e-learning/Mathematics/maths231mw.html,Examiner analysis,English,Official public WAEC Nigeria e-learning page with substantive mathematics question content or examiner analysis; retained as a free web resource after direct HTTP and text-content audit.,Free public web resource,Official source HTTP 200 + substantive English page audit · verified 2026-08-16,Yes
Nigeria,EM,mathematics;WASSCE;question;exam analysis,A,Official examination council e-learning archive,West African Examinations Council Mathematics e-Learning (Nigeria),https://www.waeconline.org.ng/e-learning/Mathematics/mathsmain.html,"General Mathematics Paper 2, WASSCE (PC 2ND), 2021",https://www.waeconline.org.ng/e-learning/Mathematics/maths233aq12.html,Examiner analysis,English,Official public WAEC Nigeria e-learning page with substantive mathematics question content or examiner analysis; retained as a free web resource after direct HTTP and text-content audit.,Free public web resource,Official source HTTP 200 + substantive English page audit · verified 2026-08-16,Yes
Nigeria,EM,mathematics;WASSCE;question;exam analysis,A,Official examination council e-learning archive,West African Examinations Council Mathematics e-Learning (Nigeria),https://www.waeconline.org.ng/e-learning/Mathematics/mathsmain.html,"General Mathematics Paper 2, WASSCE (PC 2ND), 2021",https://www.waeconline.org.ng/e-learning/Mathematics/maths233aq3.html,Examiner analysis,English,Official public WAEC Nigeria e-learning page with substantive mathematics question content or examiner analysis; retained as a free web resource after direct HTTP and text-content audit.,Free public web resource,Official source HTTP 200 + substantive English page audit · verified 2026-08-16,Yes
Nigeria,EM,mathematics;WASSCE;question;exam analysis,A,Official examination council e-learning archive,West African Examinations Council Mathematics e-Learning (Nigeria),https://www.waeconline.org.ng/e-learning/Mathematics/mathsmain.html,"General Mathematics Paper 2, WASSCE (PC 2ND), 2021",https://www.waeconline.org.ng/e-learning/Mathematics/maths233aq5.html,Examiner analysis,English,Official public WAEC Nigeria e-learning page with substantive mathematics question content or examiner analysis; retained as a free web resource after direct HTTP and text-content audit.,Free public web resource,Official source HTTP 200 + substantive English page audit · verified 2026-08-16,Yes
Nigeria,EM,mathematics;WASSCE;question;exam analysis,A,Official examination council e-learning archive,West African Examinations Council Mathematics e-Learning (Nigeria),https://www.waeconline.org.ng/e-learning/Mathematics/mathsmain.html,"General Mathematics Paper 2, WASSCE (PC 2ND), 2021",https://www.waeconline.org.ng/e-learning/Mathematics/maths233aq9.html,Examiner analysis,English,Official public WAEC Nigeria e-learning page with substantive mathematics question content or examiner analysis; retained as a free web resource after direct HTTP and text-content audit.,Free public web resource,Official source HTTP 200 + substantive English page audit · verified 2026-08-16,Yes
Nigeria,EM,mathematics;WASSCE;question;exam analysis,A,Official examination council e-learning archive,West African Examinations Council Mathematics e-Learning (Nigeria),https://www.waeconline.org.ng/e-learning/Mathematics/mathsmain.html,"General Mathematics Paper 2, WASSCE (PC 2ND), 2021",https://www.waeconline.org.ng/e-learning/Mathematics/maths233aw.html,Examiner analysis,English,Official public WAEC Nigeria e-learning page with substantive mathematics question content or examiner analysis; retained as a free web resource after direct HTTP and text-content audit.,Free public web resource,Official source HTTP 200 + substantive English page audit · verified 2026-08-16,Yes
Nigeria,EM,mathematics;WASSCE;question;exam analysis,A,Official examination council e-learning archive,West African Examinations Council Mathematics e-Learning (Nigeria),https://www.waeconline.org.ng/e-learning/Mathematics/mathsmain.html,"General Mathematics Paper 2, WASSCE (PC), 2021",https://www.waeconline.org.ng/e-learning/Mathematics/maths233jq1.html,Examiner analysis,English,Official public WAEC Nigeria e-learning page with substantive mathematics question content or examiner analysis; retained as a free web resource after direct HTTP and text-content audit.,Free public web resource,Official source HTTP 200 + substantive English page audit · verified 2026-08-16,Yes
Nigeria,EM,mathematics;WASSCE;question;exam analysis,A,Official examination council e-learning archive,West African Examinations Council Mathematics e-Learning (Nigeria),https://www.waeconline.org.ng/e-learning/Mathematics/mathsmain.html,"General Mathematics Paper 2, WASSCE (PC), 2021",https://www.waeconline.org.ng/e-learning/Mathematics/maths233jq12.html,Examiner analysis,English,Official public WAEC Nigeria e-learning page with substantive mathematics question content or examiner analysis; retained as a free web resource after direct HTTP and text-content audit.,Free public web resource,Official source HTTP 200 + substantive English page audit · verified 2026-08-16,Yes
Nigeria,EM,mathematics;WASSCE;question;exam analysis,A,Official examination council e-learning archive,West African Examinations Council Mathematics e-Learning (Nigeria),https://www.waeconline.org.ng/e-learning/Mathematics/mathsmain.html,"General Mathematics Paper 2, WASSCE (PC), 2021",https://www.waeconline.org.ng/e-learning/Mathematics/maths233jq2.html,Examiner analysis,English,Official public WAEC Nigeria e-learning page with substantive mathematics question content or examiner analysis; retained as a free web resource after direct HTTP and text-content audit.,Free public web resource,Official source HTTP 200 + substantive English page audit · verified 2026-08-16,Yes
Nigeria,EM,mathematics;WASSCE;question;exam analysis,A,Official examination council e-learning archive,West African Examinations Council Mathematics e-Learning (Nigeria),https://www.waeconline.org.ng/e-learning/Mathematics/mathsmain.html,"General Mathematics Paper 2, WASSCE (PC), 2021",https://www.waeconline.org.ng/e-learning/Mathematics/maths233jq3.html,Examiner analysis,English,Official public WAEC Nigeria e-learning page with substantive mathematics question content or examiner analysis; retained as a free web resource after direct HTTP and text-content audit.,Free public web resource,Official source HTTP 200 + substantive English page audit · verified 2026-08-16,Yes
Nigeria,EM,mathematics;WASSCE;question;exam analysis,A,Official examination council e-learning archive,West African Examinations Council Mathematics e-Learning (Nigeria),https://www.waeconline.org.ng/e-learning/Mathematics/mathsmain.html,"General Mathematics Paper 2, WASSCE (PC), 2021",https://www.waeconline.org.ng/e-learning/Mathematics/maths233jq8.html,Examiner analysis,English,Official public WAEC Nigeria e-learning page with substantive mathematics question content or examiner analysis; retained as a free web resource after direct HTTP and text-content audit.,Free public web resource,Official source HTTP 200 + substantive English page audit · verified 2026-08-16,Yes
Nigeria,EM,mathematics;WASSCE;question;exam analysis,A,Official examination council e-learning archive,West African Examinations Council Mathematics e-Learning (Nigeria),https://www.waeconline.org.ng/e-learning/Mathematics/mathsmain.html,"General Mathematics Paper 2, WASSCE (PC), 2021",https://www.waeconline.org.ng/e-learning/Mathematics/maths233jq9.html,Examiner analysis,English,Official public WAEC Nigeria e-learning page with substantive mathematics question content or examiner analysis; retained as a free web resource after direct HTTP and text-content audit.,Free public web resource,Official source HTTP 200 + substantive English page audit · verified 2026-08-16,Yes
Nigeria,EM,mathematics;WASSCE;question;exam analysis,A,Official examination council e-learning archive,West African Examinations Council Mathematics e-Learning (Nigeria),https://www.waeconline.org.ng/e-learning/Mathematics/mathsmain.html,"General Mathematics Paper 2, WASSCE (PC), 2021",https://www.waeconline.org.ng/e-learning/Mathematics/maths233js.html,Examiner analysis,English,Official public WAEC Nigeria e-learning page with substantive mathematics question content or examiner analysis; retained as a free web resource after direct HTTP and text-content audit.,Free public web resource,Official source HTTP 200 + substantive English page audit · verified 2026-08-16,Yes
Nigeria,EM,mathematics;WASSCE;question;exam analysis,A,Official examination council e-learning archive,West African Examinations Council Mathematics e-Learning (Nigeria),https://www.waeconline.org.ng/e-learning/Mathematics/mathsmain.html,"General Mathematics Paper 2, WASSCE (PC), 2021",https://www.waeconline.org.ng/e-learning/Mathematics/maths233jw.html,Examiner analysis,English,Official public WAEC Nigeria e-learning page with substantive mathematics question content or examiner analysis; retained as a free web resource after direct HTTP and text-content audit.,Free public web resource,Official source HTTP 200 + substantive English page audit · verified 2026-08-16,Yes
Nigeria,GA,mathematics;WASSCE;question;exam analysis,A,Official examination council e-learning archive,West African Examinations Council Mathematics e-Learning (Nigeria),https://www.waeconline.org.ng/e-learning/Mathematics/mathsmain.html,"General Mathematics Paper 2, WASSCE (SC), 2021",https://www.waeconline.org.ng/e-learning/Mathematics/maths233mq1.html,Question page,English,Official public WAEC Nigeria e-learning page with substantive mathematics question content or examiner analysis; retained as a free web resource after direct HTTP and text-content audit.,Free public web resource,Official source HTTP 200 + substantive English page audit · verified 2026-08-16,Yes
Nigeria,GA,mathematics;WASSCE;question;exam analysis,A,Official examination council e-learning archive,West African Examinations Council Mathematics e-Learning (Nigeria),https://www.waeconline.org.ng/e-learning/Mathematics/mathsmain.html,"General Mathematics Paper 2, WASSCE (SC), 2021",https://www.waeconline.org.ng/e-learning/Mathematics/maths233mq10.html,Question page,English,Official public WAEC Nigeria e-learning page with substantive mathematics question content or examiner analysis; retained as a free web resource after direct HTTP and text-content audit.,Free public web resource,Official source HTTP 200 + substantive English page audit · verified 2026-08-16,Yes
Nigeria,GA,mathematics;WASSCE;question;exam analysis,A,Official examination council e-learning archive,West African Examinations Council Mathematics e-Learning (Nigeria),https://www.waeconline.org.ng/e-learning/Mathematics/mathsmain.html,"General Mathematics Paper 2, WASSCE (SC), 2021",https://www.waeconline.org.ng/e-learning/Mathematics/maths233mq12.html,Question page,English,Official public WAEC Nigeria e-learning page with substantive mathematics question content or examiner analysis; retained as a free web resource after direct HTTP and text-content audit.,Free public web resource,Official source HTTP 200 + substantive English page audit · verified 2026-08-16,Yes
Nigeria,GA,mathematics;WASSCE;question;exam analysis,A,Official examination council e-learning archive,West African Examinations Council Mathematics e-Learning (Nigeria),https://www.waeconline.org.ng/e-learning/Mathematics/mathsmain.html,"General Mathematics Paper 2, WASSCE (SC), 2021",https://www.waeconline.org.ng/e-learning/Mathematics/maths233mq7.html,Question page,English,Official public WAEC Nigeria e-learning page with substantive mathematics question content or examiner analysis; retained as a free web resource after direct HTTP and text-content audit.,Free public web resource,Official source HTTP 200 + substantive English page audit · verified 2026-08-16,Yes
Nigeria,GA,mathematics;WASSCE;question;exam analysis,A,Official examination council e-learning archive,West African Examinations Council Mathematics e-Learning (Nigeria),https://www.waeconline.org.ng/e-learning/Mathematics/mathsmain.html,"General Mathematics Paper 2, WASSCE (SC), 2021",https://www.waeconline.org.ng/e-learning/Mathematics/maths233mq8.html,Question page,English,Official public WAEC Nigeria e-learning page with substantive mathematics question content or examiner analysis; retained as a free web resource after direct HTTP and text-content audit.,Free public web resource,Official source HTTP 200 + substantive English page audit · verified 2026-08-16,Yes
Nigeria,EM,mathematics;WASSCE;question;exam analysis,A,Official examination council e-learning archive,West African Examinations Council Mathematics e-Learning (Nigeria),https://www.waeconline.org.ng/e-learning/Mathematics/mathsmain.html,"General Mathematics Paper 2, WASSCE (SC), 2021",https://www.waeconline.org.ng/e-learning/Mathematics/maths233mw.html,Examiner analysis,English,Official public WAEC Nigeria e-learning page with substantive mathematics question content or examiner analysis; retained as a free web resource after direct HTTP and text-content audit.,Free public web resource,Official source HTTP 200 + substantive English page audit · verified 2026-08-16,Yes
Nigeria,EM,mathematics;WASSCE;question;exam analysis,A,Official examination council e-learning archive,West African Examinations Council Mathematics e-Learning (Nigeria),https://www.waeconline.org.ng/e-learning/Mathematics/mathsmain.html,"General Mathematics Paper 2, WASSCE (PC 2ND), 2022",https://www.waeconline.org.ng/e-learning/Mathematics/maths235aq10.html,Examiner analysis,English,Official public WAEC Nigeria e-learning page with substantive mathematics question content or examiner analysis; retained as a free web resource after direct HTTP and text-content audit.,Free public web resource,Official source HTTP 200 + substantive English page audit · verified 2026-08-16,Yes
Nigeria,EM,mathematics;WASSCE;question;exam analysis,A,Official examination council e-learning archive,West African Examinations Council Mathematics e-Learning (Nigeria),https://www.waeconline.org.ng/e-learning/Mathematics/mathsmain.html,"General Mathematics Paper 2, WASSCE (PC 2ND), 2022",https://www.waeconline.org.ng/e-learning/Mathematics/maths235aq12.html,Examiner analysis,English,Official public WAEC Nigeria e-learning page with substantive mathematics question content or examiner analysis; retained as a free web resource after direct HTTP and text-content audit.,Free public web resource,Official source HTTP 200 + substantive English page audit · verified 2026-08-16,Yes
Nigeria,EM,mathematics;WASSCE;question;exam analysis,A,Official examination council e-learning archive,West African Examinations Council Mathematics e-Learning (Nigeria),https://www.waeconline.org.ng/e-learning/Mathematics/mathsmain.html,"General Mathematics Paper 2, WASSCE (PC 2ND), 2022",https://www.waeconline.org.ng/e-learning/Mathematics/maths235aq13.html,Examiner analysis,English,Official public WAEC Nigeria e-learning page with substantive mathematics question content or examiner analysis; retained as a free web resource after direct HTTP and text-content audit.,Free public web resource,Official source HTTP 200 + substantive English page audit · verified 2026-08-16,Yes
Nigeria,EM,mathematics;WASSCE;question;exam analysis,A,Official examination council e-learning archive,West African Examinations Council Mathematics e-Learning (Nigeria),https://www.waeconline.org.ng/e-learning/Mathematics/mathsmain.html,"General Mathematics Paper 2, WASSCE (PC 2ND), 2022",https://www.waeconline.org.ng/e-learning/Mathematics/maths235aq3.html,Examiner analysis,English,Official public WAEC Nigeria e-learning page with substantive mathematics question content or examiner analysis; retained as a free web resource after direct HTTP and text-content audit.,Free public web resource,Official source HTTP 200 + substantive English page audit · verified 2026-08-16,Yes
Nigeria,EM,mathematics;WASSCE;question;exam analysis,A,Official examination council e-learning archive,West African Examinations Council Mathematics e-Learning (Nigeria),https://www.waeconline.org.ng/e-learning/Mathematics/mathsmain.html,"General Mathematics Paper 2, WASSCE (PC 2ND), 2022",https://www.waeconline.org.ng/e-learning/Mathematics/maths235aq7.html,Examiner analysis,English,Official public WAEC Nigeria e-learning page with substantive mathematics question content or examiner analysis; retained as a free web resource after direct HTTP and text-content audit.,Free public web resource,Official source HTTP 200 + substantive English page audit · verified 2026-08-16,Yes
Nigeria,EM,mathematics;WASSCE;question;exam analysis,A,Official examination council e-learning archive,West African Examinations Council Mathematics e-Learning (Nigeria),https://www.waeconline.org.ng/e-learning/Mathematics/mathsmain.html,"General Mathematics Paper 2, WASSCE (PC 2ND), 2022",https://www.waeconline.org.ng/e-learning/Mathematics/maths235aq9.html,Examiner analysis,English,Official public WAEC Nigeria e-learning page with substantive mathematics question content or examiner analysis; retained as a free web resource after direct HTTP and text-content audit.,Free public web resource,Official source HTTP 200 + substantive English page audit · verified 2026-08-16,Yes
Nigeria,EM,mathematics;WASSCE;question;exam analysis,A,Official examination council e-learning archive,West African Examinations Council Mathematics e-Learning (Nigeria),https://www.waeconline.org.ng/e-learning/Mathematics/mathsmain.html,"General Mathematics Paper 2, WASSCE (PC 2ND), 2022",https://www.waeconline.org.ng/e-learning/Mathematics/maths235as.html,Examiner analysis,English,Official public WAEC Nigeria e-learning page with substantive mathematics question content or examiner analysis; retained as a free web resource after direct HTTP and text-content audit.,Free public web resource,Official source HTTP 200 + substantive English page audit · verified 2026-08-16,Yes
Nigeria,EM,mathematics;WASSCE;question;exam analysis,A,Official examination council e-learning archive,West African Examinations Council Mathematics e-Learning (Nigeria),https://www.waeconline.org.ng/e-learning/Mathematics/mathsmain.html,"General Mathematics Paper 2, WASSCE (PC 2ND), 2022",https://www.waeconline.org.ng/e-learning/Mathematics/maths235aw.html,Examiner analysis,English,Official public WAEC Nigeria e-learning page with substantive mathematics question content or examiner analysis; retained as a free web resource after direct HTTP and text-content audit.,Free public web resource,Official source HTTP 200 + substantive English page audit · verified 2026-08-16,Yes
Nigeria,EM,mathematics;WASSCE;question;exam analysis,A,Official examination council e-learning archive,West African Examinations Council Mathematics e-Learning (Nigeria),https://www.waeconline.org.ng/e-learning/Mathematics/mathsmain.html,"General Mathematics Paper 2, WASSCE (PC), 2022",https://www.waeconline.org.ng/e-learning/Mathematics/maths235jq1.html,Examiner analysis,English,Official public WAEC Nigeria e-learning page with substantive mathematics question content or examiner analysis; retained as a free web resource after direct HTTP and text-content audit.,Free public web resource,Official source HTTP 200 + substantive English page audit · verified 2026-08-16,Yes
Nigeria,EM,mathematics;WASSCE;question;exam analysis,A,Official examination council e-learning archive,West African Examinations Council Mathematics e-Learning (Nigeria),https://www.waeconline.org.ng/e-learning/Mathematics/mathsmain.html,"General Mathematics Paper 2, WASSCE (PC), 2022",https://www.waeconline.org.ng/e-learning/Mathematics/maths235jq12.html,Examiner analysis,English,Official public WAEC Nigeria e-learning page with substantive mathematics question content or examiner analysis; retained as a free web resource after direct HTTP and text-content audit.,Free public web resource,Official source HTTP 200 + substantive English page audit · verified 2026-08-16,Yes
Nigeria,EM,mathematics;WASSCE;question;exam analysis,A,Official examination council e-learning archive,West African Examinations Council Mathematics e-Learning (Nigeria),https://www.waeconline.org.ng/e-learning/Mathematics/mathsmain.html,"General Mathematics Paper 2, WASSCE (PC), 2022",https://www.waeconline.org.ng/e-learning/Mathematics/maths235jq4.html,Examiner analysis,English,Official public WAEC Nigeria e-learning page with substantive mathematics question content or examiner analysis; retained as a free web resource after direct HTTP and text-content audit.,Free public web resource,Official source HTTP 200 + substantive English page audit · verified 2026-08-16,Yes
Nigeria,EM,mathematics;WASSCE;question;exam analysis,A,Official examination council e-learning archive,West African Examinations Council Mathematics e-Learning (Nigeria),https://www.waeconline.org.ng/e-learning/Mathematics/mathsmain.html,"General Mathematics Paper 2, WASSCE (PC), 2022",https://www.waeconline.org.ng/e-learning/Mathematics/maths235js.html,Examiner analysis,English,Official public WAEC Nigeria e-learning page with substantive mathematics question content or examiner analysis; retained as a free web resource after direct HTTP and text-content audit.,Free public web resource,Official source HTTP 200 + substantive English page audit · verified 2026-08-16,Yes
Nigeria,GA,mathematics;WASSCE;question;exam analysis,A,Official examination council e-learning archive,West African Examinations Council Mathematics e-Learning (Nigeria),https://www.waeconline.org.ng/e-learning/Mathematics/mathsmain.html,"General Mathematics Paper 2, WASSCE (SC), 2022",https://www.waeconline.org.ng/e-learning/Mathematics/maths235mq11.html,Question page,English,Official public WAEC Nigeria e-learning page with substantive mathematics question content or examiner analysis; retained as a free web resource after direct HTTP and text-content audit.,Free public web resource,Official source HTTP 200 + substantive English page audit · verified 2026-08-16,Yes
Nigeria,GA,mathematics;WASSCE;question;exam analysis,A,Official examination council e-learning archive,West African Examinations Council Mathematics e-Learning (Nigeria),https://www.waeconline.org.ng/e-learning/Mathematics/mathsmain.html,"General Mathematics Paper 2, WASSCE (SC), 2022",https://www.waeconline.org.ng/e-learning/Mathematics/maths235mq2.html,Question page,English,Official public WAEC Nigeria e-learning page with substantive mathematics question content or examiner analysis; retained as a free web resource after direct HTTP and text-content audit.,Free public web resource,Official source HTTP 200 + substantive English page audit · verified 2026-08-16,Yes
Nigeria,GA,mathematics;WASSCE;question;exam analysis,A,Official examination council e-learning archive,West African Examinations Council Mathematics e-Learning (Nigeria),https://www.waeconline.org.ng/e-learning/Mathematics/mathsmain.html,"General Mathematics Paper 2, WASSCE (SC), 2022",https://www.waeconline.org.ng/e-learning/Mathematics/maths235mq3.html,Question page,English,Official public WAEC Nigeria e-learning page with substantive mathematics question content or examiner analysis; retained as a free web resource after direct HTTP and text-content audit.,Free public web resource,Official source HTTP 200 + substantive English page audit · verified 2026-08-16,Yes
Nigeria,GA,mathematics;WASSCE;question;exam analysis,A,Official examination council e-learning archive,West African Examinations Council Mathematics e-Learning (Nigeria),https://www.waeconline.org.ng/e-learning/Mathematics/mathsmain.html,"General Mathematics Paper 2, WASSCE (SC), 2022",https://www.waeconline.org.ng/e-learning/Mathematics/maths235mq4.html,Question page,English,Official public WAEC Nigeria e-learning page with substantive mathematics question content or examiner analysis; retained as a free web resource after direct HTTP and text-content audit.,Free public web resource,Official source HTTP 200 + substantive English page audit · verified 2026-08-16,Yes
Nigeria,GA,mathematics;WASSCE;question;exam analysis,A,Official examination council e-learning archive,West African Examinations Council Mathematics e-Learning (Nigeria),https://www.waeconline.org.ng/e-learning/Mathematics/mathsmain.html,"General Mathematics Paper 2, WASSCE (SC), 2022",https://www.waeconline.org.ng/e-learning/Mathematics/maths235mq6.html,Question page,English,Official public WAEC Nigeria e-learning page with substantive mathematics question content or examiner analysis; retained as a free web resource after direct HTTP and text-content audit.,Free public web resource,Official source HTTP 200 + substantive English page audit · verified 2026-08-16,Yes
Nigeria,EM,mathematics;WASSCE;question;exam analysis,A,Official examination council e-learning archive,West African Examinations Council Mathematics e-Learning (Nigeria),https://www.waeconline.org.ng/e-learning/Mathematics/mathsmain.html,"General Mathematics Paper 2, WASSCE (SC), 2022",https://www.waeconline.org.ng/e-learning/Mathematics/maths235ms.html,Examiner analysis,English,Official public WAEC Nigeria e-learning page with substantive mathematics question content or examiner analysis; retained as a free web resource after direct HTTP and text-content audit.,Free public web resource,Official source HTTP 200 + substantive English page audit · verified 2026-08-16,Yes
Nigeria,EM,mathematics;WASSCE;question;exam analysis,A,Official examination council e-learning archive,West African Examinations Council Mathematics e-Learning (Nigeria),https://www.waeconline.org.ng/e-learning/Mathematics/mathsmain.html,"General Mathematics Paper 2, WASSCE (PC), 2023",https://www.waeconline.org.ng/e-learning/Mathematics/maths240jq10.html,Examiner analysis,English,Official public WAEC Nigeria e-learning page with substantive mathematics question content or examiner analysis; retained as a free web resource after direct HTTP and text-content audit.,Free public web resource,Official source HTTP 200 + substantive English page audit · verified 2026-08-16,Yes
Nigeria,EM,mathematics;WASSCE;question;exam analysis,A,Official examination council e-learning archive,West African Examinations Council Mathematics e-Learning (Nigeria),https://www.waeconline.org.ng/e-learning/Mathematics/mathsmain.html,"General Mathematics Paper 2, WASSCE (PC), 2023",https://www.waeconline.org.ng/e-learning/Mathematics/maths240jq13.html,Examiner analysis,English,Official public WAEC Nigeria e-learning page with substantive mathematics question content or examiner analysis; retained as a free web resource after direct HTTP and text-content audit.,Free public web resource,Official source HTTP 200 + substantive English page audit · verified 2026-08-16,Yes
Nigeria,EM,mathematics;WASSCE;question;exam analysis,A,Official examination council e-learning archive,West African Examinations Council Mathematics e-Learning (Nigeria),https://www.waeconline.org.ng/e-learning/Mathematics/mathsmain.html,"General Mathematics Paper 2, WASSCE (PC), 2023",https://www.waeconline.org.ng/e-learning/Mathematics/maths240jq5.html,Examiner analysis,English,Official public WAEC Nigeria e-learning page with substantive mathematics question content or examiner analysis; retained as a free web resource after direct HTTP and text-content audit.,Free public web resource,Official source HTTP 200 + substantive English page audit · verified 2026-08-16,Yes
Nigeria,EM,mathematics;WASSCE;question;exam analysis,A,Official examination council e-learning archive,West African Examinations Council Mathematics e-Learning (Nigeria),https://www.waeconline.org.ng/e-learning/Mathematics/mathsmain.html,"General Mathematics Paper 2, WASSCE (PC), 2023",https://www.waeconline.org.ng/e-learning/Mathematics/maths240jq9.html,Examiner analysis,English,Official public WAEC Nigeria e-learning page with substantive mathematics question content or examiner analysis; retained as a free web resource after direct HTTP and text-content audit.,Free public web resource,Official source HTTP 200 + substantive English page audit · verified 2026-08-16,Yes
Nigeria,GA,mathematics;WASSCE;question;exam analysis,A,Official examination council e-learning archive,West African Examinations Council Mathematics e-Learning (Nigeria),https://www.waeconline.org.ng/e-learning/Mathematics/mathsmain.html,"General Mathematics Paper 2, WASSCE (SC), 2023",https://www.waeconline.org.ng/e-learning/Mathematics/maths240mq13.html,Question page,English,Official public WAEC Nigeria e-learning page with substantive mathematics question content or examiner analysis; retained as a free web resource after direct HTTP and text-content audit.,Free public web resource,Official source HTTP 200 + substantive English page audit · verified 2026-08-16,Yes
Nigeria,GA,mathematics;WASSCE;question;exam analysis,A,Official examination council e-learning archive,West African Examinations Council Mathematics e-Learning (Nigeria),https://www.waeconline.org.ng/e-learning/Mathematics/mathsmain.html,"General Mathematics Paper 2, WASSCE (SC), 2023",https://www.waeconline.org.ng/e-learning/Mathematics/maths240mq3.html,Question page,English,Official public WAEC Nigeria e-learning page with substantive mathematics question content or examiner analysis; retained as a free web resource after direct HTTP and text-content audit.,Free public web resource,Official source HTTP 200 + substantive English page audit · verified 2026-08-16,Yes
Nigeria,GA,mathematics;WASSCE;question;exam analysis,A,Official examination council e-learning archive,West African Examinations Council Mathematics e-Learning (Nigeria),https://www.waeconline.org.ng/e-learning/Mathematics/mathsmain.html,"General Mathematics Paper 2, WASSCE (SC), 2023",https://www.waeconline.org.ng/e-learning/Mathematics/maths240mq5.html,Question page,English,Official public WAEC Nigeria e-learning page with substantive mathematics question content or examiner analysis; retained as a free web resource after direct HTTP and text-content audit.,Free public web resource,Official source HTTP 200 + substantive English page audit · verified 2026-08-16,Yes
Nigeria,GA,mathematics;WASSCE;question;exam analysis,A,Official examination council e-learning archive,West African Examinations Council Mathematics e-Learning (Nigeria),https://www.waeconline.org.ng/e-learning/Mathematics/mathsmain.html,"General Mathematics Paper 2, WASSCE (SC), 2023",https://www.waeconline.org.ng/e-learning/Mathematics/maths240mq6.html,Question page,English,Official public WAEC Nigeria e-learning page with substantive mathematics question content or examiner analysis; retained as a free web resource after direct HTTP and text-content audit.,Free public web resource,Official source HTTP 200 + substantive English page audit · verified 2026-08-16,Yes
Nigeria,GA,mathematics;WASSCE;question;exam analysis,A,Official examination council e-learning archive,West African Examinations Council Mathematics e-Learning (Nigeria),https://www.waeconline.org.ng/e-learning/Mathematics/mathsmain.html,"General Mathematics Paper 2, WASSCE (SC), 2023",https://www.waeconline.org.ng/e-learning/Mathematics/maths240mq9.html,Question page,English,Official public WAEC Nigeria e-learning page with substantive mathematics question content or examiner analysis; retained as a free web resource after direct HTTP and text-content audit.,Free public web resource,Official source HTTP 200 + substantive English page audit · verified 2026-08-16,Yes
Nigeria,EM,mathematics;WASSCE;question;exam analysis,A,Official examination council e-learning archive,West African Examinations Council Mathematics e-Learning (Nigeria),https://www.waeconline.org.ng/e-learning/Mathematics/mathsmain.html,"General Mathematics Paper 2, WASSCE (SC), 2023",https://www.waeconline.org.ng/e-learning/Mathematics/maths240ms.html,Examiner analysis,English,Official public WAEC Nigeria e-learning page with substantive mathematics question content or examiner analysis; retained as a free web resource after direct HTTP and text-content audit.,Free public web resource,Official source HTTP 200 + substantive English page audit · verified 2026-08-16,Yes
Nigeria,EM,mathematics;WASSCE;question;exam analysis,A,Official examination council e-learning archive,West African Examinations Council Mathematics e-Learning (Nigeria),https://www.waeconline.org.ng/e-learning/Mathematics/mathsmain.html,"General Mathematics Paper 2, WASSCE (SC), 2023",https://www.waeconline.org.ng/e-learning/Mathematics/maths240mw.html,Examiner analysis,English,Official public WAEC Nigeria e-learning page with substantive mathematics question content or examiner analysis; retained as a free web resource after direct HTTP and text-content audit.,Free public web resource,Official source HTTP 200 + substantive English page audit · verified 2026-08-16,Yes
