resource_url,resource_title,country,track,source_type,source_title,language,suggested_class
https://cemc.uwaterloo.ca/sites/default/files/documents/2025/2025BCCResults.pdf,picture_as_pdf Download download,Canada,EM/DM,contest archive,Waterloo CEMC past contests,English/French,Contest paper
https://cemc.uwaterloo.ca/sites/default/files/documents/2024/2024BCCResults.pdf,picture_as_pdf Download download,Canada,EM/DM,contest archive,Waterloo CEMC past contests,English/French,Contest paper
https://cemc.uwaterloo.ca/sites/default/files/documents/2023/2023BCCResults.pdf,picture_as_pdf Download download,Canada,EM/DM,contest archive,Waterloo CEMC past contests,English/French,Contest paper
https://cemc.uwaterloo.ca/sites/default/files/documents/2022/2022BCCResults.pdf,picture_as_pdf Download download,Canada,EM/DM,contest archive,Waterloo CEMC past contests,English/French,Contest paper
https://bwinf.de/fileadmin/wettbewerbe/bundeswettbewerb/31/1_runde/Beispiell%C3%B6sung_31.pdf,"Beispiellösung ""Rechteckschoner"" vom 31. Bundeswettbewerb",Germany,DM,contest archive,BWINF task collection,German,Contest paper
https://bwinf.de/fileadmin/wettbewerbe/bundeswettbewerb/44/2_Runde/L%C3%B6sungshinweise442.pdf,Lösungshinweise 2. Runde,Germany,DM,contest archive,BWINF task collection,German,Contest paper
https://olympiads.hbcse.tifr.res.in/olympiads/wp-content/uploads/2016/09/INMO-2016-hindi-version.pdf,.Hindi Version,India,EM/DM,Olympiad archive,HBCSE Olympiad past papers,English/Hindi,Olympiad problem
https://olympiads.hbcse.tifr.res.in/olympiads/wp-content/uploads/2016/09/prermo2015-1-a.pdf,1.PRMO 2015 set a,India,EM/DM,Olympiad archive,HBCSE Olympiad past papers,English/Hindi,Olympiad problem
https://olympiads.hbcse.tifr.res.in/olympiads/wp-content/uploads/2016/09/prermo2015-1-b.pdf,2.PRMO 2015 set b,India,EM/DM,Olympiad archive,HBCSE Olympiad past papers,English/Hindi,Olympiad problem
https://olympiads.hbcse.tifr.res.in/wp-content/uploads/2025/10/en.M1.pdf,English,India,EM/DM,Olympiad archive,HBCSE Olympiad past papers,English/Hindi,Olympiad problem
https://olympiads.hbcse.tifr.res.in/wp-content/uploads/2025/10/en.ver1_.pdf,English,India,EM/DM,Olympiad archive,HBCSE Olympiad past papers,English/Hindi,Olympiad problem
https://olympiads.hbcse.tifr.res.in/wp-content/uploads/2026/01/INMO-2026.pdf,English,India,EM/DM,Olympiad archive,HBCSE Olympiad past papers,English/Hindi,Olympiad problem
https://olympiads.hbcse.tifr.res.in/wp-content/uploads/2025/04/ioqm-2024-english.pdf,English,India,EM/DM,Olympiad archive,HBCSE Olympiad past papers,English/Hindi,Olympiad problem
https://olympiads.hbcse.tifr.res.in/olympiads/wp-content/uploads/2016/09/INMO-2016-English-Version.pdf,English Version,India,EM/DM,Olympiad archive,HBCSE Olympiad past papers,English/Hindi,Olympiad problem
https://olympiads.hbcse.tifr.res.in/wp-content/uploads/2025/10/hi.M1.pdf,Hindi,India,EM/DM,Olympiad archive,HBCSE Olympiad past papers,English/Hindi,Olympiad problem
https://olympiads.hbcse.tifr.res.in/wp-content/uploads/2025/10/hi.ver1_.pdf,Hindi,India,EM/DM,Olympiad archive,HBCSE Olympiad past papers,English/Hindi,Olympiad problem
https://olympiads.hbcse.tifr.res.in/wp-content/uploads/2026/01/INMO_2025_hindi_correct.pdf,Hindi,India,EM/DM,Olympiad archive,HBCSE Olympiad past papers,English/Hindi,Olympiad problem
https://olympiads.hbcse.tifr.res.in/wp-content/uploads/2025/04/ioqm2024-hindi.pdf,Hindi,India,EM/DM,Olympiad archive,HBCSE Olympiad past papers,English/Hindi,Olympiad problem
https://olympiads.hbcse.tifr.res.in/olympiads/wp-content/uploads/2016/09/inmo-sol-2000.pdf,INMO 2000,India,EM/DM,Olympiad archive,HBCSE Olympiad past papers,English/Hindi,Olympiad problem
https://olympiads.hbcse.tifr.res.in/olympiads/wp-content/uploads/2016/09/inmo-sol-2001.pdf,INMO 2001,India,EM/DM,Olympiad archive,HBCSE Olympiad past papers,English/Hindi,Olympiad problem
https://olympiads.hbcse.tifr.res.in/olympiads/wp-content/uploads/2016/09/inmo-2002.pdf,INMO 2002,India,EM/DM,Olympiad archive,HBCSE Olympiad past papers,English/Hindi,Olympiad problem
https://olympiads.hbcse.tifr.res.in/olympiads/wp-content/uploads/2016/09/inmo-2003.pdf,INMO 2003,India,EM/DM,Olympiad archive,HBCSE Olympiad past papers,English/Hindi,Olympiad problem
https://olympiads.hbcse.tifr.res.in/olympiads/wp-content/uploads/2016/09/inmo-2004.pdf,INMO 2004,India,EM/DM,Olympiad archive,HBCSE Olympiad past papers,English/Hindi,Olympiad problem
https://olympiads.hbcse.tifr.res.in/olympiads/wp-content/uploads/2016/09/inmo-2005.pdf,INMO 2005,India,EM/DM,Olympiad archive,HBCSE Olympiad past papers,English/Hindi,Olympiad problem
https://olympiads.hbcse.tifr.res.in/olympiads/wp-content/uploads/2016/09/inmo-2006.pdf,INMO 2006,India,EM/DM,Olympiad archive,HBCSE Olympiad past papers,English/Hindi,Olympiad problem
https://olympiads.hbcse.tifr.res.in/olympiads/wp-content/uploads/2016/09/inmo-2007.pdf,INMO 2007,India,EM/DM,Olympiad archive,HBCSE Olympiad past papers,English/Hindi,Olympiad problem
https://olympiads.hbcse.tifr.res.in/olympiads/wp-content/uploads/2016/09/inmo-2008.pdf,INMO 2008,India,EM/DM,Olympiad archive,HBCSE Olympiad past papers,English/Hindi,Olympiad problem
https://olympiads.hbcse.tifr.res.in/olympiads/wp-content/uploads/2016/09/inmo-2009-1.pdf,INMO 2009,India,EM/DM,Olympiad archive,HBCSE Olympiad past papers,English/Hindi,Olympiad problem
https://olympiads.hbcse.tifr.res.in/wp-content/uploads/2022/12/INMO2010.pdf,INMO 2010,India,EM/DM,Olympiad archive,HBCSE Olympiad past papers,English/Hindi,Olympiad problem
https://olympiads.hbcse.tifr.res.in/olympiads/wp-content/uploads/2016/09/inmo-sol-2011.pdf,INMO 2011,India,EM/DM,Olympiad archive,HBCSE Olympiad past papers,English/Hindi,Olympiad problem
https://olympiads.hbcse.tifr.res.in/olympiads/wp-content/uploads/2016/09/inmo-2012.pdf,INMO 2012,India,EM/DM,Olympiad archive,HBCSE Olympiad past papers,English/Hindi,Olympiad problem
https://olympiads.hbcse.tifr.res.in/olympiads/wp-content/uploads/2016/09/inmo-2014.pdf,INMO 2014,India,EM/DM,Olympiad archive,HBCSE Olympiad past papers,English/Hindi,Olympiad problem
https://olympiads.hbcse.tifr.res.in/olympiads/wp-content/uploads/2016/09/inmosol-15.pdf,INMO 2015,India,EM/DM,Olympiad archive,HBCSE Olympiad past papers,English/Hindi,Olympiad problem
https://olympiads.hbcse.tifr.res.in/olympiads/wp-content/uploads/2017/01/inmo2017.pdf,INMO 2017,India,EM/DM,Olympiad archive,HBCSE Olympiad past papers,English/Hindi,Olympiad problem
https://olympiads.hbcse.tifr.res.in/wp-content/uploads/2021/12/infosys_broch_2019.pdf,Infosys Award Function 2019,India,EM/DM,Olympiad archive,HBCSE Olympiad past papers,English/Hindi,Olympiad problem
https://olympiads.hbcse.tifr.res.in/olympiads/wp-content/uploads/2016/09/prermo2012.pdf,PRMO 2012,India,EM/DM,Olympiad archive,HBCSE Olympiad past papers,English/Hindi,Olympiad problem
https://olympiads.hbcse.tifr.res.in/olympiads/wp-content/uploads/2016/09/prermo2013.pdf,PRMO 2013,India,EM/DM,Olympiad archive,HBCSE Olympiad past papers,English/Hindi,Olympiad problem
https://olympiads.hbcse.tifr.res.in/olympiads/wp-content/uploads/2016/09/prermo2014.pdf,PRMO 2014,India,EM/DM,Olympiad archive,HBCSE Olympiad past papers,English/Hindi,Olympiad problem
https://olympiads.hbcse.tifr.res.in/olympiads/wp-content/uploads/2016/09/rmo-sol-2000.pdf,RMO 2000,India,EM/DM,Olympiad archive,HBCSE Olympiad past papers,English/Hindi,Olympiad problem
https://olympiads.hbcse.tifr.res.in/olympiads/wp-content/uploads/2016/09/rmo2001.pdf,RMO 2001,India,EM/DM,Olympiad archive,HBCSE Olympiad past papers,English/Hindi,Olympiad problem
https://olympiads.hbcse.tifr.res.in/olympiads/wp-content/uploads/2016/09/rmo-sol-2002.pdf,RMO 2002,India,EM/DM,Olympiad archive,HBCSE Olympiad past papers,English/Hindi,Olympiad problem
https://olympiads.hbcse.tifr.res.in/olympiads/wp-content/uploads/2016/09/rmo-2004.pdf,RMO 2004,India,EM/DM,Olympiad archive,HBCSE Olympiad past papers,English/Hindi,Olympiad problem
https://olympiads.hbcse.tifr.res.in/olympiads/wp-content/uploads/2016/09/rmo-2005.pdf,RMO 2005,India,EM/DM,Olympiad archive,HBCSE Olympiad past papers,English/Hindi,Olympiad problem
https://olympiads.hbcse.tifr.res.in/olympiads/wp-content/uploads/2016/09/rmo-2006.pdf,RMO 2006,India,EM/DM,Olympiad archive,HBCSE Olympiad past papers,English/Hindi,Olympiad problem
https://olympiads.hbcse.tifr.res.in/olympiads/wp-content/uploads/2016/09/rmo-2007.pdf,RMO 2007,India,EM/DM,Olympiad archive,HBCSE Olympiad past papers,English/Hindi,Olympiad problem
https://olympiads.hbcse.tifr.res.in/olympiads/wp-content/uploads/2016/09/rmo-2008.pdf,RMO 2008,India,EM/DM,Olympiad archive,HBCSE Olympiad past papers,English/Hindi,Olympiad problem
https://olympiads.hbcse.tifr.res.in/olympiads/wp-content/uploads/2016/09/rmo-2009.pdf,RMO 2009,India,EM/DM,Olympiad archive,HBCSE Olympiad past papers,English/Hindi,Olympiad problem
https://olympiads.hbcse.tifr.res.in/olympiads/wp-content/uploads/2016/09/rmo-2010.pdf,RMO 2010,India,EM/DM,Olympiad archive,HBCSE Olympiad past papers,English/Hindi,Olympiad problem
https://olympiads.hbcse.tifr.res.in/olympiads/wp-content/uploads/2016/09/rmo-2013-mumbai-region.pdf,RMO 2013 (Mumbai region),India,EM/DM,Olympiad archive,HBCSE Olympiad past papers,English/Hindi,Olympiad problem
https://olympiads.hbcse.tifr.res.in/olympiads/wp-content/uploads/2016/09/crmo-14-5.pdf,RMO 2014 (Mumbai region),India,EM/DM,Olympiad archive,HBCSE Olympiad past papers,English/Hindi,Olympiad problem
https://olympiads.hbcse.tifr.res.in/olympiads/wp-content/uploads/2017/10/rmo2017.pdf,RMO 2017,India,EM/DM,Olympiad archive,HBCSE Olympiad past papers,English/Hindi,Olympiad problem
https://ccweb.tifr.res.in/AppAdmin/NewCommitteeOrder/docs/Standing%20Order%20D-3-2023-24_Academic%20Council%20of%20TIFR.pdf,Academic Council,India,EM/DM,exam archive,TIFR past question papers,English,Past year question paper
https://www.tifr.res.in/academics/docs/GS-2026_Advertisement.pdf,Advertisement,India,EM/DM,exam archive,TIFR past question papers,English,Past year question paper
https://www.tifr.res.in/academics/docs/past_QP/GS2026_QP_Biology.pdf,Biology,India,EM/DM,exam archive,TIFR past question papers,English,Past year question paper
https://www.tifr.res.in/academics/docs/past_QP/GS2025_QP_Biology.pdf,Biology,India,EM/DM,exam archive,TIFR past question papers,English,Past year question paper
https://www.tifr.res.in/academics/docs/past_QP/GS2024_QP_Bio_JGEEBILS.pdf,Biology,India,EM/DM,exam archive,TIFR past question papers,English,Past year question paper
https://www.tifr.res.in/academics/docs/past_QP/GS2023_QP_BIO.pdf,Biology,India,EM/DM,exam archive,TIFR past question papers,English,Past year question paper
https://www.tifr.res.in/academics/docs/past_QP/GS2022_QP_BIO.pdf,Biology,India,EM/DM,exam archive,TIFR past question papers,English,Past year question paper
https://www.tifr.res.in/academics/docs/past_QP/GS2021_QP_BIO.pdf,Biology,India,EM/DM,exam archive,TIFR past question papers,English,Past year question paper
https://www.tifr.res.in/academics/docs/past_QP/GS2020_QP_BIO.pdf,Biology,India,EM/DM,exam archive,TIFR past question papers,English,Past year question paper
https://www.tifr.res.in/academics/docs/past_QP/GS2019_QP_BIO.pdf,Biology,India,EM/DM,exam archive,TIFR past question papers,English,Past year question paper
https://www.tifr.res.in/academics/docs/past_QP/GS2018_QP_BIO.pdf,Biology,India,EM/DM,exam archive,TIFR past question papers,English,Past year question paper
https://www.tifr.res.in/academics/docs/past_QP/GS2017_QP_BIO.pdf,Biology,India,EM/DM,exam archive,TIFR past question papers,English,Past year question paper
https://www.tifr.res.in/academics/docs/past_QP/GS2016_QP_BIO.pdf,Biology,India,EM/DM,exam archive,TIFR past question papers,English,Past year question paper
https://www.tifr.res.in/academics/docs/past_QP/GS2015_QP_BIO.pdf,Biology,India,EM/DM,exam archive,TIFR past question papers,English,Past year question paper
https://www.tifr.res.in/academics/docs/past_QP/GS2014_QP_BIO.pdf,Biology,India,EM/DM,exam archive,TIFR past question papers,English,Past year question paper
https://www.tifr.res.in/academics/docs/past_QP/GS2013_QP_BIO.pdf,Biology,India,EM/DM,exam archive,TIFR past question papers,English,Past year question paper
https://www.tifr.res.in/academics/docs/past_QP/GS2012_QP_BIO.pdf,Biology,India,EM/DM,exam archive,TIFR past question papers,English,Past year question paper
https://www.tifr.res.in/academics/docs/past_QP/GS2011_QP_Biology.pdf,Biology,India,EM/DM,exam archive,TIFR past question papers,English,Past year question paper
https://www.tifr.res.in/academics/docs/past_QP/GS2010-QP-BIO.pdf,Biology,India,EM/DM,exam archive,TIFR past question papers,English,Past year question paper
https://www.tifr.res.in/academics/docs/past_QP/GS2026_QP_Chemistry.pdf,Chemistry,India,EM/DM,exam archive,TIFR past question papers,English,Past year question paper
https://www.tifr.res.in/academics/docs/past_QP/GS2025_QP_Chemistry.pdf,Chemistry,India,EM/DM,exam archive,TIFR past question papers,English,Past year question paper
https://www.tifr.res.in/academics/docs/past_QP/GS2024_QP_Chemistry.pdf,Chemistry,India,EM/DM,exam archive,TIFR past question papers,English,Past year question paper
https://www.tifr.res.in/academics/docs/past_QP/GS2023_QP_CHM.pdf,Chemistry,India,EM/DM,exam archive,TIFR past question papers,English,Past year question paper
https://www.tifr.res.in/academics/docs/past_QP/GS2022_QP_CHM.pdf,Chemistry,India,EM/DM,exam archive,TIFR past question papers,English,Past year question paper
https://www.tifr.res.in/academics/docs/past_QP/GS2021_QP_CHM.pdf,Chemistry,India,EM/DM,exam archive,TIFR past question papers,English,Past year question paper
https://www.tifr.res.in/academics/docs/past_QP/GS2020_QP_CHM.pdf,Chemistry,India,EM/DM,exam archive,TIFR past question papers,English,Past year question paper
https://www.tifr.res.in/academics/docs/past_QP/GS2019_QP_CHM.pdf,Chemistry,India,EM/DM,exam archive,TIFR past question papers,English,Past year question paper
https://www.tifr.res.in/academics/docs/past_QP/GS2011_QP_Chemistry.pdf,Chemistry,India,EM/DM,exam archive,TIFR past question papers,English,Past year question paper
https://www.tifr.res.in/academics/docs/past_QP/GS2010-QP-CHM.PDF,Chemistry,India,EM/DM,exam archive,TIFR past question papers,English,Past year question paper
https://www.tifr.res.in/academics/docs/past_QP/GS2018_QP_CHM_X.pdf,Chemistry-X,India,EM/DM,exam archive,TIFR past question papers,English,Past year question paper
https://www.tifr.res.in/academics/docs/past_QP/GS2017_QP_CHM_X.pdf,Chemistry-X,India,EM/DM,exam archive,TIFR past question papers,English,Past year question paper
https://www.tifr.res.in/academics/docs/past_QP/GS2016_QP_CHM_X.pdf,Chemistry-X,India,EM/DM,exam archive,TIFR past question papers,English,Past year question paper
https://www.tifr.res.in/academics/docs/past_QP/GS2015_QP_CHM_X.pdf,Chemistry-X,India,EM/DM,exam archive,TIFR past question papers,English,Past year question paper
https://www.tifr.res.in/academics/docs/past_QP/GS2014_QP_CHM_X.pdf,Chemistry-X,India,EM/DM,exam archive,TIFR past question papers,English,Past year question paper
https://www.tifr.res.in/academics/docs/past_QP/GS2013_QP_CHM_X.pdf,Chemistry-X,India,EM/DM,exam archive,TIFR past question papers,English,Past year question paper
https://www.tifr.res.in/academics/docs/past_QP/GS2012_QP_CHM_X.pdf,Chemistry-X,India,EM/DM,exam archive,TIFR past question papers,English,Past year question paper
https://www.tifr.res.in/academics/docs/past_QP/GS2018_QP_CHM_Y.pdf,Chemistry-Y,India,EM/DM,exam archive,TIFR past question papers,English,Past year question paper
https://www.tifr.res.in/academics/docs/past_QP/GS2017_QP_CHM_Y.pdf,Chemistry-Y,India,EM/DM,exam archive,TIFR past question papers,English,Past year question paper
https://www.tifr.res.in/academics/docs/past_QP/GS2016_QP_CHM_Y.pdf,Chemistry-Y,India,EM/DM,exam archive,TIFR past question papers,English,Past year question paper
https://www.tifr.res.in/academics/docs/past_QP/GS2015_QP_CHM_Y.pdf,Chemistry-Y,India,EM/DM,exam archive,TIFR past question papers,English,Past year question paper
https://www.tifr.res.in/academics/docs/past_QP/GS2014_QP_CHM_Y.pdf,Chemistry-Y,India,EM/DM,exam archive,TIFR past question papers,English,Past year question paper
https://www.tifr.res.in/academics/docs/past_QP/GS2013_QP_CHM_Y.pdf,Chemistry-Y,India,EM/DM,exam archive,TIFR past question papers,English,Past year question paper
https://www.tifr.res.in/academics/docs/past_QP/GS2012_QP_CHM_Y.pdf,Chemistry-Y,India,EM/DM,exam archive,TIFR past question papers,English,Past year question paper
https://www.tifr.res.in/academics/docs/past_QP/GS2023_QP_CSS.pdf,Computer & Systems Sciences,India,EM/DM,exam archive,TIFR past question papers,English,Past year question paper
https://www.tifr.res.in/academics/docs/past_QP/GS2022_QP_CSS.pdf,Computer & Systems Sciences,India,EM/DM,exam archive,TIFR past question papers,English,Past year question paper
https://www.tifr.res.in/academics/docs/past_QP/GS2021_QP_CSS.pdf,Computer & Systems Sciences,India,EM/DM,exam archive,TIFR past question papers,English,Past year question paper
https://www.tifr.res.in/academics/docs/past_QP/GS2020_QP_CSS.pdf,Computer & Systems Sciences,India,EM/DM,exam archive,TIFR past question papers,English,Past year question paper
https://www.tifr.res.in/academics/docs/past_QP/GS2019_QP_CS.pdf,Computer & Systems Sciences,India,EM/DM,exam archive,TIFR past question papers,English,Past year question paper
https://www.tifr.res.in/academics/docs/past_QP/GS2018_QP_CSS.pdf,Computer & Systems Sciences,India,EM/DM,exam archive,TIFR past question papers,English,Past year question paper
https://www.tifr.res.in/academics/docs/past_QP/GS2017_QP_CSS.pdf,Computer & Systems Sciences,India,EM/DM,exam archive,TIFR past question papers,English,Past year question paper
https://www.tifr.res.in/academics/docs/past_QP/GS2016_QP_CSS.pdf,Computer & Systems Sciences,India,EM/DM,exam archive,TIFR past question papers,English,Past year question paper
https://www.tifr.res.in/academics/docs/past_QP/GS2015_QP_CSS.pdf,Computer & Systems Sciences,India,EM/DM,exam archive,TIFR past question papers,English,Past year question paper
https://www.tifr.res.in/academics/docs/past_QP/GS2014_QP_CSS.pdf,Computer & Systems Sciences,India,EM/DM,exam archive,TIFR past question papers,English,Past year question paper
https://www.tifr.res.in/academics/docs/past_QP/GS2013_QP_CSS.pdf,Computer & Systems Sciences,India,EM/DM,exam archive,TIFR past question papers,English,Past year question paper
https://www.tifr.res.in/academics/docs/past_QP/GS2012_QP_CSS.pdf,Computer & Systems Sciences,India,EM/DM,exam archive,TIFR past question papers,English,Past year question paper
https://www.tifr.res.in/academics/docs/past_QP/GS2011_QP_Computer.pdf,Computer & Systems Sciences,India,EM/DM,exam archive,TIFR past question papers,English,Past year question paper
https://www.tifr.res.in/academics/docs/past_QP/GS2010-QP-CSS.PDF,Computer & Systems Sciences,India,EM/DM,exam archive,TIFR past question papers,English,Past year question paper
https://www.tifr.res.in/academics/docs/past_QP/GS2026_QP_CS_LIDS.pdf,Computer Science,India,EM/DM,exam archive,TIFR past question papers,English,Past year question paper
https://www.tifr.res.in/academics/docs/past_QP/GS2025_QP_CS_LIDS.pdf,Computer Science,India,EM/DM,exam archive,TIFR past question papers,English,Past year question paper
https://www.tifr.res.in/academics/docs/past_QP/GS2024_QP_CS.pdf,Computer Science,India,EM/DM,exam archive,TIFR past question papers,English,Past year question paper
"https://ccweb.tifr.res.in/AppAdmin/NewCommitteeOrder/docs/OD-R15-2023-24,%20FC.pdf",Finance,India,EM/DM,exam archive,TIFR past question papers,English,Past year question paper
"https://ccweb.tifr.res.in/AppAdmin/NewCommitteeOrder/docs/OD-R37-2023-24,%20TCGH.pdf",Gender Harmony/ Womens' Cell,India,EM/DM,exam archive,TIFR past question papers,English,Past year question paper
https://www.tifr.res.in/academics/docs/past_QP/GS2024_QP_LIDS.pdf,Learning Information & Data Sciences,India,EM/DM,exam archive,TIFR past question papers,English,Past year question paper
https://www.tifr.res.in/academics/docs/past_QP/GS2022_QP_WLBIO.pdf,MSc Wildlife Biology and Conservation,India,EM/DM,exam archive,TIFR past question papers,English,Past year question paper
https://www.tifr.res.in/academics/docs/past_QP/GS2020_QP_WLBIO.pdf,MSc Wildlife Biology and Conservation,India,EM/DM,exam archive,TIFR past question papers,English,Past year question paper
https://www.tifr.res.in/academics/docs/past_QP/GS2018_QP_WLBIO.pdf,MSc Wildlife Biology and Conservation,India,EM/DM,exam archive,TIFR past question papers,English,Past year question paper
https://www.tifr.res.in/academics/docs/past_QP/GS2016_QP_WLBIO.pdf,MSc Wildlife Biology and Conservation,India,EM/DM,exam archive,TIFR past question papers,English,Past year question paper
https://www.tifr.res.in/academics/docs/past_QP/GS2014_QP_WLBIO.pdf,MSc Wildlife Biology and Conservation,India,EM/DM,exam archive,TIFR past question papers,English,Past year question paper
https://www.tifr.res.in/academics/docs/past_QP/GS2012_QP_WLBIO.pdf,MSc Wildlife Biology and Conservation,India,EM/DM,exam archive,TIFR past question papers,English,Past year question paper
https://www.tifr.res.in/academics/docs/past_QP/GS2010-QP-BIO-M.SC.-WILDLIFE.pdf,MSc Wildlife Biology and Conservation,India,EM/DM,exam archive,TIFR past question papers,English,Past year question paper
https://www.tifr.res.in/academics/docs/past_QP/GS2026_QP_Mathematics.pdf,Mathematics,India,EM/DM,exam archive,TIFR past question papers,English,Past year question paper
https://www.tifr.res.in/academics/docs/past_QP/GS2025_QP_Mathematics.pdf,Mathematics,India,EM/DM,exam archive,TIFR past question papers,English,Past year question paper
https://www.tifr.res.in/academics/docs/past_QP/GS2024_QP_Maths.pdf,Mathematics,India,EM/DM,exam archive,TIFR past question papers,English,Past year question paper
https://www.tifr.res.in/academics/docs/past_QP/GS2023_QP_MTH.pdf,Mathematics,India,EM/DM,exam archive,TIFR past question papers,English,Past year question paper
https://www.tifr.res.in/academics/docs/past_QP/GS2022_QP_MTH.pdf,Mathematics,India,EM/DM,exam archive,TIFR past question papers,English,Past year question paper
https://www.tifr.res.in/academics/docs/past_QP/GS2021_QP_MTH.pdf,Mathematics,India,EM/DM,exam archive,TIFR past question papers,English,Past year question paper
https://www.tifr.res.in/academics/docs/past_QP/GS2020_QP_MTH.pdf,Mathematics,India,EM/DM,exam archive,TIFR past question papers,English,Past year question paper
https://www.tifr.res.in/academics/docs/past_QP/GS2019_QP_MTH.pdf,Mathematics,India,EM/DM,exam archive,TIFR past question papers,English,Past year question paper
https://www.tifr.res.in/academics/docs/past_QP/GS2018_QP_MTH.pdf,Mathematics,India,EM/DM,exam archive,TIFR past question papers,English,Past year question paper
https://www.tifr.res.in/academics/docs/past_QP/GS2017_QP_MTH.pdf,Mathematics,India,EM/DM,exam archive,TIFR past question papers,English,Past year question paper
https://www.tifr.res.in/academics/docs/past_QP/GS2016_QP_MTH.pdf,Mathematics,India,EM/DM,exam archive,TIFR past question papers,English,Past year question paper
https://www.tifr.res.in/academics/docs/past_QP/GS2015_QP_MTH.pdf,Mathematics,India,EM/DM,exam archive,TIFR past question papers,English,Past year question paper
https://www.tifr.res.in/academics/docs/past_QP/GS2014_QP_MTH.pdf,Mathematics,India,EM/DM,exam archive,TIFR past question papers,English,Past year question paper
https://www.tifr.res.in/academics/docs/past_QP/GS2013_QP_MTH.pdf,Mathematics,India,EM/DM,exam archive,TIFR past question papers,English,Past year question paper
https://www.tifr.res.in/academics/docs/past_QP/GS2012_QP_MTH.pdf,Mathematics,India,EM/DM,exam archive,TIFR past question papers,English,Past year question paper
https://www.tifr.res.in/academics/docs/past_QP/GS2011_QP_Maths.pdf,Mathematics,India,EM/DM,exam archive,TIFR past question papers,English,Past year question paper
https://www.tifr.res.in/academics/docs/past_QP/GS2010-QP-MTH.PDF,Mathematics,India,EM/DM,exam archive,TIFR past question papers,English,Past year question paper
https://www.tifr.res.in/academics/docs/past_QP/GS2026_QP_Mathematics_PhD_CAM.pdf,Mathematics-PhD at CAM,India,EM/DM,exam archive,TIFR past question papers,English,Past year question paper
https://www.tifr.res.in/academics/docs/past_QP/GS2025_QP_Mathematics_PhD_CAM.pdf,Mathematics-PhD at CAM,India,EM/DM,exam archive,TIFR past question papers,English,Past year question paper
"https://ccweb.tifr.res.in/AppAdmin/NewCommitteeOrder/docs/OFFICE%20ORDER%20OD%20%EF%BF%BD%20C2%20%EF%BF%BD%202021-22,%20TIFR-NEP%20discussion%20committee.pdf",NEP,India,EM/DM,exam archive,TIFR past question papers,English,Past year question paper
https://www.tifr.res.in/academics/docs/past_QP/GS2023_QP_PHY.pdf,Physics,India,EM/DM,exam archive,TIFR past question papers,English,Past year question paper
https://www.tifr.res.in/academics/docs/past_QP/GS2022_QP_PHY.pdf,Physics,India,EM/DM,exam archive,TIFR past question papers,English,Past year question paper
https://www.tifr.res.in/academics/docs/past_QP/GS2021_QP_PHY.pdf,Physics,India,EM/DM,exam archive,TIFR past question papers,English,Past year question paper
https://www.tifr.res.in/academics/docs/past_QP/GS2020_QP_PHY.pdf,Physics,India,EM/DM,exam archive,TIFR past question papers,English,Past year question paper
https://www.tifr.res.in/academics/docs/past_QP/GS2011_QP_Physics.pdf,Physics,India,EM/DM,exam archive,TIFR past question papers,English,Past year question paper
https://www.tifr.res.in/academics/docs/past_QP/GS2010-QP-PHY.PDF,Physics,India,EM/DM,exam archive,TIFR past question papers,English,Past year question paper
https://www.tifr.res.in/academics/docs/past_QP/GS2026_QP_Physics_I-PhD.pdf,Physics (IPhD),India,EM/DM,exam archive,TIFR past question papers,English,Past year question paper
https://www.tifr.res.in/academics/docs/past_QP/GS2025_QP_Physics_IPhd.pdf,Physics (IPhD),India,EM/DM,exam archive,TIFR past question papers,English,Past year question paper
https://www.tifr.res.in/academics/docs/past_QP/GS2024_QP_Phys_IPhD.pdf,Physics (IPhD),India,EM/DM,exam archive,TIFR past question papers,English,Past year question paper
https://www.tifr.res.in/academics/docs/past_QP/GS2026_QP_Physics_PhD.pdf,Physics (PhD),India,EM/DM,exam archive,TIFR past question papers,English,Past year question paper
https://www.tifr.res.in/academics/docs/past_QP/GS2025_QP_Physics_PhD.pdf,Physics (PhD),India,EM/DM,exam archive,TIFR past question papers,English,Past year question paper
https://www.tifr.res.in/academics/docs/past_QP/GS2024_QP_Phys_PhD.pdf,Physics (PhD),India,EM/DM,exam archive,TIFR past question papers,English,Past year question paper
https://www.tifr.res.in/academics/docs/past_QP/GS2019_QP_PHY_IPHD.pdf,Physics-IPHD,India,EM/DM,exam archive,TIFR past question papers,English,Past year question paper
https://www.tifr.res.in/academics/docs/past_QP/GS2019_QP_PHY_PHD.pdf,Physics-PHD,India,EM/DM,exam archive,TIFR past question papers,English,Past year question paper
https://www.tifr.res.in/academics/docs/past_QP/GS2018_PHY_X.pdf,Physics-X,India,EM/DM,exam archive,TIFR past question papers,English,Past year question paper
https://www.tifr.res.in/academics/docs/past_QP/GS2017_QP_PHY_X.pdf,Physics-X,India,EM/DM,exam archive,TIFR past question papers,English,Past year question paper
https://www.tifr.res.in/academics/docs/past_QP/GS2016_QP_PHY_X.pdf,Physics-X,India,EM/DM,exam archive,TIFR past question papers,English,Past year question paper
https://www.tifr.res.in/academics/docs/past_QP/GS2015_QP_PHY_X.pdf,Physics-X,India,EM/DM,exam archive,TIFR past question papers,English,Past year question paper
https://www.tifr.res.in/academics/docs/past_QP/GS2014_QP_PHY_X.pdf,Physics-X,India,EM/DM,exam archive,TIFR past question papers,English,Past year question paper
https://www.tifr.res.in/academics/docs/past_QP/GS2013_QP_PHY_X.pdf,Physics-X,India,EM/DM,exam archive,TIFR past question papers,English,Past year question paper
https://www.tifr.res.in/academics/docs/past_QP/GS2012_QP_PHY_X.pdf,Physics-X,India,EM/DM,exam archive,TIFR past question papers,English,Past year question paper
https://www.tifr.res.in/academics/docs/past_QP/GS2018_PHY_Y.pdf,Physics-Y,India,EM/DM,exam archive,TIFR past question papers,English,Past year question paper
https://www.tifr.res.in/academics/docs/past_QP/GS2017_QP_PHY_Y.pdf,Physics-Y,India,EM/DM,exam archive,TIFR past question papers,English,Past year question paper
https://www.tifr.res.in/academics/docs/past_QP/GS2016_QP_PHY_Y.pdf,Physics-Y,India,EM/DM,exam archive,TIFR past question papers,English,Past year question paper
https://www.tifr.res.in/academics/docs/past_QP/GS2015_QP_PHY_Y.pdf,Physics-Y,India,EM/DM,exam archive,TIFR past question papers,English,Past year question paper
https://www.tifr.res.in/academics/docs/past_QP/GS2014_QP_PHY_Y.pdf,Physics-Y,India,EM/DM,exam archive,TIFR past question papers,English,Past year question paper
https://www.tifr.res.in/academics/docs/past_QP/GS2013_QP_PHY_Y.pdf,Physics-Y,India,EM/DM,exam archive,TIFR past question papers,English,Past year question paper
https://www.tifr.res.in/academics/docs/past_QP/GS2012_QP_PHY_Y.pdf,Physics-Y,India,EM/DM,exam archive,TIFR past question papers,English,Past year question paper
https://www.tifr.res.in/academics/docs/GS-2026_Poster.pdf,Poster,India,EM/DM,exam archive,TIFR past question papers,English,Past year question paper
"https://ccweb.tifr.res.in/AppAdmin/NewCommitteeOrder/docs/OFFICE%20ORDER%20OD-P5-2022-23,%20TIFR%20R&D%20Cell.pdf",Research & Development,India,EM/DM,exam archive,TIFR past question papers,English,Past year question paper
https://www.tifr.res.in/academics/docs/past_QP/GS2026_QP_Science_Education.pdf,Science Education,India,EM/DM,exam archive,TIFR past question papers,English,Past year question paper
https://www.tifr.res.in/academics/docs/past_QP/GS2025_QP_Science_Education.pdf,Science Education,India,EM/DM,exam archive,TIFR past question papers,English,Past year question paper
https://www.tifr.res.in/academics/docs/past_QP/GS2024_QP_SE.pdf,Science Education,India,EM/DM,exam archive,TIFR past question papers,English,Past year question paper
https://www.tifr.res.in/academics/docs/past_QP/GS2023_QP_SED.pdf,Science Education,India,EM/DM,exam archive,TIFR past question papers,English,Past year question paper
https://www.tifr.res.in/academics/docs/past_QP/GS2026_QP_WL_Biology.pdf,Wildlife Biology & Conservation,India,EM/DM,exam archive,TIFR past question papers,English,Past year question paper
https://www.tifr.res.in/academics/docs/past_QP/GS2024_QP_WLBIO.pdf,Wildlife Biology & Conservation,India,EM/DM,exam archive,TIFR past question papers,English,Past year question paper
https://jeeadv.ac.in/past_qps/2007_1.pdf,Download,India,EM/GA,exam archive,JEE Advanced archive,English,Past year question paper
https://jeeadv.ac.in/past_qps/2007_2.pdf,Download,India,EM/GA,exam archive,JEE Advanced archive,English,Past year question paper
https://jeeadv.ac.in/past_qps/2008_1.pdf,Download,India,EM/GA,exam archive,JEE Advanced archive,English,Past year question paper
https://jeeadv.ac.in/past_qps/2008_2.pdf,Download,India,EM/GA,exam archive,JEE Advanced archive,English,Past year question paper
https://jeeadv.ac.in/past_qps/2009_1.pdf,Download,India,EM/GA,exam archive,JEE Advanced archive,English,Past year question paper
https://jeeadv.ac.in/past_qps/2009_2.pdf,Download,India,EM/GA,exam archive,JEE Advanced archive,English,Past year question paper
https://jeeadv.ac.in/past_qps/2010_1.pdf,Download,India,EM/GA,exam archive,JEE Advanced archive,English,Past year question paper
https://jeeadv.ac.in/past_qps/2010_2.pdf,Download,India,EM/GA,exam archive,JEE Advanced archive,English,Past year question paper
https://jeeadv.ac.in/past_qps/2011_1.pdf,Download,India,EM/GA,exam archive,JEE Advanced archive,English,Past year question paper
https://jeeadv.ac.in/past_qps/2011_2.pdf,Download,India,EM/GA,exam archive,JEE Advanced archive,English,Past year question paper
https://jeeadv.ac.in/past_qps/2012_1.pdf,Download,India,EM/GA,exam archive,JEE Advanced archive,English,Past year question paper
https://jeeadv.ac.in/past_qps/2012_2.pdf,Download,India,EM/GA,exam archive,JEE Advanced archive,English,Past year question paper
https://jeeadv.ac.in/past_qps/2013_1.pdf,Download,India,EM/GA,exam archive,JEE Advanced archive,English,Past year question paper
https://jeeadv.ac.in/past_qps/2013_2.pdf,Download,India,EM/GA,exam archive,JEE Advanced archive,English,Past year question paper
https://jeeadv.ac.in/past_qps/2014_1.pdf,Download,India,EM/GA,exam archive,JEE Advanced archive,English,Past year question paper
https://jeeadv.ac.in/past_qps/2014_2.pdf,Download,India,EM/GA,exam archive,JEE Advanced archive,English,Past year question paper
https://jeeadv.ac.in/past_qps/2015_1.pdf,Download,India,EM/GA,exam archive,JEE Advanced archive,English,Past year question paper
https://jeeadv.ac.in/past_qps/2015_2.pdf,Download,India,EM/GA,exam archive,JEE Advanced archive,English,Past year question paper
https://jeeadv.ac.in/past_qps/2016_1.pdf,Download,India,EM/GA,exam archive,JEE Advanced archive,English,Past year question paper
https://jeeadv.ac.in/past_qps/2016_2.pdf,Download,India,EM/GA,exam archive,JEE Advanced archive,English,Past year question paper
https://jeeadv.ac.in/past_qps/2017_1.pdf,Download,India,EM/GA,exam archive,JEE Advanced archive,English,Past year question paper
https://jeeadv.ac.in/past_qps/2017_2.pdf,Download,India,EM/GA,exam archive,JEE Advanced archive,English,Past year question paper
https://jeeadv.ac.in/past_qps/2018_1.pdf,Download,India,EM/GA,exam archive,JEE Advanced archive,English,Past year question paper
https://jeeadv.ac.in/past_qps/2018_2.pdf,Download,India,EM/GA,exam archive,JEE Advanced archive,English,Past year question paper
https://jeeadv.ac.in/past_qps/2019_1_English.pdf,Download,India,EM/GA,exam archive,JEE Advanced archive,English,Past year question paper
https://jeeadv.ac.in/past_qps/2019_2_English.pdf,Download,India,EM/GA,exam archive,JEE Advanced archive,English,Past year question paper
https://jeeadv.ac.in/past_qps/2019_1_Hindi.pdf,Download,India,EM/GA,exam archive,JEE Advanced archive,English,Past year question paper
https://jeeadv.ac.in/past_qps/2019_2_Hindi.pdf,Download,India,EM/GA,exam archive,JEE Advanced archive,English,Past year question paper
https://jeeadv.ac.in/past_qps/2020_1_English.pdf,Download,India,EM/GA,exam archive,JEE Advanced archive,English,Past year question paper
https://jeeadv.ac.in/past_qps/2020_2_English.pdf,Download,India,EM/GA,exam archive,JEE Advanced archive,English,Past year question paper
https://jeeadv.ac.in/past_qps/2020_1_Hindi.pdf,Download,India,EM/GA,exam archive,JEE Advanced archive,English,Past year question paper
https://jeeadv.ac.in/past_qps/2020_2_Hindi.pdf,Download,India,EM/GA,exam archive,JEE Advanced archive,English,Past year question paper
https://jeeadv.ac.in/past_qps/2021_1_English.pdf,Download,India,EM/GA,exam archive,JEE Advanced archive,English,Past year question paper
https://jeeadv.ac.in/past_qps/2021_2_English.pdf,Download,India,EM/GA,exam archive,JEE Advanced archive,English,Past year question paper
https://jeeadv.ac.in/past_qps/2021_1_Hindi.pdf,Download,India,EM/GA,exam archive,JEE Advanced archive,English,Past year question paper
https://jeeadv.ac.in/past_qps/2021_2_Hindi.pdf,Download,India,EM/GA,exam archive,JEE Advanced archive,English,Past year question paper
https://jeeadv.ac.in/past_qps/2022_1_English.pdf,Download,India,EM/GA,exam archive,JEE Advanced archive,English,Past year question paper
https://jeeadv.ac.in/past_qps/2022_2_English.pdf,Download,India,EM/GA,exam archive,JEE Advanced archive,English,Past year question paper
https://jeeadv.ac.in/past_qps/2022_1_Hindi.pdf,Download,India,EM/GA,exam archive,JEE Advanced archive,English,Past year question paper
https://jeeadv.ac.in/past_qps/2022_2_Hindi.pdf,Download,India,EM/GA,exam archive,JEE Advanced archive,English,Past year question paper
https://jeeadv.ac.in/past_qps/2023_1_English.pdf,Download,India,EM/GA,exam archive,JEE Advanced archive,English,Past year question paper
https://jeeadv.ac.in/past_qps/2023_2_English.pdf,Download,India,EM/GA,exam archive,JEE Advanced archive,English,Past year question paper
https://jeeadv.ac.in/past_qps/2023_1_Hindi.pdf,Download,India,EM/GA,exam archive,JEE Advanced archive,English,Past year question paper
https://jeeadv.ac.in/past_qps/2023_2_Hindi.pdf,Download,India,EM/GA,exam archive,JEE Advanced archive,English,Past year question paper
https://jeeadv.ac.in/past_qps/2024_1_English.pdf,Download,India,EM/GA,exam archive,JEE Advanced archive,English,Past year question paper
https://jeeadv.ac.in/past_qps/2024_2_English.pdf,Download,India,EM/GA,exam archive,JEE Advanced archive,English,Past year question paper
https://jeeadv.ac.in/past_qps/2024_1_Hindi.pdf,Download,India,EM/GA,exam archive,JEE Advanced archive,English,Past year question paper
https://jeeadv.ac.in/past_qps/2024_2_Hindi.pdf,Download,India,EM/GA,exam archive,JEE Advanced archive,English,Past year question paper
https://jeeadv.ac.in/past_qps/2025_1_English.pdf,Download,India,EM/GA,exam archive,JEE Advanced archive,English,Past year question paper
https://jeeadv.ac.in/past_qps/2025_2_English.pdf,Download,India,EM/GA,exam archive,JEE Advanced archive,English,Past year question paper
https://jeeadv.ac.in/past_qps/2025_1_Hindi.pdf,Download,India,EM/GA,exam archive,JEE Advanced archive,English,Past year question paper
https://jeeadv.ac.in/past_qps/2025_2_Hindi.pdf,Download,India,EM/GA,exam archive,JEE Advanced archive,English,Past year question paper
https://jeeadv.ac.in/past_qps/AAT-2016.pdf,Download,India,EM/GA,exam archive,JEE Advanced archive,English,Past year question paper
https://jeeadv.ac.in/past_qps/AAT-2017.pdf,Download,India,EM/GA,exam archive,JEE Advanced archive,English,Past year question paper
https://jeeadv.ac.in/past_qps/AAT-2018.pdf,Download,India,EM/GA,exam archive,JEE Advanced archive,English,Past year question paper
https://jeeadv.ac.in/past_qps/AAT-2019.pdf,Download,India,EM/GA,exam archive,JEE Advanced archive,English,Past year question paper
https://jeeadv.ac.in/past_qps/AAT-2020.pdf,Download,India,EM/GA,exam archive,JEE Advanced archive,English,Past year question paper
https://jeeadv.ac.in/past_qps/AAT-2021.pdf,Download,India,EM/GA,exam archive,JEE Advanced archive,English,Past year question paper
https://jeeadv.ac.in/past_qps/AAT-2022.pdf,Download,India,EM/GA,exam archive,JEE Advanced archive,English,Past year question paper
https://jeeadv.ac.in/past_qps/AAT-2023.pdf,Download,India,EM/GA,exam archive,JEE Advanced archive,English,Past year question paper
https://jeeadv.ac.in/past_qps/AAT-2024.pdf,Download,India,EM/GA,exam archive,JEE Advanced archive,English,Past year question paper
https://jeeadv.ac.in/past_qps/AAT-2025.pdf,Download,India,EM/GA,exam archive,JEE Advanced archive,English,Past year question paper
https://www.upsc.gov.in/sites/default/files/QP_CSM_2024_Urdu_P_I_Lite_03102024.pdf,(1.03 MB),India,GA,exam archive,UPSC previous question papers,English,Past year question paper
https://www.upsc.gov.in/sites/default/files/QP_CSM_2024_Odia_P_I_Lite_03102024.pdf,(1.05 MB),India,GA,exam archive,UPSC previous question papers,English,Past year question paper
https://www.upsc.gov.in/sites/default/files/QP_CSM_2024_Assa_P_I_Lite_03102024.pdf,(1.11 MB),India,GA,exam archive,UPSC previous question papers,English,Past year question paper
https://www.upsc.gov.in/sites/default/files/QP_CSM_2024_Hn_P_I_Lite_03102024.pdf,(1.11 MB),India,GA,exam archive,UPSC previous question papers,English,Past year question paper
https://www.upsc.gov.in/sites/default/files/QP-IFSM-25-GENERAL-KNOWLEDGE-241125.pdf,(1.13 MB),India,GA,exam archive,UPSC previous question papers,English,Past year question paper
https://www.upsc.gov.in/sites/default/files/QP_CSM_2024_Mait_P_I_Lite_03102024.pdf,(1.13 MB),India,GA,exam archive,UPSC previous question papers,English,Past year question paper
https://www.upsc.gov.in/sites/default/files/QP_CSM_2024_Mani_P_II_Lite_03102024.pdf,(1.14 MB),India,GA,exam archive,UPSC previous question papers,English,Past year question paper
https://www.upsc.gov.in/sites/default/files/QP_CSM_2024_Mani_P_I_Lite_03102024.pdf,(1.17 MB),India,GA,exam archive,UPSC previous question papers,English,Past year question paper
https://www.upsc.gov.in/sites/default/files/QP_CSM_2024_Beng_P_II_Lite_03102024.pdf,(1.19 MB),India,GA,exam archive,UPSC previous question papers,English,Past year question paper
https://www.upsc.gov.in/sites/default/files/QP_CSM_2024_Mara_P_II_Lite_03102024.pdf,(1.2 MB),India,GA,exam archive,UPSC previous question papers,English,Past year question paper
https://www.upsc.gov.in/sites/default/files/QP_CSM_2024_Odia_P_II_Lite_03102024.pdf,(1.2 MB),India,GA,exam archive,UPSC previous question papers,English,Past year question paper
https://www.upsc.gov.in/sites/default/files/QP_CSM_2024_Sind_P_I_Lite_03102024.pdf,(1.23 MB),India,GA,exam archive,UPSC previous question papers,English,Past year question paper
https://www.upsc.gov.in/sites/default/files/QP-IES-ISS-25-INDIAN-ECONOMICS-230625.pdf,(1.25 MB),India,GA,exam archive,UPSC previous question papers,English,Past year question paper
https://www.upsc.gov.in/sites/default/files/QP_CSM_2024_Assa_P_II_Lite_03102024.pdf,(1.25 MB),India,GA,exam archive,UPSC previous question papers,English,Past year question paper
https://www.upsc.gov.in/sites/default/files/QP-IES-ISS-26-220626-GENERAL-STUDIES.pdf,(1.27 MB),India,GA,exam archive,UPSC previous question papers,English,Past year question paper
https://www.upsc.gov.in/sites/default/files/QP_CSM_2024_Mara_P_I_Lite_03102024.pdf,(1.27 MB),India,GA,exam archive,UPSC previous question papers,English,Past year question paper
https://www.upsc.gov.in/sites/default/files/QP_CSM_2024_Mait_P_II_Lite_03102024.pdf,(1.28 MB),India,GA,exam archive,UPSC previous question papers,English,Past year question paper
https://www.upsc.gov.in/sites/default/files/QP-CGeoScnstM-26-220626-HYDROGEOLOGY.pdf,(1.29 MB),India,GA,exam archive,UPSC previous question papers,English,Past year question paper
https://www.upsc.gov.in/sites/default/files/QP-IES-ISS-26-220626-INDIAN-ECONOMICS.pdf,(1.32 MB),India,GA,exam archive,UPSC previous question papers,English,Past year question paper
https://www.upsc.gov.in/sites/default/files/QP-IES-ISS-24-INDIAN-ECONOMICS-240624.pdf,(1.32 MB),India,GA,exam archive,UPSC previous question papers,English,Past year question paper
https://www.upsc.gov.in/sites/default/files/QP_CSM_2024_Eng_P_I_Lite_03102024.pdf,(1.33 MB),India,GA,exam archive,UPSC previous question papers,English,Past year question paper
https://www.upsc.gov.in/sites/default/files/QP_CSM_2024_Guj_P_I_Lite_03102024.pdf,(1.33 MB),India,GA,exam archive,UPSC previous question papers,English,Past year question paper
https://www.upsc.gov.in/sites/default/files/QP_CSM_2024_Telu_P_I_Lite_03102024.pdf,(1.37 MB),India,GA,exam archive,UPSC previous question papers,English,Past year question paper
https://www.upsc.gov.in/sites/default/files/QP-IES-ISS-24-GENERAL-STUDIES-240624.pdf,(1.38 MB),India,GA,exam archive,UPSC previous question papers,English,Past year question paper
https://www.upsc.gov.in/sites/default/files/QP_CSM_2024_Beng_P_I_Lite_03102024.pdf,(1.39 MB),India,GA,exam archive,UPSC previous question papers,English,Past year question paper
https://www.upsc.gov.in/sites/default/files/QP-IES-ISS-25-GENERAL-STUDIES-230625.pdf,(1.4 MB),India,GA,exam archive,UPSC previous question papers,English,Past year question paper
https://www.upsc.gov.in/sites/default/files/QP_CSM_2024_Snk_P_II_Lite_03102024.pdf,(1.49 MB),India,GA,exam archive,UPSC previous question papers,English,Past year question paper
https://www.upsc.gov.in/sites/default/files/QP_CSM_2024_Tam_P_I_Lite_03102024.pdf,(1.49 MB),India,GA,exam archive,UPSC previous question papers,English,Past year question paper
https://www.upsc.gov.in/sites/default/files/QP-CGSMain-24-HYDROGEOLOGY-240624.pdf,(1.52 MB),India,GA,exam archive,UPSC previous question papers,English,Past year question paper
https://www.upsc.gov.in/sites/default/files/QP-IFSM-24-GENERAL-KNOWLEDGE-021224.pdf,(1.56 MB),India,GA,exam archive,UPSC previous question papers,English,Past year question paper
https://www.upsc.gov.in/sites/default/files/QP-IFSM-23-GENERAL-KNOWLEDGE-051223.pdf,(1.56 MB),India,GA,exam archive,UPSC previous question papers,English,Past year question paper
https://www.upsc.gov.in/sites/default/files/QP_CSM_2024_Guj_P_II_Lite_03102024.pdf,(1.57 MB),India,GA,exam archive,UPSC previous question papers,English,Past year question paper
https://www.upsc.gov.in/sites/default/files/QP-IES-ISS-24-GENERAL-ENGLISH-240624.pdf,(1.63 MB),India,GA,exam archive,UPSC previous question papers,English,Past year question paper
https://www.upsc.gov.in/sites/default/files/QP_CSM_2024_Kann_P_I_Lite_03102024.pdf,(1.66 MB),India,GA,exam archive,UPSC previous question papers,English,Past year question paper
https://www.upsc.gov.in/sites/default/files/QP-IES-ISS-26-220626-GENERAL-ENGLISH.pdf,(1.69 MB),India,GA,exam archive,UPSC previous question papers,English,Past year question paper
https://www.upsc.gov.in/sites/default/files/QP_CSM_2024_Eng_P_II_Lite_03102024.pdf,(1.69 MB),India,GA,exam archive,UPSC previous question papers,English,Past year question paper
https://www.upsc.gov.in/sites/default/files/QP_CSM_2024_Hn_P_II_Lite_03102024.pdf,(1.69 MB),India,GA,exam archive,UPSC previous question papers,English,Past year question paper
https://www.upsc.gov.in/sites/default/files/QP_CSM_2024_Sind_P_II_Lite_03102024.pdf,(1.69 MB),India,GA,exam archive,UPSC previous question papers,English,Past year question paper
https://www.upsc.gov.in/sites/default/files/QP_CSM_2024_GenStud_I_03102024.pdf,(1.74 MB),India,GA,exam archive,UPSC previous question papers,English,Past year question paper
https://www.upsc.gov.in/sites/default/files/QP-CSM-23-ESSAY-180923.pdf,(1.76 MB),India,GA,exam archive,UPSC previous question papers,English,Past year question paper
https://www.upsc.gov.in/sites/default/files/QP_CSM_2024_Pun_P_I_Lite_03102024.pdf,(1.82 MB),India,GA,exam archive,UPSC previous question papers,English,Past year question paper
https://www.upsc.gov.in/sites/default/files/QP_CSM_2024_Kann_P_II_Lite_03102024.pdf,(1.86 MB),India,GA,exam archive,UPSC previous question papers,English,Past year question paper
https://www.upsc.gov.in/sites/default/files/QP_CSM_2024_Snk_P_I_Lite_03102024.pdf,(1.99 MB),India,GA,exam archive,UPSC previous question papers,English,Past year question paper
https://www.upsc.gov.in/sites/default/files/QP_CGSPE26_Geophy_II_09022026.pdf,(11.67 MB),India,GA,exam archive,UPSC previous question papers,English,Past year question paper
https://www.upsc.gov.in/sites/default/files/QP_CGSPE26_GenStud_I_09022026.pdf,(12.67 MB),India,GA,exam archive,UPSC previous question papers,English,Past year question paper
https://www.upsc.gov.in/sites/default/files/QP-SO-25-Steno19-21-NOTING-AND-DRAFTING-PRECIS-WRITING-151225.pdf,(13.02 MB),India,GA,exam archive,UPSC previous question papers,English,Past year question paper
https://www.upsc.gov.in/sites/default/files/QP-CDSE-II-25-ENGLISH-150925.pdf,(14.53 MB),India,GA,exam archive,UPSC previous question papers,English,Past year question paper
https://www.upsc.gov.in/sites/default/files/QP-CDS-I-26-ENGLISH-130426.pdf,(14.65 MB),India,GA,exam archive,UPSC previous question papers,English,Past year question paper
https://www.upsc.gov.in/sites/default/files/QP-ESEP-25-GENERAL-STUDIES-AND-ENGINEERING-APTITUDE-P-I-090625.pdf,(14.9 MB),India,GA,exam archive,UPSC previous question papers,English,Past year question paper
https://www.upsc.gov.in/sites/default/files/QP-CDSE-II-24-ENGLISH-020924.pdf,(15 MB),India,GA,exam archive,UPSC previous question papers,English,Past year question paper
https://www.upsc.gov.in/sites/default/files/QP_CDSI2024_ENGLISH_22042024.pdf,(16.25 MB),India,GA,exam archive,UPSC previous question papers,English,Past year question paper
https://www.upsc.gov.in/sites/default/files/QP_ESPE26_CivilEngg_II_09022026.pdf,(16.58 MB),India,GA,exam archive,UPSC previous question papers,English,Past year question paper
https://www.upsc.gov.in/sites/default/files/QP_CBI_DSP_LDCE_2023_GAT_18032024.pdf,(16.64 MB),India,GA,exam archive,UPSC previous question papers,English,Past year question paper
https://www.upsc.gov.in/sites/default/files/QP_ESPE26_MechEngg_II_09022026.pdf,(16.73 MB),India,GA,exam archive,UPSC previous question papers,English,Past year question paper
https://www.upsc.gov.in/sites/default/files/QP_ESPE26_GenStud_EnggAptit_I_09022026.pdf,(17.53 MB),India,GA,exam archive,UPSC previous question papers,English,Past year question paper
https://www.upsc.gov.in/sites/default/files/QP-ESEP-25-ELECTRICAL-ENGINEERING-P-II-090625.pdf,(17.66 MB),India,GA,exam archive,UPSC previous question papers,English,Past year question paper
https://www.upsc.gov.in/sites/default/files/QP-ESEP-25-ELECTRONICS-AND-TELECOMMUNICATION-ENGINEERING-P-II-090625.pdf,(17.69 MB),India,GA,exam archive,UPSC previous question papers,English,Past year question paper
https://www.upsc.gov.in/sites/default/files/QP_CGSPE26_Chem_II_09022026.pdf,(18.07 MB),India,GA,exam archive,UPSC previous question papers,English,Past year question paper
https://www.upsc.gov.in/sites/default/files/QP-CDSE-II-2023-EleMath-04092023.pdf,(18.18 MB),India,GA,exam archive,UPSC previous question papers,English,Past year question paper
https://www.upsc.gov.in/sites/default/files/QP-ESEP-25-CIVIL-ENGINEERING-P-II-090625.pdf,(18.3 MB),India,GA,exam archive,UPSC previous question papers,English,Past year question paper
https://www.upsc.gov.in/sites/default/files/QP_CGSPE26_Geol-Hydrogeo_II_09022026.pdf,(18.32 MB),India,GA,exam archive,UPSC previous question papers,English,Past year question paper
https://www.upsc.gov.in/sites/default/files/QP_ESPE26_ElecEngg_II_09022026.pdf,(18.5 MB),India,GA,exam archive,UPSC previous question papers,English,Past year question paper
https://www.upsc.gov.in/sites/default/files/QP_ESPE26_ElecTelecomEngg_II_09022026.pdf,(18.91 MB),India,GA,exam archive,UPSC previous question papers,English,Past year question paper
https://www.upsc.gov.in/sites/default/files/QP-CDSE-I-25-ELEMENTARY-MATHEMATICS-150425.pdf,(19.37 MB),India,GA,exam archive,UPSC previous question papers,English,Past year question paper
https://www.upsc.gov.in/sites/default/files/QP-NDA-NA-I-25-MATHEMATICS-150425.pdf,(19.7 MB),India,GA,exam archive,UPSC previous question papers,English,Past year question paper
https://www.upsc.gov.in/sites/default/files/QP-NDANA-II-25-MATHEMATICS-150925.pdf,(19.87 MB),India,GA,exam archive,UPSC previous question papers,English,Past year question paper
https://www.upsc.gov.in/sites/default/files/QP-CDSE-I-25-ENGLISH-150425.pdf,(19.96 MB),India,GA,exam archive,UPSC previous question papers,English,Past year question paper
https://www.upsc.gov.in/sites/default/files/QP_CSM_2024_GenStud_II_03102024.pdf,(2.02 MB),India,GA,exam archive,UPSC previous question papers,English,Past year question paper
https://www.upsc.gov.in/sites/default/files/QP_CSM_2024_Mala_P_I_Lite_03102024.pdf,(2.1 MB),India,GA,exam archive,UPSC previous question papers,English,Past year question paper
https://www.upsc.gov.in/sites/default/files/QP-GeosM-25-HYDROGEOLOGY-230625.pdf,(2.11 MB),India,GA,exam archive,UPSC previous question papers,English,Past year question paper
https://www.upsc.gov.in/sites/default/files/QP_CSM_2024_GenStud_III_03102024.pdf,(2.13 MB),India,GA,exam archive,UPSC previous question papers,English,Past year question paper
https://www.upsc.gov.in/sites/default/files/QP_CSM_2024_Urdu_P_II_Lite_03102024.pdf,(2.24 MB),India,GA,exam archive,UPSC previous question papers,English,Past year question paper
https://www.upsc.gov.in/sites/default/files/QP-IFSM-25-GENERAL-ENGLISH-241125.pdf,(2.25 MB),India,GA,exam archive,UPSC previous question papers,English,Past year question paper
https://www.upsc.gov.in/sites/default/files/QP_CSM_2024_Tam_P_II_Lite_03102024.pdf,(2.26 MB),India,GA,exam archive,UPSC previous question papers,English,Past year question paper
https://www.upsc.gov.in/sites/default/files/QP_CSM_2024_Urdu_Comp_03102024.pdf,(2.44 MB),India,GA,exam archive,UPSC previous question papers,English,Past year question paper
https://www.upsc.gov.in/sites/default/files/QP_CSM_2024_Telu_P_II_Lite_03102024.pdf,(2.47 MB),India,GA,exam archive,UPSC previous question papers,English,Past year question paper
https://www.upsc.gov.in/sites/default/files/QP-CSM-23-BODO-COMPULSORY-290923.pdf,(2.47 MB),India,GA,exam archive,UPSC previous question papers,English,Past year question paper
https://www.upsc.gov.in/sites/default/files/URDU-COMPULSORY-QP-CSM-25-010925.pdf,(2.52 MB),India,GA,exam archive,UPSC previous question papers,English,Past year question paper
https://www.upsc.gov.in/sites/default/files/SANSKRIT-COMPULSORY-QP-CSM-25-010925.pdf,(2.56 MB),India,GA,exam archive,UPSC previous question papers,English,Past year question paper
https://www.upsc.gov.in/sites/default/files/QP-CSM-23-SANSKRIT-COMPULSORY-290923.pdf,(2.61 MB),India,GA,exam archive,UPSC previous question papers,English,Past year question paper
https://www.upsc.gov.in/sites/default/files/QP-CSM-23-SINDHI-DEVANAGARI-COMPULSORY-290923.pdf,(2.64 MB),India,GA,exam archive,UPSC previous question papers,English,Past year question paper
https://www.upsc.gov.in/sites/default/files/SINDHI-DEVANAGARI-COMPULSORY-QP-CSM-25-010925.pdf,(2.66 MB),India,GA,exam archive,UPSC previous question papers,English,Past year question paper
https://www.upsc.gov.in/sites/default/files/QP-IFSM-23-GENERAL-%20ENGLISH-051223.pdf,(2.69 MB),India,GA,exam archive,UPSC previous question papers,English,Past year question paper
https://www.upsc.gov.in/sites/default/files/QP-IES-ISS-25-GENERAL-ENGLISH-230625.pdf,(2.7 MB),India,GA,exam archive,UPSC previous question papers,English,Past year question paper
https://www.upsc.gov.in/sites/default/files/QP_CSM_2024_Mait_Comp_03102024.pdf,(2.7 MB),India,GA,exam archive,UPSC previous question papers,English,Past year question paper
https://www.upsc.gov.in/sites/default/files/MAITHILI-COMPULSORY-QP-CSM-25-010925.pdf,(2.81 MB),India,GA,exam archive,UPSC previous question papers,English,Past year question paper
https://www.upsc.gov.in/sites/default/files/QP-CAPF-25-GENERAL-STUDIES-ESSAY-COMPREHENSION-040825.pdf,(2.86 MB),India,GA,exam archive,UPSC previous question papers,English,Past year question paper
https://www.upsc.gov.in/sites/default/files/QP-CSM-23-URDU-COMPULSORY-290923.pdf,(2.86 MB),India,GA,exam archive,UPSC previous question papers,English,Past year question paper
https://www.upsc.gov.in/sites/default/files/QP_CSM_2024_Mala_P_II_Lite_03102024.pdf,(2.89 MB),India,GA,exam archive,UPSC previous question papers,English,Past year question paper
https://www.upsc.gov.in/sites/default/files/BODO-COMPULSORY-QP-CSM-25-010925.pdf,(2.91 MB),India,GA,exam archive,UPSC previous question papers,English,Past year question paper
https://www.upsc.gov.in/sites/default/files/NEPALI-COMPULSORY-QP-CSM-25-010925.pdf,(2.92 MB),India,GA,exam archive,UPSC previous question papers,English,Past year question paper
https://www.upsc.gov.in/sites/default/files/GUJARATI-COMPULSORY-QP-CSM-25-010925.pdf,(2.93 MB),India,GA,exam archive,UPSC previous question papers,English,Past year question paper
https://www.upsc.gov.in/sites/default/files/QP_CSM_2024_Nepa_Comp_03102024.pdf,(2.94 MB),India,GA,exam archive,UPSC previous question papers,English,Past year question paper
https://www.upsc.gov.in/sites/default/files/QP-CDSE-II-2023-Eng-04092023.pdf,(20.49 MB),India,GA,exam archive,UPSC previous question papers,English,Past year question paper
https://www.upsc.gov.in/sites/default/files/QP_CISF2026_GenAbili_Intellig_ProfessSkill_09032026.pdf,(20.63 MB),India,GA,exam archive,UPSC previous question papers,English,Past year question paper
https://www.upsc.gov.in/sites/default/files/QP-NDANA-II-2023-Maths-04092023.pdf,(21.61 MB),India,GA,exam archive,UPSC previous question papers,English,Past year question paper
https://www.upsc.gov.in/sites/default/files/QP-SO-25-Steno19-21-ProcedurePracticeCategory-III-and-VII-151225.pdf,(22.28 MB),India,GA,exam archive,UPSC previous question papers,English,Past year question paper
https://www.upsc.gov.in/sites/default/files/QP-CDSE-II-25-ELEMENTARY-MATHEMATICS-150925.pdf,(22.37 MB),India,GA,exam archive,UPSC previous question papers,English,Past year question paper
https://www.upsc.gov.in/sites/default/files/QP_CDSI2024_ELEMENTARY-MATHEMATICS_22042024.pdf,(22.47 MB),India,GA,exam archive,UPSC previous question papers,English,Past year question paper
https://www.upsc.gov.in/sites/default/files/QP-ESEP-25-MECHANICAL-ENGINEERING-P-II-090625.pdf,(22.74 MB),India,GA,exam archive,UPSC previous question papers,English,Past year question paper
https://www.upsc.gov.in/sites/default/files/QP-CISF-AC-EXE-LDCE-24-GENERAL-ABILITY-INTELLIGENCE-PROFESSIONAL-SKILL-110324_0.pdf,(23.94 MB),India,GA,exam archive,UPSC previous question papers,English,Past year question paper
https://www.upsc.gov.in/sites/default/files/QP-CDSE-II-25-GENERAL-KNOWLEDGE-150925.pdf,(24.23 MB),India,GA,exam archive,UPSC previous question papers,English,Past year question paper
https://www.upsc.gov.in/sites/default/files/QP-CDSE-I-25-GENERAL-KNOWLEDGE-150425.pdf,(25.52 MB),India,GA,exam archive,UPSC previous question papers,English,Past year question paper
https://www.upsc.gov.in/sites/default/files/QP_CDSI2024_GENERAL-KNOWLEDGE_22042024.pdf,(26.56 MB),India,GA,exam archive,UPSC previous question papers,English,Past year question paper
https://www.upsc.gov.in/sites/default/files/QP-CDSE-II-24-GENERAL-KNOWLEDGE-020924.pdf,(26.73 MB),India,GA,exam archive,UPSC previous question papers,English,Past year question paper
https://www.upsc.gov.in/sites/default/files/QP_CAPF_2023_GAI_07082023.pdf,(27.12 MB),India,GA,exam archive,UPSC previous question papers,English,Past year question paper
https://www.upsc.gov.in/sites/default/files/QP-CISF-AC-EXE-LDCE-23-GENERAL-ABILITY-INTELLIGENCE-PROFESSIONAL-031023.pdf,(27.31 MB),India,GA,exam archive,UPSC previous question papers,English,Past year question paper
https://www.upsc.gov.in/sites/default/files/QP-NDA-NA-II-24-MATHEMATICS-020924.pdf,(27.69 MB),India,GA,exam archive,UPSC previous question papers,English,Past year question paper
https://www.upsc.gov.in/sites/default/files/QP-CDSE-II-24-ELEMENTARY-MATHEMATICS-020924.pdf,(28.54 MB),India,GA,exam archive,UPSC previous question papers,English,Past year question paper
https://www.upsc.gov.in/sites/default/files/QP-CDSE-II-2023-GK-04092023.pdf,(29.22 MB),India,GA,exam archive,UPSC previous question papers,English,Past year question paper
https://www.upsc.gov.in/sites/default/files/QP_NDANAI2024_MATHEMATICS_22042024.pdf,(29.25 MB),India,GA,exam archive,UPSC previous question papers,English,Past year question paper
https://www.upsc.gov.in/sites/default/files/BENGALI-COMPULSORY-QP-CSM-25-010925.pdf,(3.15 MB),India,GA,exam archive,UPSC previous question papers,English,Past year question paper
https://www.upsc.gov.in/sites/default/files/QP_CSM_2024_Pun_P_II_Lite_03102024.pdf,(3.18 MB),India,GA,exam archive,UPSC previous question papers,English,Past year question paper
https://www.upsc.gov.in/sites/default/files/QP-CSM-23-KANNADA-COMPULSORY-290923.pdf,(3.19 MB),India,GA,exam archive,UPSC previous question papers,English,Past year question paper
https://www.upsc.gov.in/sites/default/files/QP-CSM-23-MALAYALAM-COMPULSORY-290923.pdf,(3.2 MB),India,GA,exam archive,UPSC previous question papers,English,Past year question paper
https://www.upsc.gov.in/sites/default/files/ASSAMESE-COMPULSORY-QP-CSM-25-010925.pdf,(3.22 MB),India,GA,exam archive,UPSC previous question papers,English,Past year question paper
https://www.upsc.gov.in/sites/default/files/PUNJABI-COMPULSORY-QP-CSM-25-010925.pdf,(3.23 MB),India,GA,exam archive,UPSC previous question papers,English,Past year question paper
https://www.upsc.gov.in/sites/default/files/QP_CSM_2024_Guj_Comp_03102024.pdf,(3.23 MB),India,GA,exam archive,UPSC previous question papers,English,Past year question paper
https://www.upsc.gov.in/sites/default/files/QP_CSM_2024_Snk_Comp_03102024.pdf,(3.26 MB),India,GA,exam archive,UPSC previous question papers,English,Past year question paper
https://www.upsc.gov.in/sites/default/files/QP-CSM-23-MAITHILI-COMPULSORY-290923.pdf,(3.26 MB),India,GA,exam archive,UPSC previous question papers,English,Past year question paper
https://www.upsc.gov.in/sites/default/files/QP-CSM-23-BENGALI-COMPULSORY%29-290923.pdf,(3.27 MB),India,GA,exam archive,UPSC previous question papers,English,Past year question paper
https://www.upsc.gov.in/sites/default/files/QP-CISF-AC-EXE-LDCE-24-ESSAY-PRECIS-WRITING-COMPREHENSION-110324.pdf,(3.29 MB),India,GA,exam archive,UPSC previous question papers,English,Past year question paper
https://www.upsc.gov.in/sites/default/files/TELUGU-COMPULSORY-QP-CSM-25-010925.pdf,(3.36 MB),India,GA,exam archive,UPSC previous question papers,English,Past year question paper
https://www.upsc.gov.in/sites/default/files/QP_CSM_2024_Pun_Comp_03102024.pdf,(3.36 MB),India,GA,exam archive,UPSC previous question papers,English,Past year question paper
https://www.upsc.gov.in/sites/default/files/QP_CSM_2024_Assa_Comp_03102024.pdf,(3.37 MB),India,GA,exam archive,UPSC previous question papers,English,Past year question paper
https://www.upsc.gov.in/sites/default/files/QP_CSM_2024_Beng_Comp_03102024.pdf,(3.37 MB),India,GA,exam archive,UPSC previous question papers,English,Past year question paper
https://www.upsc.gov.in/sites/default/files/QP_CSM_2024_Bodo_Comp_03102024.pdf,(3.41 MB),India,GA,exam archive,UPSC previous question papers,English,Past year question paper
https://www.upsc.gov.in/sites/default/files/QP_CSM_2024_Sind_Comp_03102024.pdf,(3.44 MB),India,GA,exam archive,UPSC previous question papers,English,Past year question paper
https://www.upsc.gov.in/sites/default/files/QP_CBI_DSP_LDCE_2023_CrimLaw_18032024.pdf,(3.44 MB),India,GA,exam archive,UPSC previous question papers,English,Past year question paper
https://www.upsc.gov.in/sites/default/files/QP-CSM-23-NEPALI-COMPULSORY-290923.pdf,(3.49 MB),India,GA,exam archive,UPSC previous question papers,English,Past year question paper
https://www.upsc.gov.in/sites/default/files/QP_CSM_2024_Telu_Comp_03102024.pdf,(3.52 MB),India,GA,exam archive,UPSC previous question papers,English,Past year question paper
https://www.upsc.gov.in/sites/default/files/ODIA-COMPULSORY-QP-CSM-25-010925.pdf,(3.54 MB),India,GA,exam archive,UPSC previous question papers,English,Past year question paper
https://www.upsc.gov.in/sites/default/files/QP_CSM_2024_Odia_Comp_03102024.pdf,(3.57 MB),India,GA,exam archive,UPSC previous question papers,English,Past year question paper
https://www.upsc.gov.in/sites/default/files/QP_CAPF_2023_GS-Essay-Compre_07082023.pdf,(3.63 MB),India,GA,exam archive,UPSC previous question papers,English,Past year question paper
https://www.upsc.gov.in/sites/default/files/QP_CSM_2024_Hn_Comp_03102024.pdf,(3.65 MB),India,GA,exam archive,UPSC previous question papers,English,Past year question paper
https://www.upsc.gov.in/sites/default/files/QP-CSM-23-GUJARATI-COMPULSORY-290923.pdf,(3.66 MB),India,GA,exam archive,UPSC previous question papers,English,Past year question paper
https://www.upsc.gov.in/sites/default/files/QP-CSM-23-MANIPURI-COMPULSORY-290923.pdf,(3.69 MB),India,GA,exam archive,UPSC previous question papers,English,Past year question paper
https://www.upsc.gov.in/sites/default/files/QP_CISF2026_EssayPrecisWritCompre_09032026.pdf,(3.83 MB),India,GA,exam archive,UPSC previous question papers,English,Past year question paper
https://www.upsc.gov.in/sites/default/files/KANNADA-COMPULSORY-QP-CSM-25-010925.pdf,(3.89 MB),India,GA,exam archive,UPSC previous question papers,English,Past year question paper
https://www.upsc.gov.in/sites/default/files/QP-CSM-23-ODIA-COMPULSORY-290923.pdf,(3.91 MB),India,GA,exam archive,UPSC previous question papers,English,Past year question paper
https://www.upsc.gov.in/sites/default/files/KASHMIRI-COMPULSORY-QP-CSM-25-010925.pdf,(3.92 MB),India,GA,exam archive,UPSC previous question papers,English,Past year question paper
https://www.upsc.gov.in/sites/default/files/QP_CSM_2024_Mara_Comp_03102024.pdf,(3.92 MB),India,GA,exam archive,UPSC previous question papers,English,Past year question paper
https://www.upsc.gov.in/sites/default/files/QP_CSM_2024_Kann_Comp_03102024.pdf,(3.98 MB),India,GA,exam archive,UPSC previous question papers,English,Past year question paper
https://www.upsc.gov.in/sites/default/files/QP-CDS-I-26-ELEMENTARY-MATHEMATICS-130426.pdf,(30.05 MB),India,GA,exam archive,UPSC previous question papers,English,Past year question paper
https://www.upsc.gov.in/sites/default/files/QP-NDA-NA-I-26-MATHEMATICS-130426.pdf,(30.43 MB),India,GA,exam archive,UPSC previous question papers,English,Past year question paper
https://www.upsc.gov.in/sites/default/files/QP-CDS-I-26-GENERAL-KNOWLEDGE-130426.pdf,(30.87 MB),India,GA,exam archive,UPSC previous question papers,English,Past year question paper
https://www.upsc.gov.in/sites/default/files/QP-CISF-25-GENERAL-ABLITY-INTELLIGENCE-PROFESSIONAL-SKILL-280425.pdf,(31.45 MB),India,GA,exam archive,UPSC previous question papers,English,Past year question paper
https://www.upsc.gov.in/sites/default/files/QP-NDANA-II-2023-GAT-04092023.pdf,(31.62 MB),India,GA,exam archive,UPSC previous question papers,English,Past year question paper
https://www.upsc.gov.in/sites/default/files/QP-CAPF-25-GENERAL-ABILITY-INTELLIGENCE-040825.pdf,(31.76 MB),India,GA,exam archive,UPSC previous question papers,English,Past year question paper
https://www.upsc.gov.in/sites/default/files/QP-SO-25-Steno19-21-ProcedurePracticeCategoriesI-IV-VIII-IX-AND-XI.pdf,(33.35 MB),India,GA,exam archive,UPSC previous question papers,English,Past year question paper
https://www.upsc.gov.in/sites/default/files/QP-SO-25-Steno19-21-ProcedurePracticeCategories-II-and-V-151225.pdf,(34.14 MB),India,GA,exam archive,UPSC previous question papers,English,Past year question paper
https://www.upsc.gov.in/sites/default/files/QP-SO-25-Steno19-21-ProcedurePractice-Category-VI-and-X-151225.pdf,(34.24 MB),India,GA,exam archive,UPSC previous question papers,English,Past year question paper
https://www.upsc.gov.in/sites/default/files/QP-CSM-23-PUNJABI-COMPULSORY-290923.pdf,(4.08 MB),India,GA,exam archive,UPSC previous question papers,English,Past year question paper
https://www.upsc.gov.in/sites/default/files/QP-CSM-23-HINDI-COMPULSORY-290923.pdf,(4.22 MB),India,GA,exam archive,UPSC previous question papers,English,Past year question paper
https://www.upsc.gov.in/sites/default/files/QP-CISF-25-ESSAY-PRECIS-WRITING-COMPREHENSION-280425.pdf,(4.32 MB),India,GA,exam archive,UPSC previous question papers,English,Past year question paper
https://www.upsc.gov.in/sites/default/files/QP-CSM-23-ASSAMESE-COMPULSORY-290923.pdf,(4.46 MB),India,GA,exam archive,UPSC previous question papers,English,Past year question paper
https://www.upsc.gov.in/sites/default/files/QP-CSM-23-MARATHI-COMPULSORY-290923.pdf,(4.48 MB),India,GA,exam archive,UPSC previous question papers,English,Past year question paper
https://www.upsc.gov.in/sites/default/files/QP_CBI_DSP_LDCE_2023_Eng_18032024.pdf,(4.66 MB),India,GA,exam archive,UPSC previous question papers,English,Past year question paper
https://www.upsc.gov.in/sites/default/files/MARATHI-COMPULSORY-QP-CSM-25-010925.pdf,(4.75 MB),India,GA,exam archive,UPSC previous question papers,English,Past year question paper
https://www.upsc.gov.in/sites/default/files/HINDI-COMPULSORY-QP-CSM-25-010925.pdf,(4.81 MB),India,GA,exam archive,UPSC previous question papers,English,Past year question paper
https://www.upsc.gov.in/sites/default/files/QP_CAPF_2024_GS-ESSAY-AND-COMP_05082024.pdf,(4.87 MB),India,GA,exam archive,UPSC previous question papers,English,Past year question paper
https://www.upsc.gov.in/sites/default/files/QP-IFSM-24-GENERAL-ENGLISH-021224.pdf,(4.93 MB),India,GA,exam archive,UPSC previous question papers,English,Past year question paper
https://www.upsc.gov.in/sites/default/files/QP-CSM-23-TELUGU-COMPULSORY-290923.pdf,(4.94 MB),India,GA,exam archive,UPSC previous question papers,English,Past year question paper
https://www.upsc.gov.in/sites/default/files/MALAYALAM-COMPULSORY-QP-CSM-25-010925.pdf,(4.98 MB),India,GA,exam archive,UPSC previous question papers,English,Past year question paper
https://www.upsc.gov.in/sites/default/files/QP-CISF-AC-EXE-LDCE-23-ESSAY-PRECIS-WRITING-COMPREHENSION-031023.pdf,(5.22 MB),India,GA,exam archive,UPSC previous question papers,English,Past year question paper
https://www.upsc.gov.in/sites/default/files/QP_CSM_2024_Mala_Comp_03102024.pdf,(5.44 MB),India,GA,exam archive,UPSC previous question papers,English,Past year question paper
https://www.upsc.gov.in/sites/default/files/QP_CSM_2024_Tamil_Comp_03102024.pdf,(5.58 MB),India,GA,exam archive,UPSC previous question papers,English,Past year question paper
https://www.upsc.gov.in/sites/default/files/ENGLISH-COMPULSORY-QP-CSM-25-010925.pdf,(5.67 MB),India,GA,exam archive,UPSC previous question papers,English,Past year question paper
https://www.upsc.gov.in/sites/default/files/QP_CSM_2024_Eng_Comp_03102024.pdf,(5.75 MB),India,GA,exam archive,UPSC previous question papers,English,Past year question paper
https://www.upsc.gov.in/sites/default/files/QP-CSM-23-ENGLISH-COMPULSORY-290923.pdf,(5.92 MB),India,GA,exam archive,UPSC previous question papers,English,Past year question paper
https://www.upsc.gov.in/sites/default/files/TAMIL-COMPULSORY-QP-CSM-25-010925.pdf,(5.94 MB),India,GA,exam archive,UPSC previous question papers,English,Past year question paper
https://www.upsc.gov.in/sites/default/files/QP_CAPF_2024_GEN-ABILITY-AND-INTELLI_05082024.pdf,(65.81 MB),India,GA,exam archive,UPSC previous question papers,English,Past year question paper
https://www.upsc.gov.in/sites/default/files/QP-CSM-23-TAMIL-COMPULSORY-290923.pdf,(7.12 MB),India,GA,exam archive,UPSC previous question papers,English,Past year question paper
https://www.upsc.gov.in/sites/default/files/QP_CSM_2024_GenStud_IV_03102024.pdf,(9.74 MB),India,GA,exam archive,UPSC previous question papers,English,Past year question paper
https://www.upsc.gov.in/sites/default/files/ESSAY-QP-CSM-25-010925.pdf,(977.44 KB),India,GA,exam archive,UPSC previous question papers,English,Past year question paper
https://www.upsc.gov.in/sites/default/files/QP_CSM_2024_ESSAY_03102024.pdf,(988.24 KB),India,GA,exam archive,UPSC previous question papers,English,Past year question paper
https://gate2026.iitg.ac.in/doc/download/2025_Key/AE_Keys.pdf,AE,India,GA/EM/DM,exam archive,GATE downloads archive,English,Past year question paper
https://gate2026.iitg.ac.in/doc/download/2025_Key/AG_Keys.pdf,AG,India,GA/EM/DM,exam archive,GATE downloads archive,English,Past year question paper
https://gate2026.iitg.ac.in/doc/download/2025_Key/AR_Keys.pdf,AR,India,GA/EM/DM,exam archive,GATE downloads archive,English,Past year question paper
https://gate2026.iitg.ac.in/doc/download/2025/AE2025.pdf,Aerospace Engineering,India,GA/EM/DM,exam archive,GATE downloads archive,English,Past year question paper
https://gate2026.iitg.ac.in/doc/download/2024/AE24S5.pdf,Aerospace Engineering,India,GA/EM/DM,exam archive,GATE downloads archive,English,Past year question paper
https://gate2026.iitg.ac.in/doc/download/2023/ae_2023.pdf,Aerospace Engineering,India,GA/EM/DM,exam archive,GATE downloads archive,English,Past year question paper
https://gate2026.iitg.ac.in/doc/download/2022/ae_2022.pdf,Aerospace Engineering,India,GA/EM/DM,exam archive,GATE downloads archive,English,Past year question paper
https://gate2026.iitg.ac.in/doc/download/2021/ae_2021.pdf,Aerospace Engineering,India,GA/EM/DM,exam archive,GATE downloads archive,English,Past year question paper
https://gate2026.iitg.ac.in/doc/download/2020/ae_2020.pdf,Aerospace Engineering,India,GA/EM/DM,exam archive,GATE downloads archive,English,Past year question paper
https://gate2026.iitg.ac.in/doc/download/2019/ae_2019.pdf,Aerospace Engineering,India,GA/EM/DM,exam archive,GATE downloads archive,English,Past year question paper
https://gate2026.iitg.ac.in/doc/download/2025/AG2025.pdf,Agricultural Engineering,India,GA/EM/DM,exam archive,GATE downloads archive,English,Past year question paper
https://gate2026.iitg.ac.in/doc/download/2024/AG24S5.pdf,Agricultural Engineering,India,GA/EM/DM,exam archive,GATE downloads archive,English,Past year question paper
https://gate2026.iitg.ac.in/doc/download/2023/ag_2023.pdf,Agricultural Engineering,India,GA/EM/DM,exam archive,GATE downloads archive,English,Past year question paper
https://gate2026.iitg.ac.in/doc/download/2022/ag_2022.pdf,Agricultural Engineering,India,GA/EM/DM,exam archive,GATE downloads archive,English,Past year question paper
https://gate2026.iitg.ac.in/doc/download/2021/ag_2021.pdf,Agricultural Engineering,India,GA/EM/DM,exam archive,GATE downloads archive,English,Past year question paper
https://gate2026.iitg.ac.in/doc/download/2020/ag_2020.pdf,Agricultural Engineering,India,GA/EM/DM,exam archive,GATE downloads archive,English,Past year question paper
https://gate2026.iitg.ac.in/doc/download/2019/ag_2019.pdf,Agricultural Engineering,India,GA/EM/DM,exam archive,GATE downloads archive,English,Past year question paper
https://gate2026.iitg.ac.in/doc/download/2025/AR2025.pdf,Architecture and Planning,India,GA/EM/DM,exam archive,GATE downloads archive,English,Past year question paper
https://gate2026.iitg.ac.in/doc/download/2024/AR24S1.pdf,Architecture and Planning,India,GA/EM/DM,exam archive,GATE downloads archive,English,Past year question paper
https://gate2026.iitg.ac.in/doc/download/2023/ar_2023.pdf,Architecture and Planning,India,GA/EM/DM,exam archive,GATE downloads archive,English,Past year question paper
https://gate2026.iitg.ac.in/doc/download/2022/ar_2022.pdf,Architecture and Planning,India,GA/EM/DM,exam archive,GATE downloads archive,English,Past year question paper
https://gate2026.iitg.ac.in/doc/download/2021/ar_2021.pdf,Architecture and Planning,India,GA/EM/DM,exam archive,GATE downloads archive,English,Past year question paper
https://gate2026.iitg.ac.in/doc/download/2020/ar_2020.pdf,Architecture and Planning,India,GA/EM/DM,exam archive,GATE downloads archive,English,Past year question paper
https://gate2026.iitg.ac.in/doc/download/2019/ar_2019.pdf,Architecture and Planning,India,GA/EM/DM,exam archive,GATE downloads archive,English,Past year question paper
https://gate2026.iitg.ac.in/doc/download/2025_Key/BM_Keys.pdf,BM,India,GA/EM/DM,exam archive,GATE downloads archive,English,Past year question paper
https://gate2026.iitg.ac.in/doc/download/2025_Key/BT_Keys.pdf,BT,India,GA/EM/DM,exam archive,GATE downloads archive,English,Past year question paper
https://gate2026.iitg.ac.in/doc/download/2025/BM2025.pdf,Biomedical Engineering,India,GA/EM/DM,exam archive,GATE downloads archive,English,Past year question paper
https://gate2026.iitg.ac.in/doc/download/2024/BM24S3.pdf,Biomedical Engineering,India,GA/EM/DM,exam archive,GATE downloads archive,English,Past year question paper
https://gate2026.iitg.ac.in/doc/download/2023/bm_2023.pdf,Biomedical Engineering,India,GA/EM/DM,exam archive,GATE downloads archive,English,Past year question paper
https://gate2026.iitg.ac.in/doc/download/2022/bm_2022.pdf,Biomedical Engineering,India,GA/EM/DM,exam archive,GATE downloads archive,English,Past year question paper
https://gate2026.iitg.ac.in/doc/download/2021/bm_2021.pdf,Biomedical Engineering,India,GA/EM/DM,exam archive,GATE downloads archive,English,Past year question paper
https://gate2026.iitg.ac.in/doc/download/2020/bm_2020.pdf,Biomedical Engineering,India,GA/EM/DM,exam archive,GATE downloads archive,English,Past year question paper
https://gate2026.iitg.ac.in/doc/download/2025/BT2025.pdf,Biotechnology,India,GA/EM/DM,exam archive,GATE downloads archive,English,Past year question paper
https://gate2026.iitg.ac.in/doc/download/2024/BT24S5.pdf,Biotechnology,India,GA/EM/DM,exam archive,GATE downloads archive,English,Past year question paper
https://gate2026.iitg.ac.in/doc/download/2023/bt_2023.pdf,Biotechnology,India,GA/EM/DM,exam archive,GATE downloads archive,English,Past year question paper
https://gate2026.iitg.ac.in/doc/download/2022/bt_2022.pdf,Biotechnology,India,GA/EM/DM,exam archive,GATE downloads archive,English,Past year question paper
https://gate2026.iitg.ac.in/doc/download/2021/bt_2021.pdf,Biotechnology,India,GA/EM/DM,exam archive,GATE downloads archive,English,Past year question paper
https://gate2026.iitg.ac.in/doc/download/2020/bt_2020.pdf,Biotechnology,India,GA/EM/DM,exam archive,GATE downloads archive,English,Past year question paper
https://gate2026.iitg.ac.in/doc/download/2019/bt_2019.pdf,Biotechnology,India,GA/EM/DM,exam archive,GATE downloads archive,English,Past year question paper
https://gate2026.iitg.ac.in/doc/download/2025_Key/CE1_Keys.pdf,CE-1,India,GA/EM/DM,exam archive,GATE downloads archive,English,Past year question paper
https://gate2026.iitg.ac.in/doc/download/2025_Key/CE2_Keys.pdf,CE-2,India,GA/EM/DM,exam archive,GATE downloads archive,English,Past year question paper
https://gate2026.iitg.ac.in/doc/download/2025_Key/CH_Keys.pdf,CH,India,GA/EM/DM,exam archive,GATE downloads archive,English,Past year question paper
https://gate2026.iitg.ac.in/doc/download/2025_Key/CS1_Keys.pdf,CS-1,India,GA/EM/DM,exam archive,GATE downloads archive,English,Past year question paper
https://gate2026.iitg.ac.in/doc/download/2025_Key/CS2_Keys.pdf,CS-2,India,GA/EM/DM,exam archive,GATE downloads archive,English,Past year question paper
https://gate2026.iitg.ac.in/doc/download/2025_Key/CY_Keys.pdf,CY,India,GA/EM/DM,exam archive,GATE downloads archive,English,Past year question paper
https://gate2026.iitg.ac.in/doc/download/2025/CH2025.pdf,Chemical Engineering,India,GA/EM/DM,exam archive,GATE downloads archive,English,Past year question paper
https://gate2026.iitg.ac.in/doc/download/2024/CH24S3.pdf,Chemical Engineering,India,GA/EM/DM,exam archive,GATE downloads archive,English,Past year question paper
https://gate2026.iitg.ac.in/doc/download/2023/ch_2023.pdf,Chemical Engineering,India,GA/EM/DM,exam archive,GATE downloads archive,English,Past year question paper
https://gate2026.iitg.ac.in/doc/download/2022/ch_2022.pdf,Chemical Engineering,India,GA/EM/DM,exam archive,GATE downloads archive,English,Past year question paper
https://gate2026.iitg.ac.in/doc/download/2021/ch_2021.pdf,Chemical Engineering,India,GA/EM/DM,exam archive,GATE downloads archive,English,Past year question paper
https://gate2026.iitg.ac.in/doc/download/2020/ch_2020.pdf,Chemical Engineering,India,GA/EM/DM,exam archive,GATE downloads archive,English,Past year question paper
https://gate2026.iitg.ac.in/doc/download/2019/ch_2019.pdf,Chemical Engineering,India,GA/EM/DM,exam archive,GATE downloads archive,English,Past year question paper
https://gate2026.iitg.ac.in/doc/download/2025/CY2025.pdf,Chemistry,India,GA/EM/DM,exam archive,GATE downloads archive,English,Past year question paper
https://gate2026.iitg.ac.in/doc/download/2024/CY24S1.pdf,Chemistry,India,GA/EM/DM,exam archive,GATE downloads archive,English,Past year question paper
https://gate2026.iitg.ac.in/doc/download/2023/cy_2023.pdf,Chemistry,India,GA/EM/DM,exam archive,GATE downloads archive,English,Past year question paper
https://gate2026.iitg.ac.in/doc/download/2022/cy_2022.pdf,Chemistry,India,GA/EM/DM,exam archive,GATE downloads archive,English,Past year question paper
https://gate2026.iitg.ac.in/doc/download/2021/cy_2021.pdf,Chemistry,India,GA/EM/DM,exam archive,GATE downloads archive,English,Past year question paper
https://gate2026.iitg.ac.in/doc/download/2020/cy_2020.pdf,Chemistry,India,GA/EM/DM,exam archive,GATE downloads archive,English,Past year question paper
https://gate2026.iitg.ac.in/doc/download/2019/cy_2019.pdf,Chemistry,India,GA/EM/DM,exam archive,GATE downloads archive,English,Past year question paper
https://gate2026.iitg.ac.in/doc/download/2025/CE12025.pdf,Civil Engineering,India,GA/EM/DM,exam archive,GATE downloads archive,English,Past year question paper
https://gate2026.iitg.ac.in/doc/download/2025/CE22025.pdf,Civil Engineering,India,GA/EM/DM,exam archive,GATE downloads archive,English,Past year question paper
https://gate2026.iitg.ac.in/doc/download/2024/CE124S3.pdf,Civil Engineering,India,GA/EM/DM,exam archive,GATE downloads archive,English,Past year question paper
https://gate2026.iitg.ac.in/doc/download/2024/CE224S4.pdf,Civil Engineering,India,GA/EM/DM,exam archive,GATE downloads archive,English,Past year question paper
https://gate2026.iitg.ac.in/doc/download/2023/ce1_2023.pdf,Civil Engineering,India,GA/EM/DM,exam archive,GATE downloads archive,English,Past year question paper
https://gate2026.iitg.ac.in/doc/download/2023/ce2_2023.pdf,Civil Engineering,India,GA/EM/DM,exam archive,GATE downloads archive,English,Past year question paper
https://gate2026.iitg.ac.in/doc/download/2022/ce_2022.pdf,Civil Engineering,India,GA/EM/DM,exam archive,GATE downloads archive,English,Past year question paper
https://gate2026.iitg.ac.in/doc/download/2021/ce_2021.pdf,Civil Engineering,India,GA/EM/DM,exam archive,GATE downloads archive,English,Past year question paper
https://gate2026.iitg.ac.in/doc/download/2020/ce_2020.pdf,Civil Engineering,India,GA/EM/DM,exam archive,GATE downloads archive,English,Past year question paper
https://gate2026.iitg.ac.in/doc/download/2019/ce_2019.pdf,Civil Engineering,India,GA/EM/DM,exam archive,GATE downloads archive,English,Past year question paper
https://gate2026.iitg.ac.in/doc/download/2023/cs_2023.pdf,Computer Science & Information Technology,India,GA/EM/DM,exam archive,GATE downloads archive,English,Past year question paper
https://gate2026.iitg.ac.in/doc/download/2022/cs_2022.pdf,Computer Science & Information Technology,India,GA/EM/DM,exam archive,GATE downloads archive,English,Past year question paper
https://gate2026.iitg.ac.in/doc/download/2021/cs_2021.pdf,Computer Science & Information Technology,India,GA/EM/DM,exam archive,GATE downloads archive,English,Past year question paper
https://gate2026.iitg.ac.in/doc/download/2020/cs_2020.pdf,Computer Science & Information Technology,India,GA/EM/DM,exam archive,GATE downloads archive,English,Past year question paper
https://gate2026.iitg.ac.in/doc/download/2019/cs_2019.pdf,Computer Science & Information Technology,India,GA/EM/DM,exam archive,GATE downloads archive,English,Past year question paper
https://gate2026.iitg.ac.in/doc/download/2025/CS12025.pdf,Computer Science and Information Technology,India,GA/EM/DM,exam archive,GATE downloads archive,English,Past year question paper
https://gate2026.iitg.ac.in/doc/download/2025/CS22025.pdf,Computer Science and Information Technology,India,GA/EM/DM,exam archive,GATE downloads archive,English,Past year question paper
https://gate2026.iitg.ac.in/doc/download/2024/CS124S5.pdf,Computer Science and Information Technology,India,GA/EM/DM,exam archive,GATE downloads archive,English,Past year question paper
https://gate2026.iitg.ac.in/doc/download/2024/CS224S6.pdf,Computer Science and Information Technology,India,GA/EM/DM,exam archive,GATE downloads archive,English,Past year question paper
https://gate2026.iitg.ac.in/doc/download/2025_Key/DA_Keys.pdf,DA,India,GA/EM/DM,exam archive,GATE downloads archive,English,Past year question paper
https://gate2026.iitg.ac.in/doc/download/2025/DA2025.pdf,Data Science and Artificial Intelligence,India,GA/EM/DM,exam archive,GATE downloads archive,English,Past year question paper
https://gate2026.iitg.ac.in/doc/download/2024/DA24S1.pdf,Data Science and Artificial Intelligence,India,GA/EM/DM,exam archive,GATE downloads archive,English,Past year question paper
https://gate2026.iitg.ac.in/doc/download/2025_Key/EC_Keys.pdf,EC,India,GA/EM/DM,exam archive,GATE downloads archive,English,Past year question paper
https://gate2026.iitg.ac.in/doc/download/2025_Key/EE_Keys.pdf,EE,India,GA/EM/DM,exam archive,GATE downloads archive,English,Past year question paper
https://gate2026.iitg.ac.in/doc/download/2025_Key/ES_Keys.pdf,ES,India,GA/EM/DM,exam archive,GATE downloads archive,English,Past year question paper
https://gate2026.iitg.ac.in/doc/download/2025_Key/EY_Keys.pdf,EY,India,GA/EM/DM,exam archive,GATE downloads archive,English,Past year question paper
https://gate2026.iitg.ac.in/doc/download/2025/EY2025.pdf,Ecology and Evolution,India,GA/EM/DM,exam archive,GATE downloads archive,English,Past year question paper
https://gate2026.iitg.ac.in/doc/download/2024/EY24S3.pdf,Ecology and Evolution,India,GA/EM/DM,exam archive,GATE downloads archive,English,Past year question paper
https://gate2026.iitg.ac.in/doc/download/2023/ey_2023.pdf,Ecology and Evolution,India,GA/EM/DM,exam archive,GATE downloads archive,English,Past year question paper
https://gate2026.iitg.ac.in/doc/download/2022/ey_2022.pdf,Ecology and Evolution,India,GA/EM/DM,exam archive,GATE downloads archive,English,Past year question paper
https://gate2026.iitg.ac.in/doc/download/2021/ey_2021.pdf,Ecology and Evolution,India,GA/EM/DM,exam archive,GATE downloads archive,English,Past year question paper
https://gate2026.iitg.ac.in/doc/download/2020/ey_2020.pdf,Ecology and Evolution,India,GA/EM/DM,exam archive,GATE downloads archive,English,Past year question paper
https://gate2026.iitg.ac.in/doc/download/2019/ey_2019.pdf,Ecology and Evolution,India,GA/EM/DM,exam archive,GATE downloads archive,English,Past year question paper
https://gate2026.iitg.ac.in/doc/download/2025/EE2025.pdf,Electrical Engineering,India,GA/EM/DM,exam archive,GATE downloads archive,English,Past year question paper
https://gate2026.iitg.ac.in/doc/download/2024/EE24S8.pdf,Electrical Engineering,India,GA/EM/DM,exam archive,GATE downloads archive,English,Past year question paper
https://gate2026.iitg.ac.in/doc/download/2023/ee_2023.pdf,Electrical Engineering,India,GA/EM/DM,exam archive,GATE downloads archive,English,Past year question paper
https://gate2026.iitg.ac.in/doc/download/2022/ee_2022.pdf,Electrical Engineering,India,GA/EM/DM,exam archive,GATE downloads archive,English,Past year question paper
https://gate2026.iitg.ac.in/doc/download/2021/ee_2021.pdf,Electrical Engineering,India,GA/EM/DM,exam archive,GATE downloads archive,English,Past year question paper
https://gate2026.iitg.ac.in/doc/download/2020/ee_2020.pdf,Electrical Engineering,India,GA/EM/DM,exam archive,GATE downloads archive,English,Past year question paper
https://gate2026.iitg.ac.in/doc/download/2019/ee_2019.pdf,Electrical Engineering,India,GA/EM/DM,exam archive,GATE downloads archive,English,Past year question paper
https://gate2026.iitg.ac.in/doc/download/2023/ec_2023.pdf,Electronics & Communication Engineering,India,GA/EM/DM,exam archive,GATE downloads archive,English,Past year question paper
https://gate2026.iitg.ac.in/doc/download/2022/ec_2022.pdf,Electronics & Communication Engineering,India,GA/EM/DM,exam archive,GATE downloads archive,English,Past year question paper
https://gate2026.iitg.ac.in/doc/download/2021/ec_2021.pdf,Electronics & Communication Engineering,India,GA/EM/DM,exam archive,GATE downloads archive,English,Past year question paper
https://gate2026.iitg.ac.in/doc/download/2020/ec_2020.pdf,Electronics & Communication Engineering,India,GA/EM/DM,exam archive,GATE downloads archive,English,Past year question paper
https://gate2026.iitg.ac.in/doc/download/2019/ec_2019.pdf,Electronics & Communication Engineering,India,GA/EM/DM,exam archive,GATE downloads archive,English,Past year question paper
https://gate2026.iitg.ac.in/doc/download/2025/EC2025.pdf,Electronics and Communication Engineering,India,GA/EM/DM,exam archive,GATE downloads archive,English,Past year question paper
https://gate2026.iitg.ac.in/doc/download/2024/EC24S7.pdf,Electronics and Communication Engineering,India,GA/EM/DM,exam archive,GATE downloads archive,English,Past year question paper
https://gate2026.iitg.ac.in/doc/download/2025/XE2025.pdf,Engineering Sciences,India,GA/EM/DM,exam archive,GATE downloads archive,English,Past year question paper
https://gate2026.iitg.ac.in/doc/download/2024/XE24S6.pdf,Engineering Sciences,India,GA/EM/DM,exam archive,GATE downloads archive,English,Past year question paper
https://gate2026.iitg.ac.in/doc/download/2023/xe_2023.pdf,Engineering Sciences,India,GA/EM/DM,exam archive,GATE downloads archive,English,Past year question paper
https://gate2026.iitg.ac.in/doc/download/2022/xe_2022.pdf,Engineering Sciences,India,GA/EM/DM,exam archive,GATE downloads archive,English,Past year question paper
https://gate2026.iitg.ac.in/doc/download/2021/xe_2021.pdf,Engineering Sciences,India,GA/EM/DM,exam archive,GATE downloads archive,English,Past year question paper
https://gate2026.iitg.ac.in/doc/download/2020/xe_2020.pdf,Engineering Sciences,India,GA/EM/DM,exam archive,GATE downloads archive,English,Past year question paper
https://gate2026.iitg.ac.in/doc/download/2019/xe_2019.pdf,Engineering Sciences,India,GA/EM/DM,exam archive,GATE downloads archive,English,Past year question paper
https://gate2026.iitg.ac.in/doc/download/2025/ES2025.pdf,Environmental Science & Engineering,India,GA/EM/DM,exam archive,GATE downloads archive,English,Past year question paper
https://gate2026.iitg.ac.in/doc/download/2024/ES24S1.pdf,Environmental Science & Engineering,India,GA/EM/DM,exam archive,GATE downloads archive,English,Past year question paper
https://gate2026.iitg.ac.in/doc/download/2023/es_2023.pdf,Environmental Science & Engineering,India,GA/EM/DM,exam archive,GATE downloads archive,English,Past year question paper
https://gate2026.iitg.ac.in/doc/download/2022/es_2022.pdf,Environmental Science & Engineering,India,GA/EM/DM,exam archive,GATE downloads archive,English,Past year question paper
https://gate2026.iitg.ac.in/doc/download/2021/es_2021.pdf,Environmental Science & Engineering,India,GA/EM/DM,exam archive,GATE downloads archive,English,Past year question paper
https://gate2026.iitg.ac.in/doc/IB/GATE2026-IB-10102025.pdf,GATE 2026 INFORMATION BROCHURE,India,GA/EM/DM,exam archive,GATE downloads archive,English,Past year question paper
https://gate2026.iitg.ac.in/doc/Poster/Final Poster Design for GATE 2026.pdf,GATE 2026 POSTER,India,GA/EM/DM,exam archive,GATE downloads archive,English,Past year question paper
https://gate2026.iitg.ac.in/doc/download/2025_Key/GE_Keys.pdf,GE,India,GA/EM/DM,exam archive,GATE downloads archive,English,Past year question paper
https://gate2026.iitg.ac.in/doc/download/2025_Key/GG1_Keys.pdf,GG-1,India,GA/EM/DM,exam archive,GATE downloads archive,English,Past year question paper
https://gate2026.iitg.ac.in/doc/download/2025_Key/GG2_Keys.pdf,GG-2,India,GA/EM/DM,exam archive,GATE downloads archive,English,Past year question paper
https://gate2026.iitg.ac.in/doc/download/2022/gg_2022.pdf,Geology & Geophysics,India,GA/EM/DM,exam archive,GATE downloads archive,English,Past year question paper
https://gate2026.iitg.ac.in/doc/download/2021/gg_2021.pdf,Geology & Geophysics,India,GA/EM/DM,exam archive,GATE downloads archive,English,Past year question paper
https://gate2026.iitg.ac.in/doc/download/2020/gg_2020.pdf,Geology & Geophysics,India,GA/EM/DM,exam archive,GATE downloads archive,English,Past year question paper
https://gate2026.iitg.ac.in/doc/download/2019/gg_2019.pdf,Geology & Geophysics,India,GA/EM/DM,exam archive,GATE downloads archive,English,Past year question paper
https://gate2026.iitg.ac.in/doc/download/2025/GG-1_2025.pdf,Geology and Geophysics - Geology,India,GA/EM/DM,exam archive,GATE downloads archive,English,Past year question paper
https://gate2026.iitg.ac.in/doc/download/2024/GG124S3.pdf,Geology and Geophysics - Geology,India,GA/EM/DM,exam archive,GATE downloads archive,English,Past year question paper
https://gate2026.iitg.ac.in/doc/download/2023/gg1_2023.pdf,Geology and Geophysics - Geology,India,GA/EM/DM,exam archive,GATE downloads archive,English,Past year question paper
https://gate2026.iitg.ac.in/doc/download/2025/GG-2_2025.pdf,Geology and Geophysics - Geophysics,India,GA/EM/DM,exam archive,GATE downloads archive,English,Past year question paper
https://gate2026.iitg.ac.in/doc/download/2024/GG224S3.pdf,Geology and Geophysics - Geophysics,India,GA/EM/DM,exam archive,GATE downloads archive,English,Past year question paper
https://gate2026.iitg.ac.in/doc/download/2023/gg2_2023.pdf,Geology and Geophysics - Geophysics,India,GA/EM/DM,exam archive,GATE downloads archive,English,Past year question paper
https://gate2026.iitg.ac.in/doc/download/2025/GE2025.pdf,Geomatics Engineering,India,GA/EM/DM,exam archive,GATE downloads archive,English,Past year question paper
https://gate2026.iitg.ac.in/doc/download/2024/GE24S2.pdf,Geomatics Engineering,India,GA/EM/DM,exam archive,GATE downloads archive,English,Past year question paper
https://gate2026.iitg.ac.in/doc/download/2023/ge_2023.pdf,Geomatics Engineering,India,GA/EM/DM,exam archive,GATE downloads archive,English,Past year question paper
https://gate2026.iitg.ac.in/doc/download/2022/ge_2022.pdf,Geomatics Engineering,India,GA/EM/DM,exam archive,GATE downloads archive,English,Past year question paper
https://gate2026.iitg.ac.in/doc/download/2023/xh_2023.pdf,Humanities & Social Sciences,India,GA/EM/DM,exam archive,GATE downloads archive,English,Past year question paper
https://gate2026.iitg.ac.in/doc/download/2022/xh_2022.pdf,Humanities & Social Sciences,India,GA/EM/DM,exam archive,GATE downloads archive,English,Past year question paper
https://gate2026.iitg.ac.in/doc/download/2021/xh_2021.pdf,Humanities & Social Sciences,India,GA/EM/DM,exam archive,GATE downloads archive,English,Past year question paper
https://gate2026.iitg.ac.in/doc/download/2025/XH-C1-2025.pdf,Humanities & Social Sciences - Economics,India,GA/EM/DM,exam archive,GATE downloads archive,English,Past year question paper
https://gate2026.iitg.ac.in/doc/download/2024/XHC124S3.pdf,Humanities & Social Sciences - Economics,India,GA/EM/DM,exam archive,GATE downloads archive,English,Past year question paper
https://gate2026.iitg.ac.in/doc/download/2025/XH-C2-2025.pdf,Humanities & Social Sciences - English,India,GA/EM/DM,exam archive,GATE downloads archive,English,Past year question paper
https://gate2026.iitg.ac.in/doc/download/2024/XHC224S3.pdf,Humanities & Social Sciences - English,India,GA/EM/DM,exam archive,GATE downloads archive,English,Past year question paper
https://gate2026.iitg.ac.in/doc/download/2025/XH-C3-2025.pdf,Humanities & Social Sciences - Linguistics,India,GA/EM/DM,exam archive,GATE downloads archive,English,Past year question paper
https://gate2026.iitg.ac.in/doc/download/2024/XHC324S3.pdf,Humanities & Social Sciences - Linguistics,India,GA/EM/DM,exam archive,GATE downloads archive,English,Past year question paper
https://gate2026.iitg.ac.in/doc/download/2025/XH-C4-2025.pdf,Humanities & Social Sciences - Philosophy,India,GA/EM/DM,exam archive,GATE downloads archive,English,Past year question paper
https://gate2026.iitg.ac.in/doc/download/2024/XHC424S3.pdf,Humanities & Social Sciences - Philosophy,India,GA/EM/DM,exam archive,GATE downloads archive,English,Past year question paper
https://gate2026.iitg.ac.in/doc/download/2025/XH-C5-2025.pdf,Humanities & Social Sciences - Psychology,India,GA/EM/DM,exam archive,GATE downloads archive,English,Past year question paper
https://gate2026.iitg.ac.in/doc/download/2024/XHC524S3.pdf,Humanities & Social Sciences - Psychology,India,GA/EM/DM,exam archive,GATE downloads archive,English,Past year question paper
https://gate2026.iitg.ac.in/doc/download/2025/XH-C6-2025.pdf,Humanities & Social Sciences - Sociology,India,GA/EM/DM,exam archive,GATE downloads archive,English,Past year question paper
https://gate2026.iitg.ac.in/doc/download/2024/XHC624S3.pdf,Humanities & Social Sciences - Sociology,India,GA/EM/DM,exam archive,GATE downloads archive,English,Past year question paper
https://gate2026.iitg.ac.in/doc/download/2025_Key/IN_Keys.pdf,IN,India,GA/EM/DM,exam archive,GATE downloads archive,English,Past year question paper
https://gate2026.iitg.ac.in/doc/download/2025/IN2025.pdf,Instrumentation Engineering,India,GA/EM/DM,exam archive,GATE downloads archive,English,Past year question paper
https://gate2026.iitg.ac.in/doc/download/2024/IN24S4.pdf,Instrumentation Engineering,India,GA/EM/DM,exam archive,GATE downloads archive,English,Past year question paper
https://gate2026.iitg.ac.in/doc/download/2023/in_2023.pdf,Instrumentation Engineering,India,GA/EM/DM,exam archive,GATE downloads archive,English,Past year question paper
https://gate2026.iitg.ac.in/doc/download/2022/in_2022.pdf,Instrumentation Engineering,India,GA/EM/DM,exam archive,GATE downloads archive,English,Past year question paper
https://gate2026.iitg.ac.in/doc/download/2021/in_2021.pdf,Instrumentation Engineering,India,GA/EM/DM,exam archive,GATE downloads archive,English,Past year question paper
https://gate2026.iitg.ac.in/doc/download/2020/in_2020.pdf,Instrumentation Engineering,India,GA/EM/DM,exam archive,GATE downloads archive,English,Past year question paper
https://gate2026.iitg.ac.in/doc/download/2019/in_2019.pdf,Instrumentation Engineering,India,GA/EM/DM,exam archive,GATE downloads archive,English,Past year question paper
https://gate2026.iitg.ac.in/doc/download/2025/XL2025.pdf,Life Sciences,India,GA/EM/DM,exam archive,GATE downloads archive,English,Past year question paper
https://gate2026.iitg.ac.in/doc/download/2024/XL24S6.pdf,Life Sciences,India,GA/EM/DM,exam archive,GATE downloads archive,English,Past year question paper
https://gate2026.iitg.ac.in/doc/download/2023/xl_2023.pdf,Life Sciences,India,GA/EM/DM,exam archive,GATE downloads archive,English,Past year question paper
https://gate2026.iitg.ac.in/doc/download/2022/xl_2022.pdf,Life Sciences,India,GA/EM/DM,exam archive,GATE downloads archive,English,Past year question paper
https://gate2026.iitg.ac.in/doc/download/2021/xl_2021.pdf,Life Sciences,India,GA/EM/DM,exam archive,GATE downloads archive,English,Past year question paper
https://gate2026.iitg.ac.in/doc/download/2020/xl_2020.pdf,Life Sciences,India,GA/EM/DM,exam archive,GATE downloads archive,English,Past year question paper
https://gate2026.iitg.ac.in/doc/download/2019/xl_2019.pdf,Life Sciences,India,GA/EM/DM,exam archive,GATE downloads archive,English,Past year question paper
https://gate2026.iitg.ac.in/doc/download/2025_Key/MA_Keys.pdf,MA,India,GA/EM/DM,exam archive,GATE downloads archive,English,Past year question paper
https://gate2026.iitg.ac.in/doc/download/2025_Key/ME_Keys.pdf,ME,India,GA/EM/DM,exam archive,GATE downloads archive,English,Past year question paper
https://gate2026.iitg.ac.in/doc/download/2025_Key/MN_Keys.pdf,MN,India,GA/EM/DM,exam archive,GATE downloads archive,English,Past year question paper
https://gate2026.iitg.ac.in/doc/download/2025_Key/MT_Keys.pdf,MT,India,GA/EM/DM,exam archive,GATE downloads archive,English,Past year question paper
https://gate2026.iitg.ac.in/doc/download/2025/MA2025.pdf,Mathematics,India,GA/EM/DM,exam archive,GATE downloads archive,English,Past year question paper
https://gate2026.iitg.ac.in/doc/download/2024/MA24S4.pdf,Mathematics,India,GA/EM/DM,exam archive,GATE downloads archive,English,Past year question paper
https://gate2026.iitg.ac.in/doc/download/2023/ma_2023.pdf,Mathematics,India,GA/EM/DM,exam archive,GATE downloads archive,English,Past year question paper
https://gate2026.iitg.ac.in/doc/download/2022/ma_2022.pdf,Mathematics,India,GA/EM/DM,exam archive,GATE downloads archive,English,Past year question paper
https://gate2026.iitg.ac.in/doc/download/2021/ma_2021.pdf,Mathematics,India,GA/EM/DM,exam archive,GATE downloads archive,English,Past year question paper
https://gate2026.iitg.ac.in/doc/download/2020/ma_2020.pdf,Mathematics,India,GA/EM/DM,exam archive,GATE downloads archive,English,Past year question paper
https://gate2026.iitg.ac.in/doc/download/2019/ma_2019.pdf,Mathematics,India,GA/EM/DM,exam archive,GATE downloads archive,English,Past year question paper
https://gate2026.iitg.ac.in/doc/download/2025/ME2025.pdf,Mechanical Engineering,India,GA/EM/DM,exam archive,GATE downloads archive,English,Past year question paper
https://gate2026.iitg.ac.in/doc/download/2024/ME24S2.pdf,Mechanical Engineering,India,GA/EM/DM,exam archive,GATE downloads archive,English,Past year question paper
https://gate2026.iitg.ac.in/doc/download/2023/me_2023.pdf,Mechanical Engineering,India,GA/EM/DM,exam archive,GATE downloads archive,English,Past year question paper
https://gate2026.iitg.ac.in/doc/download/2022/me_2022.pdf,Mechanical Engineering,India,GA/EM/DM,exam archive,GATE downloads archive,English,Past year question paper
https://gate2026.iitg.ac.in/doc/download/2021/me_2021.pdf,Mechanical Engineering,India,GA/EM/DM,exam archive,GATE downloads archive,English,Past year question paper
https://gate2026.iitg.ac.in/doc/download/2020/me_2020.pdf,Mechanical Engineering,India,GA/EM/DM,exam archive,GATE downloads archive,English,Past year question paper
https://gate2026.iitg.ac.in/doc/download/2019/me_2019.pdf,Mechanical Engineering,India,GA/EM/DM,exam archive,GATE downloads archive,English,Past year question paper
https://gate2026.iitg.ac.in/doc/download/2025/MT2025.pdf,Metallurgical Engineering,India,GA/EM/DM,exam archive,GATE downloads archive,English,Past year question paper
https://gate2026.iitg.ac.in/doc/download/2024/MT24S5.pdf,Metallurgical Engineering,India,GA/EM/DM,exam archive,GATE downloads archive,English,Past year question paper
https://gate2026.iitg.ac.in/doc/download/2023/mt_2023.pdf,Metallurgical Engineering,India,GA/EM/DM,exam archive,GATE downloads archive,English,Past year question paper
https://gate2026.iitg.ac.in/doc/download/2022/mt_2022.pdf,Metallurgical Engineering,India,GA/EM/DM,exam archive,GATE downloads archive,English,Past year question paper
https://gate2026.iitg.ac.in/doc/download/2021/mt_2021.pdf,Metallurgical Engineering,India,GA/EM/DM,exam archive,GATE downloads archive,English,Past year question paper
https://gate2026.iitg.ac.in/doc/download/2020/mt_2020.pdf,Metallurgical Engineering,India,GA/EM/DM,exam archive,GATE downloads archive,English,Past year question paper
https://gate2026.iitg.ac.in/doc/download/2019/mt_2019.pdf,Metallurgical Engineering,India,GA/EM/DM,exam archive,GATE downloads archive,English,Past year question paper
https://gate2026.iitg.ac.in/doc/download/2025/MN2025.pdf,Mining Engineering,India,GA/EM/DM,exam archive,GATE downloads archive,English,Past year question paper
https://gate2026.iitg.ac.in/doc/download/2024/MN24S4.pdf,Mining Engineering,India,GA/EM/DM,exam archive,GATE downloads archive,English,Past year question paper
https://gate2026.iitg.ac.in/doc/download/2023/mn_2023.pdf,Mining Engineering,India,GA/EM/DM,exam archive,GATE downloads archive,English,Past year question paper
https://gate2026.iitg.ac.in/doc/download/2022/mn_2022.pdf,Mining Engineering,India,GA/EM/DM,exam archive,GATE downloads archive,English,Past year question paper
https://gate2026.iitg.ac.in/doc/download/2021/mn_2021.pdf,Mining Engineering,India,GA/EM/DM,exam archive,GATE downloads archive,English,Past year question paper
https://gate2026.iitg.ac.in/doc/download/2020/mn_2020.pdf,Mining Engineering,India,GA/EM/DM,exam archive,GATE downloads archive,English,Past year question paper
https://gate2026.iitg.ac.in/doc/download/2019/mn_2019.pdf,Mining Engineering,India,GA/EM/DM,exam archive,GATE downloads archive,English,Past year question paper
https://gate2026.iitg.ac.in/doc/download/2025_Key/NM_Keys.pdf,NM,India,GA/EM/DM,exam archive,GATE downloads archive,English,Past year question paper
https://gate2026.iitg.ac.in/doc/download/2023/nm_2023.pdf,Naval Architecture & Marine Engineering,India,GA/EM/DM,exam archive,GATE downloads archive,English,Past year question paper
https://gate2026.iitg.ac.in/doc/download/2022/nm_2022.pdf,Naval Architecture & Marine Engineering,India,GA/EM/DM,exam archive,GATE downloads archive,English,Past year question paper
https://gate2026.iitg.ac.in/doc/download/2025/NM2025.pdf,Naval Architecture and Marine Engineering,India,GA/EM/DM,exam archive,GATE downloads archive,English,Past year question paper
https://gate2026.iitg.ac.in/doc/download/2024/NM24S5.pdf,Naval Architecture and Marine Engineering,India,GA/EM/DM,exam archive,GATE downloads archive,English,Past year question paper
https://gate2026.iitg.ac.in/doc/download/2025_Key/PE_Keys.pdf,PE,India,GA/EM/DM,exam archive,GATE downloads archive,English,Past year question paper
https://gate2026.iitg.ac.in/doc/download/2025_Key/PH_Keys.pdf,PH,India,GA/EM/DM,exam archive,GATE downloads archive,English,Past year question paper
https://gate2026.iitg.ac.in/doc/download/2025_Key/PI_Keys.pdf,PI,India,GA/EM/DM,exam archive,GATE downloads archive,English,Past year question paper
https://gate2026.iitg.ac.in/doc/download/2025/PE2025.pdf,Petroleum Engineering,India,GA/EM/DM,exam archive,GATE downloads archive,English,Past year question paper
https://gate2026.iitg.ac.in/doc/download/2024/PE24S4.pdf,Petroleum Engineering,India,GA/EM/DM,exam archive,GATE downloads archive,English,Past year question paper
https://gate2026.iitg.ac.in/doc/download/2023/pe_2023.pdf,Petroleum Engineering,India,GA/EM/DM,exam archive,GATE downloads archive,English,Past year question paper
https://gate2026.iitg.ac.in/doc/download/2022/pe_2022.pdf,Petroleum Engineering,India,GA/EM/DM,exam archive,GATE downloads archive,English,Past year question paper
https://gate2026.iitg.ac.in/doc/download/2021/pe_2021.pdf,Petroleum Engineering,India,GA/EM/DM,exam archive,GATE downloads archive,English,Past year question paper
https://gate2026.iitg.ac.in/doc/download/2020/pe_2020.pdf,Petroleum Engineering,India,GA/EM/DM,exam archive,GATE downloads archive,English,Past year question paper
https://gate2026.iitg.ac.in/doc/download/2019/pe_2019.pdf,Petroleum Engineering,India,GA/EM/DM,exam archive,GATE downloads archive,English,Past year question paper
https://gate2026.iitg.ac.in/doc/download/2025/PH2025.pdf,Physics,India,GA/EM/DM,exam archive,GATE downloads archive,English,Past year question paper
https://gate2026.iitg.ac.in/doc/download/2024/PH24S2.pdf,Physics,India,GA/EM/DM,exam archive,GATE downloads archive,English,Past year question paper
https://gate2026.iitg.ac.in/doc/download/2023/ph_2023.pdf,Physics,India,GA/EM/DM,exam archive,GATE downloads archive,English,Past year question paper
https://gate2026.iitg.ac.in/doc/download/2022/ph_2022.pdf,Physics,India,GA/EM/DM,exam archive,GATE downloads archive,English,Past year question paper
https://gate2026.iitg.ac.in/doc/download/2021/ph_2021.pdf,Physics,India,GA/EM/DM,exam archive,GATE downloads archive,English,Past year question paper
https://gate2026.iitg.ac.in/doc/download/2020/ph_2020.pdf,Physics,India,GA/EM/DM,exam archive,GATE downloads archive,English,Past year question paper
https://gate2026.iitg.ac.in/doc/download/2019/ph_2019.pdf,Physics,India,GA/EM/DM,exam archive,GATE downloads archive,English,Past year question paper
https://gate2026.iitg.ac.in/doc/download/2023/pi_2023.pdf,Production & Industrial Engineering,India,GA/EM/DM,exam archive,GATE downloads archive,English,Past year question paper
https://gate2026.iitg.ac.in/doc/download/2022/pi_2022.pdf,Production & Industrial Engineering,India,GA/EM/DM,exam archive,GATE downloads archive,English,Past year question paper
https://gate2026.iitg.ac.in/doc/download/2021/pi_2021.pdf,Production & Industrial Engineering,India,GA/EM/DM,exam archive,GATE downloads archive,English,Past year question paper
https://gate2026.iitg.ac.in/doc/download/2020/pi_2020.pdf,Production & Industrial Engineering,India,GA/EM/DM,exam archive,GATE downloads archive,English,Past year question paper
https://gate2026.iitg.ac.in/doc/download/2019/pi_2019.pdf,Production & Industrial Engineering,India,GA/EM/DM,exam archive,GATE downloads archive,English,Past year question paper
https://gate2026.iitg.ac.in/doc/download/2025/PI2025.pdf,Production and Industrial Engineering,India,GA/EM/DM,exam archive,GATE downloads archive,English,Past year question paper
https://gate2026.iitg.ac.in/doc/download/2024/PI24S1.pdf,Production and Industrial Engineering,India,GA/EM/DM,exam archive,GATE downloads archive,English,Past year question paper
https://gate2026.iitg.ac.in/doc/download/2025_Key/ST_Keys.pdf,ST,India,GA/EM/DM,exam archive,GATE downloads archive,English,Past year question paper
https://gate2026.iitg.ac.in/doc/download/2025_Key/TF_Keys.pdf,TF,India,GA/EM/DM,exam archive,GATE downloads archive,English,Past year question paper
https://gate2026.iitg.ac.in/doc/download/2023/tf_2023.pdf,Textile Engineering & Fibre Science,India,GA/EM/DM,exam archive,GATE downloads archive,English,Past year question paper
https://gate2026.iitg.ac.in/doc/download/2022/tf_2022.pdf,Textile Engineering & Fibre Science,India,GA/EM/DM,exam archive,GATE downloads archive,English,Past year question paper
https://gate2026.iitg.ac.in/doc/download/2021/tf_2021.pdf,Textile Engineering & Fibre Science,India,GA/EM/DM,exam archive,GATE downloads archive,English,Past year question paper
https://gate2026.iitg.ac.in/doc/download/2020/tf_2020.pdf,Textile Engineering & Fibre Science,India,GA/EM/DM,exam archive,GATE downloads archive,English,Past year question paper
https://gate2026.iitg.ac.in/doc/download/2019/tf_2019.pdf,Textile Engineering & Fibre Science,India,GA/EM/DM,exam archive,GATE downloads archive,English,Past year question paper
https://gate2026.iitg.ac.in/doc/download/2025/TF2025.pdf,Textile Engineering and Fibre Science,India,GA/EM/DM,exam archive,GATE downloads archive,English,Past year question paper
https://gate2026.iitg.ac.in/doc/download/2024/TF24S5.pdf,Textile Engineering and Fibre Science,India,GA/EM/DM,exam archive,GATE downloads archive,English,Past year question paper
https://gate2026.iitg.ac.in/doc/download/2025_Key/XE_Keys.pdf,XE,India,GA/EM/DM,exam archive,GATE downloads archive,English,Past year question paper
https://gate2026.iitg.ac.in/doc/download/2025_Key/XHC1_Keys.pdf,XH-C1,India,GA/EM/DM,exam archive,GATE downloads archive,English,Past year question paper
https://gate2026.iitg.ac.in/doc/download/2025_Key/XHC2_Keys.pdf,XH-C2,India,GA/EM/DM,exam archive,GATE downloads archive,English,Past year question paper
https://gate2026.iitg.ac.in/doc/download/2025_Key/XHC3_Keys.pdf,XH-C3,India,GA/EM/DM,exam archive,GATE downloads archive,English,Past year question paper
https://gate2026.iitg.ac.in/doc/download/2025_Key/XHC4_Keys.pdf,XH-C4,India,GA/EM/DM,exam archive,GATE downloads archive,English,Past year question paper
https://gate2026.iitg.ac.in/doc/download/2025_Key/XHC5_Keys.pdf,XH-C5,India,GA/EM/DM,exam archive,GATE downloads archive,English,Past year question paper
https://gate2026.iitg.ac.in/doc/download/2025_Key/XHC6_Keys.pdf,XH-C6,India,GA/EM/DM,exam archive,GATE downloads archive,English,Past year question paper
https://gate2026.iitg.ac.in/doc/download/2025_Key/XL_Keys.pdf,XL,India,GA/EM/DM,exam archive,GATE downloads archive,English,Past year question paper
https://bmos.ukmt.org.uk/home/bmo1-2005.pdf,1 December 2004,United Kingdom,EM/DM,contest archive,British Mathematical Olympiad,English,Contest paper
https://bmos.ukmt.org.uk/home/bmo1-2007.pdf,1 December 2006,United Kingdom,EM/DM,contest archive,British Mathematical Olympiad,English,Contest paper
https://bmos.ukmt.org.uk/home/bmo1-2018.pdf,1 December 2017,United Kingdom,EM/DM,contest archive,British Mathematical Olympiad,English,Contest paper
https://bmos.ukmt.org.uk/home/bmo2-2005.pdf,1 February 2005,United Kingdom,EM/DM,contest archive,British Mathematical Olympiad,English,Contest paper
https://bmos.ukmt.org.uk/home/fist-1989.pdf,1 March 1989,United Kingdom,EM/DM,contest archive,British Mathematical Olympiad,English,Contest paper
https://bmos.ukmt.org.uk/home/bmo-1983.pdf,10 March 1983,United Kingdom,EM/DM,contest archive,British Mathematical Olympiad,English,Contest paper
https://bmos.ukmt.org.uk/home/fist-1979.pdf,10 May 1979,United Kingdom,EM/DM,contest archive,British Mathematical Olympiad,English,Contest paper
https://bmos.ukmt.org.uk/home/bmo1-2003.pdf,11 December 2002,United Kingdom,EM/DM,contest archive,British Mathematical Olympiad,English,Contest paper
https://bmos.ukmt.org.uk/home/bmo2-1993.pdf,11 February 1993,United Kingdom,EM/DM,contest archive,British Mathematical Olympiad,English,Contest paper
https://bmos.ukmt.org.uk/home/fist-1977.pdf,11 May 1977,United Kingdom,EM/DM,contest archive,British Mathematical Olympiad,English,Contest paper
https://bmos.ukmt.org.uk/home/fist-1983.pdf,11 May 1983,United Kingdom,EM/DM,contest archive,British Mathematical Olympiad,English,Contest paper
https://bmos.ukmt.org.uk/home/bmo1-2000.pdf,12 January 2000,United Kingdom,EM/DM,contest archive,British Mathematical Olympiad,English,Contest paper
https://bmos.ukmt.org.uk/home/fist-1978.pdf,12 May 1978,United Kingdom,EM/DM,contest archive,British Mathematical Olympiad,English,Contest paper
https://bmos.ukmt.org.uk/home/bmo-1989.pdf,13 December 1988,United Kingdom,EM/DM,contest archive,British Mathematical Olympiad,English,Contest paper
https://bmos.ukmt.org.uk/home/bmo2-1992.pdf,13 February 1992,United Kingdom,EM/DM,contest archive,British Mathematical Olympiad,English,Contest paper
https://bmos.ukmt.org.uk/home/bmo1-1993.pdf,13 January 1993,United Kingdom,EM/DM,contest archive,British Mathematical Olympiad,English,Contest paper
https://bmos.ukmt.org.uk/home/bmo1-1999.pdf,13 January 1999,United Kingdom,EM/DM,contest archive,British Mathematical Olympiad,English,Contest paper
https://bmos.ukmt.org.uk/home/bmo-1980.pdf,13 March 1980,United Kingdom,EM/DM,contest archive,British Mathematical Olympiad,English,Contest paper
https://bmos.ukmt.org.uk/home/bmo-1984.pdf,13 March 1984,United Kingdom,EM/DM,contest archive,British Mathematical Olympiad,English,Contest paper
https://bmos.ukmt.org.uk/home/fist-1982.pdf,13 May 1982,United Kingdom,EM/DM,contest archive,British Mathematical Olympiad,English,Contest paper
https://bmos.ukmt.org.uk/home/bmo1-1998.pdf,14 January 1998,United Kingdom,EM/DM,contest archive,British Mathematical Olympiad,English,Contest paper
https://bmos.ukmt.org.uk/home/bmo-1979.pdf,14 March 1979,United Kingdom,EM/DM,contest archive,British Mathematical Olympiad,English,Contest paper
https://bmos.ukmt.org.uk/home/fist-1986.pdf,14 March 1986,United Kingdom,EM/DM,contest archive,British Mathematical Olympiad,English,Contest paper
https://bmos.ukmt.org.uk/home/fist-1981.pdf,14 May 1981,United Kingdom,EM/DM,contest archive,British Mathematical Olympiad,English,Contest paper
https://bmos.ukmt.org.uk/home/bmo2-1996.pdf,15 February 1996,United Kingdom,EM/DM,contest archive,British Mathematical Olympiad,English,Contest paper
https://bmos.ukmt.org.uk/home/bmo1-1992.pdf,15 January 1992,United Kingdom,EM/DM,contest archive,British Mathematical Olympiad,English,Contest paper
https://bmos.ukmt.org.uk/home/bmo1-1997.pdf,15 January 1997,United Kingdom,EM/DM,contest archive,British Mathematical Olympiad,English,Contest paper
https://bmos.ukmt.org.uk/home/fist-1985.pdf,15 March 1985,United Kingdom,EM/DM,contest archive,British Mathematical Olympiad,English,Contest paper
https://bmos.ukmt.org.uk/home/bmo1-2024.pdf,15 November 2023,United Kingdom,EM/DM,contest archive,British Mathematical Olympiad,English,Contest paper
https://bmos.ukmt.org.uk/home/bmo2-1995.pdf,16 February 1995,United Kingdom,EM/DM,contest archive,British Mathematical Olympiad,English,Contest paper
https://bmos.ukmt.org.uk/home/bmo-1991.pdf,16 January 1991,United Kingdom,EM/DM,contest archive,British Mathematical Olympiad,English,Contest paper
https://bmos.ukmt.org.uk/home/bmo1-2023.pdf,16 November 2022,United Kingdom,EM/DM,contest archive,British Mathematical Olympiad,English,Contest paper
https://bmos.ukmt.org.uk/home/bmo-1990.pdf,17 January 1990,United Kingdom,EM/DM,contest archive,British Mathematical Olympiad,English,Contest paper
https://bmos.ukmt.org.uk/home/bmo1-1996.pdf,17 January 1996,United Kingdom,EM/DM,contest archive,British Mathematical Olympiad,English,Contest paper
https://bmos.ukmt.org.uk/home/bmo1-2001.pdf,17 January 2001,United Kingdom,EM/DM,contest archive,British Mathematical Olympiad,English,Contest paper
https://bmos.ukmt.org.uk/home/bmo-1977.pdf,17 March 1977,United Kingdom,EM/DM,contest archive,British Mathematical Olympiad,English,Contest paper
https://bmos.ukmt.org.uk/home/fist-1972.pdf,17 May 1972,United Kingdom,EM/DM,contest archive,British Mathematical Olympiad,English,Contest paper
https://bmos.ukmt.org.uk/home/bmo1-1995.pdf,18 January 1995,United Kingdom,EM/DM,contest archive,British Mathematical Olympiad,English,Contest paper
https://bmos.ukmt.org.uk/home/bmo-1982.pdf,18 March 1982,United Kingdom,EM/DM,contest archive,British Mathematical Olympiad,English,Contest paper
https://bmos.ukmt.org.uk/home/bmo1-1994.pdf,19 January 1994,United Kingdom,EM/DM,contest archive,British Mathematical Olympiad,English,Contest paper
https://bmos.ukmt.org.uk/home/bmo-1981.pdf,19 March 1981,United Kingdom,EM/DM,contest archive,British Mathematical Olympiad,English,Contest paper
https://bmos.ukmt.org.uk/home/bmo1-2026.pdf,19 November 2025,United Kingdom,EM/DM,contest archive,British Mathematical Olympiad,English,Contest paper
https://bmos.ukmt.org.uk/home/bmo-1973.pdf,1973,United Kingdom,EM/DM,contest archive,British Mathematical Olympiad,English,Contest paper
https://bmos.ukmt.org.uk/home/bmo-1974.pdf,1974,United Kingdom,EM/DM,contest archive,British Mathematical Olympiad,English,Contest paper
https://bmos.ukmt.org.uk/home/fist-1974.pdf,1974,United Kingdom,EM/DM,contest archive,British Mathematical Olympiad,English,Contest paper
https://bmos.ukmt.org.uk/home/bmo1-2011.pdf,2 December 2010,United Kingdom,EM/DM,contest archive,British Mathematical Olympiad,English,Contest paper
https://bmos.ukmt.org.uk/home/bmo1-2012.pdf,2 December 2011,United Kingdom,EM/DM,contest archive,British Mathematical Olympiad,English,Contest paper
https://bmos.ukmt.org.uk/home/bmo1-2017.pdf,2 December 2016,United Kingdom,EM/DM,contest archive,British Mathematical Olympiad,English,Contest paper
https://bmos.ukmt.org.uk/home/bmo1-2022.pdf,2 December 2021,United Kingdom,EM/DM,contest archive,British Mathematical Olympiad,English,Contest paper
https://bmos.ukmt.org.uk/home/bmo-1987.pdf,20 March 1987,United Kingdom,EM/DM,contest archive,British Mathematical Olympiad,English,Contest paper
https://bmos.ukmt.org.uk/home/bmo-1988.pdf,20 November 1987,United Kingdom,EM/DM,contest archive,British Mathematical Olympiad,English,Contest paper
https://bmos.ukmt.org.uk/home/bmo1-2025.pdf,20 November 2024,United Kingdom,EM/DM,contest archive,British Mathematical Olympiad,English,Contest paper
https://bmos.ukmt.org.uk/home/bmo2-2026.pdf,21 January 2026,United Kingdom,EM/DM,contest archive,British Mathematical Olympiad,English,Contest paper
https://bmos.ukmt.org.uk/home/bmo-1978.pdf,21 March 1978,United Kingdom,EM/DM,contest archive,British Mathematical Olympiad,English,Contest paper
https://bmos.ukmt.org.uk/home/bmo2-2025.pdf,22 January 2025,United Kingdom,EM/DM,contest archive,British Mathematical Olympiad,English,Contest paper
https://bmos.ukmt.org.uk/home/bmo2-2000.pdf,23 February 2000,United Kingdom,EM/DM,contest archive,British Mathematical Olympiad,English,Contest paper
https://bmos.ukmt.org.uk/home/fist-1984.pdf,23 March 1984,United Kingdom,EM/DM,contest archive,British Mathematical Olympiad,English,Contest paper
https://bmos.ukmt.org.uk/home/bmo2-1994.pdf,24 February 1994,United Kingdom,EM/DM,contest archive,British Mathematical Olympiad,English,Contest paper
https://bmos.ukmt.org.uk/home/bmo2-2004.pdf,24 February 2004,United Kingdom,EM/DM,contest archive,British Mathematical Olympiad,English,Contest paper
https://bmos.ukmt.org.uk/home/bmo2-2019.pdf,24 January 2019,United Kingdom,EM/DM,contest archive,British Mathematical Olympiad,English,Contest paper
https://bmos.ukmt.org.uk/home/bmo2-2024.pdf,24 January 2024,United Kingdom,EM/DM,contest archive,British Mathematical Olympiad,English,Contest paper
https://bmos.ukmt.org.uk/home/bmo-1975.pdf,24 March 1975,United Kingdom,EM/DM,contest archive,British Mathematical Olympiad,English,Contest paper
https://bmos.ukmt.org.uk/home/bmo-1976.pdf,24 March 1976,United Kingdom,EM/DM,contest archive,British Mathematical Olympiad,English,Contest paper
https://bmos.ukmt.org.uk/home/bmo2-1999.pdf,25 February 1999,United Kingdom,EM/DM,contest archive,British Mathematical Olympiad,English,Contest paper
https://bmos.ukmt.org.uk/home/bmo2-2003.pdf,25 February 2003,United Kingdom,EM/DM,contest archive,British Mathematical Olympiad,English,Contest paper
https://bmos.ukmt.org.uk/home/bmo2-2018.pdf,25 January 2018,United Kingdom,EM/DM,contest archive,British Mathematical Olympiad,English,Contest paper
https://bmos.ukmt.org.uk/home/bmo2-2023.pdf,25 January 2023,United Kingdom,EM/DM,contest archive,British Mathematical Olympiad,English,Contest paper
https://bmos.ukmt.org.uk/home/bmo2-1998.pdf,26 February 1998,United Kingdom,EM/DM,contest archive,British Mathematical Olympiad,English,Contest paper
https://bmos.ukmt.org.uk/home/bmo2-2002.pdf,26 February 2002,United Kingdom,EM/DM,contest archive,British Mathematical Olympiad,English,Contest paper
https://bmos.ukmt.org.uk/home/bmo2-2012.pdf,26 January 2012,United Kingdom,EM/DM,contest archive,British Mathematical Olympiad,English,Contest paper
https://bmos.ukmt.org.uk/home/bmo2-2017.pdf,26 January 2017,United Kingdom,EM/DM,contest archive,British Mathematical Olympiad,English,Contest paper
https://bmos.ukmt.org.uk/home/bmo1-2021.pdf,26 November 2020,United Kingdom,EM/DM,contest archive,British Mathematical Olympiad,English,Contest paper
https://bmos.ukmt.org.uk/home/bmo2-1997.pdf,27 February 1997,United Kingdom,EM/DM,contest archive,British Mathematical Olympiad,English,Contest paper
https://bmos.ukmt.org.uk/home/bmo2-2001.pdf,27 February 2001,United Kingdom,EM/DM,contest archive,British Mathematical Olympiad,English,Contest paper
https://bmos.ukmt.org.uk/home/bmo2-2011.pdf,27 January 2011,United Kingdom,EM/DM,contest archive,British Mathematical Olympiad,English,Contest paper
https://bmos.ukmt.org.uk/home/bmo2-2022.pdf,27 January 2022,United Kingdom,EM/DM,contest archive,British Mathematical Olympiad,English,Contest paper
https://bmos.ukmt.org.uk/home/bmo1-2016.pdf,27 November 2015,United Kingdom,EM/DM,contest archive,British Mathematical Olympiad,English,Contest paper
https://bmos.ukmt.org.uk/home/fist-1991.pdf,28 February 1991,United Kingdom,EM/DM,contest archive,British Mathematical Olympiad,English,Contest paper
https://bmos.ukmt.org.uk/home/bmo2-2010.pdf,28 January 2010,United Kingdom,EM/DM,contest archive,British Mathematical Olympiad,English,Contest paper
https://bmos.ukmt.org.uk/home/bmo2-2016.pdf,28 January 2016,United Kingdom,EM/DM,contest archive,British Mathematical Olympiad,English,Contest paper
https://bmos.ukmt.org.uk/home/bmo2-2021.pdf,28 January 2021,United Kingdom,EM/DM,contest archive,British Mathematical Olympiad,English,Contest paper
https://bmos.ukmt.org.uk/home/bmo1-2015.pdf,28 November 2014,United Kingdom,EM/DM,contest archive,British Mathematical Olympiad,English,Contest paper
https://bmos.ukmt.org.uk/home/bmo2-2009.pdf,29 January 2009,United Kingdom,EM/DM,contest archive,British Mathematical Olympiad,English,Contest paper
https://bmos.ukmt.org.uk/home/bmo2-2015.pdf,29 January 2015,United Kingdom,EM/DM,contest archive,British Mathematical Olympiad,English,Contest paper
https://bmos.ukmt.org.uk/home/bmo1-2014.pdf,29 November 2013,United Kingdom,EM/DM,contest archive,British Mathematical Olympiad,English,Contest paper
https://bmos.ukmt.org.uk/home/bmo1-2020.pdf,29 November 2019,United Kingdom,EM/DM,contest archive,British Mathematical Olympiad,English,Contest paper
https://bmos.ukmt.org.uk/home/bmo1-2004.pdf,3 December 2003,United Kingdom,EM/DM,contest archive,British Mathematical Olympiad,English,Contest paper
https://bmos.ukmt.org.uk/home/bmo1-2010.pdf,3 December 2009,United Kingdom,EM/DM,contest archive,British Mathematical Olympiad,English,Contest paper
https://bmos.ukmt.org.uk/home/bmo2-2007.pdf,30 January 2007,United Kingdom,EM/DM,contest archive,British Mathematical Olympiad,English,Contest paper
https://bmos.ukmt.org.uk/home/bmo2-2014.pdf,30 January 2014,United Kingdom,EM/DM,contest archive,British Mathematical Olympiad,English,Contest paper
https://bmos.ukmt.org.uk/home/bmo2-2020.pdf,30 January 2020,United Kingdom,EM/DM,contest archive,British Mathematical Olympiad,English,Contest paper
https://bmos.ukmt.org.uk/home/bmo1-2006.pdf,30 November 2005,United Kingdom,EM/DM,contest archive,British Mathematical Olympiad,English,Contest paper
https://bmos.ukmt.org.uk/home/bmo1-2008.pdf,30 November 2007,United Kingdom,EM/DM,contest archive,British Mathematical Olympiad,English,Contest paper
https://bmos.ukmt.org.uk/home/bmo1-2013.pdf,30 November 2012,United Kingdom,EM/DM,contest archive,British Mathematical Olympiad,English,Contest paper
https://bmos.ukmt.org.uk/home/bmo1-2019.pdf,30 November 2018,United Kingdom,EM/DM,contest archive,British Mathematical Olympiad,English,Contest paper
https://bmos.ukmt.org.uk/home/bmo2-2006.pdf,31 January 2006,United Kingdom,EM/DM,contest archive,British Mathematical Olympiad,English,Contest paper
https://bmos.ukmt.org.uk/home/bmo2-2008.pdf,31 January 2008,United Kingdom,EM/DM,contest archive,British Mathematical Olympiad,English,Contest paper
https://bmos.ukmt.org.uk/home/bmo2-2013.pdf,31 January 2013,United Kingdom,EM/DM,contest archive,British Mathematical Olympiad,English,Contest paper
https://bmos.ukmt.org.uk/home/bmo1-2009.pdf,4 December 2008,United Kingdom,EM/DM,contest archive,British Mathematical Olympiad,English,Contest paper
https://bmos.ukmt.org.uk/home/bmo-1986.pdf,4 March 1986,United Kingdom,EM/DM,contest archive,British Mathematical Olympiad,English,Contest paper
https://bmos.ukmt.org.uk/home/bmo1-2002.pdf,5 December 2001,United Kingdom,EM/DM,contest archive,British Mathematical Olympiad,English,Contest paper
https://bmos.ukmt.org.uk/home/fist-1988.pdf,5 February 1988,United Kingdom,EM/DM,contest archive,British Mathematical Olympiad,English,Contest paper
https://bmos.ukmt.org.uk/home/bmo-1985.pdf,5 March 1985,United Kingdom,EM/DM,contest archive,British Mathematical Olympiad,English,Contest paper
https://bmos.ukmt.org.uk/home/fist-1975.pdf,5 May 1975,United Kingdom,EM/DM,contest archive,British Mathematical Olympiad,English,Contest paper
https://bmos.ukmt.org.uk/home/fist-1976.pdf,5 May 1976,United Kingdom,EM/DM,contest archive,British Mathematical Olympiad,English,Contest paper
https://bmos.ukmt.org.uk/home/fist-1990.pdf,7 March 1990,United Kingdom,EM/DM,contest archive,British Mathematical Olympiad,English,Contest paper
https://bmos.ukmt.org.uk/home/fist-1980.pdf,8 May 1980,United Kingdom,EM/DM,contest archive,British Mathematical Olympiad,English,Contest paper
https://bmos.ukmt.org.uk/home/bmo1-2005-histogram.pdf,histogram of distribution of marks,United Kingdom,EM/DM,contest archive,British Mathematical Olympiad,English,Contest paper
https://bmos.ukmt.org.uk/home/bmo1-2020-report.pdf,markers’ report,United Kingdom,EM/DM,contest archive,British Mathematical Olympiad,English,Contest paper
https://bmos.ukmt.org.uk/home/bmo1-2021-report.pdf,markers’ report,United Kingdom,EM/DM,contest archive,British Mathematical Olympiad,English,Contest paper
https://bmos.ukmt.org.uk/home/bmo1-2022-report.pdf,markers’ report,United Kingdom,EM/DM,contest archive,British Mathematical Olympiad,English,Contest paper
https://bmos.ukmt.org.uk/home/bmo1-2023-report.pdf,markers’ report,United Kingdom,EM/DM,contest archive,British Mathematical Olympiad,English,Contest paper
https://bmos.ukmt.org.uk/home/bmo1-2024-report.pdf,markers’ report,United Kingdom,EM/DM,contest archive,British Mathematical Olympiad,English,Contest paper
https://bmos.ukmt.org.uk/home/bmo1-2025-report.pdf,markers’ report,United Kingdom,EM/DM,contest archive,British Mathematical Olympiad,English,Contest paper
https://bmos.ukmt.org.uk/home/bmo1-2026-report.pdf,markers’ report,United Kingdom,EM/DM,contest archive,British Mathematical Olympiad,English,Contest paper
https://bmos.ukmt.org.uk/home/bmomarking.pdf,notes on BMO marking,United Kingdom,EM/DM,contest archive,British Mathematical Olympiad,English,Contest paper
https://bmos.ukmt.org.uk/home/bmo1-2017-report.pdf,report for schools,United Kingdom,EM/DM,contest archive,British Mathematical Olympiad,English,Contest paper
https://bmos.ukmt.org.uk/home/bmo1-2018-report.pdf,report for schools,United Kingdom,EM/DM,contest archive,British Mathematical Olympiad,English,Contest paper
https://www.act.org/content/dam/act/unsecured/documents/Preparing-for-the-ACT-Spanish.pdf,Prueba de práctica libre,United States,GA,admissions practice,ACT free practice tests,English,Practice and quizzes
