country,resource_url,resource_title,source_type,source_title,language,source_file
Australia,https://amt.edu.au/aio,Australian Informatics Olympiad (AIO),contest archive,Australian Maths Trust past papers,English,final_resources.csv
Australia,https://amt.edu.au/australian-invitational-informatics-olympiad-aiio,Australian Invitational Informatics Olympiad (AIIO),contest archive,Australian Maths Trust past papers,English,final_resources.csv
Australia,https://amt.edu.au/amo,Australian Mathematical Olympiad (AMO),contest archive,Australian Maths Trust past papers,English,final_resources.csv
Australia,https://amt.edu.au/french-australian-regional-informatics-olympiad-fario,French-Australian Regional Informatics Olympiad (FARIO),contest archive,Australian Maths Trust past papers,English,final_resources.csv
Australia,https://amt.edu.au/olympiad-programs,Olympiad and Pathways Program,contest archive,Australian Maths Trust past papers,English,final_resources.csv
Australia,http://amt.edu.au/department/past-papers,Past Papers,contest archive,Australian Maths Trust past papers,English,final_resources.csv
Australia,https://amt.edu.au/alumni-network,The AMT Olympiad Alumni Network,contest archive,Australian Maths Trust past papers,English,final_resources.csv
Brazil,https://olimpiada.ic.unicamp.br/passadas/,Brazilian Olympiad in Informatics archive — official gateway,contest archive,Brazilian Olympiad in Informatics archive,Portuguese,final_resources.csv
Brazil,https://olimpiada.ic.unicamp.br/pratique/,OBI practice platform — official gateway,online practice,OBI practice platform,Portuguese,final_resources.csv
Brazil,https://www.obmep.org.br/provas.htm,OBMEP exams and solutions — official gateway,contest archive,OBMEP exams and solutions,Portuguese,final_resources.csv
Brazil,https://www.gov.br/inep/pt-br/areas-de-atuacao/avaliacao-e-exames-educacionais/alfabetiza-brasil,Alfabetiza Brasil,national examination,INEP ENEM provas e gabaritos,Portuguese,final_resources.csv
Brazil,https://www.gov.br/inep/pt-br/areas-de-atuacao/avaliacao-e-exames-educacionais/arcu-sul,Arcu-Sul,national examination,INEP ENEM provas e gabaritos,Portuguese,final_resources.csv
Brazil,https://www.gov.br/inep/pt-br/areas-de-atuacao/avaliacao-e-exames-educacionais/avaliacao-da-alfabetizacao,Avaliação da Alfabetização,national examination,INEP ENEM provas e gabaritos,Portuguese,final_resources.csv
Brazil,https://www.gov.br/inep/pt-br/areas-de-atuacao/avaliacao-e-exames-educacionais/avaliacao-da-educacao-profissional-e-tecnologica,Avaliação da Educação Profissional e Tecnológica,national examination,INEP ENEM provas e gabaritos,Portuguese,final_resources.csv
Brazil,https://www.gov.br/inep/pt-br/areas-de-atuacao/avaliacao-e-exames-educacionais/avaliacao-in-loco,Avaliação in loco,national examination,INEP ENEM provas e gabaritos,Portuguese,final_resources.csv
Brazil,https://www.gov.br/inep/pt-br/areas-de-atuacao/avaliacao-e-exames-educacionais,Avaliações e Exames Educacionais,national examination,INEP ENEM provas e gabaritos,Portuguese,final_resources.csv
Brazil,https://www.gov.br/inep/pt-br/centrais-de-conteudo/apresentacoes/avaliacoes-e-exames-educacionais,Avaliações e Exames Educacionais,national examination,INEP ENEM provas e gabaritos,Portuguese,final_resources.csv
Brazil,https://www.gov.br/inep/pt-br/areas-de-atuacao/avaliacao-e-exames-educacionais/bni,BNI,national examination,INEP ENEM provas e gabaritos,Portuguese,final_resources.csv
Brazil,https://www.gov.br/inep/pt-br/areas-de-atuacao/avaliacao-e-exames-educacionais/celpe-bras,Celpe-Bras,national examination,INEP ENEM provas e gabaritos,Portuguese,final_resources.csv
Brazil,https://www.gov.br/inep/pt-br/composicao/diretoria-de-avaliacao-da-educacao-profissional-e-tecnologica/coordenacao-geral-de-exames-e-certificacoes-da-ept,Coordenação-Geral de Exames e Certificações da EPT,national examination,INEP ENEM provas e gabaritos,Portuguese,final_resources.csv
Brazil,https://www.gov.br/inep/pt-br/composicao/diretoria-de-avaliacao-da-educacao-basica/coordenacao-geral-de-exames-para-certificacao-1,Coordenação-Geral do Exame Nacional do Ensino Médio,national examination,INEP ENEM provas e gabaritos,Portuguese,final_resources.csv
Brazil,https://www.gov.br/inep/pt-br/areas-de-atuacao/avaliacao-e-exames-educacionais/enade,Enade,national examination,INEP ENEM provas e gabaritos,Portuguese,final_resources.csv
Brazil,https://www.gov.br/inep/pt-br/areas-de-atuacao/avaliacao-e-exames-educacionais/enade-bacharelado-e-superiores-de-tecnologia,Enade Bacharelado e Superiores de Tecnologia,national examination,INEP ENEM provas e gabaritos,Portuguese,final_resources.csv
Brazil,https://www.gov.br/inep/pt-br/areas-de-atuacao/avaliacao-e-exames-educacionais/enade-das-licenciaturas,Enade das licenciaturas,national examination,INEP ENEM provas e gabaritos,Portuguese,final_resources.csv
Brazil,https://www.gov.br/inep/pt-br/areas-de-atuacao/avaliacao-e-exames-educacionais/enamed,Enamed,national examination,INEP ENEM provas e gabaritos,Portuguese,final_resources.csv
Brazil,https://www.gov.br/inep/pt-br/areas-de-atuacao/avaliacao-e-exames-educacionais/encceja,Encceja,national examination,INEP ENEM provas e gabaritos,Portuguese,final_resources.csv
Brazil,https://www.gov.br/inep/pt-br/areas-de-atuacao/avaliacao-e-exames-educacionais/enem,Enem,national examination,INEP ENEM provas e gabaritos,Portuguese,final_resources.csv
Brazil,https://www.gov.br/inep/pt-br/areas-de-atuacao/avaliacao-e-exames-educacionais/erce,Erce,national examination,INEP ENEM provas e gabaritos,Portuguese,final_resources.csv
Brazil,https://www.gov.br/inep/pt-br/acesso-a-informacao/perguntas-frequentes/exame-nacional-de-avaliacao-da-formacao-medica-enamed,Exame Nacional de Avaliação da Formação Médica (Enamed),national examination,INEP ENEM provas e gabaritos,Portuguese,final_resources.csv
Brazil,https://www.gov.br/inep/pt-br/assuntos/iniciativas-descontinuadas/provao,Exame Nacional de Cursos (Provão),national examination,INEP ENEM provas e gabaritos,Portuguese,final_resources.csv
Brazil,https://www.gov.br/inep/pt-br/acesso-a-informacao/perguntas-frequentes/exame-nacional-de-desempenho-dos-estudantes-enade,Exame Nacional de Desempenho dos Estudantes (Enade),national examination,INEP ENEM provas e gabaritos,Portuguese,final_resources.csv
Brazil,https://www.gov.br/inep/pt-br/acesso-a-informacao/perguntas-frequentes/exame-nacional-de-revalidacao-de-diplomas-medicos-expedidos-por-instituicoes-de-educacao-superior-estrangeira-revalida,Exame Nacional de Revalidação de Diplomas Médicos Expedidos por Instituições de Educação Superior Estrangeira (Revalida),national examination,INEP ENEM provas e gabaritos,Portuguese,final_resources.csv
Brazil,https://www.gov.br/inep/pt-br/acesso-a-informacao/perguntas-frequentes/exame-nacional-do-ensino-medio-enem,Exame Nacional do Ensino Médio (Enem),national examination,INEP ENEM provas e gabaritos,Portuguese,final_resources.csv
Brazil,https://www.gov.br/inep/pt-br/acesso-a-informacao/perguntas-frequentes/exame-nacional-para-certificacao-de-competencias-de-jovens-e-adultos-encceja,Exame Nacional para Certificação de Competências de Jovens e Adultos (Encceja),national examination,INEP ENEM provas e gabaritos,Portuguese,final_resources.csv
Brazil,https://www.gov.br/inep/pt-br/areas-de-atuacao/avaliacao-e-exames-educacionais/iccs,ICCS,national examination,INEP ENEM provas e gabaritos,Portuguese,final_resources.csv
Brazil,https://www.gov.br/inep/pt-br/areas-de-atuacao/avaliacao-e-exames-educacionais/enem/provas-e-gabaritos,INEP ENEM provas e gabaritos — official gateway,national examination,INEP ENEM provas e gabaritos,Portuguese,final_resources.csv
Brazil,https://www.gov.br/inep/pt-br/areas-de-atuacao/avaliacao-e-exames-educacionais/enem/provas-e-gabaritos#govbr-busca-input,Ir para a Busca 4,national examination,INEP ENEM provas e gabaritos,Portuguese,final_resources.csv
Brazil,https://www.gov.br/inep/pt-br/areas-de-atuacao/avaliacao-e-exames-educacionais/enem/provas-e-gabaritos#wrapper,Ir para o Conteúdo 1,national examination,INEP ENEM provas e gabaritos,Portuguese,final_resources.csv
Brazil,https://www.gov.br/inep/pt-br/areas-de-atuacao/avaliacao-e-exames-educacionais/enem/provas-e-gabaritos#portal-footer,Ir para o Mapa do site 5,national examination,INEP ENEM provas e gabaritos,Portuguese,final_resources.csv
Brazil,https://www.gov.br/inep/pt-br/areas-de-atuacao/avaliacao-e-exames-educacionais/enem/provas-e-gabaritos#main-navigation,Ir para o menu de Navegação 3,national examination,INEP ENEM provas e gabaritos,Portuguese,final_resources.csv
Brazil,https://www.gov.br/inep/pt-br/areas-de-atuacao/avaliacao-e-exames-educacionais/pirls,PIRLS,national examination,INEP ENEM provas e gabaritos,Portuguese,final_resources.csv
Brazil,https://www.gov.br/inep/pt-br/areas-de-atuacao/avaliacao-e-exames-educacionais/pisa,Pisa,national examination,INEP ENEM provas e gabaritos,Portuguese,final_resources.csv
Brazil,https://www.gov.br/inep/pt-br/acesso-a-informacao/perguntas-frequentes/prova-nacional-docente,Prova Nacional Docente,national examination,INEP ENEM provas e gabaritos,Portuguese,final_resources.csv
Brazil,https://www.gov.br/inep/pt-br/areas-de-atuacao/avaliacao-e-exames-educacionais/prova-nacional-docente,Prova Nacional Docente,national examination,INEP ENEM provas e gabaritos,Portuguese,final_resources.csv
Brazil,https://www.gov.br/inep/pt-br/centrais-de-conteudo/legislacao/prova-nacional-docente,Prova Nacional Docente,national examination,INEP ENEM provas e gabaritos,Portuguese,final_resources.csv
Brazil,https://www.gov.br/inep/pt-br/centrais-de-conteudo/noticias/prova-nacional-docente,Prova Nacional Docente,national examination,INEP ENEM provas e gabaritos,Portuguese,final_resources.csv
Brazil,https://www.gov.br/inep/pt-br/areas-de-atuacao/avaliacao-e-exames-educacionais/revalida,Revalida,national examination,INEP ENEM provas e gabaritos,Portuguese,final_resources.csv
Brazil,https://www.gov.br/inep/pt-br/areas-de-atuacao/avaliacao-e-exames-educacionais/riaces,Riaces,national examination,INEP ENEM provas e gabaritos,Portuguese,final_resources.csv
Brazil,https://www.gov.br/inep/pt-br/areas-de-atuacao/avaliacao-e-exames-educacionais/saeb,Saeb,national examination,INEP ENEM provas e gabaritos,Portuguese,final_resources.csv
Brazil,https://www.gov.br/inep/pt-br/areas-de-atuacao/avaliacao-e-exames-educacionais/timms,TIMSS,national examination,INEP ENEM provas e gabaritos,Portuguese,final_resources.csv
Canada,https://cms.math.ca/competitions/comc/comc2011/,2011,contest archive,Canadian Open Mathematics Challenge,English/French,final_resources.csv
Canada,https://cms.math.ca/competitions/comc/comc2012/,2012,contest archive,Canadian Open Mathematics Challenge,English/French,final_resources.csv
Canada,https://cms.math.ca/competitions/comc/comc2013/,2013,contest archive,Canadian Open Mathematics Challenge,English/French,final_resources.csv
Canada,https://cms.math.ca/competitions/comc/comc2014/,2014,contest archive,Canadian Open Mathematics Challenge,English/French,final_resources.csv
Canada,https://cms.math.ca/competitions/comc/comc2015/,2015,contest archive,Canadian Open Mathematics Challenge,English/French,final_resources.csv
Canada,https://cms.math.ca/competitions/comc/comc2016/,2016,contest archive,Canadian Open Mathematics Challenge,English/French,final_resources.csv
Canada,https://cms.math.ca/competitions/comc/comc2017/,2017,contest archive,Canadian Open Mathematics Challenge,English/French,final_resources.csv
Canada,https://cms.math.ca/competitions/comc/comc2018/,2018,contest archive,Canadian Open Mathematics Challenge,English/French,final_resources.csv
Canada,https://cms.math.ca/competitions/comc/comc2019/,2019,contest archive,Canadian Open Mathematics Challenge,English/French,final_resources.csv
Canada,https://cms.math.ca/competitions/comc/comc2020/,2020,contest archive,Canadian Open Mathematics Challenge,English/French,final_resources.csv
Canada,https://cms.math.ca/competitions/comc/comc2021/,2021,contest archive,Canadian Open Mathematics Challenge,English/French,final_resources.csv
Canada,https://cms.math.ca/competitions/comc/comc2022/,2022,contest archive,Canadian Open Mathematics Challenge,English/French,final_resources.csv
Canada,https://cms.math.ca/competitions/comc/comc2023/,2023,contest archive,Canadian Open Mathematics Challenge,English/French,final_resources.csv
Canada,https://cms.math.ca/competitions/comc/comc2024/,2024,contest archive,Canadian Open Mathematics Challenge,English/French,final_resources.csv
Canada,https://cms.math.ca/competitions/comc/comc2025/,2025,contest archive,Canadian Open Mathematics Challenge,English/French,final_resources.csv
Canada,https://cms.math.ca/competitions/comc/comc2026/,2026,contest archive,Canadian Open Mathematics Challenge,English/French,final_resources.csv
Canada,https://cms.math.ca/competitions/apmo/,APMO: Asian Pacific Mathematics Olympiad,contest archive,Canadian Open Mathematics Challenge,English/French,final_resources.csv
Canada,https://cms.math.ca/competitions/comc/comc2022/advancing/,Advancing,contest archive,Canadian Open Mathematics Challenge,English/French,final_resources.csv
Canada,https://cms.math.ca/competitions/comc/comc2022/award-winners/,Awards,contest archive,Canadian Open Mathematics Challenge,English/French,final_resources.csv
Canada,https://cms.math.ca/competitions/comc/comc2022/awards-and-prizes/,Awards and Prizes,contest archive,Canadian Open Mathematics Challenge,English/French,final_resources.csv
Canada,https://cms.math.ca/competitions/cjmc/,CJMC: Canada Jay Mathematics Competition,contest archive,Canadian Open Mathematics Challenge,English/French,final_resources.csv
Canada,https://cms.math.ca/competitions/clmc/,CLMC: Canada Lynx Competition,contest archive,Canadian Open Mathematics Challenge,English/French,final_resources.csv
Canada,https://cms.math.ca/competitions/repechage/,CMOQR: CMO Qualifying Repêchage,contest archive,Canadian Open Mathematics Challenge,English/French,final_resources.csv
Canada,https://cms.math.ca/competitions/comc/,COMC: Canadian Open Mathematics Challenge,contest archive,Canadian Open Mathematics Challenge,English/French,final_resources.csv
Canada,https://cms.math.ca/competitions/comc/comc2022/getting-ready/,Canadian Open Mathematics Challenge — official gateway,contest archive,Canadian Open Mathematics Challenge,English/French,final_resources.csv
Canada,https://cms.math.ca/competitions/inclusion-initiative/,Closing the Gap – CMS Inclusion Initiative,contest archive,Canadian Open Mathematics Challenge,English/French,final_resources.csv
Canada,https://cms.math.ca/education/competition-grants/,Competition Grants,contest archive,Canadian Open Mathematics Challenge,English/French,final_resources.csv
Canada,https://cms.math.ca/competitions/,Competitions,contest archive,Canadian Open Mathematics Challenge,English/French,final_resources.csv
Canada,https://cms.math.ca/competitions/comc/comc2022/getting-ready/#copyrightpermissions,Copyright & Permissions,contest archive,Canadian Open Mathematics Challenge,English/French,final_resources.csv
Canada,https://cms.math.ca/competitions/egmo/,EGMO: European Girls Mathematics Olympiad,contest archive,Canadian Open Mathematics Challenge,English/French,final_resources.csv
Canada,https://cms.math.ca/competitions/comc/comc2022/eligibility/,Eligibility,contest archive,Canadian Open Mathematics Challenge,English/French,final_resources.csv
Canada,https://cms.math.ca/membership/faq/,Frequently Asked Questions,contest archive,Canadian Open Mathematics Challenge,English/French,final_resources.csv
Canada,https://cms.math.ca/competitions/imo/,IMO: International Mathematics Olympiad,contest archive,Canadian Open Mathematics Challenge,English/French,final_resources.csv
Canada,https://cms.math.ca/competitions/comc/comc2022/more/,More,contest archive,Canadian Open Mathematics Challenge,English/French,final_resources.csv
Canada,https://cms.math.ca/competitions/other-mathematical-competitions/,Other Math Competitions,contest archive,Canadian Open Mathematics Challenge,English/French,final_resources.csv
Canada,https://cms.math.ca/competitions/comc/comc2022/posters/,Posters,contest archive,Canadian Open Mathematics Challenge,English/French,final_resources.csv
Canada,https://cms.math.ca/competitions/comc/comc2022/prize-draw/,Prize Draw,contest archive,Canadian Open Mathematics Challenge,English/French,final_resources.csv
Canada,https://cms.math.ca/wp-content/uploads/2023/01/COMC2022-Problem-Set.pdf,Problem Set,contest archive,Canadian Open Mathematics Challenge,English/French,final_resources.csv
Canada,https://cms.math.ca/competitions/problem-solving-resources/,Problem Solving Resources,contest archive,Canadian Open Mathematics Challenge,English/French,final_resources.csv
Canada,https://www2.cms.math.ca/Competitions/COMC/2022/potw.html,Problem of the Week,contest archive,Canadian Open Mathematics Challenge,English/French,final_resources.csv
Canada,https://cms.math.ca/competitions/scholarship-opportunities/,Scholarship Opportunities,contest archive,Canadian Open Mathematics Challenge,English/French,final_resources.csv
Canada,https://cms.math.ca/wp-content/uploads/2023/01/COMC2022-official-solutions-en.pdf,Solutions,contest archive,Canadian Open Mathematics Challenge,English/French,final_resources.csv
Canada,https://cemc.uwaterloo.ca/resources/past-contests?contest_category=80,CCO/CIW,contest archive,Waterloo CEMC past contests,English/French,final_resources.csv
Canada,https://cemc.uwaterloo.ca/resources/past-contests?contest_category=23,CSIMC,contest archive,Waterloo CEMC past contests,English/French,final_resources.csv
Canada,https://cemc.uwaterloo.ca/resources/past-contests?contest_category=28,CTMC,contest archive,Waterloo CEMC past contests,English/French,final_resources.csv
Canada,https://cemc.uwaterloo.ca/contests?field_format_value=All&exposed_month=All&subject_area=4,Computer Science Contests,contest archive,Waterloo CEMC past contests,English/French,final_resources.csv
Canada,https://cemc2.math.uwaterloo.ca/contest/Sigma/school/supervisorPortalLogin.php,Contest Supervisor Portal,contest archive,Waterloo CEMC past contests,English/French,final_resources.csv
Canada,https://cemc.uwaterloo.ca/contests,Contests Overview,contest archive,Waterloo CEMC past contests,English/French,final_resources.csv
Canada,https://cemc.uwaterloo.ca/resources/past-contests?block_config_key=past_contest%3A1srMgUG8ZWnN5_Mx6CmP5HeP-aleHwL0jgxyVUuVYE4&page=0,Current page 1,contest archive,Waterloo CEMC past contests,English/French,final_resources.csv
Canada,https://cemc.uwaterloo.ca/fr/resources/past-contests,EN / FR,contest archive,Waterloo CEMC past contests,English/French,final_resources.csv
Canada,https://cemc.uwaterloo.ca/resources/past-contests?contest_category=25,FGH,contest archive,Waterloo CEMC past contests,English/French,final_resources.csv
Canada,https://cemc.uwaterloo.ca/contests/gauss,Gauss,contest archive,Waterloo CEMC past contests,English/French,final_resources.csv
Canada,https://cemc.uwaterloo.ca/contests/how-contests-work,How Contests Work,contest archive,Waterloo CEMC past contests,English/French,final_resources.csv
Canada,https://cemc.uwaterloo.ca/contests?field_format_value=All&exposed_month=All&subject_area=3,Mathematics Contests,contest archive,Waterloo CEMC past contests,English/French,final_resources.csv
Canada,https://cemc.uwaterloo.ca/resources/past-contests?contest_category=14,PCF,contest archive,Waterloo CEMC past contests,English/French,final_resources.csv
Canada,https://cemc.uwaterloo.ca/resources/past-contests?block_config_key=past_contest%3A1srMgUG8ZWnN5_Mx6CmP5HeP-aleHwL0jgxyVUuVYE4&page=1,Page 2,contest archive,Waterloo CEMC past contests,English/French,final_resources.csv
Canada,https://cemc.uwaterloo.ca/resources/past-contests?block_config_key=past_contest%3A1srMgUG8ZWnN5_Mx6CmP5HeP-aleHwL0jgxyVUuVYE4&page=2,Page 3,contest archive,Waterloo CEMC past contests,English/French,final_resources.csv
Canada,https://cemc.uwaterloo.ca/contests/pcf,"Pascal, Cayley, and Fermat",contest archive,Waterloo CEMC past contests,English/French,final_resources.csv
Canada,https://cemc.uwaterloo.ca/resources/problem-set-generator,Problem Set Generator,contest archive,Waterloo CEMC past contests,English/French,final_resources.csv
Canada,https://cemc.uwaterloo.ca/resources/potm,Problem of the Month,contest archive,Waterloo CEMC past contests,English/French,final_resources.csv
Canada,https://cemc.uwaterloo.ca/resources/potw,Problem of the Week,contest archive,Waterloo CEMC past contests,English/French,final_resources.csv
Canada,https://cemc.uwaterloo.ca/resources/past-contests?contest_category=27,TUC,contest archive,Waterloo CEMC past contests,English/French,final_resources.csv
Canada,https://cemc.uwaterloo.ca/sites/default/files/documents/2025/2025BCCResults.pdf,picture_as_pdf Download download,contest archive,Waterloo CEMC past contests,English/French,final_resources.csv
Canada,https://cemc.uwaterloo.ca/sites/default/files/documents/2024/2024BCCResults.pdf,picture_as_pdf Download download,contest archive,Waterloo CEMC past contests,English/French,final_resources.csv
Canada,https://cemc.uwaterloo.ca/sites/default/files/documents/2023/2023BCCResults.pdf,picture_as_pdf Download download,contest archive,Waterloo CEMC past contests,English/French,final_resources.csv
Canada,https://cemc.uwaterloo.ca/sites/default/files/documents/2022/2022BCCResults.pdf,picture_as_pdf Download download,contest archive,Waterloo CEMC past contests,English/French,final_resources.csv
Canada,https://cemc.uwaterloo.ca/sites/default/files/documents/2026/2025BCCContest7_8.html,preview View Contest arrow_forward,contest archive,Waterloo CEMC past contests,English/French,final_resources.csv
Canada,https://cemc.uwaterloo.ca/sites/default/files/documents/2026/2025BCCContest9_10.html,preview View Contest arrow_forward,contest archive,Waterloo CEMC past contests,English/French,final_resources.csv
Canada,https://cemc.uwaterloo.ca/sites/default/files/documents/2026/2025BCCContest5_6.html,preview View Contest arrow_forward,contest archive,Waterloo CEMC past contests,English/French,final_resources.csv
Canada,https://cemc.uwaterloo.ca/sites/default/files/documents/2025/2024BCCContest5_6.html,preview View Contest arrow_forward,contest archive,Waterloo CEMC past contests,English/French,final_resources.csv
Canada,https://cemc.uwaterloo.ca/sites/default/files/documents/2025/2024BCCContest7_8.html,preview View Contest arrow_forward,contest archive,Waterloo CEMC past contests,English/French,final_resources.csv
Canada,https://cemc.uwaterloo.ca/sites/default/files/documents/2025/2024BCCContest9_10.html,preview View Contest arrow_forward,contest archive,Waterloo CEMC past contests,English/French,final_resources.csv
Canada,https://cemc.uwaterloo.ca/sites/default/files/documents/2024/2023BCCContest7_8.html,preview View Contest arrow_forward,contest archive,Waterloo CEMC past contests,English/French,final_resources.csv
Canada,https://cemc.uwaterloo.ca/sites/default/files/documents/2024/2023BCCContest5_6.html,preview View Contest arrow_forward,contest archive,Waterloo CEMC past contests,English/French,final_resources.csv
Canada,https://cemc.uwaterloo.ca/sites/default/files/documents/2024/2023BCCContest9_10.html,preview View Contest arrow_forward,contest archive,Waterloo CEMC past contests,English/French,final_resources.csv
Canada,https://cemc.uwaterloo.ca/sites/default/files/documents/2024/2022BCCContest7_8.html,preview View Contest arrow_forward,contest archive,Waterloo CEMC past contests,English/French,final_resources.csv
Canada,https://cemc.uwaterloo.ca/sites/default/files/documents/2026/2025BCCContestSolutions7_8.html,preview View Solution arrow_forward,contest archive,Waterloo CEMC past contests,English/French,final_resources.csv
Canada,https://cemc.uwaterloo.ca/sites/default/files/documents/2026/2025BCCContestSolutions9_10.html,preview View Solution arrow_forward,contest archive,Waterloo CEMC past contests,English/French,final_resources.csv
Canada,https://cemc.uwaterloo.ca/sites/default/files/documents/2026/2025BCCContestSolutions5_6.html,preview View Solution arrow_forward,contest archive,Waterloo CEMC past contests,English/French,final_resources.csv
Canada,https://cemc.uwaterloo.ca/sites/default/files/documents/2025/2024BCCContestSolutions5_6.html,preview View Solution arrow_forward,contest archive,Waterloo CEMC past contests,English/French,final_resources.csv
Canada,https://cemc.uwaterloo.ca/sites/default/files/documents/2025/2024BCCContestSolutions7_8.html,preview View Solution arrow_forward,contest archive,Waterloo CEMC past contests,English/French,final_resources.csv
Canada,https://cemc.uwaterloo.ca/sites/default/files/documents/2025/2024BCCContestSolutions9_10.html,preview View Solution arrow_forward,contest archive,Waterloo CEMC past contests,English/French,final_resources.csv
Canada,https://cemc.uwaterloo.ca/sites/default/files/documents/2024/2023BCCContestSolutions7_8.html,preview View Solution arrow_forward,contest archive,Waterloo CEMC past contests,English/French,final_resources.csv
Canada,https://cemc.uwaterloo.ca/sites/default/files/documents/2024/2023BCCContestSolutions5_6.html,preview View Solution arrow_forward,contest archive,Waterloo CEMC past contests,English/French,final_resources.csv
Canada,https://cemc.uwaterloo.ca/sites/default/files/documents/2024/2023BCCContestSolutions9_10.html,preview View Solution arrow_forward,contest archive,Waterloo CEMC past contests,English/French,final_resources.csv
Canada,https://cemc.uwaterloo.ca/sites/default/files/documents/2024/2022BCCContestSolutions7_8.html,preview View Solution arrow_forward,contest archive,Waterloo CEMC past contests,English/French,final_resources.csv
China,https://www.noi.cn/,Chinese National Olympiad in Informatics candidate — official gateway,contest organizer,Chinese National Olympiad in Informatics candidate,Chinese,final_resources.csv
China,https://cspsjtest.noi.cn/,NOIæ¥å,contest organizer,Chinese National Olympiad in Informatics candidate,Chinese,final_resources.csv
France,https://maths-olympiques.fr/?page_id=41,Archives,contest archive,POFM/Animath resources,French,final_resources.csv
France,https://maths-olympiques.fr/,POFM/Animath resources — official gateway,contest archive,POFM/Animath resources,French,final_resources.csv
France,https://maths-olympiques.fr/?p=21139,Résultats du test du 13 mai et sélection IMO et JBMO,contest archive,POFM/Animath resources,French,final_resources.csv
France,http://maths-olympiques.fr/?page_id=41,archives,contest archive,POFM/Animath resources,French,final_resources.csv
Germany,https://bwinf.de/olympiade/vergangene-olympiaden/,Archiv,contest archive,BWINF task collection,German,final_resources.csv
Germany,https://bwinf.de/jugendwettbewerb/aufgaben/,Aufgaben,contest archive,BWINF task collection,German,final_resources.csv
Germany,https://bwinf.de/olympiade/aufgaben/,Aufgaben,contest archive,BWINF task collection,German,final_resources.csv
Germany,https://bwinf.de/fileadmin/wettbewerbe/bundeswettbewerb/41/1_runde/Bundeswettbewerb_41_Aufgabenblatt_WEB.pdf,Aufgaben,contest archive,BWINF task collection,German,final_resources.csv
Germany,https://bwinf.de/fileadmin/wettbewerbe/bundeswettbewerb/40/1_runde/Bundeswettbewerb-Aufgabenblatt.pdf,Aufgaben,contest archive,BWINF task collection,German,final_resources.csv
Germany,https://bwinf.de/fileadmin/wettbewerbe/bundeswettbewerb/39/1_runde/Bundeswettbewerb-Aufgabenblatt.pdf,Aufgaben,contest archive,BWINF task collection,German,final_resources.csv
Germany,https://bwinf.de/fileadmin/wettbewerbe/bundeswettbewerb/38/1_runde/BwInf38-Aufgabenblatt.pdf,Aufgaben,contest archive,BWINF task collection,German,final_resources.csv
Germany,https://bwinf.de/fileadmin/wettbewerbe/bundeswettbewerb/37/1_runde/BWINF_37_Aufgaben_WEB.pdf,Aufgaben (Original),contest archive,BWINF task collection,German,final_resources.csv
Germany,https://bwinf.de/fileadmin/wettbewerbe/bundeswettbewerb/36/1_runde/BWINF_36_Aufgaben_WEB.pdf,Aufgaben (Original),contest archive,BWINF task collection,German,final_resources.csv
Germany,https://bwinf.de/fileadmin/wettbewerbe/bundeswettbewerb/35/1_runde/BWINF_35_Aufgaben_WEB.pdf,Aufgaben (Original),contest archive,BWINF task collection,German,final_resources.csv
Germany,https://bwinf.de/fileadmin/wettbewerbe/bundeswettbewerb/34/1_runde/34_Aufgaben.pdf,Aufgaben (Original),contest archive,BWINF task collection,German,final_resources.csv
Germany,https://bwinf.de/fileadmin/wettbewerbe/bundeswettbewerb/33/1_runde/Aufgabenblatt331_Aufgaben.pdf,Aufgaben (Original),contest archive,BWINF task collection,German,final_resources.csv
Germany,https://bwinf.de/fileadmin/wettbewerbe/bundeswettbewerb/32/1_runde/Aufgabenblatt321_Aufgaben.pdf,Aufgaben (Original),contest archive,BWINF task collection,German,final_resources.csv
Germany,https://bwinf.de/fileadmin/wettbewerbe/bundeswettbewerb/31/1_runde/Aufgabenblatt311_Aufgaben.pdf,Aufgaben (Original),contest archive,BWINF task collection,German,final_resources.csv
Germany,https://bwinf.de/fileadmin/wettbewerbe/bundeswettbewerb/34/aufgaben343.pdf,Aufgaben Endrunde,contest archive,BWINF task collection,German,final_resources.csv
Germany,https://bwinf.de/fileadmin/wettbewerbe/bundeswettbewerb/43/1_runde/Aufgaben431.pdf,Aufgabenblatt 1. Runde,contest archive,BWINF task collection,German,final_resources.csv
Germany,https://bwinf.de/fileadmin/wettbewerbe/bundeswettbewerb/42/1_runde/BwInf_42_Aufgaben_WEB.pdf,Aufgabenblatt 1. Runde,contest archive,BWINF task collection,German,final_resources.csv
Germany,https://bwinf.de/fileadmin/wettbewerbe/bundeswettbewerb/44/1_Runde/Aufgaben441.pdf,Aufgabenblatt 1. Runde (PDF),contest archive,BWINF task collection,German,final_resources.csv
Germany,https://bwinf.de/fileadmin/wettbewerbe/bundeswettbewerb/40/1_runde/Bundeswettbewerb40-Mantel.pdf,"Aufgabenblatt 1. Runde: ""Mantelbogen"" mit allgemeinen Infos (Original)",contest archive,BWINF task collection,German,final_resources.csv
Germany,https://bwinf.de/fileadmin/wettbewerbe/bundeswettbewerb/39/1_runde/Bundeswettbewerb39-Mantel.pdf,"Aufgabenblatt 1. Runde: ""Mantelbogen"" mit allgemeinen Infos (Original)",contest archive,BWINF task collection,German,final_resources.csv
Germany,https://bwinf.de/fileadmin/wettbewerbe/bundeswettbewerb/38/1_runde/BwInf38-Mantel.pdf,"Aufgabenblatt 1. Runde: ""Mantelbogen"" mit allgemeinen Infos (Original)",contest archive,BWINF task collection,German,final_resources.csv
Germany,https://bwinf.de/fileadmin/wettbewerbe/bundeswettbewerb/37/1_runde/BWINF_37_Mantel_2018_WEB.pdf,"Aufgabenblatt 1. Runde: ""Mantelbogen"" mit allgemeinen Infos (Original)",contest archive,BWINF task collection,German,final_resources.csv
Germany,https://bwinf.de/fileadmin/wettbewerbe/bundeswettbewerb/36/1_runde/BwInf_36_Mantel_WEB.pdf,"Aufgabenblatt 1. Runde: ""Mantelbogen"" mit allgemeinen Infos (Original)",contest archive,BWINF task collection,German,final_resources.csv
Germany,https://bwinf.de/fileadmin/wettbewerbe/bundeswettbewerb/35/1_runde/BWINF_35_Mantel_WEB.pdf,"Aufgabenblatt 1. Runde: ""Mantelbogen"" mit allgemeinen Infos (Original)",contest archive,BWINF task collection,German,final_resources.csv
Germany,https://bwinf.de/fileadmin/wettbewerbe/bundeswettbewerb/34/1_runde/34_Mantel.pdf,"Aufgabenblatt 1. Runde: ""Mantelbogen"" mit allgemeinen Infos (Original)",contest archive,BWINF task collection,German,final_resources.csv
Germany,https://bwinf.de/fileadmin/wettbewerbe/bundeswettbewerb/33/1_runde/Aufgabenblatt331_Mantel.pdf,"Aufgabenblatt 1. Runde: ""Mantelbogen"" mit allgemeinen Infos (Original)",contest archive,BWINF task collection,German,final_resources.csv
Germany,https://bwinf.de/fileadmin/wettbewerbe/bundeswettbewerb/32/1_runde/Aufgabenblatt321_Mantel.pdf,"Aufgabenblatt 1. Runde: ""Mantelbogen"" mit allgemeinen Infos (Original)",contest archive,BWINF task collection,German,final_resources.csv
Germany,https://bwinf.de/fileadmin/wettbewerbe/bundeswettbewerb/31/1_runde/Aufgabenblatt311_Mantel.pdf,"Aufgabenblatt 1. Runde: ""Mantelbogen"" mit allgemeinen Infos (Original)",contest archive,BWINF task collection,German,final_resources.csv
Germany,https://bwinf.de/fileadmin/wettbewerbe/bundeswettbewerb/30/1_runde/Aufgabenblatt301.pdf,Aufgabenblatt 1. Runde: Aufgaben (Original),contest archive,BWINF task collection,German,final_resources.csv
Germany,https://bwinf.de/fileadmin/wettbewerbe/bundeswettbewerb/43/2_runde/Aufgaben432.pdf,Aufgabenblatt 2. Runde,contest archive,BWINF task collection,German,final_resources.csv
Germany,https://bwinf.de/fileadmin/wettbewerbe/bundeswettbewerb/42/2_runde/aufgaben422.pdf,Aufgabenblatt 2. Runde,contest archive,BWINF task collection,German,final_resources.csv
Germany,https://bwinf.de/fileadmin/wettbewerbe/bundeswettbewerb/41/2_runde/aufgaben412.pdf,Aufgabenblatt 2. Runde,contest archive,BWINF task collection,German,final_resources.csv
Germany,https://bwinf.de/fileadmin/wettbewerbe/bundeswettbewerb/40/2_runde/aufgaben402.pdf,Aufgabenblatt 2. Runde,contest archive,BWINF task collection,German,final_resources.csv
Germany,https://bwinf.de/fileadmin/wettbewerbe/bundeswettbewerb/39/2_runde/aufgaben392.pdf,Aufgabenblatt 2. Runde,contest archive,BWINF task collection,German,final_resources.csv
Germany,https://bwinf.de/fileadmin/wettbewerbe/bundeswettbewerb/38/2_runde/aufgaben382.pdf,Aufgabenblatt 2. Runde,contest archive,BWINF task collection,German,final_resources.csv
Germany,https://bwinf.de/fileadmin/wettbewerbe/bundeswettbewerb/37/2_runde/aufgaben372.pdf,Aufgabenblatt 2. Runde,contest archive,BWINF task collection,German,final_resources.csv
Germany,https://bwinf.de/fileadmin/wettbewerbe/bundeswettbewerb/36/2_runde/aufgaben362.pdf,Aufgabenblatt 2. Runde,contest archive,BWINF task collection,German,final_resources.csv
Germany,https://bwinf.de/fileadmin/wettbewerbe/bundeswettbewerb/35/2_runde/aufgaben352.pdf,Aufgabenblatt 2. Runde,contest archive,BWINF task collection,German,final_resources.csv
Germany,https://bwinf.de/fileadmin/wettbewerbe/bundeswettbewerb/34/2_runde/aufgaben342.pdf,Aufgabenblatt 2. Runde,contest archive,BWINF task collection,German,final_resources.csv
Germany,https://bwinf.de/fileadmin/wettbewerbe/bundeswettbewerb/33/2_runde/aufgaben332.pdf,Aufgabenblatt 2. Runde,contest archive,BWINF task collection,German,final_resources.csv
Germany,https://bwinf.de/fileadmin/wettbewerbe/bundeswettbewerb/32/2_runde/aufgaben322.pdf,Aufgabenblatt 2. Runde,contest archive,BWINF task collection,German,final_resources.csv
Germany,https://bwinf.de/fileadmin/wettbewerbe/bundeswettbewerb/31/2_runde/aufgaben312.pdf,Aufgabenblatt 2. Runde,contest archive,BWINF task collection,German,final_resources.csv
Germany,https://bwinf.de/fileadmin/wettbewerbe/bundeswettbewerb/30/2_runde/aufgaben302.pdf,Aufgabenblatt 2. Runde,contest archive,BWINF task collection,German,final_resources.csv
Germany,https://bwinf.de/fileadmin/wettbewerbe/bundeswettbewerb/44/2_Runde/Aufgaben442.pdf,Aufgabenblatt 2. Runde (PDF),contest archive,BWINF task collection,German,final_resources.csv
Germany,https://bwinf.de/fileadmin/wettbewerbe/bundeswettbewerb/34/1_runde/34_Beispielloesung.pdf,"Beispiellösung ""Buffet-Lotterie"" vom 34. Bundeswettbewerb",contest archive,BWINF task collection,German,final_resources.csv
Germany,https://bwinf.de/fileadmin/wettbewerbe/bundeswettbewerb/19/Beispielloesung_19.pdf,"Beispiellösung ""Der Geschäftsführer und sein Handy"" vom 19. Bundeswettbewerb",contest archive,BWINF task collection,German,final_resources.csv
Germany,https://bwinf.de/fileadmin/wettbewerbe/bundeswettbewerb/35/1_runde/BWINF_35_Beispielloesung_WEB.pdf,"Beispiellösung ""Flaschenzug"" vom 35. Bundeswettbewerb",contest archive,BWINF task collection,German,final_resources.csv
Germany,https://bwinf.de/fileadmin/wettbewerbe/bundeswettbewerb/22/Beispielloesung_22.pdf,"Beispiellösung ""Graf Rüdeger"" vom 22. Bundeswettbewerb",contest archive,BWINF task collection,German,final_resources.csv
Germany,https://bwinf.de/fileadmin/wettbewerbe/bundeswettbewerb/23/Beispielloesung_23.pdf,"Beispiellösung ""Raff"" vom 23. Bundeswettbewerb",contest archive,BWINF task collection,German,final_resources.csv
Germany,https://bwinf.de/fileadmin/wettbewerbe/bundeswettbewerb/31/1_runde/Beispiell%C3%B6sung_31.pdf,"Beispiellösung ""Rechteckschoner"" vom 31. Bundeswettbewerb",contest archive,BWINF task collection,German,final_resources.csv
Germany,https://bwinf.de/fileadmin/wettbewerbe/bundeswettbewerb/36/1_runde/BwInf_36_Beispielloesung_WEB.pdf,"Beispiellösung ""Rhinozelfant"" vom 36. Bundeswettbewerb",contest archive,BWINF task collection,German,final_resources.csv
Germany,https://bwinf.de/fileadmin/wettbewerbe/bundeswettbewerb/21/Beispielloesung_21.pdf,"Beispiellösung ""Ribo-Natter"" vom 21. Bundeswettbewerb",contest archive,BWINF task collection,German,final_resources.csv
Germany,https://bwinf.de/fileadmin/wettbewerbe/bundeswettbewerb/32/1_runde/Aufgabenblatt321_Beispielloesung.pdf,"Beispiellösung ""Skyline"" vom 32. Bundeswettbewerb",contest archive,BWINF task collection,German,final_resources.csv
Germany,https://bwinf.de/fileadmin/wettbewerbe/bundeswettbewerb/33/1_runde/Aufgabenblatt331_Beispielloesung.pdf,"Beispiellösung ""Songwriter"" vom 33. Bundeswettbewerb",contest archive,BWINF task collection,German,final_resources.csv
Germany,https://bwinf.de/fileadmin/wettbewerbe/bundeswettbewerb/24/Beispielloesung_24.pdf,"Beispiellösung ""tratsCH trATsch"" vom 24. Bundeswettbewerb",contest archive,BWINF task collection,German,final_resources.csv
Germany,https://bwinf.de/biber/bibertests/,Bibertests,contest archive,BWINF task collection,German,final_resources.csv
Germany,https://bwinf.de/girls/egoi/,EGOI - European Girls' Olympiad in Informatics,contest archive,BWINF task collection,German,final_resources.csv
Germany,https://bwinf.de/olympiade/,Informatik-Olympiade,contest archive,BWINF task collection,German,final_resources.csv
Germany,https://bwinf.de/fileadmin/wettbewerbe/bundeswettbewerb/42/1_runde/Loesungshinweise421.pdf,Lösungshinweise 1. Runde,contest archive,BWINF task collection,German,final_resources.csv
Germany,https://bwinf.de/fileadmin/wettbewerbe/bundeswettbewerb/41/1_runde/Loesungshinweise411.pdf,Lösungshinweise 1. Runde,contest archive,BWINF task collection,German,final_resources.csv
Germany,https://bwinf.de/fileadmin/wettbewerbe/bundeswettbewerb/40/1_runde/loesungshinweise401.pdf,Lösungshinweise 1. Runde,contest archive,BWINF task collection,German,final_resources.csv
Germany,https://bwinf.de/fileadmin/wettbewerbe/bundeswettbewerb/39/1_runde/loesungshinweise391.pdf,Lösungshinweise 1. Runde,contest archive,BWINF task collection,German,final_resources.csv
Germany,https://bwinf.de/fileadmin/wettbewerbe/bundeswettbewerb/38/1_runde/loesungshinweise381.pdf,Lösungshinweise 1. Runde,contest archive,BWINF task collection,German,final_resources.csv
Germany,https://bwinf.de/fileadmin/wettbewerbe/bundeswettbewerb/37/1_runde/loesungshinweise371.pdf,Lösungshinweise 1. Runde,contest archive,BWINF task collection,German,final_resources.csv
Germany,https://bwinf.de/fileadmin/wettbewerbe/bundeswettbewerb/36/1_runde/loesungshinweise361_2217_.pdf,Lösungshinweise 1. Runde,contest archive,BWINF task collection,German,final_resources.csv
Germany,https://bwinf.de/fileadmin/wettbewerbe/bundeswettbewerb/35/1_runde/loesungshinweise351.pdf,Lösungshinweise 1. Runde,contest archive,BWINF task collection,German,final_resources.csv
Germany,https://bwinf.de/fileadmin/wettbewerbe/bundeswettbewerb/34/1_runde/loesungshinweise341.pdf,Lösungshinweise 1. Runde,contest archive,BWINF task collection,German,final_resources.csv
Germany,https://bwinf.de/fileadmin/wettbewerbe/bundeswettbewerb/33/1_runde/loesungshinweise331.pdf,Lösungshinweise 1. Runde,contest archive,BWINF task collection,German,final_resources.csv
Germany,https://bwinf.de/fileadmin/wettbewerbe/bundeswettbewerb/32/1_runde/loesungshinweise321.pdf,Lösungshinweise 1. Runde,contest archive,BWINF task collection,German,final_resources.csv
Germany,https://bwinf.de/fileadmin/wettbewerbe/bundeswettbewerb/31/1_runde/loesungshinweise311_01.pdf,Lösungshinweise 1. Runde,contest archive,BWINF task collection,German,final_resources.csv
Germany,https://bwinf.de/fileadmin/wettbewerbe/bundeswettbewerb/30/1_runde/loesungshinweise301_01.pdf,Lösungshinweise 1. Runde,contest archive,BWINF task collection,German,final_resources.csv
Germany,https://bwinf.de/fileadmin/wettbewerbe/bundeswettbewerb/42/2_runde/Loesungshinweise422.pdf,Lösungshinweise 2. Runde,contest archive,BWINF task collection,German,final_resources.csv
Germany,https://bwinf.de/fileadmin/wettbewerbe/bundeswettbewerb/41/2_runde/loesungshinweise412.pdf,Lösungshinweise 2. Runde,contest archive,BWINF task collection,German,final_resources.csv
Germany,https://bwinf.de/fileadmin/wettbewerbe/bundeswettbewerb/40/2_runde/loesungshinweise402.pdf,Lösungshinweise 2. Runde,contest archive,BWINF task collection,German,final_resources.csv
Germany,https://bwinf.de/fileadmin/wettbewerbe/bundeswettbewerb/39/2_runde/loesungshinweis392.pdf,Lösungshinweise 2. Runde,contest archive,BWINF task collection,German,final_resources.csv
Germany,https://bwinf.de/fileadmin/wettbewerbe/bundeswettbewerb/38/2_runde/loesungshinweise382.pdf,Lösungshinweise 2. Runde,contest archive,BWINF task collection,German,final_resources.csv
Germany,https://bwinf.de/fileadmin/wettbewerbe/bundeswettbewerb/37/2_runde/loesungshinweise372.pdf,Lösungshinweise 2. Runde,contest archive,BWINF task collection,German,final_resources.csv
Germany,https://bwinf.de/fileadmin/wettbewerbe/bundeswettbewerb/36/2_runde/loesungshinweise362.pdf,Lösungshinweise 2. Runde,contest archive,BWINF task collection,German,final_resources.csv
Germany,https://bwinf.de/fileadmin/wettbewerbe/bundeswettbewerb/35/2_runde/loesungshinweise_352.pdf,Lösungshinweise 2. Runde,contest archive,BWINF task collection,German,final_resources.csv
Germany,https://bwinf.de/fileadmin/wettbewerbe/bundeswettbewerb/34/2_runde/loesungshinweise342_01.pdf,Lösungshinweise 2. Runde,contest archive,BWINF task collection,German,final_resources.csv
Germany,https://bwinf.de/fileadmin/wettbewerbe/bundeswettbewerb/33/2_runde/loesungshinweise332_01.pdf,Lösungshinweise 2. Runde,contest archive,BWINF task collection,German,final_resources.csv
Germany,https://bwinf.de/fileadmin/wettbewerbe/bundeswettbewerb/32/2_runde/loesungshinweise322.pdf,Lösungshinweise 2. Runde,contest archive,BWINF task collection,German,final_resources.csv
Germany,https://bwinf.de/fileadmin/wettbewerbe/bundeswettbewerb/31/2_runde/loesungshinweise312_01.pdf,Lösungshinweise 2. Runde,contest archive,BWINF task collection,German,final_resources.csv
Germany,https://bwinf.de/fileadmin/wettbewerbe/bundeswettbewerb/30/2_runde/loesungshinweise_302.pdf,Lösungshinweise 2. Runde,contest archive,BWINF task collection,German,final_resources.csv
Germany,https://bwinf.de/fileadmin/wettbewerbe/bundeswettbewerb/43/2_runde/Loesungshinweise432.pdf,Lösungshinweise 2. Runde (PDF),contest archive,BWINF task collection,German,final_resources.csv
Germany,https://bwinf.de/olympiade/2026/,Olympiaden 2026,contest archive,BWINF task collection,German,final_resources.csv
Germany,https://bwinf.de/olympiade/teilnehmen/,Teilnehmen,contest archive,BWINF task collection,German,final_resources.csv
Germany,https://bwinf.de/bundeswettbewerb/aufgaben/#c2902,besonders beliebte Aufgaben,contest archive,BWINF task collection,German,final_resources.csv
Germany,https://bwinf.de/fileadmin/wettbewerbe/bundeswettbewerb/35/1_runde/aufgabenblatt351_simple.pdf,einfach,contest archive,BWINF task collection,German,final_resources.csv
Germany,https://bwinf.de/fileadmin/wettbewerbe/bundeswettbewerb/34/1_runde/aufgabenblatt341_simple.pdf,einfach,contest archive,BWINF task collection,German,final_resources.csv
Germany,https://bwinf.de/fileadmin/wettbewerbe/bundeswettbewerb/33/1_runde/aufgabenblatt331_simple.pdf,einfach,contest archive,BWINF task collection,German,final_resources.csv
Germany,https://bwinf.de/fileadmin/wettbewerbe/bundeswettbewerb/32/1_runde/Aufgabenblatt321_Einfach.pdf,einfach,contest archive,BWINF task collection,German,final_resources.csv
Germany,https://bwinf.de/fileadmin/wettbewerbe/bundeswettbewerb/31/1_runde/Aufgabenblatt311_simple.pdf,einfach,contest archive,BWINF task collection,German,final_resources.csv
Germany,https://bwinf.de/fileadmin/wettbewerbe/bundeswettbewerb/30/1_runde/Aufgabenblatt301_simple.pdf,einfach,contest archive,BWINF task collection,German,final_resources.csv
Germany,https://bwinf.de/bundeswettbewerb/aufgaben/#c2899,einige Beispiellösungen,contest archive,BWINF task collection,German,final_resources.csv
Germany,https://bwinf.de/fileadmin/wettbewerbe/bundeswettbewerb/29/Beispielloesung_29.pdf,vom 29. Bundeswettbewerb (Druckfassung),contest archive,BWINF task collection,German,final_resources.csv
Germany,https://www.testas.de/fileadmin/bilder/4_pdf-video/1-teilnehmende/testas_modellaufgaben_englisch_2017_kl.pdf,TestAS model questions — official gateway,admissions practice,TestAS model questions,English,final_resources.csv
India,https://olympiads.hbcse.tifr.res.in/olympiads/wp-content/uploads/2016/09/INMO-2016-hindi-version.pdf,.Hindi Version,Olympiad archive,HBCSE Olympiad past papers,English/Hindi,final_resources.csv
India,https://olympiads.hbcse.tifr.res.in/wp-content/uploads/2024/03/INMO2024-Q.-Paper.pdf,1.,Olympiad archive,HBCSE Olympiad past papers,English/Hindi,final_resources.csv
India,https://olympiads.hbcse.tifr.res.in/wp-content/uploads/2025/01/INMO2025_Hindi_English.pdf,1. Question Paper,Olympiad archive,HBCSE Olympiad past papers,English/Hindi,final_resources.csv
India,https://olympiads.hbcse.tifr.res.in/wp-content/uploads/2023/01/INMO23_qp.pdf,1. Question Paper,Olympiad archive,HBCSE Olympiad past papers,English/Hindi,final_resources.csv
India,https://olympiads.hbcse.tifr.res.in/olympiads/wp-content/uploads/2016/09/prermo2015-1-a.pdf,1.PRMO 2015 set a,Olympiad archive,HBCSE Olympiad past papers,English/Hindi,final_resources.csv
India,https://olympiads.hbcse.tifr.res.in/wp-content/uploads/2024/02/INMO_2024_final_solutions.pdf,2. Solutions,Olympiad archive,HBCSE Olympiad past papers,English/Hindi,final_resources.csv
India,https://olympiads.hbcse.tifr.res.in/wp-content/uploads/2023/03/solutions.pdf,2. Solutions,Olympiad archive,HBCSE Olympiad past papers,English/Hindi,final_resources.csv
India,https://olympiads.hbcse.tifr.res.in/olympiads/wp-content/uploads/2016/09/prermo2015-1-b.pdf,2.PRMO 2015 set b,Olympiad archive,HBCSE Olympiad past papers,English/Hindi,final_resources.csv
India,https://olympiads.hbcse.tifr.res.in/wp-content/uploads/2026/01/INAO2025-Answerbooklet.pdf,Answer Booklet,Olympiad archive,HBCSE Olympiad past papers,English/Hindi,final_resources.csv
India,https://olympiads.hbcse.tifr.res.in/wp-content/uploads/2026/01/INAO2024-Answerbooklet.pdf,Answer Booklet,Olympiad archive,HBCSE Olympiad past papers,English/Hindi,final_resources.csv
India,https://olympiads.hbcse.tifr.res.in/wp-content/uploads/2026/01/INBO2025-Answerbooklet.pdf,Answer Booklet,Olympiad archive,HBCSE Olympiad past papers,English/Hindi,final_resources.csv
India,https://olympiads.hbcse.tifr.res.in/wp-content/uploads/2026/01/INBO2024-Answerbooklet.pdf,Answer Booklet,Olympiad archive,HBCSE Olympiad past papers,English/Hindi,final_resources.csv
India,https://olympiads.hbcse.tifr.res.in/wp-content/uploads/2026/01/INCHO2025-Answerbooklet.pdf,Answer Booklet,Olympiad archive,HBCSE Olympiad past papers,English/Hindi,final_resources.csv
India,https://olympiads.hbcse.tifr.res.in/wp-content/uploads/2026/01/INPHO2025-Answerbooklet.pdf,Answer Booklet,Olympiad archive,HBCSE Olympiad past papers,English/Hindi,final_resources.csv
India,https://olympiads.hbcse.tifr.res.in/wp-content/uploads/2026/01/INPHO2024-Answerbooklet.pdf,Answer Booklet,Olympiad archive,HBCSE Olympiad past papers,English/Hindi,final_resources.csv
India,https://olympiads.hbcse.tifr.res.in/wp-content/uploads/2025/10/final-key-7th-September.pdf,Answer Key,Olympiad archive,HBCSE Olympiad past papers,English/Hindi,final_resources.csv
India,https://olympiads.hbcse.tifr.res.in/wp-content/uploads/2025/10/final-key-28th-September.pdf,Answer Key,Olympiad archive,HBCSE Olympiad past papers,English/Hindi,final_resources.csv
India,https://olympiads.hbcse.tifr.res.in/wp-content/uploads/2025/04/ioqm2024-answerkey.pdf,Answer Key,Olympiad archive,HBCSE Olympiad past papers,English/Hindi,final_resources.csv
India,https://olympiads.hbcse.tifr.res.in/olympiads/wp-content/uploads/2018/05/solutions-KL-TN-18.pdf,Answer Key for RMO 2018 (KL-TN),Olympiad archive,HBCSE Olympiad past papers,English/Hindi,final_resources.csv
India,https://olympiads.hbcse.tifr.res.in/olympiads/wp-content/uploads/2019/02/Inmo-2019-Solutions.pdf,Answer Key to INMO 2019,Olympiad archive,HBCSE Olympiad past papers,English/Hindi,final_resources.csv
India,https://olympiads.hbcse.tifr.res.in/answer-key-to-prmo-2018/,Answer Key to PRMO 2018,Olympiad archive,HBCSE Olympiad past papers,English/Hindi,final_resources.csv
India,https://olympiads.hbcse.tifr.res.in/wp-content/uploads/2019/08/PRMO-2019-ans-key-19.pdf,Answer Key to PRMO 2019,Olympiad archive,HBCSE Olympiad past papers,English/Hindi,final_resources.csv
India,https://olympiads.hbcse.tifr.res.in/olympiads/wp-content/uploads/2018/05/solutions-crmo-18.pdf,Answer Key to RMO 2018,Olympiad archive,HBCSE Olympiad past papers,English/Hindi,final_resources.csv
India,https://olympiads.hbcse.tifr.res.in/wp-content/uploads/2019/10/rmosolutions2019.pdf,Answer Key to RMO 2019,Olympiad archive,HBCSE Olympiad past papers,English/Hindi,final_resources.csv
India,https://olympiads.hbcse.tifr.res.in/olympiads/wp-content/uploads/2016/09/crmosol-12-1.pdf,CRMO 2012 Paper & Solution 1,Olympiad archive,HBCSE Olympiad past papers,English/Hindi,final_resources.csv
India,https://olympiads.hbcse.tifr.res.in/olympiads/wp-content/uploads/2016/09/crmosol-12-2.pdf,CRMO 2012 Paper & Solution 2,Olympiad archive,HBCSE Olympiad past papers,English/Hindi,final_resources.csv
India,https://olympiads.hbcse.tifr.res.in/olympiads/wp-content/uploads/2016/09/crmosol-12-3.pdf,CRMO 2012 Paper & Solution 3,Olympiad archive,HBCSE Olympiad past papers,English/Hindi,final_resources.csv
India,https://olympiads.hbcse.tifr.res.in/olympiads/wp-content/uploads/2016/09/crmosol-12-4.pdf,CRMO 2012 Paper & Solution 4,Olympiad archive,HBCSE Olympiad past papers,English/Hindi,final_resources.csv
India,https://olympiads.hbcse.tifr.res.in/olympiads/wp-content/uploads/2016/09/crmo-2013-paper-1.pdf,CRMO 2013 Paper 1,Olympiad archive,HBCSE Olympiad past papers,English/Hindi,final_resources.csv
India,https://olympiads.hbcse.tifr.res.in/olympiads/wp-content/uploads/2016/09/crmo-2013-paper-2.pdf,CRMO 2013 Paper 2,Olympiad archive,HBCSE Olympiad past papers,English/Hindi,final_resources.csv
India,https://olympiads.hbcse.tifr.res.in/olympiads/wp-content/uploads/2016/09/crmo-2013-paper-3.pdf,CRMO 2013 Paper 3,Olympiad archive,HBCSE Olympiad past papers,English/Hindi,final_resources.csv
India,https://olympiads.hbcse.tifr.res.in/olympiads/wp-content/uploads/2016/09/crmo-2013-paper-4.pdf,CRMO 2013 Paper 4,Olympiad archive,HBCSE Olympiad past papers,English/Hindi,final_resources.csv
India,https://olympiads.hbcse.tifr.res.in/wp-content/uploads/2022/05/sol_crmo_14_1.pdf,CRMO 2014 Paper 1,Olympiad archive,HBCSE Olympiad past papers,English/Hindi,final_resources.csv
India,https://olympiads.hbcse.tifr.res.in/olympiads/wp-content/uploads/2016/09/crmo-14-2.pdf,CRMO 2014 Paper 2,Olympiad archive,HBCSE Olympiad past papers,English/Hindi,final_resources.csv
India,https://olympiads.hbcse.tifr.res.in/olympiads/wp-content/uploads/2016/09/crmo-14-3.pdf,CRMO 2014 Paper 3,Olympiad archive,HBCSE Olympiad past papers,English/Hindi,final_resources.csv
India,https://olympiads.hbcse.tifr.res.in/olympiads/wp-content/uploads/2016/09/crmo-14-4.pdf,CRMO 2014 Paper 4,Olympiad archive,HBCSE Olympiad past papers,English/Hindi,final_resources.csv
India,https://olympiads.hbcse.tifr.res.in/olympiads/wp-content/uploads/2016/09/crmo-15-1.pdf,CRMO 2015 Paper 1,Olympiad archive,HBCSE Olympiad past papers,English/Hindi,final_resources.csv
India,https://olympiads.hbcse.tifr.res.in/olympiads/wp-content/uploads/2016/09/crmo-15-2.pdf,CRMO 2015 Paper 2,Olympiad archive,HBCSE Olympiad past papers,English/Hindi,final_resources.csv
India,https://olympiads.hbcse.tifr.res.in/olympiads/wp-content/uploads/2016/09/crmo-15-3.pdf,CRMO 2015 Paper 3,Olympiad archive,HBCSE Olympiad past papers,English/Hindi,final_resources.csv
India,https://olympiads.hbcse.tifr.res.in/olympiads/wp-content/uploads/2016/09/crmo-15-4.pdf,CRMO 2015 Paper 4,Olympiad archive,HBCSE Olympiad past papers,English/Hindi,final_resources.csv
India,https://olympiads.hbcse.tifr.res.in/olympiads/wp-content/uploads/2016/11/QPcrmo-16_1.pdf,CRMO 2016 Paper 1,Olympiad archive,HBCSE Olympiad past papers,English/Hindi,final_resources.csv
India,https://olympiads.hbcse.tifr.res.in/olympiads/wp-content/uploads/2016/11/QPcrmo-16_2.pdf,CRMO 2016 Paper 2,Olympiad archive,HBCSE Olympiad past papers,English/Hindi,final_resources.csv
India,https://olympiads.hbcse.tifr.res.in/olympiads/wp-content/uploads/2016/11/QPcrmo-16_3.pdf,CRMO 2016 Paper 3,Olympiad archive,HBCSE Olympiad past papers,English/Hindi,final_resources.csv
India,https://olympiads.hbcse.tifr.res.in/olympiads/wp-content/uploads/2016/11/crmo-16_4.pdf,CRMO 2016 Paper 4,Olympiad archive,HBCSE Olympiad past papers,English/Hindi,final_resources.csv
India,https://olympiads.hbcse.tifr.res.in/how-to-participate/eligibility/,Eligibility,Olympiad archive,HBCSE Olympiad past papers,English/Hindi,final_resources.csv
India,https://olympiads.hbcse.tifr.res.in/wp-content/uploads/2025/10/en.M1.pdf,English,Olympiad archive,HBCSE Olympiad past papers,English/Hindi,final_resources.csv
India,https://olympiads.hbcse.tifr.res.in/wp-content/uploads/2025/10/en.ver1_.pdf,English,Olympiad archive,HBCSE Olympiad past papers,English/Hindi,final_resources.csv
India,https://olympiads.hbcse.tifr.res.in/wp-content/uploads/2025/11/RMO-2025-Paper-1.pdf,English,Olympiad archive,HBCSE Olympiad past papers,English/Hindi,final_resources.csv
India,https://olympiads.hbcse.tifr.res.in/wp-content/uploads/2025/11/RMO-2025-Paper-2.pdf,English,Olympiad archive,HBCSE Olympiad past papers,English/Hindi,final_resources.csv
India,https://olympiads.hbcse.tifr.res.in/wp-content/uploads/2026/01/INMO-2026.pdf,English,Olympiad archive,HBCSE Olympiad past papers,English/Hindi,final_resources.csv
India,https://olympiads.hbcse.tifr.res.in/wp-content/uploads/2025/04/ioqm-2024-english.pdf,English,Olympiad archive,HBCSE Olympiad past papers,English/Hindi,final_resources.csv
India,https://olympiads.hbcse.tifr.res.in/olympiads/wp-content/uploads/2016/09/INMO-2016-English-Version.pdf,English Version,Olympiad archive,HBCSE Olympiad past papers,English/Hindi,final_resources.csv
India,https://olympiads.hbcse.tifr.res.in/how-to-participate/enrollment/,Enrollment,Olympiad archive,HBCSE Olympiad past papers,English/Hindi,final_resources.csv
India,https://olympiads.hbcse.tifr.res.in/for-teachers/,For Teachers,Olympiad archive,HBCSE Olympiad past papers,English/Hindi,final_resources.csv
India,https://olympiads.hbcse.tifr.res.in/about-olympiads/funding/,Funding,Olympiad archive,HBCSE Olympiad past papers,English/Hindi,final_resources.csv
India,https://olympiads.hbcse.tifr.res.in/how-to-prepare/past-papers/,HBCSE Olympiad past papers — official gateway,Olympiad archive,HBCSE Olympiad past papers,English/Hindi,final_resources.csv
India,https://olympiads.hbcse.tifr.res.in/wp-content/uploads/2025/10/hi.M1.pdf,Hindi,Olympiad archive,HBCSE Olympiad past papers,English/Hindi,final_resources.csv
India,https://olympiads.hbcse.tifr.res.in/wp-content/uploads/2025/10/hi.ver1_.pdf,Hindi,Olympiad archive,HBCSE Olympiad past papers,English/Hindi,final_resources.csv
India,https://olympiads.hbcse.tifr.res.in/wp-content/uploads/2025/11/rmo_nov_2025_paper-1_hindi.pdf,Hindi,Olympiad archive,HBCSE Olympiad past papers,English/Hindi,final_resources.csv
India,https://olympiads.hbcse.tifr.res.in/wp-content/uploads/2025/11/rmo_nov_2025_paper-2_hindi.pdf,Hindi,Olympiad archive,HBCSE Olympiad past papers,English/Hindi,final_resources.csv
India,https://olympiads.hbcse.tifr.res.in/wp-content/uploads/2026/01/INMO_2025_hindi_correct.pdf,Hindi,Olympiad archive,HBCSE Olympiad past papers,English/Hindi,final_resources.csv
India,https://olympiads.hbcse.tifr.res.in/wp-content/uploads/2025/04/ioqm2024-hindi.pdf,Hindi,Olympiad archive,HBCSE Olympiad past papers,English/Hindi,final_resources.csv
India,https://olympiads.hbcse.tifr.res.in/how-to-prepare/past-papers/#%20,How To Prepare,Olympiad archive,HBCSE Olympiad past papers,English/Hindi,final_resources.csv
India,https://olympiads.hbcse.tifr.res.in/olympiads/wp-content/uploads/2016/09/inmo-sol-2000.pdf,INMO 2000,Olympiad archive,HBCSE Olympiad past papers,English/Hindi,final_resources.csv
India,https://olympiads.hbcse.tifr.res.in/olympiads/wp-content/uploads/2016/09/inmo-sol-2001.pdf,INMO 2001,Olympiad archive,HBCSE Olympiad past papers,English/Hindi,final_resources.csv
India,https://olympiads.hbcse.tifr.res.in/olympiads/wp-content/uploads/2016/09/inmo-2002.pdf,INMO 2002,Olympiad archive,HBCSE Olympiad past papers,English/Hindi,final_resources.csv
India,https://olympiads.hbcse.tifr.res.in/olympiads/wp-content/uploads/2016/09/inmo-2003.pdf,INMO 2003,Olympiad archive,HBCSE Olympiad past papers,English/Hindi,final_resources.csv
India,https://olympiads.hbcse.tifr.res.in/olympiads/wp-content/uploads/2016/09/inmo-2004.pdf,INMO 2004,Olympiad archive,HBCSE Olympiad past papers,English/Hindi,final_resources.csv
India,https://olympiads.hbcse.tifr.res.in/olympiads/wp-content/uploads/2016/09/inmo-2005.pdf,INMO 2005,Olympiad archive,HBCSE Olympiad past papers,English/Hindi,final_resources.csv
India,https://olympiads.hbcse.tifr.res.in/olympiads/wp-content/uploads/2016/09/inmo-2006.pdf,INMO 2006,Olympiad archive,HBCSE Olympiad past papers,English/Hindi,final_resources.csv
India,https://olympiads.hbcse.tifr.res.in/olympiads/wp-content/uploads/2016/09/inmo-2007.pdf,INMO 2007,Olympiad archive,HBCSE Olympiad past papers,English/Hindi,final_resources.csv
India,https://olympiads.hbcse.tifr.res.in/olympiads/wp-content/uploads/2016/09/inmo-2008.pdf,INMO 2008,Olympiad archive,HBCSE Olympiad past papers,English/Hindi,final_resources.csv
India,https://olympiads.hbcse.tifr.res.in/olympiads/wp-content/uploads/2016/09/inmo-2009-1.pdf,INMO 2009,Olympiad archive,HBCSE Olympiad past papers,English/Hindi,final_resources.csv
India,https://olympiads.hbcse.tifr.res.in/wp-content/uploads/2022/12/INMO2010.pdf,INMO 2010,Olympiad archive,HBCSE Olympiad past papers,English/Hindi,final_resources.csv
India,https://olympiads.hbcse.tifr.res.in/olympiads/wp-content/uploads/2016/09/inmo-sol-2011.pdf,INMO 2011,Olympiad archive,HBCSE Olympiad past papers,English/Hindi,final_resources.csv
India,https://olympiads.hbcse.tifr.res.in/olympiads/wp-content/uploads/2016/09/inmo-2012.pdf,INMO 2012,Olympiad archive,HBCSE Olympiad past papers,English/Hindi,final_resources.csv
India,https://olympiads.hbcse.tifr.res.in/olympiads/wp-content/uploads/2016/09/inmo2013-solutions.pdf,INMO 2013,Olympiad archive,HBCSE Olympiad past papers,English/Hindi,final_resources.csv
India,https://olympiads.hbcse.tifr.res.in/olympiads/wp-content/uploads/2016/09/inmo-2014.pdf,INMO 2014,Olympiad archive,HBCSE Olympiad past papers,English/Hindi,final_resources.csv
India,https://olympiads.hbcse.tifr.res.in/olympiads/wp-content/uploads/2016/09/inmosol-15.pdf,INMO 2015,Olympiad archive,HBCSE Olympiad past papers,English/Hindi,final_resources.csv
India,https://olympiads.hbcse.tifr.res.in/olympiads/wp-content/uploads/2017/01/inmo2017.pdf,INMO 2017,Olympiad archive,HBCSE Olympiad past papers,English/Hindi,final_resources.csv
India,https://olympiads.hbcse.tifr.res.in/wp-content/uploads/2020/04/inmo-20-QP-4_0.pdf,INMO 2020 – Questions,Olympiad archive,HBCSE Olympiad past papers,English/Hindi,final_resources.csv
India,https://olympiads.hbcse.tifr.res.in/wp-content/uploads/2020/02/sol-inmo-20.pdf,INMO 2020 – Solutions,Olympiad archive,HBCSE Olympiad past papers,English/Hindi,final_resources.csv
India,https://olympiads.hbcse.tifr.res.in/wp-content/uploads/2021/03/INMO21FINAL.pdf,INMO 2021 – Questions,Olympiad archive,HBCSE Olympiad past papers,English/Hindi,final_resources.csv
India,https://olympiads.hbcse.tifr.res.in/wp-content/uploads/2021/04/INMO_2021_solutions.pdf,INMO 2021 – Solution,Olympiad archive,HBCSE Olympiad past papers,English/Hindi,final_resources.csv
India,https://olympiads.hbcse.tifr.res.in/wp-content/uploads/2021/03/IOQM-question-paper.pdf,IOQM 2020 -Questions,Olympiad archive,HBCSE Olympiad past papers,English/Hindi,final_resources.csv
India,https://olympiads.hbcse.tifr.res.in/wp-content/uploads/2021/03/IOQM2021Anskey.pdf,IOQM 2020 – Answer Key,Olympiad archive,HBCSE Olympiad past papers,English/Hindi,final_resources.csv
India,https://olympiads.hbcse.tifr.res.in/wp-content/uploads/2022/07/IOQM-Part-A-answer-key-.pdf,IOQM2021-22 Part A -Answer Key,Olympiad archive,HBCSE Olympiad past papers,English/Hindi,final_resources.csv
India,https://olympiads.hbcse.tifr.res.in/wp-content/uploads/2022/07/IOQM2021_partA_final.pdf,IOQM2021-22 Part A -Question Paper,Olympiad archive,HBCSE Olympiad past papers,English/Hindi,final_resources.csv
India,https://olympiads.hbcse.tifr.res.in/wp-content/uploads/2022/07/Part_B_2022_Solutions_revised.pdf,IOQM2021-22 Part B Questions & Solutions,Olympiad archive,HBCSE Olympiad past papers,English/Hindi,final_resources.csv
India,https://olympiads.hbcse.tifr.res.in/wp-content/uploads/2022/12/IOQM_22_finalversion_for_publish.pdf,IOQM2022-23 Question Paper & Answer Key,Olympiad archive,HBCSE Olympiad past papers,English/Hindi,final_resources.csv
India,https://olympiads.hbcse.tifr.res.in/information-brochures/,Information Brochures,Olympiad archive,HBCSE Olympiad past papers,English/Hindi,final_resources.csv
India,https://olympiads.hbcse.tifr.res.in/about-olympiads/infosys-award-function/,Infosys Award Function,Olympiad archive,HBCSE Olympiad past papers,English/Hindi,final_resources.csv
India,https://olympiads.hbcse.tifr.res.in/about-olympiads/infosys-award-function/infosys-award-function-2018/,Infosys Award Function 2018,Olympiad archive,HBCSE Olympiad past papers,English/Hindi,final_resources.csv
India,https://olympiads.hbcse.tifr.res.in/wp-content/uploads/2021/12/infosys_broch_2019.pdf,Infosys Award Function 2019,Olympiad archive,HBCSE Olympiad past papers,English/Hindi,final_resources.csv
India,https://olympiads.hbcse.tifr.res.in/about-olympiads/infosys-award-function/infosys-award-function-2021/,Infosys Award Function 2021,Olympiad archive,HBCSE Olympiad past papers,English/Hindi,final_resources.csv
India,https://olympiads.hbcse.tifr.res.in/about-olympiads/infosys-award-function/infosys-award-function-2022/,Infosys Award Function 2022,Olympiad archive,HBCSE Olympiad past papers,English/Hindi,final_resources.csv
India,https://olympiads.hbcse.tifr.res.in/about-olympiads/infosys-award-function/infosys-award-function-2023/,Infosys Award Function 2023,Olympiad archive,HBCSE Olympiad past papers,English/Hindi,final_resources.csv
India,https://olympiads.hbcse.tifr.res.in/about-olympiads/infosys-award-function/infosys-award-function-2024/,Infosys Award Function 2024,Olympiad archive,HBCSE Olympiad past papers,English/Hindi,final_resources.csv
India,https://olympiads.hbcse.tifr.res.in/about-olympiads/infosys-award-function/infosys-award-function-2025/,Infosys Award Function 2025,Olympiad archive,HBCSE Olympiad past papers,English/Hindi,final_resources.csv
India,https://olympiads.hbcse.tifr.res.in/about-olympiads/infosys-award-function/infosys-award-function-2017/,Infosys Awards Function 2017,Olympiad archive,HBCSE Olympiad past papers,English/Hindi,final_resources.csv
India,https://olympiads.hbcse.tifr.res.in/key-for-prmo-2017/,KEY for PRMO 2017,Olympiad archive,HBCSE Olympiad past papers,English/Hindi,final_resources.csv
India,https://olympiads.hbcse.tifr.res.in/wp-content/uploads/2023/11/KV-n-JNV.pdf,KV & JNV – Answer Key,Olympiad archive,HBCSE Olympiad past papers,English/Hindi,final_resources.csv
India,https://olympiads.hbcse.tifr.res.in/wp-content/uploads/2025/12/KV-RMO-2025-solutions.pdf,KV-NVS RMO 2025 Solutions,Olympiad archive,HBCSE Olympiad past papers,English/Hindi,final_resources.csv
India,https://olympiads.hbcse.tifr.res.in/mathematical-olympiad-2025-2026/,Mathematical Olympiad 2025-2026,Olympiad archive,HBCSE Olympiad past papers,English/Hindi,final_resources.csv
India,https://olympiads.hbcse.tifr.res.in/mathematical-olympiad-2026-2027/,Mathematical Olympiad 2026-2027,Olympiad archive,HBCSE Olympiad past papers,English/Hindi,final_resources.csv
India,https://olympiads.hbcse.tifr.res.in/wp-content/uploads/2025/02/INAO-Solutions-20250221.pdf,Model Solutions,Olympiad archive,HBCSE Olympiad past papers,English/Hindi,final_resources.csv
India,https://olympiads.hbcse.tifr.res.in/wp-content/uploads/2024/02/INAO2024-Solution-20240220.pdf,Model Solutions,Olympiad archive,HBCSE Olympiad past papers,English/Hindi,final_resources.csv
India,https://olympiads.hbcse.tifr.res.in/wp-content/uploads/2023/02/INAO2023-Solution-20230215.pdf,Model Solutions,Olympiad archive,HBCSE Olympiad past papers,English/Hindi,final_resources.csv
India,https://olympiads.hbcse.tifr.res.in/wp-content/uploads/2022/03/IOQA2022-PartII-Solutions-20220503.pdf,Model Solutions,Olympiad archive,HBCSE Olympiad past papers,English/Hindi,final_resources.csv
India,https://olympiads.hbcse.tifr.res.in/wp-content/uploads/2021/02/IOQA2021-PartII-Solutions-20210217.pdf,Model Solutions,Olympiad archive,HBCSE Olympiad past papers,English/Hindi,final_resources.csv
India,https://olympiads.hbcse.tifr.res.in/wp-content/uploads/2020/02/INAO2020-Solutions-20200220.pdf,Model Solutions,Olympiad archive,HBCSE Olympiad past papers,English/Hindi,final_resources.csv
India,https://olympiads.hbcse.tifr.res.in/olympiads/wp-content/uploads/2018/05/INAO2019-Solution-20190219.pdf,Model Solutions,Olympiad archive,HBCSE Olympiad past papers,English/Hindi,final_resources.csv
India,https://olympiads.hbcse.tifr.res.in/olympiads/wp-content/uploads/2017/09/INAO2018-Solution-20180213.pdf,Model Solutions,Olympiad archive,HBCSE Olympiad past papers,English/Hindi,final_resources.csv
India,https://olympiads.hbcse.tifr.res.in/olympiads/wp-content/uploads/2017/02/INAO2017-Solution-20170215.pdf,Model Solutions,Olympiad archive,HBCSE Olympiad past papers,English/Hindi,final_resources.csv
India,https://olympiads.hbcse.tifr.res.in/olympiads/wp-content/uploads/2016/09/inao2016-Q-S.pdf,Model Solutions,Olympiad archive,HBCSE Olympiad past papers,English/Hindi,final_resources.csv
India,https://olympiads.hbcse.tifr.res.in/olympiads/wp-content/uploads/2016/09/inao2015-Q-S.pdf,Model Solutions,Olympiad archive,HBCSE Olympiad past papers,English/Hindi,final_resources.csv
India,https://olympiads.hbcse.tifr.res.in/olympiads/wp-content/uploads/2016/09/inao2014-Q-S.pdf,Model Solutions,Olympiad archive,HBCSE Olympiad past papers,English/Hindi,final_resources.csv
India,https://olympiads.hbcse.tifr.res.in/olympiads/wp-content/uploads/2016/09/inao2012-Q-S.pdf,Model Solutions,Olympiad archive,HBCSE Olympiad past papers,English/Hindi,final_resources.csv
India,https://olympiads.hbcse.tifr.res.in/olympiads/wp-content/uploads/2016/09/inao2011-Q-S.pdf,Model Solutions,Olympiad archive,HBCSE Olympiad past papers,English/Hindi,final_resources.csv
India,https://olympiads.hbcse.tifr.res.in/olympiads/wp-content/uploads/2016/09/inaoSr2010-S.pdf,Model Solutions,Olympiad archive,HBCSE Olympiad past papers,English/Hindi,final_resources.csv
India,https://olympiads.hbcse.tifr.res.in/olympiads/wp-content/uploads/2016/09/inaoJr2010-S.pdf,Model Solutions,Olympiad archive,HBCSE Olympiad past papers,English/Hindi,final_resources.csv
India,https://olympiads.hbcse.tifr.res.in/olympiads/wp-content/uploads/2016/09/inaoSr2009-S.pdf,Model Solutions,Olympiad archive,HBCSE Olympiad past papers,English/Hindi,final_resources.csv
India,https://olympiads.hbcse.tifr.res.in/olympiads/wp-content/uploads/2016/09/inaoJr2009-S.pdf,Model Solutions,Olympiad archive,HBCSE Olympiad past papers,English/Hindi,final_resources.csv
India,https://olympiads.hbcse.tifr.res.in/olympiads/wp-content/uploads/2016/09/inaoSr2008-Q-S.pdf,Model Solutions,Olympiad archive,HBCSE Olympiad past papers,English/Hindi,final_resources.csv
India,https://olympiads.hbcse.tifr.res.in/wp-content/uploads/2025/02/INBO2025-Solution-20250219.pdf,Model Solutions,Olympiad archive,HBCSE Olympiad past papers,English/Hindi,final_resources.csv
India,https://olympiads.hbcse.tifr.res.in/wp-content/uploads/2024/02/INBO2024-Solution-20240220.pdf,Model Solutions,Olympiad archive,HBCSE Olympiad past papers,English/Hindi,final_resources.csv
India,https://olympiads.hbcse.tifr.res.in/wp-content/uploads/2023/02/INBO2023-Solutions-20230215.pdf,Model Solutions,Olympiad archive,HBCSE Olympiad past papers,English/Hindi,final_resources.csv
India,https://olympiads.hbcse.tifr.res.in/wp-content/uploads/2022/03/IOQB2022-PartII-Solutions-20220503.pdf,Model Solutions,Olympiad archive,HBCSE Olympiad past papers,English/Hindi,final_resources.csv
India,https://olympiads.hbcse.tifr.res.in/wp-content/uploads/2021/02/IOQB2021-PartII-Solutions-20210217.pdf,Model Solutions,Olympiad archive,HBCSE Olympiad past papers,English/Hindi,final_resources.csv
India,https://olympiads.hbcse.tifr.res.in/wp-content/uploads/2020/02/INBO2020-Solutions-20200220.pdf,Model Solutions,Olympiad archive,HBCSE Olympiad past papers,English/Hindi,final_resources.csv
India,https://olympiads.hbcse.tifr.res.in/olympiads/wp-content/uploads/2018/05/INBO-Solution-20190219.pdf,Model Solutions,Olympiad archive,HBCSE Olympiad past papers,English/Hindi,final_resources.csv
India,https://olympiads.hbcse.tifr.res.in/olympiads/wp-content/uploads/2017/09/INBO2018-Solution-20180213.pdf,Model Solutions,Olympiad archive,HBCSE Olympiad past papers,English/Hindi,final_resources.csv
India,https://olympiads.hbcse.tifr.res.in/olympiads/wp-content/uploads/2017/02/INBO2017-Solution-20170215.pdf,Model Solutions,Olympiad archive,HBCSE Olympiad past papers,English/Hindi,final_resources.csv
India,https://olympiads.hbcse.tifr.res.in/olympiads/wp-content/uploads/2016/09/inbo2016-S.pdf,Model Solutions,Olympiad archive,HBCSE Olympiad past papers,English/Hindi,final_resources.csv
India,https://olympiads.hbcse.tifr.res.in/olympiads/wp-content/uploads/2016/09/inbo2015-S.pdf,Model Solutions,Olympiad archive,HBCSE Olympiad past papers,English/Hindi,final_resources.csv
India,https://olympiads.hbcse.tifr.res.in/olympiads/wp-content/uploads/2016/09/inbo2014-S.pdf,Model Solutions,Olympiad archive,HBCSE Olympiad past papers,English/Hindi,final_resources.csv
India,https://olympiads.hbcse.tifr.res.in/olympiads/wp-content/uploads/2016/09/inbo2013-S.pdf,Model Solutions,Olympiad archive,HBCSE Olympiad past papers,English/Hindi,final_resources.csv
India,https://olympiads.hbcse.tifr.res.in/olympiads/wp-content/uploads/2016/09/inbo2012-S.pdf,Model Solutions,Olympiad archive,HBCSE Olympiad past papers,English/Hindi,final_resources.csv
India,https://olympiads.hbcse.tifr.res.in/olympiads/wp-content/uploads/2016/08/Answerkey-INBO-2011.pdf,Model Solutions,Olympiad archive,HBCSE Olympiad past papers,English/Hindi,final_resources.csv
India,https://olympiads.hbcse.tifr.res.in/olympiads/wp-content/uploads/2016/09/inbo2010-S.pdf,Model Solutions,Olympiad archive,HBCSE Olympiad past papers,English/Hindi,final_resources.csv
India,https://olympiads.hbcse.tifr.res.in/olympiads/wp-content/uploads/2016/09/inbo2009-S.pdf,Model Solutions,Olympiad archive,HBCSE Olympiad past papers,English/Hindi,final_resources.csv
India,https://olympiads.hbcse.tifr.res.in/wp-content/uploads/2025/02/INChO2025-Solution-20250219.pdf,Model Solutions,Olympiad archive,HBCSE Olympiad past papers,English/Hindi,final_resources.csv
India,https://olympiads.hbcse.tifr.res.in/wp-content/uploads/2024/02/INChO2024-Solution-20240220.pdf,Model Solutions,Olympiad archive,HBCSE Olympiad past papers,English/Hindi,final_resources.csv
India,https://olympiads.hbcse.tifr.res.in/wp-content/uploads/2023/03/INChO2023-Solution-20230215.pdf,Model Solutions,Olympiad archive,HBCSE Olympiad past papers,English/Hindi,final_resources.csv
India,https://olympiads.hbcse.tifr.res.in/wp-content/uploads/2022/03/IOQC2022-PartII-Solutions-20220503.pdf,Model Solutions,Olympiad archive,HBCSE Olympiad past papers,English/Hindi,final_resources.csv
India,https://olympiads.hbcse.tifr.res.in/wp-content/uploads/2021/04/IOQC2021-PartII-Solutions-20210413.pdf,Model Solutions,Olympiad archive,HBCSE Olympiad past papers,English/Hindi,final_resources.csv
India,https://olympiads.hbcse.tifr.res.in/wp-content/uploads/2020/02/INChO2020-Solutions-20200220.pdf,Model Solutions,Olympiad archive,HBCSE Olympiad past papers,English/Hindi,final_resources.csv
India,https://olympiads.hbcse.tifr.res.in/olympiads/wp-content/uploads/2018/05/INChO2019-Solution-20190219.pdf,Model Solutions,Olympiad archive,HBCSE Olympiad past papers,English/Hindi,final_resources.csv
India,https://olympiads.hbcse.tifr.res.in/olympiads/wp-content/uploads/2017/09/INChO2018-Solution-20180213.pdf,Model Solutions,Olympiad archive,HBCSE Olympiad past papers,English/Hindi,final_resources.csv
India,https://olympiads.hbcse.tifr.res.in/olympiads/wp-content/uploads/2017/02/INChO2017-Solution-20170215.pdf,Model Solutions,Olympiad archive,HBCSE Olympiad past papers,English/Hindi,final_resources.csv
India,https://olympiads.hbcse.tifr.res.in/olympiads/wp-content/uploads/2017/01/Frozen-solutions-INChO-2016.pdf,Model Solutions,Olympiad archive,HBCSE Olympiad past papers,English/Hindi,final_resources.csv
India,https://olympiads.hbcse.tifr.res.in/olympiads/wp-content/uploads/2016/09/incho2015-S.pdf,Model Solutions,Olympiad archive,HBCSE Olympiad past papers,English/Hindi,final_resources.csv
India,https://olympiads.hbcse.tifr.res.in/olympiads/wp-content/uploads/2016/09/incho2014-S.pdf,Model Solutions,Olympiad archive,HBCSE Olympiad past papers,English/Hindi,final_resources.csv
India,https://olympiads.hbcse.tifr.res.in/olympiads/wp-content/uploads/2016/09/incho2013-S.pdf,Model Solutions,Olympiad archive,HBCSE Olympiad past papers,English/Hindi,final_resources.csv
India,https://olympiads.hbcse.tifr.res.in/olympiads/wp-content/uploads/2016/09/incho2012-S.pdf,Model Solutions,Olympiad archive,HBCSE Olympiad past papers,English/Hindi,final_resources.csv
India,https://olympiads.hbcse.tifr.res.in/olympiads/wp-content/uploads/2017/01/Frozen-solutions-INChO-2011.pdf,Model Solutions,Olympiad archive,HBCSE Olympiad past papers,English/Hindi,final_resources.csv
India,https://olympiads.hbcse.tifr.res.in/olympiads/wp-content/uploads/2016/09/incho2010-S.pdf,Model Solutions,Olympiad archive,HBCSE Olympiad past papers,English/Hindi,final_resources.csv
India,https://olympiads.hbcse.tifr.res.in/olympiads/wp-content/uploads/2016/09/incho2009-S.pdf,Model Solutions,Olympiad archive,HBCSE Olympiad past papers,English/Hindi,final_resources.csv
India,https://olympiads.hbcse.tifr.res.in/olympiads/wp-content/uploads/2017/01/Solutions-INChO-2008.pdf,Model Solutions,Olympiad archive,HBCSE Olympiad past papers,English/Hindi,final_resources.csv
India,https://olympiads.hbcse.tifr.res.in/wp-content/uploads/2023/02/INJSO2023-Solution-20230215.pdf,Model Solutions,Olympiad archive,HBCSE Olympiad past papers,English/Hindi,final_resources.csv
India,https://olympiads.hbcse.tifr.res.in/wp-content/uploads/2022/03/IOQJS2022-PartII-Solutions-20220503.pdf,Model Solutions,Olympiad archive,HBCSE Olympiad past papers,English/Hindi,final_resources.csv
India,https://olympiads.hbcse.tifr.res.in/wp-content/uploads/2021/01/IOQJS2021-PartII-Solutions-20210128.pdf,Model Solutions,Olympiad archive,HBCSE Olympiad past papers,English/Hindi,final_resources.csv
India,https://olympiads.hbcse.tifr.res.in/wp-content/uploads/2020/02/INJSO2020-Solutions-20200220.pdf,Model Solutions,Olympiad archive,HBCSE Olympiad past papers,English/Hindi,final_resources.csv
India,https://olympiads.hbcse.tifr.res.in/olympiads/wp-content/uploads/2018/05/INJSO-Solution-20190219.pdf,Model Solutions,Olympiad archive,HBCSE Olympiad past papers,English/Hindi,final_resources.csv
India,https://olympiads.hbcse.tifr.res.in/olympiads/wp-content/uploads/2017/09/INJSO2018-Solution-20180228.pdf,Model Solutions,Olympiad archive,HBCSE Olympiad past papers,English/Hindi,final_resources.csv
India,https://olympiads.hbcse.tifr.res.in/olympiads/wp-content/uploads/2017/02/INJSO2017-Solution-20170215.pdf,Model Solutions,Olympiad archive,HBCSE Olympiad past papers,English/Hindi,final_resources.csv
India,https://olympiads.hbcse.tifr.res.in/olympiads/wp-content/uploads/2016/09/injso2016-S.pdf,Model Solutions,Olympiad archive,HBCSE Olympiad past papers,English/Hindi,final_resources.csv
India,https://olympiads.hbcse.tifr.res.in/olympiads/wp-content/uploads/2016/09/injso2015-S.pdf,Model Solutions,Olympiad archive,HBCSE Olympiad past papers,English/Hindi,final_resources.csv
India,https://olympiads.hbcse.tifr.res.in/olympiads/wp-content/uploads/2016/09/injso2014-S.pdf,Model Solutions,Olympiad archive,HBCSE Olympiad past papers,English/Hindi,final_resources.csv
India,https://olympiads.hbcse.tifr.res.in/olympiads/wp-content/uploads/2016/09/injso2013-S.pdf,Model Solutions,Olympiad archive,HBCSE Olympiad past papers,English/Hindi,final_resources.csv
India,https://olympiads.hbcse.tifr.res.in/olympiads/wp-content/uploads/2016/09/injso2012-S.pdf,Model Solutions,Olympiad archive,HBCSE Olympiad past papers,English/Hindi,final_resources.csv
India,https://olympiads.hbcse.tifr.res.in/olympiads/wp-content/uploads/2016/09/injso2011-S.pdf,Model Solutions,Olympiad archive,HBCSE Olympiad past papers,English/Hindi,final_resources.csv
India,https://olympiads.hbcse.tifr.res.in/olympiads/wp-content/uploads/2016/09/injso2010-S.pdf,Model Solutions,Olympiad archive,HBCSE Olympiad past papers,English/Hindi,final_resources.csv
India,https://olympiads.hbcse.tifr.res.in/olympiads/wp-content/uploads/2016/09/injso2009-S.pdf,Model Solutions,Olympiad archive,HBCSE Olympiad past papers,English/Hindi,final_resources.csv
India,https://olympiads.hbcse.tifr.res.in/wp-content/uploads/2025/02/INPhO2025-Solution-20250219.pdf,Model Solutions,Olympiad archive,HBCSE Olympiad past papers,English/Hindi,final_resources.csv
India,https://olympiads.hbcse.tifr.res.in/wp-content/uploads/2024/02/INPhO2024-Solution-20240220.pdf,Model Solutions,Olympiad archive,HBCSE Olympiad past papers,English/Hindi,final_resources.csv
India,https://olympiads.hbcse.tifr.res.in/wp-content/uploads/2023/02/INPhO2023-Solution-20230215.pdf,Model Solutions,Olympiad archive,HBCSE Olympiad past papers,English/Hindi,final_resources.csv
India,https://olympiads.hbcse.tifr.res.in/wp-content/uploads/2022/03/IOQP2022-PartII-Solutions-20220503.pdf,Model Solutions,Olympiad archive,HBCSE Olympiad past papers,English/Hindi,final_resources.csv
India,https://olympiads.hbcse.tifr.res.in/wp-content/uploads/2021/02/IOQP2021-PartII-Solutions-20210217.pdf,Model Solutions,Olympiad archive,HBCSE Olympiad past papers,English/Hindi,final_resources.csv
India,https://olympiads.hbcse.tifr.res.in/wp-content/uploads/2020/03/INPHO2020-Solutions-20200220.pdf,Model Solutions,Olympiad archive,HBCSE Olympiad past papers,English/Hindi,final_resources.csv
India,https://olympiads.hbcse.tifr.res.in/olympiads/wp-content/uploads/2018/05/INPhO2019-Solution-20190219.pdf,Model Solutions,Olympiad archive,HBCSE Olympiad past papers,English/Hindi,final_resources.csv
India,https://olympiads.hbcse.tifr.res.in/olympiads/wp-content/uploads/2017/09/INPhO2018-Solution-20180213.pdf,Model Solutions,Olympiad archive,HBCSE Olympiad past papers,English/Hindi,final_resources.csv
India,https://olympiads.hbcse.tifr.res.in/olympiads/wp-content/uploads/2016/09/inpho2013-S.pdf,Model Solutions,Olympiad archive,HBCSE Olympiad past papers,English/Hindi,final_resources.csv
India,https://olympiads.hbcse.tifr.res.in/olympiads/wp-content/uploads/2016/09/inpho2012-S.pdf,Model Solutions,Olympiad archive,HBCSE Olympiad past papers,English/Hindi,final_resources.csv
India,https://olympiads.hbcse.tifr.res.in/olympiads/wp-content/uploads/2016/09/inpho2010-S.pdf,Model Solutions,Olympiad archive,HBCSE Olympiad past papers,English/Hindi,final_resources.csv
India,https://olympiads.hbcse.tifr.res.in/olympiads/wp-content/uploads/2016/09/inpho2009-S.pdf,Model Solutions,Olympiad archive,HBCSE Olympiad past papers,English/Hindi,final_resources.csv
India,https://olympiads.hbcse.tifr.res.in/wp-content/uploads/2023/11/NonKV-or-Non-JNV.pdf,Non – KV & Non JNV – Answer Key,Olympiad archive,HBCSE Olympiad past papers,English/Hindi,final_resources.csv
India,https://olympiads.hbcse.tifr.res.in/how-to-prepare/olympiad-books/,Olympiad Books,Olympiad archive,HBCSE Olympiad past papers,English/Hindi,final_resources.csv
India,https://olympiads.hbcse.tifr.res.in/,Olympiads,Olympiad archive,HBCSE Olympiad past papers,English/Hindi,final_resources.csv
India,https://olympiads.hbcse.tifr.res.in/olympiads-2025-2026/,Olympiads 2025-2026,Olympiad archive,HBCSE Olympiad past papers,English/Hindi,final_resources.csv
India,https://olympiads.hbcse.tifr.res.in/olympiads-2026-2027/,Olympiads 2026-2027,Olympiad archive,HBCSE Olympiad past papers,English/Hindi,final_resources.csv
India,https://olympiads.hbcse.tifr.res.in/olympiads/wp-content/uploads/2016/09/prermo2012.pdf,PRMO 2012,Olympiad archive,HBCSE Olympiad past papers,English/Hindi,final_resources.csv
India,https://olympiads.hbcse.tifr.res.in/olympiads/wp-content/uploads/2016/09/prermo2013.pdf,PRMO 2013,Olympiad archive,HBCSE Olympiad past papers,English/Hindi,final_resources.csv
India,https://olympiads.hbcse.tifr.res.in/olympiads/wp-content/uploads/2016/09/prermo2014.pdf,PRMO 2014,Olympiad archive,HBCSE Olympiad past papers,English/Hindi,final_resources.csv
India,https://olympiads.hbcse.tifr.res.in/olympiads/wp-content/uploads/2018/08/PRMO18_Question_Paper.pdf,PRMO 2018 Question Paper,Olympiad archive,HBCSE Olympiad past papers,English/Hindi,final_resources.csv
India,https://olympiads.hbcse.tifr.res.in/wp-content/uploads/2019/08/PRMO-2019-Question-Paper.pdf,PRMO 2019 Question Paper,Olympiad archive,HBCSE Olympiad past papers,English/Hindi,final_resources.csv
India,https://olympiads.hbcse.tifr.res.in/olympiads/wp-content/uploads/2017/08/prmo2017.pdf,PRMO question paper 2017,Olympiad archive,HBCSE Olympiad past papers,English/Hindi,final_resources.csv
India,https://olympiads.hbcse.tifr.res.in/about-olympiads/people/,People,Olympiad archive,HBCSE Olympiad past papers,English/Hindi,final_resources.csv
India,https://olympiads.hbcse.tifr.res.in/about-olympiads/performance/,Performance,Olympiad archive,HBCSE Olympiad past papers,English/Hindi,final_resources.csv
India,https://olympiads.hbcse.tifr.res.in/wp-content/uploads/2025/02/INAO2025-Question.pdf,QP (English),Olympiad archive,HBCSE Olympiad past papers,English/Hindi,final_resources.csv
India,https://olympiads.hbcse.tifr.res.in/wp-content/uploads/2024/02/INAO2024-Question.pdf,QP (English),Olympiad archive,HBCSE Olympiad past papers,English/Hindi,final_resources.csv
India,https://olympiads.hbcse.tifr.res.in/wp-content/uploads/2023/01/INAO2023-Question.pdf,QP (English),Olympiad archive,HBCSE Olympiad past papers,English/Hindi,final_resources.csv
India,https://olympiads.hbcse.tifr.res.in/wp-content/uploads/2022/03/IOQA2022-PartII-Questions-en.pdf,QP (English),Olympiad archive,HBCSE Olympiad past papers,English/Hindi,final_resources.csv
India,https://olympiads.hbcse.tifr.res.in/wp-content/uploads/2021/02/IOQA2021-PartII-Questions-en.pdf,QP (English),Olympiad archive,HBCSE Olympiad past papers,English/Hindi,final_resources.csv
India,https://olympiads.hbcse.tifr.res.in/wp-content/uploads/ino20/INAO2020-Questions-en.pdf,QP (English),Olympiad archive,HBCSE Olympiad past papers,English/Hindi,final_resources.csv
India,https://olympiads.hbcse.tifr.res.in/wp-content/uploads/2025/02/INBO2025-Question.pdf,QP (English),Olympiad archive,HBCSE Olympiad past papers,English/Hindi,final_resources.csv
India,https://olympiads.hbcse.tifr.res.in/wp-content/uploads/2024/02/INBO2024-Question-en.pdf,QP (English),Olympiad archive,HBCSE Olympiad past papers,English/Hindi,final_resources.csv
India,https://olympiads.hbcse.tifr.res.in/wp-content/uploads/2023/01/INBO2023-Questions-en.pdf,QP (English),Olympiad archive,HBCSE Olympiad past papers,English/Hindi,final_resources.csv
India,https://olympiads.hbcse.tifr.res.in/wp-content/uploads/2022/03/IOQB2022-PartII-Questions-en.pdf,QP (English),Olympiad archive,HBCSE Olympiad past papers,English/Hindi,final_resources.csv
India,https://olympiads.hbcse.tifr.res.in/wp-content/uploads/2021/02/IOQB2021-PartII-Questions-en.pdf,QP (English),Olympiad archive,HBCSE Olympiad past papers,English/Hindi,final_resources.csv
India,https://olympiads.hbcse.tifr.res.in/wp-content/uploads/ino20/INBO2020-Questions-en.pdf,QP (English),Olympiad archive,HBCSE Olympiad past papers,English/Hindi,final_resources.csv
India,https://olympiads.hbcse.tifr.res.in/olympiads/wp-content/uploads/2018/05/INBO2019-Question.pdf,QP (English),Olympiad archive,HBCSE Olympiad past papers,English/Hindi,final_resources.csv
India,https://olympiads.hbcse.tifr.res.in/wp-content/uploads/2025/02/INChO2025-Question.pdf,QP (English),Olympiad archive,HBCSE Olympiad past papers,English/Hindi,final_resources.csv
India,https://olympiads.hbcse.tifr.res.in/wp-content/uploads/2024/02/INChO2024-Question-1.pdf,QP (English),Olympiad archive,HBCSE Olympiad past papers,English/Hindi,final_resources.csv
India,https://olympiads.hbcse.tifr.res.in/wp-content/uploads/2023/01/INChO2023-Question.pdf,QP (English),Olympiad archive,HBCSE Olympiad past papers,English/Hindi,final_resources.csv
India,https://olympiads.hbcse.tifr.res.in/wp-content/uploads/2022/03/IOQC2022-PartII-Questions-en.pdf,QP (English),Olympiad archive,HBCSE Olympiad past papers,English/Hindi,final_resources.csv
India,https://olympiads.hbcse.tifr.res.in/wp-content/uploads/2021/02/IOQC2021-PartII-Questions-en.pdf,QP (English),Olympiad archive,HBCSE Olympiad past papers,English/Hindi,final_resources.csv
India,https://olympiads.hbcse.tifr.res.in/wp-content/uploads/ino20/INChO2020-Questions-en.pdf,QP (English),Olympiad archive,HBCSE Olympiad past papers,English/Hindi,final_resources.csv
India,https://olympiads.hbcse.tifr.res.in/olympiads/wp-content/uploads/2018/05/INChO2019-Question.pdf,QP (English),Olympiad archive,HBCSE Olympiad past papers,English/Hindi,final_resources.csv
India,https://olympiads.hbcse.tifr.res.in/wp-content/uploads/2023/01/INJSO2023-Question.pdf,QP (English),Olympiad archive,HBCSE Olympiad past papers,English/Hindi,final_resources.csv
India,https://olympiads.hbcse.tifr.res.in/wp-content/uploads/2022/03/IOQJS2022-PartII-Questions-en.pdf,QP (English),Olympiad archive,HBCSE Olympiad past papers,English/Hindi,final_resources.csv
India,https://olympiads.hbcse.tifr.res.in/wp-content/uploads/2021/01/IOQJS2021-PartII-Questions-en.pdf,QP (English),Olympiad archive,HBCSE Olympiad past papers,English/Hindi,final_resources.csv
India,https://olympiads.hbcse.tifr.res.in/wp-content/uploads/ino20/INJSO2020-Questions-en.pdf,QP (English),Olympiad archive,HBCSE Olympiad past papers,English/Hindi,final_resources.csv
India,https://olympiads.hbcse.tifr.res.in/olympiads/wp-content/uploads/2018/05/INJSO2019-Question.pdf,QP (English),Olympiad archive,HBCSE Olympiad past papers,English/Hindi,final_resources.csv
India,https://olympiads.hbcse.tifr.res.in/wp-content/uploads/2025/02/INPhO2025-Question.pdf,QP (English),Olympiad archive,HBCSE Olympiad past papers,English/Hindi,final_resources.csv
India,https://olympiads.hbcse.tifr.res.in/wp-content/uploads/2024/02/INPHO2024-Question.pdf,QP (English),Olympiad archive,HBCSE Olympiad past papers,English/Hindi,final_resources.csv
India,https://olympiads.hbcse.tifr.res.in/wp-content/uploads/2023/01/INPhO2023-Question.pdf,QP (English),Olympiad archive,HBCSE Olympiad past papers,English/Hindi,final_resources.csv
India,https://olympiads.hbcse.tifr.res.in/wp-content/uploads/2022/03/IOQP2022-PartII-Questions-en.pdf,QP (English),Olympiad archive,HBCSE Olympiad past papers,English/Hindi,final_resources.csv
India,https://olympiads.hbcse.tifr.res.in/wp-content/uploads/2021/02/IOQP2021-PartII-Questions-en.pdf,QP (English),Olympiad archive,HBCSE Olympiad past papers,English/Hindi,final_resources.csv
India,https://olympiads.hbcse.tifr.res.in/wp-content/uploads/2020/02/INPHO2020-Questions-en.pdf,QP (English),Olympiad archive,HBCSE Olympiad past papers,English/Hindi,final_resources.csv
India,https://olympiads.hbcse.tifr.res.in/olympiads/wp-content/uploads/2018/05/INPhO2019-Question.pdf,QP (English),Olympiad archive,HBCSE Olympiad past papers,English/Hindi,final_resources.csv
India,https://olympiads.hbcse.tifr.res.in/olympiads/wp-content/uploads/2018/05/INAO2019-Question.pdf,"QP (English) ,",Olympiad archive,HBCSE Olympiad past papers,English/Hindi,final_resources.csv
India,https://olympiads.hbcse.tifr.res.in/wp-content/uploads/2025/02/INAO2025-Question-hi.pdf,QP (Hindi),Olympiad archive,HBCSE Olympiad past papers,English/Hindi,final_resources.csv
India,https://olympiads.hbcse.tifr.res.in/wp-content/uploads/2024/02/INAO2024-Question-hi.pdf,QP (Hindi),Olympiad archive,HBCSE Olympiad past papers,English/Hindi,final_resources.csv
India,https://olympiads.hbcse.tifr.res.in/wp-content/uploads/2023/01/INAO2023-Question-hi.pdf,QP (Hindi),Olympiad archive,HBCSE Olympiad past papers,English/Hindi,final_resources.csv
India,https://olympiads.hbcse.tifr.res.in/wp-content/uploads/2022/03/IOQA2022-PartII-Questions-hi.pdf,QP (Hindi),Olympiad archive,HBCSE Olympiad past papers,English/Hindi,final_resources.csv
India,https://olympiads.hbcse.tifr.res.in/wp-content/uploads/2021/02/IOQA2021-PartII-Questions-hi.pdf,QP (Hindi),Olympiad archive,HBCSE Olympiad past papers,English/Hindi,final_resources.csv
India,https://olympiads.hbcse.tifr.res.in/wp-content/uploads/ino20/INAO2020-Questions-hi.pdf,QP (Hindi),Olympiad archive,HBCSE Olympiad past papers,English/Hindi,final_resources.csv
India,https://olympiads.hbcse.tifr.res.in/olympiads/wp-content/uploads/2018/05/INAO2019-Question-hi.pdf,QP (Hindi),Olympiad archive,HBCSE Olympiad past papers,English/Hindi,final_resources.csv
India,https://olympiads.hbcse.tifr.res.in/wp-content/uploads/2025/02/INBO2025-Question-hi.pdf,QP (Hindi),Olympiad archive,HBCSE Olympiad past papers,English/Hindi,final_resources.csv
India,https://olympiads.hbcse.tifr.res.in/wp-content/uploads/2024/02/INBO2024-Question-hi.pdf,QP (Hindi),Olympiad archive,HBCSE Olympiad past papers,English/Hindi,final_resources.csv
India,https://olympiads.hbcse.tifr.res.in/wp-content/uploads/2023/01/INBO2023-Questions-hi.pdf,QP (Hindi),Olympiad archive,HBCSE Olympiad past papers,English/Hindi,final_resources.csv
India,https://olympiads.hbcse.tifr.res.in/wp-content/uploads/2022/03/IOQB2022-PartII-Questions-hi.pdf,QP (Hindi),Olympiad archive,HBCSE Olympiad past papers,English/Hindi,final_resources.csv
India,https://olympiads.hbcse.tifr.res.in/wp-content/uploads/2021/02/IOQB2021-PartII-Questions-hi.pdf,QP (Hindi),Olympiad archive,HBCSE Olympiad past papers,English/Hindi,final_resources.csv
India,https://olympiads.hbcse.tifr.res.in/wp-content/uploads/ino20/INBO2020-Questions-hi.pdf,QP (Hindi),Olympiad archive,HBCSE Olympiad past papers,English/Hindi,final_resources.csv
India,https://olympiads.hbcse.tifr.res.in/olympiads/wp-content/uploads/2018/05/INBO2019-Question-hi.pdf,QP (Hindi),Olympiad archive,HBCSE Olympiad past papers,English/Hindi,final_resources.csv
India,https://olympiads.hbcse.tifr.res.in/wp-content/uploads/2025/02/INChO2025-Question-hi.pdf,QP (Hindi),Olympiad archive,HBCSE Olympiad past papers,English/Hindi,final_resources.csv
India,https://olympiads.hbcse.tifr.res.in/wp-content/uploads/2024/02/INChO2024-Question-hi.pdf,QP (Hindi),Olympiad archive,HBCSE Olympiad past papers,English/Hindi,final_resources.csv
India,https://olympiads.hbcse.tifr.res.in/wp-content/uploads/2021/02/IOQC2021-PartII-Questions-hi.pdf,QP (Hindi),Olympiad archive,HBCSE Olympiad past papers,English/Hindi,final_resources.csv
India,https://olympiads.hbcse.tifr.res.in/wp-content/uploads/2020/03/INChO2020-Questions-hi.pdf,QP (Hindi),Olympiad archive,HBCSE Olympiad past papers,English/Hindi,final_resources.csv
India,https://olympiads.hbcse.tifr.res.in/olympiads/wp-content/uploads/2018/05/INCHO2019-Question-hi.pdf,QP (Hindi),Olympiad archive,HBCSE Olympiad past papers,English/Hindi,final_resources.csv
India,https://olympiads.hbcse.tifr.res.in/wp-content/uploads/2023/01/INJSO2023-Question-hi.pdf,QP (Hindi),Olympiad archive,HBCSE Olympiad past papers,English/Hindi,final_resources.csv
India,https://olympiads.hbcse.tifr.res.in/wp-content/uploads/2022/03/IOQJS2022-PartII-Questions-hi.pdf,QP (Hindi),Olympiad archive,HBCSE Olympiad past papers,English/Hindi,final_resources.csv
India,https://olympiads.hbcse.tifr.res.in/wp-content/uploads/2021/01/IOQJS2021-PartII-Questions-hi.pdf,QP (Hindi),Olympiad archive,HBCSE Olympiad past papers,English/Hindi,final_resources.csv
India,https://olympiads.hbcse.tifr.res.in/wp-content/uploads/ino20/INJSO2020-Questions-hi.pdf,QP (Hindi),Olympiad archive,HBCSE Olympiad past papers,English/Hindi,final_resources.csv
India,https://olympiads.hbcse.tifr.res.in/olympiads/wp-content/uploads/2018/05/INJSO2019-Question-hi.pdf,QP (Hindi),Olympiad archive,HBCSE Olympiad past papers,English/Hindi,final_resources.csv
India,https://olympiads.hbcse.tifr.res.in/wp-content/uploads/2025/02/INPhO2025-Question-hi.pdf,QP (Hindi),Olympiad archive,HBCSE Olympiad past papers,English/Hindi,final_resources.csv
India,https://olympiads.hbcse.tifr.res.in/wp-content/uploads/2024/02/INPHO2024-Question-hi.pdf,QP (Hindi),Olympiad archive,HBCSE Olympiad past papers,English/Hindi,final_resources.csv
India,https://olympiads.hbcse.tifr.res.in/wp-content/uploads/2023/01/INPhO2023-Question-hi.pdf,QP (Hindi),Olympiad archive,HBCSE Olympiad past papers,English/Hindi,final_resources.csv
India,https://olympiads.hbcse.tifr.res.in/wp-content/uploads/2022/03/IOQP2022-PartII-Questions-en-1.pdf,QP (Hindi),Olympiad archive,HBCSE Olympiad past papers,English/Hindi,final_resources.csv
India,https://olympiads.hbcse.tifr.res.in/wp-content/uploads/2021/02/IOQP2021-PartII-Questions-hi.pdf,QP (Hindi),Olympiad archive,HBCSE Olympiad past papers,English/Hindi,final_resources.csv
India,https://olympiads.hbcse.tifr.res.in/wp-content/uploads/2020/02/INPhO2020-Questions-hi.pdf,QP (Hindi),Olympiad archive,HBCSE Olympiad past papers,English/Hindi,final_resources.csv
India,https://olympiads.hbcse.tifr.res.in/olympiads/wp-content/uploads/2018/05/INPhO2019-Question-hi.pdf,QP (Hindi),Olympiad archive,HBCSE Olympiad past papers,English/Hindi,final_resources.csv
India,https://olympiads.hbcse.tifr.res.in/wp-content/uploads/2023/01/INChO2023-Question-hi.pdf,QP( Hindi),Olympiad archive,HBCSE Olympiad past papers,English/Hindi,final_resources.csv
India,https://olympiads.hbcse.tifr.res.in/olympiads/wp-content/uploads/2017/09/INAO2018-Question.pdf,Question Paper,Olympiad archive,HBCSE Olympiad past papers,English/Hindi,final_resources.csv
India,https://olympiads.hbcse.tifr.res.in/olympiads/wp-content/uploads/2016/09/inaoSr2010-Q.pdf,Question Paper,Olympiad archive,HBCSE Olympiad past papers,English/Hindi,final_resources.csv
India,https://olympiads.hbcse.tifr.res.in/olympiads/wp-content/uploads/2016/09/inaoJr2010-Q.pdf,Question Paper,Olympiad archive,HBCSE Olympiad past papers,English/Hindi,final_resources.csv
India,https://olympiads.hbcse.tifr.res.in/olympiads/wp-content/uploads/2016/09/inaoSr2009-Q.pdf,Question Paper,Olympiad archive,HBCSE Olympiad past papers,English/Hindi,final_resources.csv
India,https://olympiads.hbcse.tifr.res.in/olympiads/wp-content/uploads/2016/09/inaoJr2009-Q.pdf,Question Paper,Olympiad archive,HBCSE Olympiad past papers,English/Hindi,final_resources.csv
India,https://olympiads.hbcse.tifr.res.in/olympiads/wp-content/uploads/2017/09/INBO2018-Question.pdf,Question Paper,Olympiad archive,HBCSE Olympiad past papers,English/Hindi,final_resources.csv
India,https://olympiads.hbcse.tifr.res.in/olympiads/wp-content/uploads/2017/01/INBO2017-Question.pdf,Question Paper,Olympiad archive,HBCSE Olympiad past papers,English/Hindi,final_resources.csv
India,https://olympiads.hbcse.tifr.res.in/olympiads/wp-content/uploads/2016/09/inbo2016-Q.pdf,Question Paper,Olympiad archive,HBCSE Olympiad past papers,English/Hindi,final_resources.csv
India,https://olympiads.hbcse.tifr.res.in/olympiads/wp-content/uploads/2016/09/inbo2015-Q.pdf,Question Paper,Olympiad archive,HBCSE Olympiad past papers,English/Hindi,final_resources.csv
India,https://olympiads.hbcse.tifr.res.in/olympiads/wp-content/uploads/2016/09/inbo2014-Q.pdf,Question Paper,Olympiad archive,HBCSE Olympiad past papers,English/Hindi,final_resources.csv
India,https://olympiads.hbcse.tifr.res.in/olympiads/wp-content/uploads/2016/09/inbo2013-Q.pdf,Question Paper,Olympiad archive,HBCSE Olympiad past papers,English/Hindi,final_resources.csv
India,https://olympiads.hbcse.tifr.res.in/olympiads/wp-content/uploads/2016/09/inbo2012-Q.pdf,Question Paper,Olympiad archive,HBCSE Olympiad past papers,English/Hindi,final_resources.csv
India,https://olympiads.hbcse.tifr.res.in/wp-content/uploads/2019/08/Theory_Paper-INBO2011.pdf,Question Paper,Olympiad archive,HBCSE Olympiad past papers,English/Hindi,final_resources.csv
India,https://olympiads.hbcse.tifr.res.in/olympiads/wp-content/uploads/2016/09/inbo2010-Q.pdf,Question Paper,Olympiad archive,HBCSE Olympiad past papers,English/Hindi,final_resources.csv
India,https://olympiads.hbcse.tifr.res.in/olympiads/wp-content/uploads/2016/09/inbo2009-Q.pdf,Question Paper,Olympiad archive,HBCSE Olympiad past papers,English/Hindi,final_resources.csv
India,https://olympiads.hbcse.tifr.res.in/olympiads/wp-content/uploads/2016/09/inbo2005-Q.pdf,Question Paper,Olympiad archive,HBCSE Olympiad past papers,English/Hindi,final_resources.csv
India,https://olympiads.hbcse.tifr.res.in/olympiads/wp-content/uploads/2017/09/INChO2018-Question.pdf,Question Paper,Olympiad archive,HBCSE Olympiad past papers,English/Hindi,final_resources.csv
India,https://olympiads.hbcse.tifr.res.in/olympiads/wp-content/uploads/2017/01/INChO2017-Question.pdf,Question Paper,Olympiad archive,HBCSE Olympiad past papers,English/Hindi,final_resources.csv
India,https://olympiads.hbcse.tifr.res.in/olympiads/wp-content/uploads/2017/01/INChO-2016.pdf,Question Paper,Olympiad archive,HBCSE Olympiad past papers,English/Hindi,final_resources.csv
India,https://olympiads.hbcse.tifr.res.in/olympiads/wp-content/uploads/2016/09/incho2015-Q.pdf,Question Paper,Olympiad archive,HBCSE Olympiad past papers,English/Hindi,final_resources.csv
India,https://olympiads.hbcse.tifr.res.in/olympiads/wp-content/uploads/2016/09/incho2014-Q.pdf,Question Paper,Olympiad archive,HBCSE Olympiad past papers,English/Hindi,final_resources.csv
India,https://olympiads.hbcse.tifr.res.in/olympiads/wp-content/uploads/2016/09/incho2013-Q.pdf,Question Paper,Olympiad archive,HBCSE Olympiad past papers,English/Hindi,final_resources.csv
India,https://olympiads.hbcse.tifr.res.in/olympiads/wp-content/uploads/2016/09/incho2012-Q.pdf,Question Paper,Olympiad archive,HBCSE Olympiad past papers,English/Hindi,final_resources.csv
India,https://olympiads.hbcse.tifr.res.in/olympiads/wp-content/uploads/2017/11/INChO-2011.pdf,Question Paper,Olympiad archive,HBCSE Olympiad past papers,English/Hindi,final_resources.csv
India,https://olympiads.hbcse.tifr.res.in/olympiads/wp-content/uploads/2016/09/incho2010-Q.pdf,Question Paper,Olympiad archive,HBCSE Olympiad past papers,English/Hindi,final_resources.csv
India,https://olympiads.hbcse.tifr.res.in/olympiads/wp-content/uploads/2018/03/INCHO-2009-paper.pdf,Question Paper,Olympiad archive,HBCSE Olympiad past papers,English/Hindi,final_resources.csv
India,https://olympiads.hbcse.tifr.res.in/olympiads/wp-content/uploads/2018/03/INChO-2008.pdf,Question Paper,Olympiad archive,HBCSE Olympiad past papers,English/Hindi,final_resources.csv
India,https://olympiads.hbcse.tifr.res.in/olympiads/wp-content/uploads/2017/09/INJSO2018-Question.pdf,Question Paper,Olympiad archive,HBCSE Olympiad past papers,English/Hindi,final_resources.csv
India,https://olympiads.hbcse.tifr.res.in/olympiads/wp-content/uploads/2017/01/INJSO2017-Question.pdf,Question Paper,Olympiad archive,HBCSE Olympiad past papers,English/Hindi,final_resources.csv
India,https://olympiads.hbcse.tifr.res.in/olympiads/wp-content/uploads/2016/09/injso2016-Q.pdf,Question Paper,Olympiad archive,HBCSE Olympiad past papers,English/Hindi,final_resources.csv
India,https://olympiads.hbcse.tifr.res.in/olympiads/wp-content/uploads/2016/09/injso2015-Q.pdf,Question Paper,Olympiad archive,HBCSE Olympiad past papers,English/Hindi,final_resources.csv
India,https://olympiads.hbcse.tifr.res.in/olympiads/wp-content/uploads/2016/09/injso2014-Q.pdf,Question Paper,Olympiad archive,HBCSE Olympiad past papers,English/Hindi,final_resources.csv
India,https://olympiads.hbcse.tifr.res.in/olympiads/wp-content/uploads/2016/09/injso2013-Q.pdf,Question Paper,Olympiad archive,HBCSE Olympiad past papers,English/Hindi,final_resources.csv
India,https://olympiads.hbcse.tifr.res.in/olympiads/wp-content/uploads/2016/09/injso2012-Q.pdf,Question Paper,Olympiad archive,HBCSE Olympiad past papers,English/Hindi,final_resources.csv
India,https://olympiads.hbcse.tifr.res.in/olympiads/wp-content/uploads/2016/09/injso2011-Q.pdf,Question Paper,Olympiad archive,HBCSE Olympiad past papers,English/Hindi,final_resources.csv
India,https://olympiads.hbcse.tifr.res.in/olympiads/wp-content/uploads/2016/09/injso2010-Q.pdf,Question Paper,Olympiad archive,HBCSE Olympiad past papers,English/Hindi,final_resources.csv
India,https://olympiads.hbcse.tifr.res.in/olympiads/wp-content/uploads/2016/09/injso2009-Q.pdf,Question Paper,Olympiad archive,HBCSE Olympiad past papers,English/Hindi,final_resources.csv
India,https://olympiads.hbcse.tifr.res.in/olympiads/wp-content/uploads/2017/09/INPhO2018-Question.pdf,Question Paper,Olympiad archive,HBCSE Olympiad past papers,English/Hindi,final_resources.csv
India,https://olympiads.hbcse.tifr.res.in/olympiads/wp-content/uploads/2016/09/inpho2013-Q.pdf,Question Paper,Olympiad archive,HBCSE Olympiad past papers,English/Hindi,final_resources.csv
India,https://olympiads.hbcse.tifr.res.in/olympiads/wp-content/uploads/2016/09/inpho2012-Q.pdf,Question Paper,Olympiad archive,HBCSE Olympiad past papers,English/Hindi,final_resources.csv
India,https://olympiads.hbcse.tifr.res.in/olympiads/wp-content/uploads/2016/09/inpho2011-Q.pdf,Question Paper,Olympiad archive,HBCSE Olympiad past papers,English/Hindi,final_resources.csv
India,https://olympiads.hbcse.tifr.res.in/olympiads/wp-content/uploads/2016/09/inpho2010-Q.pdf,Question Paper,Olympiad archive,HBCSE Olympiad past papers,English/Hindi,final_resources.csv
India,https://olympiads.hbcse.tifr.res.in/olympiads/wp-content/uploads/2016/09/inpho2009-Q.pdf,Question Paper,Olympiad archive,HBCSE Olympiad past papers,English/Hindi,final_resources.csv
India,https://olympiads.hbcse.tifr.res.in/olympiads/wp-content/uploads/2016/09/inpho2008-Q.pdf,Question Paper,Olympiad archive,HBCSE Olympiad past papers,English/Hindi,final_resources.csv
India,https://olympiads.hbcse.tifr.res.in/olympiads/wp-content/uploads/2017/02/INPhO2017-Solution-20170215.pdf,Question Paper & Model Solutions,Olympiad archive,HBCSE Olympiad past papers,English/Hindi,final_resources.csv
India,https://olympiads.hbcse.tifr.res.in/olympiads/wp-content/uploads/2016/09/inpho2016-Q-S.pdf,Question Paper & Model Solutions,Olympiad archive,HBCSE Olympiad past papers,English/Hindi,final_resources.csv
India,https://olympiads.hbcse.tifr.res.in/olympiads/wp-content/uploads/2016/09/inpho2015-Q-S.pdf,Question Paper & Model Solutions,Olympiad archive,HBCSE Olympiad past papers,English/Hindi,final_resources.csv
India,https://olympiads.hbcse.tifr.res.in/olympiads/wp-content/uploads/2016/09/inpho2014-Q-S.pdf,Question Paper & Model Solutions,Olympiad archive,HBCSE Olympiad past papers,English/Hindi,final_resources.csv
India,https://olympiads.hbcse.tifr.res.in/olympiads/wp-content/uploads/2016/09/rmo-sol-2000.pdf,RMO 2000,Olympiad archive,HBCSE Olympiad past papers,English/Hindi,final_resources.csv
India,https://olympiads.hbcse.tifr.res.in/olympiads/wp-content/uploads/2016/09/rmo2001.pdf,RMO 2001,Olympiad archive,HBCSE Olympiad past papers,English/Hindi,final_resources.csv
India,https://olympiads.hbcse.tifr.res.in/olympiads/wp-content/uploads/2016/09/rmo-sol-2002.pdf,RMO 2002,Olympiad archive,HBCSE Olympiad past papers,English/Hindi,final_resources.csv
India,https://olympiads.hbcse.tifr.res.in/olympiads/wp-content/uploads/2016/09/rmo-2004.pdf,RMO 2004,Olympiad archive,HBCSE Olympiad past papers,English/Hindi,final_resources.csv
India,https://olympiads.hbcse.tifr.res.in/olympiads/wp-content/uploads/2016/09/rmo-2005.pdf,RMO 2005,Olympiad archive,HBCSE Olympiad past papers,English/Hindi,final_resources.csv
India,https://olympiads.hbcse.tifr.res.in/olympiads/wp-content/uploads/2016/09/rmo-2006.pdf,RMO 2006,Olympiad archive,HBCSE Olympiad past papers,English/Hindi,final_resources.csv
India,https://olympiads.hbcse.tifr.res.in/olympiads/wp-content/uploads/2016/09/rmo-2007.pdf,RMO 2007,Olympiad archive,HBCSE Olympiad past papers,English/Hindi,final_resources.csv
India,https://olympiads.hbcse.tifr.res.in/olympiads/wp-content/uploads/2016/09/rmo-2008.pdf,RMO 2008,Olympiad archive,HBCSE Olympiad past papers,English/Hindi,final_resources.csv
India,https://olympiads.hbcse.tifr.res.in/olympiads/wp-content/uploads/2016/09/rmo-2009.pdf,RMO 2009,Olympiad archive,HBCSE Olympiad past papers,English/Hindi,final_resources.csv
India,https://olympiads.hbcse.tifr.res.in/olympiads/wp-content/uploads/2016/09/rmo-2010.pdf,RMO 2010,Olympiad archive,HBCSE Olympiad past papers,English/Hindi,final_resources.csv
India,https://olympiads.hbcse.tifr.res.in/olympiads/wp-content/uploads/2016/09/rmo-2011-solutions.pdf,RMO 2011,Olympiad archive,HBCSE Olympiad past papers,English/Hindi,final_resources.csv
India,https://olympiads.hbcse.tifr.res.in/olympiads/wp-content/uploads/2016/09/rmo-2012-mumbai-region.pdf,RMO 2012 (Mumbai region) Paper & Solution,Olympiad archive,HBCSE Olympiad past papers,English/Hindi,final_resources.csv
India,https://olympiads.hbcse.tifr.res.in/olympiads/wp-content/uploads/2016/09/rmo-2013-mumbai-region.pdf,RMO 2013 (Mumbai region),Olympiad archive,HBCSE Olympiad past papers,English/Hindi,final_resources.csv
India,https://olympiads.hbcse.tifr.res.in/olympiads/wp-content/uploads/2016/09/crmo-14-5.pdf,RMO 2014 (Mumbai region),Olympiad archive,HBCSE Olympiad past papers,English/Hindi,final_resources.csv
India,https://olympiads.hbcse.tifr.res.in/olympiads/wp-content/uploads/2017/10/rmo2017.pdf,RMO 2017,Olympiad archive,HBCSE Olympiad past papers,English/Hindi,final_resources.csv
India,https://olympiads.hbcse.tifr.res.in/wp-content/uploads/2025/12/RMO-2025-solutions.pdf,RMO 2025 Solutions,Olympiad archive,HBCSE Olympiad past papers,English/Hindi,final_resources.csv
India,https://olympiads.hbcse.tifr.res.in/olympiads/wp-content/uploads/2016/09/crmo-15-5.pdf,RMO Paper 2015 (Mumbai region),Olympiad archive,HBCSE Olympiad past papers,English/Hindi,final_resources.csv
India,https://olympiads.hbcse.tifr.res.in/wp-content/uploads/2019/10/rmoengfirst2019.pdf,RMO Question Paper 2019,Olympiad archive,HBCSE Olympiad past papers,English/Hindi,final_resources.csv
India,https://olympiads.hbcse.tifr.res.in/wp-content/uploads/2023/10/rmo-combined.pdf,RMO2023-24-Non KV & Non JNV Question Paper,Olympiad archive,HBCSE Olympiad past papers,English/Hindi,final_resources.csv
India,https://olympiads.hbcse.tifr.res.in/wp-content/uploads/2024/11/Official-Solutions-for-RMO-2024.pdf,RMO2024 Problem with Solutions,Olympiad archive,HBCSE Olympiad past papers,English/Hindi,final_resources.csv
India,https://olympiads.hbcse.tifr.res.in/wp-content/uploads/2023/10/KVJNV_Bilingual.pdf,RMO23-24 KV & JNV Question Paper,Olympiad archive,HBCSE Olympiad past papers,English/Hindi,final_resources.csv
India,https://olympiads.hbcse.tifr.res.in/olympiads/wp-content/uploads/2016/08/sample-OMR-sheet-marking.pdf,Sample OMR sheet showing marked answers,Olympiad archive,HBCSE Olympiad past papers,English/Hindi,final_resources.csv
India,https://olympiads.hbcse.tifr.res.in/olympiads/wp-content/uploads/2016/08/sample-prmo-questions.pdf,Sample PRMO questions,Olympiad archive,HBCSE Olympiad past papers,English/Hindi,final_resources.csv
India,https://olympiads.hbcse.tifr.res.in/science-olympiad-2025-2026/,Science Olympiad 2025-2026,Olympiad archive,HBCSE Olympiad past papers,English/Hindi,final_resources.csv
India,https://olympiads.hbcse.tifr.res.in/science-olympiad-2026-2027/,Science Olympiad 2026-2027,Olympiad archive,HBCSE Olympiad past papers,English/Hindi,final_resources.csv
India,https://olympiads.hbcse.tifr.res.in/olympiads/wp-content/uploads/2017/10/sol-crmo-20171.pdf,Solution,Olympiad archive,HBCSE Olympiad past papers,English/Hindi,final_resources.csv
India,https://olympiads.hbcse.tifr.res.in/olympiads/wp-content/uploads/2017/01/sol-inmo_17.pdf,Solution,Olympiad archive,HBCSE Olympiad past papers,English/Hindi,final_resources.csv
India,https://olympiads.hbcse.tifr.res.in/olympiads/wp-content/uploads/2016/11/1sol.pdf,Solution,Olympiad archive,HBCSE Olympiad past papers,English/Hindi,final_resources.csv
India,https://olympiads.hbcse.tifr.res.in/olympiads/wp-content/uploads/2016/09/sol-inmo16.pdf,Solution,Olympiad archive,HBCSE Olympiad past papers,English/Hindi,final_resources.csv
India,https://olympiads.hbcse.tifr.res.in/olympiads/wp-content/uploads/2016/11/2sol.pdf,Solution,Olympiad archive,HBCSE Olympiad past papers,English/Hindi,final_resources.csv
India,https://olympiads.hbcse.tifr.res.in/olympiads/wp-content/uploads/2016/11/3sol.pdf,Solution,Olympiad archive,HBCSE Olympiad past papers,English/Hindi,final_resources.csv
India,https://olympiads.hbcse.tifr.res.in/olympiads/wp-content/uploads/2016/11/4sol.pdf,Solution,Olympiad archive,HBCSE Olympiad past papers,English/Hindi,final_resources.csv
India,https://olympiads.hbcse.tifr.res.in/olympiads/wp-content/uploads/2016/09/sol-crmo15-1.pdf,Solution,Olympiad archive,HBCSE Olympiad past papers,English/Hindi,final_resources.csv
India,https://olympiads.hbcse.tifr.res.in/olympiads/wp-content/uploads/2016/09/sol-crmo15-2.pdf,Solution,Olympiad archive,HBCSE Olympiad past papers,English/Hindi,final_resources.csv
India,https://olympiads.hbcse.tifr.res.in/olympiads/wp-content/uploads/2016/09/sol-crmo15-3.pdf,Solution,Olympiad archive,HBCSE Olympiad past papers,English/Hindi,final_resources.csv
India,https://olympiads.hbcse.tifr.res.in/olympiads/wp-content/uploads/2016/09/sol-crmo15-4.pdf,Solution,Olympiad archive,HBCSE Olympiad past papers,English/Hindi,final_resources.csv
India,https://olympiads.hbcse.tifr.res.in/olympiads/wp-content/uploads/2016/09/sol-crmo15-5.pdf,Solution,Olympiad archive,HBCSE Olympiad past papers,English/Hindi,final_resources.csv
India,https://olympiads.hbcse.tifr.res.in/olympiads/wp-content/uploads/2016/09/sol-crmo-14-1.pdf,Solution,Olympiad archive,HBCSE Olympiad past papers,English/Hindi,final_resources.csv
India,https://olympiads.hbcse.tifr.res.in/olympiads/wp-content/uploads/2016/09/sol-crmo-14-2.pdf,Solution,Olympiad archive,HBCSE Olympiad past papers,English/Hindi,final_resources.csv
India,https://olympiads.hbcse.tifr.res.in/olympiads/wp-content/uploads/2016/09/sol-crmo-14-3.pdf,Solution,Olympiad archive,HBCSE Olympiad past papers,English/Hindi,final_resources.csv
India,https://olympiads.hbcse.tifr.res.in/olympiads/wp-content/uploads/2016/09/sol-crmo-14-4.pdf,Solution,Olympiad archive,HBCSE Olympiad past papers,English/Hindi,final_resources.csv
India,https://olympiads.hbcse.tifr.res.in/olympiads/wp-content/uploads/2016/09/sol-crmo-14-5.pdf,Solution,Olympiad archive,HBCSE Olympiad past papers,English/Hindi,final_resources.csv
India,https://olympiads.hbcse.tifr.res.in/olympiads/wp-content/uploads/2016/09/crmo-2013-solutions-1.pdf,Solution,Olympiad archive,HBCSE Olympiad past papers,English/Hindi,final_resources.csv
India,https://olympiads.hbcse.tifr.res.in/olympiads/wp-content/uploads/2016/09/crmo-2013-solutions-2.pdf,Solution,Olympiad archive,HBCSE Olympiad past papers,English/Hindi,final_resources.csv
India,https://olympiads.hbcse.tifr.res.in/olympiads/wp-content/uploads/2016/09/crmo-2013-solutions-4.pdf,Solution,Olympiad archive,HBCSE Olympiad past papers,English/Hindi,final_resources.csv
India,https://olympiads.hbcse.tifr.res.in/olympiads/wp-content/uploads/2016/09/solutions-to-rmo-2013-mumbai-region.pdf,Solution,Olympiad archive,HBCSE Olympiad past papers,English/Hindi,final_resources.csv
India,https://olympiads.hbcse.tifr.res.in/about-olympiads/stages/,Stages,Olympiad archive,HBCSE Olympiad past papers,English/Hindi,final_resources.csv
India,https://olympiads.hbcse.tifr.res.in/how-to-prepare/syllabus/,Syllabus,Olympiad archive,HBCSE Olympiad past papers,English/Hindi,final_resources.csv
India,https://ccweb.tifr.res.in/AppAdmin/NewCommitteeOrder/docs/Standing%20Order%20D-3-2023-24_Academic%20Council%20of%20TIFR.pdf,Academic Council,exam archive,TIFR past question papers,English,final_resources.csv
India,https://www.tifr.res.in/academics/docs/GS-2026_Advertisement.pdf,Advertisement,exam archive,TIFR past question papers,English,final_resources.csv
India,https://www.tifr.res.in/academics/docs/past_QP/GS2026_QP_Biology.pdf,Biology,exam archive,TIFR past question papers,English,final_resources.csv
India,https://www.tifr.res.in/academics/docs/past_QP/GS2025_QP_Biology.pdf,Biology,exam archive,TIFR past question papers,English,final_resources.csv
India,https://www.tifr.res.in/academics/docs/past_QP/GS2024_QP_Bio_JGEEBILS.pdf,Biology,exam archive,TIFR past question papers,English,final_resources.csv
India,https://www.tifr.res.in/academics/docs/past_QP/GS2023_QP_BIO.pdf,Biology,exam archive,TIFR past question papers,English,final_resources.csv
India,https://www.tifr.res.in/academics/docs/past_QP/GS2022_QP_BIO.pdf,Biology,exam archive,TIFR past question papers,English,final_resources.csv
India,https://www.tifr.res.in/academics/docs/past_QP/GS2021_QP_BIO.pdf,Biology,exam archive,TIFR past question papers,English,final_resources.csv
India,https://www.tifr.res.in/academics/docs/past_QP/GS2020_QP_BIO.pdf,Biology,exam archive,TIFR past question papers,English,final_resources.csv
India,https://www.tifr.res.in/academics/docs/past_QP/GS2019_QP_BIO.pdf,Biology,exam archive,TIFR past question papers,English,final_resources.csv
India,https://www.tifr.res.in/academics/docs/past_QP/GS2018_QP_BIO.pdf,Biology,exam archive,TIFR past question papers,English,final_resources.csv
India,https://www.tifr.res.in/academics/docs/past_QP/GS2017_QP_BIO.pdf,Biology,exam archive,TIFR past question papers,English,final_resources.csv
India,https://www.tifr.res.in/academics/docs/past_QP/GS2016_QP_BIO.pdf,Biology,exam archive,TIFR past question papers,English,final_resources.csv
India,https://www.tifr.res.in/academics/docs/past_QP/GS2015_QP_BIO.pdf,Biology,exam archive,TIFR past question papers,English,final_resources.csv
India,https://www.tifr.res.in/academics/docs/past_QP/GS2014_QP_BIO.pdf,Biology,exam archive,TIFR past question papers,English,final_resources.csv
India,https://www.tifr.res.in/academics/docs/past_QP/GS2013_QP_BIO.pdf,Biology,exam archive,TIFR past question papers,English,final_resources.csv
India,https://www.tifr.res.in/academics/docs/past_QP/GS2012_QP_BIO.pdf,Biology,exam archive,TIFR past question papers,English,final_resources.csv
India,https://www.tifr.res.in/academics/docs/past_QP/GS2011_QP_Biology.pdf,Biology,exam archive,TIFR past question papers,English,final_resources.csv
India,https://www.tifr.res.in/academics/docs/past_QP/GS2010-QP-BIO.pdf,Biology,exam archive,TIFR past question papers,English,final_resources.csv
India,https://www.tifr.res.in/academics/docs/past_QP/GS2026_QP_Chemistry.pdf,Chemistry,exam archive,TIFR past question papers,English,final_resources.csv
India,https://www.tifr.res.in/academics/docs/past_QP/GS2025_QP_Chemistry.pdf,Chemistry,exam archive,TIFR past question papers,English,final_resources.csv
India,https://www.tifr.res.in/academics/docs/past_QP/GS2024_QP_Chemistry.pdf,Chemistry,exam archive,TIFR past question papers,English,final_resources.csv
India,https://www.tifr.res.in/academics/docs/past_QP/GS2023_QP_CHM.pdf,Chemistry,exam archive,TIFR past question papers,English,final_resources.csv
India,https://www.tifr.res.in/academics/docs/past_QP/GS2022_QP_CHM.pdf,Chemistry,exam archive,TIFR past question papers,English,final_resources.csv
India,https://www.tifr.res.in/academics/docs/past_QP/GS2021_QP_CHM.pdf,Chemistry,exam archive,TIFR past question papers,English,final_resources.csv
India,https://www.tifr.res.in/academics/docs/past_QP/GS2020_QP_CHM.pdf,Chemistry,exam archive,TIFR past question papers,English,final_resources.csv
India,https://www.tifr.res.in/academics/docs/past_QP/GS2019_QP_CHM.pdf,Chemistry,exam archive,TIFR past question papers,English,final_resources.csv
India,https://www.tifr.res.in/academics/docs/past_QP/GS2011_QP_Chemistry.pdf,Chemistry,exam archive,TIFR past question papers,English,final_resources.csv
India,https://www.tifr.res.in/academics/docs/past_QP/GS2010-QP-CHM.PDF,Chemistry,exam archive,TIFR past question papers,English,final_resources.csv
India,https://www.tifr.res.in/academics/docs/past_QP/GS2018_QP_CHM_X.pdf,Chemistry-X,exam archive,TIFR past question papers,English,final_resources.csv
India,https://www.tifr.res.in/academics/docs/past_QP/GS2017_QP_CHM_X.pdf,Chemistry-X,exam archive,TIFR past question papers,English,final_resources.csv
India,https://www.tifr.res.in/academics/docs/past_QP/GS2016_QP_CHM_X.pdf,Chemistry-X,exam archive,TIFR past question papers,English,final_resources.csv
India,https://www.tifr.res.in/academics/docs/past_QP/GS2015_QP_CHM_X.pdf,Chemistry-X,exam archive,TIFR past question papers,English,final_resources.csv
India,https://www.tifr.res.in/academics/docs/past_QP/GS2014_QP_CHM_X.pdf,Chemistry-X,exam archive,TIFR past question papers,English,final_resources.csv
India,https://www.tifr.res.in/academics/docs/past_QP/GS2013_QP_CHM_X.pdf,Chemistry-X,exam archive,TIFR past question papers,English,final_resources.csv
India,https://www.tifr.res.in/academics/docs/past_QP/GS2012_QP_CHM_X.pdf,Chemistry-X,exam archive,TIFR past question papers,English,final_resources.csv
India,https://www.tifr.res.in/academics/docs/past_QP/GS2018_QP_CHM_Y.pdf,Chemistry-Y,exam archive,TIFR past question papers,English,final_resources.csv
India,https://www.tifr.res.in/academics/docs/past_QP/GS2017_QP_CHM_Y.pdf,Chemistry-Y,exam archive,TIFR past question papers,English,final_resources.csv
India,https://www.tifr.res.in/academics/docs/past_QP/GS2016_QP_CHM_Y.pdf,Chemistry-Y,exam archive,TIFR past question papers,English,final_resources.csv
India,https://www.tifr.res.in/academics/docs/past_QP/GS2015_QP_CHM_Y.pdf,Chemistry-Y,exam archive,TIFR past question papers,English,final_resources.csv
India,https://www.tifr.res.in/academics/docs/past_QP/GS2014_QP_CHM_Y.pdf,Chemistry-Y,exam archive,TIFR past question papers,English,final_resources.csv
India,https://www.tifr.res.in/academics/docs/past_QP/GS2013_QP_CHM_Y.pdf,Chemistry-Y,exam archive,TIFR past question papers,English,final_resources.csv
India,https://www.tifr.res.in/academics/docs/past_QP/GS2012_QP_CHM_Y.pdf,Chemistry-Y,exam archive,TIFR past question papers,English,final_resources.csv
India,https://www.tifr.res.in/academics/docs/past_QP/GS2023_QP_CSS.pdf,Computer & Systems Sciences,exam archive,TIFR past question papers,English,final_resources.csv
India,https://www.tifr.res.in/academics/docs/past_QP/GS2022_QP_CSS.pdf,Computer & Systems Sciences,exam archive,TIFR past question papers,English,final_resources.csv
India,https://www.tifr.res.in/academics/docs/past_QP/GS2021_QP_CSS.pdf,Computer & Systems Sciences,exam archive,TIFR past question papers,English,final_resources.csv
India,https://www.tifr.res.in/academics/docs/past_QP/GS2020_QP_CSS.pdf,Computer & Systems Sciences,exam archive,TIFR past question papers,English,final_resources.csv
India,https://www.tifr.res.in/academics/docs/past_QP/GS2019_QP_CS.pdf,Computer & Systems Sciences,exam archive,TIFR past question papers,English,final_resources.csv
India,https://www.tifr.res.in/academics/docs/past_QP/GS2018_QP_CSS.pdf,Computer & Systems Sciences,exam archive,TIFR past question papers,English,final_resources.csv
India,https://www.tifr.res.in/academics/docs/past_QP/GS2017_QP_CSS.pdf,Computer & Systems Sciences,exam archive,TIFR past question papers,English,final_resources.csv
India,https://www.tifr.res.in/academics/docs/past_QP/GS2016_QP_CSS.pdf,Computer & Systems Sciences,exam archive,TIFR past question papers,English,final_resources.csv
India,https://www.tifr.res.in/academics/docs/past_QP/GS2015_QP_CSS.pdf,Computer & Systems Sciences,exam archive,TIFR past question papers,English,final_resources.csv
India,https://www.tifr.res.in/academics/docs/past_QP/GS2014_QP_CSS.pdf,Computer & Systems Sciences,exam archive,TIFR past question papers,English,final_resources.csv
India,https://www.tifr.res.in/academics/docs/past_QP/GS2013_QP_CSS.pdf,Computer & Systems Sciences,exam archive,TIFR past question papers,English,final_resources.csv
India,https://www.tifr.res.in/academics/docs/past_QP/GS2012_QP_CSS.pdf,Computer & Systems Sciences,exam archive,TIFR past question papers,English,final_resources.csv
India,https://www.tifr.res.in/academics/docs/past_QP/GS2011_QP_Computer.pdf,Computer & Systems Sciences,exam archive,TIFR past question papers,English,final_resources.csv
India,https://www.tifr.res.in/academics/docs/past_QP/GS2010-QP-CSS.PDF,Computer & Systems Sciences,exam archive,TIFR past question papers,English,final_resources.csv
India,https://www.tifr.res.in/academics/docs/past_QP/GS2026_QP_CS_LIDS.pdf,Computer Science,exam archive,TIFR past question papers,English,final_resources.csv
India,https://www.tifr.res.in/academics/docs/past_QP/GS2025_QP_CS_LIDS.pdf,Computer Science,exam archive,TIFR past question papers,English,final_resources.csv
India,https://www.tifr.res.in/academics/docs/past_QP/GS2024_QP_CS.pdf,Computer Science,exam archive,TIFR past question papers,English,final_resources.csv
India,https://www.tifr.res.in/academics/docs/D-8-2025-26_Constitutio_of_Examination_Board_TIFR_GS_Programme.pdf,Examination Board,exam archive,TIFR past question papers,English,final_resources.csv
India,https://www.tifr.res.in/academics/gs_final_keys.php,Final Answer Keys,exam archive,TIFR past question papers,English,final_resources.csv
India,"https://ccweb.tifr.res.in/AppAdmin/NewCommitteeOrder/docs/OD-R15-2023-24,%20FC.pdf",Finance,exam archive,TIFR past question papers,English,final_resources.csv
India,https://www.tifr.res.in/academics/gate_jest_csir.php,GATE/JEST/CSIR/Other Exams,exam archive,TIFR past question papers,English,final_resources.csv
India,"https://ccweb.tifr.res.in/AppAdmin/NewCommitteeOrder/docs/OD-R37-2023-24,%20TCGH.pdf",Gender Harmony/ Womens' Cell,exam archive,TIFR past question papers,English,final_resources.csv
India,https://www.tifr.res.in/academics/docs/past_QP/GS2024_QP_LIDS.pdf,Learning Information & Data Sciences,exam archive,TIFR past question papers,English,final_resources.csv
India,https://www.tifr.res.in/academics/docs/past_QP/GS2022_QP_WLBIO.pdf,MSc Wildlife Biology and Conservation,exam archive,TIFR past question papers,English,final_resources.csv
India,https://www.tifr.res.in/academics/docs/past_QP/GS2020_QP_WLBIO.pdf,MSc Wildlife Biology and Conservation,exam archive,TIFR past question papers,English,final_resources.csv
India,https://www.tifr.res.in/academics/docs/past_QP/GS2018_QP_WLBIO.pdf,MSc Wildlife Biology and Conservation,exam archive,TIFR past question papers,English,final_resources.csv
India,https://www.tifr.res.in/academics/docs/past_QP/GS2016_QP_WLBIO.pdf,MSc Wildlife Biology and Conservation,exam archive,TIFR past question papers,English,final_resources.csv
India,https://www.tifr.res.in/academics/docs/past_QP/GS2014_QP_WLBIO.pdf,MSc Wildlife Biology and Conservation,exam archive,TIFR past question papers,English,final_resources.csv
India,https://www.tifr.res.in/academics/docs/past_QP/GS2012_QP_WLBIO.pdf,MSc Wildlife Biology and Conservation,exam archive,TIFR past question papers,English,final_resources.csv
India,https://www.tifr.res.in/academics/docs/past_QP/GS2010-QP-BIO-M.SC.-WILDLIFE.pdf,MSc Wildlife Biology and Conservation,exam archive,TIFR past question papers,English,final_resources.csv
India,https://www.tifr.res.in/academics/docs/past_QP/GS2020_QP_MTH.pdf,Mathematics,exam archive,TIFR past question papers,English,final_resources.csv
India,https://www.tifr.res.in/academics/docs/past_QP/GS2019_QP_MTH.pdf,Mathematics,exam archive,TIFR past question papers,English,final_resources.csv
India,https://www.tifr.res.in/academics/docs/past_QP/GS2018_QP_MTH.pdf,Mathematics,exam archive,TIFR past question papers,English,final_resources.csv
India,https://www.tifr.res.in/academics/docs/past_QP/GS2017_QP_MTH.pdf,Mathematics,exam archive,TIFR past question papers,English,final_resources.csv
India,https://www.tifr.res.in/academics/docs/past_QP/GS2016_QP_MTH.pdf,Mathematics,exam archive,TIFR past question papers,English,final_resources.csv
India,https://www.tifr.res.in/academics/docs/past_QP/GS2015_QP_MTH.pdf,Mathematics,exam archive,TIFR past question papers,English,final_resources.csv
India,https://www.tifr.res.in/academics/docs/past_QP/GS2014_QP_MTH.pdf,Mathematics,exam archive,TIFR past question papers,English,final_resources.csv
India,https://www.tifr.res.in/academics/docs/past_QP/GS2013_QP_MTH.pdf,Mathematics,exam archive,TIFR past question papers,English,final_resources.csv
India,https://www.tifr.res.in/academics/docs/past_QP/GS2012_QP_MTH.pdf,Mathematics,exam archive,TIFR past question papers,English,final_resources.csv
India,https://www.tifr.res.in/academics/docs/past_QP/GS2011_QP_Maths.pdf,Mathematics,exam archive,TIFR past question papers,English,final_resources.csv
India,https://www.tifr.res.in/academics/docs/past_QP/GS2010-QP-MTH.PDF,Mathematics,exam archive,TIFR past question papers,English,final_resources.csv
India,https://www.tifr.res.in/academics/docs/past_QP/GS2026_QP_Mathematics_PhD_CAM.pdf,Mathematics-PhD at CAM,exam archive,TIFR past question papers,English,final_resources.csv
India,https://www.tifr.res.in/academics/docs/past_QP/GS2025_QP_Mathematics_PhD_CAM.pdf,Mathematics-PhD at CAM,exam archive,TIFR past question papers,English,final_resources.csv
India,"https://ccweb.tifr.res.in/AppAdmin/NewCommitteeOrder/docs/OFFICE%20ORDER%20OD%20%EF%BF%BD%20C2%20%EF%BF%BD%202021-22,%20TIFR-NEP%20discussion%20committee.pdf",NEP,exam archive,TIFR past question papers,English,final_resources.csv
India,https://www.tifr.res.in/academics/docs/past_QP/GS2023_QP_PHY.pdf,Physics,exam archive,TIFR past question papers,English,final_resources.csv
India,https://www.tifr.res.in/academics/docs/past_QP/GS2022_QP_PHY.pdf,Physics,exam archive,TIFR past question papers,English,final_resources.csv
India,https://www.tifr.res.in/academics/docs/past_QP/GS2021_QP_PHY.pdf,Physics,exam archive,TIFR past question papers,English,final_resources.csv
India,https://www.tifr.res.in/academics/docs/past_QP/GS2020_QP_PHY.pdf,Physics,exam archive,TIFR past question papers,English,final_resources.csv
India,https://www.tifr.res.in/academics/docs/past_QP/GS2011_QP_Physics.pdf,Physics,exam archive,TIFR past question papers,English,final_resources.csv
India,https://www.tifr.res.in/academics/docs/past_QP/GS2010-QP-PHY.PDF,Physics,exam archive,TIFR past question papers,English,final_resources.csv
India,https://www.tifr.res.in/academics/docs/past_QP/GS2026_QP_Physics_I-PhD.pdf,Physics (IPhD),exam archive,TIFR past question papers,English,final_resources.csv
India,https://www.tifr.res.in/academics/docs/past_QP/GS2025_QP_Physics_IPhd.pdf,Physics (IPhD),exam archive,TIFR past question papers,English,final_resources.csv
India,https://www.tifr.res.in/academics/docs/past_QP/GS2024_QP_Phys_IPhD.pdf,Physics (IPhD),exam archive,TIFR past question papers,English,final_resources.csv
India,https://www.tifr.res.in/academics/docs/past_QP/GS2026_QP_Physics_PhD.pdf,Physics (PhD),exam archive,TIFR past question papers,English,final_resources.csv
India,https://www.tifr.res.in/academics/docs/past_QP/GS2025_QP_Physics_PhD.pdf,Physics (PhD),exam archive,TIFR past question papers,English,final_resources.csv
India,https://www.tifr.res.in/academics/docs/past_QP/GS2024_QP_Phys_PhD.pdf,Physics (PhD),exam archive,TIFR past question papers,English,final_resources.csv
India,https://www.tifr.res.in/academics/docs/past_QP/GS2019_QP_PHY_IPHD.pdf,Physics-IPHD,exam archive,TIFR past question papers,English,final_resources.csv
India,https://www.tifr.res.in/academics/docs/past_QP/GS2019_QP_PHY_PHD.pdf,Physics-PHD,exam archive,TIFR past question papers,English,final_resources.csv
India,https://www.tifr.res.in/academics/docs/past_QP/GS2018_PHY_X.pdf,Physics-X,exam archive,TIFR past question papers,English,final_resources.csv
India,https://www.tifr.res.in/academics/docs/past_QP/GS2017_QP_PHY_X.pdf,Physics-X,exam archive,TIFR past question papers,English,final_resources.csv
India,https://www.tifr.res.in/academics/docs/past_QP/GS2016_QP_PHY_X.pdf,Physics-X,exam archive,TIFR past question papers,English,final_resources.csv
India,https://www.tifr.res.in/academics/docs/past_QP/GS2015_QP_PHY_X.pdf,Physics-X,exam archive,TIFR past question papers,English,final_resources.csv
India,https://www.tifr.res.in/academics/docs/past_QP/GS2014_QP_PHY_X.pdf,Physics-X,exam archive,TIFR past question papers,English,final_resources.csv
India,https://www.tifr.res.in/academics/docs/past_QP/GS2013_QP_PHY_X.pdf,Physics-X,exam archive,TIFR past question papers,English,final_resources.csv
India,https://www.tifr.res.in/academics/docs/past_QP/GS2012_QP_PHY_X.pdf,Physics-X,exam archive,TIFR past question papers,English,final_resources.csv
India,https://www.tifr.res.in/academics/docs/past_QP/GS2018_PHY_Y.pdf,Physics-Y,exam archive,TIFR past question papers,English,final_resources.csv
India,https://www.tifr.res.in/academics/docs/past_QP/GS2017_QP_PHY_Y.pdf,Physics-Y,exam archive,TIFR past question papers,English,final_resources.csv
India,https://www.tifr.res.in/academics/docs/past_QP/GS2016_QP_PHY_Y.pdf,Physics-Y,exam archive,TIFR past question papers,English,final_resources.csv
India,https://www.tifr.res.in/academics/docs/past_QP/GS2015_QP_PHY_Y.pdf,Physics-Y,exam archive,TIFR past question papers,English,final_resources.csv
India,https://www.tifr.res.in/academics/docs/past_QP/GS2014_QP_PHY_Y.pdf,Physics-Y,exam archive,TIFR past question papers,English,final_resources.csv
India,https://www.tifr.res.in/academics/docs/past_QP/GS2013_QP_PHY_Y.pdf,Physics-Y,exam archive,TIFR past question papers,English,final_resources.csv
India,https://www.tifr.res.in/academics/docs/past_QP/GS2012_QP_PHY_Y.pdf,Physics-Y,exam archive,TIFR past question papers,English,final_resources.csv
India,https://www.tifr.res.in/academics/docs/GS-2026_Poster.pdf,Poster,exam archive,TIFR past question papers,English,final_resources.csv
India,https://www.tifr.res.in/academics/gs_questions.php,Questions,exam archive,TIFR past question papers,English,final_resources.csv
India,"https://ccweb.tifr.res.in/AppAdmin/NewCommitteeOrder/docs/OFFICE%20ORDER%20OD-P5-2022-23,%20TIFR%20R&D%20Cell.pdf",Research & Development,exam archive,TIFR past question papers,English,final_resources.csv
India,https://www.tifr.res.in/academics/docs/past_QP/GS2026_QP_Science_Education.pdf,Science Education,exam archive,TIFR past question papers,English,final_resources.csv
India,https://www.tifr.res.in/academics/docs/past_QP/GS2025_QP_Science_Education.pdf,Science Education,exam archive,TIFR past question papers,English,final_resources.csv
India,https://www.tifr.res.in/academics/docs/past_QP/GS2024_QP_SE.pdf,Science Education,exam archive,TIFR past question papers,English,final_resources.csv
India,https://www.tifr.res.in/academics/docs/past_QP/GS2023_QP_SED.pdf,Science Education,exam archive,TIFR past question papers,English,final_resources.csv
India,https://www.tifr.res.in/academics/syllabus.php,Syllabus and Exam instructions,exam archive,TIFR past question papers,English,final_resources.csv
India,https://www.tifr.res.in/academics/gs_external_exam.php,TIFR External GS Exam,exam archive,TIFR past question papers,English,final_resources.csv
India,https://www.tifr.res.in/academics/gs_advertisement.php,TIFR External GS Exam,exam archive,TIFR past question papers,English,final_resources.csv
India,https://www.tifr.res.in/academics/past_question_papers.php,TIFR past question papers — official gateway,exam archive,TIFR past question papers,English,final_resources.csv
India,https://www.tifr.res.in/academics/docs/past_QP/GS2026_QP_WL_Biology.pdf,Wildlife Biology & Conservation,exam archive,TIFR past question papers,English,final_resources.csv
India,https://www.tifr.res.in/academics/docs/past_QP/GS2024_QP_WLBIO.pdf,Wildlife Biology & Conservation,exam archive,TIFR past question papers,English,final_resources.csv
India,https://jeeadv.ac.in/past_qps/2007_1.pdf,Download,exam archive,JEE Advanced archive,English,final_resources.csv
India,https://jeeadv.ac.in/past_qps/2007_2.pdf,Download,exam archive,JEE Advanced archive,English,final_resources.csv
India,https://jeeadv.ac.in/past_qps/2008_1.pdf,Download,exam archive,JEE Advanced archive,English,final_resources.csv
India,https://jeeadv.ac.in/past_qps/2008_2.pdf,Download,exam archive,JEE Advanced archive,English,final_resources.csv
India,https://jeeadv.ac.in/past_qps/2009_1.pdf,Download,exam archive,JEE Advanced archive,English,final_resources.csv
India,https://jeeadv.ac.in/past_qps/2009_2.pdf,Download,exam archive,JEE Advanced archive,English,final_resources.csv
India,https://jeeadv.ac.in/past_qps/2010_1.pdf,Download,exam archive,JEE Advanced archive,English,final_resources.csv
India,https://jeeadv.ac.in/past_qps/2010_2.pdf,Download,exam archive,JEE Advanced archive,English,final_resources.csv
India,https://jeeadv.ac.in/past_qps/2011_1.pdf,Download,exam archive,JEE Advanced archive,English,final_resources.csv
India,https://jeeadv.ac.in/past_qps/2011_2.pdf,Download,exam archive,JEE Advanced archive,English,final_resources.csv
India,https://jeeadv.ac.in/past_qps/2012_1.pdf,Download,exam archive,JEE Advanced archive,English,final_resources.csv
India,https://jeeadv.ac.in/past_qps/2012_2.pdf,Download,exam archive,JEE Advanced archive,English,final_resources.csv
India,https://jeeadv.ac.in/past_qps/2013_1.pdf,Download,exam archive,JEE Advanced archive,English,final_resources.csv
India,https://jeeadv.ac.in/past_qps/2013_2.pdf,Download,exam archive,JEE Advanced archive,English,final_resources.csv
India,https://jeeadv.ac.in/past_qps/2014_1.pdf,Download,exam archive,JEE Advanced archive,English,final_resources.csv
India,https://jeeadv.ac.in/past_qps/2014_2.pdf,Download,exam archive,JEE Advanced archive,English,final_resources.csv
India,https://jeeadv.ac.in/past_qps/2015_1.pdf,Download,exam archive,JEE Advanced archive,English,final_resources.csv
India,https://jeeadv.ac.in/past_qps/2015_2.pdf,Download,exam archive,JEE Advanced archive,English,final_resources.csv
India,https://jeeadv.ac.in/past_qps/2016_1.pdf,Download,exam archive,JEE Advanced archive,English,final_resources.csv
India,https://jeeadv.ac.in/past_qps/2016_2.pdf,Download,exam archive,JEE Advanced archive,English,final_resources.csv
India,https://jeeadv.ac.in/past_qps/2017_1.pdf,Download,exam archive,JEE Advanced archive,English,final_resources.csv
India,https://jeeadv.ac.in/past_qps/2017_2.pdf,Download,exam archive,JEE Advanced archive,English,final_resources.csv
India,https://jeeadv.ac.in/past_qps/2018_1.pdf,Download,exam archive,JEE Advanced archive,English,final_resources.csv
India,https://jeeadv.ac.in/past_qps/2018_2.pdf,Download,exam archive,JEE Advanced archive,English,final_resources.csv
India,https://jeeadv.ac.in/past_qps/2019_1_English.pdf,Download,exam archive,JEE Advanced archive,English,final_resources.csv
India,https://jeeadv.ac.in/past_qps/2019_2_English.pdf,Download,exam archive,JEE Advanced archive,English,final_resources.csv
India,https://jeeadv.ac.in/past_qps/2019_1_Hindi.pdf,Download,exam archive,JEE Advanced archive,English,final_resources.csv
India,https://jeeadv.ac.in/past_qps/2019_2_Hindi.pdf,Download,exam archive,JEE Advanced archive,English,final_resources.csv
India,https://jeeadv.ac.in/past_qps/2020_1_English.pdf,Download,exam archive,JEE Advanced archive,English,final_resources.csv
India,https://jeeadv.ac.in/past_qps/2020_2_English.pdf,Download,exam archive,JEE Advanced archive,English,final_resources.csv
India,https://jeeadv.ac.in/past_qps/2020_1_Hindi.pdf,Download,exam archive,JEE Advanced archive,English,final_resources.csv
India,https://jeeadv.ac.in/past_qps/2020_2_Hindi.pdf,Download,exam archive,JEE Advanced archive,English,final_resources.csv
India,https://jeeadv.ac.in/past_qps/2021_1_English.pdf,Download,exam archive,JEE Advanced archive,English,final_resources.csv
India,https://jeeadv.ac.in/past_qps/2021_2_English.pdf,Download,exam archive,JEE Advanced archive,English,final_resources.csv
India,https://jeeadv.ac.in/past_qps/2021_1_Hindi.pdf,Download,exam archive,JEE Advanced archive,English,final_resources.csv
India,https://jeeadv.ac.in/past_qps/2021_2_Hindi.pdf,Download,exam archive,JEE Advanced archive,English,final_resources.csv
India,https://jeeadv.ac.in/past_qps/2022_1_English.pdf,Download,exam archive,JEE Advanced archive,English,final_resources.csv
India,https://jeeadv.ac.in/past_qps/2022_2_English.pdf,Download,exam archive,JEE Advanced archive,English,final_resources.csv
India,https://jeeadv.ac.in/past_qps/2022_1_Hindi.pdf,Download,exam archive,JEE Advanced archive,English,final_resources.csv
India,https://jeeadv.ac.in/past_qps/2022_2_Hindi.pdf,Download,exam archive,JEE Advanced archive,English,final_resources.csv
India,https://jeeadv.ac.in/past_qps/2023_1_English.pdf,Download,exam archive,JEE Advanced archive,English,final_resources.csv
India,https://jeeadv.ac.in/past_qps/2023_2_English.pdf,Download,exam archive,JEE Advanced archive,English,final_resources.csv
India,https://jeeadv.ac.in/past_qps/2023_1_Hindi.pdf,Download,exam archive,JEE Advanced archive,English,final_resources.csv
India,https://jeeadv.ac.in/past_qps/2023_2_Hindi.pdf,Download,exam archive,JEE Advanced archive,English,final_resources.csv
India,https://jeeadv.ac.in/past_qps/2024_1_English.pdf,Download,exam archive,JEE Advanced archive,English,final_resources.csv
India,https://jeeadv.ac.in/past_qps/2024_2_English.pdf,Download,exam archive,JEE Advanced archive,English,final_resources.csv
India,https://jeeadv.ac.in/past_qps/2024_1_Hindi.pdf,Download,exam archive,JEE Advanced archive,English,final_resources.csv
India,https://jeeadv.ac.in/past_qps/2024_2_Hindi.pdf,Download,exam archive,JEE Advanced archive,English,final_resources.csv
India,https://jeeadv.ac.in/past_qps/2025_1_English.pdf,Download,exam archive,JEE Advanced archive,English,final_resources.csv
India,https://jeeadv.ac.in/past_qps/2025_2_English.pdf,Download,exam archive,JEE Advanced archive,English,final_resources.csv
India,https://jeeadv.ac.in/past_qps/2025_1_Hindi.pdf,Download,exam archive,JEE Advanced archive,English,final_resources.csv
India,https://jeeadv.ac.in/past_qps/2025_2_Hindi.pdf,Download,exam archive,JEE Advanced archive,English,final_resources.csv
India,https://jeeadv.ac.in/past_qps/AAT-2016.pdf,Download,exam archive,JEE Advanced archive,English,final_resources.csv
India,https://jeeadv.ac.in/past_qps/AAT-2017.pdf,Download,exam archive,JEE Advanced archive,English,final_resources.csv
India,https://jeeadv.ac.in/past_qps/AAT-2018.pdf,Download,exam archive,JEE Advanced archive,English,final_resources.csv
India,https://jeeadv.ac.in/past_qps/AAT-2019.pdf,Download,exam archive,JEE Advanced archive,English,final_resources.csv
India,https://jeeadv.ac.in/past_qps/AAT-2020.pdf,Download,exam archive,JEE Advanced archive,English,final_resources.csv
India,https://jeeadv.ac.in/past_qps/AAT-2021.pdf,Download,exam archive,JEE Advanced archive,English,final_resources.csv
India,https://jeeadv.ac.in/past_qps/AAT-2022.pdf,Download,exam archive,JEE Advanced archive,English,final_resources.csv
India,https://jeeadv.ac.in/past_qps/AAT-2023.pdf,Download,exam archive,JEE Advanced archive,English,final_resources.csv
India,https://jeeadv.ac.in/past_qps/AAT-2024.pdf,Download,exam archive,JEE Advanced archive,English,final_resources.csv
India,https://jeeadv.ac.in/past_qps/AAT-2025.pdf,Download,exam archive,JEE Advanced archive,English,final_resources.csv
India,https://jeeadv.ac.in/archive.html,JEE Advanced archive — official gateway,exam archive,JEE Advanced archive,English,final_resources.csv
India,https://www.upsc.gov.in/sites/default/files/MARATHI-LITERATURE-PAPER-II-QP-CSM-25-010925.pdf,(1.02 MB),exam archive,UPSC previous question papers,English,final_resources.csv
India,https://www.upsc.gov.in/sites/default/files/QP_CSM_2024_Urdu_P_I_Lite_03102024.pdf,(1.03 MB),exam archive,UPSC previous question papers,English,final_resources.csv
India,https://www.upsc.gov.in/sites/default/files/QP-IFSM-23-BOTANY-PAPER-II-051223.pdf,(1.04 MB),exam archive,UPSC previous question papers,English,final_resources.csv
India,https://www.upsc.gov.in/sites/default/files/ASSAMESE-LITERATURE-PAPER%20II-QP-CSM-25-010925.pdf,(1.05 MB),exam archive,UPSC previous question papers,English,final_resources.csv
India,https://www.upsc.gov.in/sites/default/files/QP_CSM_2024_Odia_P_I_Lite_03102024.pdf,(1.05 MB),exam archive,UPSC previous question papers,English,final_resources.csv
India,https://www.upsc.gov.in/sites/default/files/BODO-LITERATURE-PAPER-I-QP-CSM-25-010925.pdf,(1.06 MB),exam archive,UPSC previous question papers,English,final_resources.csv
India,https://www.upsc.gov.in/sites/default/files/QP-IFSM-23-ZOOLOGY-PAPER-I-051223.pdf,(1.06 MB),exam archive,UPSC previous question papers,English,final_resources.csv
India,https://www.upsc.gov.in/sites/default/files/SINDHI-DEVANAGARI-LITERATURE-PAPER-I-QP-CSM-25-010925.pdf,(1.07 MB),exam archive,UPSC previous question papers,English,final_resources.csv
India,https://www.upsc.gov.in/sites/default/files/QP-IFSM-24-ANIMAL-HUSBANDRY-VETERINARY-SCIENCE-PAPER-II-021224.pdf,(1.07 MB),exam archive,UPSC previous question papers,English,final_resources.csv
India,https://www.upsc.gov.in/sites/default/files/QP-IFSM-24-ZOOLOGY-PAPER-I-021224.pdf,(1.07 MB),exam archive,UPSC previous question papers,English,final_resources.csv
India,https://www.upsc.gov.in/sites/default/files/ASSAMESE-LITERATURE-PAPER%20I-QP-CSM-25-010925.pdf,(1.08 MB),exam archive,UPSC previous question papers,English,final_resources.csv
India,https://www.upsc.gov.in/sites/default/files/MAITHILI-LITERATURE-PAPER-I-QP-CSM-25-010925.pdf,(1.08 MB),exam archive,UPSC previous question papers,English,final_resources.csv
India,https://www.upsc.gov.in/sites/default/files/QP-IFSM-23-FORESTRY-PAPER-II-051223.pdf,(1.08 MB),exam archive,UPSC previous question papers,English,final_resources.csv
India,https://www.upsc.gov.in/sites/default/files/QP-CSM-23-HINDI-LITERATURE-PAPER-I-290923.pdf,(1.08 MB),exam archive,UPSC previous question papers,English,final_resources.csv
India,https://www.upsc.gov.in/sites/default/files/GUJARATI-LITERATURE-PAPER-II-QP-CSM-25-010925.pdf,(1.09 MB),exam archive,UPSC previous question papers,English,final_resources.csv
India,https://www.upsc.gov.in/sites/default/files/QP-IFSM-25-BOTANY-PAPER-I-241125.pdf,(1.1 MB),exam archive,UPSC previous question papers,English,final_resources.csv
India,https://www.upsc.gov.in/sites/default/files/QP_CSM_2024_Assa_P_I_Lite_03102024.pdf,(1.11 MB),exam archive,UPSC previous question papers,English,final_resources.csv
India,https://www.upsc.gov.in/sites/default/files/QP_CSM_2024_Hn_P_I_Lite_03102024.pdf,(1.11 MB),exam archive,UPSC previous question papers,English,final_resources.csv
India,https://www.upsc.gov.in/sites/default/files/MANIPURI-LITERATURE-PAPER-I-QP-CSM-25-010925.pdf,(1.12 MB),exam archive,UPSC previous question papers,English,final_resources.csv
India,https://www.upsc.gov.in/sites/default/files/MANIPURI-LITERATURE-PAPER-II-QP-CSM-25-010925.pdf,(1.12 MB),exam archive,UPSC previous question papers,English,final_resources.csv
India,https://www.upsc.gov.in/sites/default/files/QP-IFSM-23-AGRICULTURE-PAPER-I-051223.pdf,(1.12 MB),exam archive,UPSC previous question papers,English,final_resources.csv
India,https://www.upsc.gov.in/sites/default/files/QP-CSM-23-BENGALI-LITERATURE-PAPER-I-290923.pdf,(1.12 MB),exam archive,UPSC previous question papers,English,final_resources.csv
India,https://www.upsc.gov.in/sites/default/files/QP-IFSM-25-GEOLOGY-PAPER-II-241125.pdf,(1.13 MB),exam archive,UPSC previous question papers,English,final_resources.csv
India,https://www.upsc.gov.in/sites/default/files/QP-IFSM-25-GENERAL-KNOWLEDGE-241125.pdf,(1.13 MB),exam archive,UPSC previous question papers,English,final_resources.csv
India,https://www.upsc.gov.in/sites/default/files/QP_CSM_2024_Mait_P_I_Lite_03102024.pdf,(1.13 MB),exam archive,UPSC previous question papers,English,final_resources.csv
India,https://www.upsc.gov.in/sites/default/files/QP_CSM_2024_Mani_P_II_Lite_03102024.pdf,(1.14 MB),exam archive,UPSC previous question papers,English,final_resources.csv
India,https://www.upsc.gov.in/sites/default/files/QP-CSM-23-URDU-LITERATURE-PAPER-I-290923.pdf,(1.14 MB),exam archive,UPSC previous question papers,English,final_resources.csv
India,https://www.upsc.gov.in/sites/default/files/URDU-LITERATURE-PAPER-I-QP-CSM-25-010925.pdf,(1.15 MB),exam archive,UPSC previous question papers,English,final_resources.csv
India,https://www.upsc.gov.in/sites/default/files/QP-IFSM-25-AGRICULTURE-PAPER-II-241125.pdf,(1.16 MB),exam archive,UPSC previous question papers,English,final_resources.csv
India,https://www.upsc.gov.in/sites/default/files/QP-IFSM-25-GEOLOGY-PAPER-I-241125.pdf,(1.16 MB),exam archive,UPSC previous question papers,English,final_resources.csv
India,https://www.upsc.gov.in/sites/default/files/QP-CSM-23-MANIPURI-LITERATURE-PAPER-II-290923.pdf,(1.16 MB),exam archive,UPSC previous question papers,English,final_resources.csv
India,https://www.upsc.gov.in/sites/default/files/MAITHILI-LITERATURE-PAPER-II-QP-CSM-25-010925.pdf,(1.17 MB),exam archive,UPSC previous question papers,English,final_resources.csv
India,https://www.upsc.gov.in/sites/default/files/QP_CSM_2024_Mani_P_I_Lite_03102024.pdf,(1.17 MB),exam archive,UPSC previous question papers,English,final_resources.csv
India,https://www.upsc.gov.in/sites/default/files/QP-IFSM-23-GEOLOGY-PAPER-I-051223.pdf,(1.17 MB),exam archive,UPSC previous question papers,English,final_resources.csv
India,https://www.upsc.gov.in/sites/default/files/QP-CSM-23-BENGALI-LITERATURE-PAPER-II-290923.pdf,(1.17 MB),exam archive,UPSC previous question papers,English,final_resources.csv
India,https://www.upsc.gov.in/sites/default/files/SINDHI-DEVANAGARI-LITERATURE-PAPER-II-QP-CSM-25-010925.pdf,(1.18 MB),exam archive,UPSC previous question papers,English,final_resources.csv
India,https://www.upsc.gov.in/sites/default/files/QP-IFSM-24-AGRICULTURE-PAPER-I-021224.pdf,(1.18 MB),exam archive,UPSC previous question papers,English,final_resources.csv
India,https://www.upsc.gov.in/sites/default/files/QP_CSM_2024_Beng_P_II_Lite_03102024.pdf,(1.19 MB),exam archive,UPSC previous question papers,English,final_resources.csv
India,https://www.upsc.gov.in/sites/default/files/MARATHI-LITERATURE-PAPER%20I-QP-CSM-25-010925.pdf,(1.2 MB),exam archive,UPSC previous question papers,English,final_resources.csv
India,https://www.upsc.gov.in/sites/default/files/SANSKRIT-LITERATURE-PAPER-II-QP-CSM-25-010925.pdf,(1.2 MB),exam archive,UPSC previous question papers,English,final_resources.csv
India,https://www.upsc.gov.in/sites/default/files/QP_CSM_2024_Mara_P_II_Lite_03102024.pdf,(1.2 MB),exam archive,UPSC previous question papers,English,final_resources.csv
India,https://www.upsc.gov.in/sites/default/files/QP_CSM_2024_Odia_P_II_Lite_03102024.pdf,(1.2 MB),exam archive,UPSC previous question papers,English,final_resources.csv
India,https://www.upsc.gov.in/sites/default/files/QP-CSM-23-KANNADA-LITERATURE-PAPER-I--290923.pdf,(1.2 MB),exam archive,UPSC previous question papers,English,final_resources.csv
India,https://www.upsc.gov.in/sites/default/files/QP-CSM-23-MANIPURI-LITERATURE-PAPER-I-290923.pdf,(1.2 MB),exam archive,UPSC previous question papers,English,final_resources.csv
India,https://www.upsc.gov.in/sites/default/files/GUJARATI-LITERATURE-PAPER-I-QP-CSM-25-010925.pdf,(1.21 MB),exam archive,UPSC previous question papers,English,final_resources.csv
India,https://www.upsc.gov.in/sites/default/files/QP-IFSM-24-ANIMAL-HUSBANDRY-VETERINARY-SCIENCE-PAPER-I-021224.pdf,(1.21 MB),exam archive,UPSC previous question papers,English,final_resources.csv
India,https://www.upsc.gov.in/sites/default/files/QP-CSM-23-SANSKRIT-LITERATURE-PAPER-II-290923.pdf,(1.21 MB),exam archive,UPSC previous question papers,English,final_resources.csv
India,https://www.upsc.gov.in/sites/default/files/QP-CSM-23-SINDHI-DEVANAGARI-LITERATURE-PAPER-I-290923.pdf,(1.21 MB),exam archive,UPSC previous question papers,English,final_resources.csv
India,https://www.upsc.gov.in/sites/default/files/QP_CSM_2024_Sind_P_I_Lite_03102024.pdf,(1.23 MB),exam archive,UPSC previous question papers,English,final_resources.csv
India,https://www.upsc.gov.in/sites/default/files/TELUGU%20%28LITERATURE%29%20PAPER%20I-QP-CSM-25-010925.pdf,(1.25 MB),exam archive,UPSC previous question papers,English,final_resources.csv
India,https://www.upsc.gov.in/sites/default/files/QP-IES-ISS-25-INDIAN-ECONOMICS-230625.pdf,(1.25 MB),exam archive,UPSC previous question papers,English,final_resources.csv
India,https://www.upsc.gov.in/sites/default/files/QP_CSM_2024_Assa_P_II_Lite_03102024.pdf,(1.25 MB),exam archive,UPSC previous question papers,English,final_resources.csv
India,https://www.upsc.gov.in/sites/default/files/QP-IFSM-25-FORESTRY-PAPER-II-241125.pdf,(1.26 MB),exam archive,UPSC previous question papers,English,final_resources.csv
India,https://www.upsc.gov.in/sites/default/files/QP-IES-ISS-26-220626-GENERAL-STUDIES.pdf,(1.27 MB),exam archive,UPSC previous question papers,English,final_resources.csv
India,https://www.upsc.gov.in/sites/default/files/ENGLISH-LITERATURE-PAPER%20II-QP-CSM-25-010925.pdf,(1.27 MB),exam archive,UPSC previous question papers,English,final_resources.csv
India,https://www.upsc.gov.in/sites/default/files/QP_CSM_2024_Mara_P_I_Lite_03102024.pdf,(1.27 MB),exam archive,UPSC previous question papers,English,final_resources.csv
India,https://www.upsc.gov.in/sites/default/files/QP-CSM-23-MARATHI-LITERATURE-PAPER-II-290923.pdf,(1.27 MB),exam archive,UPSC previous question papers,English,final_resources.csv
India,https://www.upsc.gov.in/sites/default/files/QP_CSM_2024_Mait_P_II_Lite_03102024.pdf,(1.28 MB),exam archive,UPSC previous question papers,English,final_resources.csv
India,https://www.upsc.gov.in/sites/default/files/QP-CGeoScnstM-26-220626-HYDROGEOLOGY.pdf,(1.29 MB),exam archive,UPSC previous question papers,English,final_resources.csv
India,https://www.upsc.gov.in/sites/default/files/QP-IFSM-24-BOTANY-PAPER-II-021224.pdf,(1.29 MB),exam archive,UPSC previous question papers,English,final_resources.csv
India,https://www.upsc.gov.in/sites/default/files/QP-GeosM-25-GEOLOGY-PAPER-III-230625.pdf,(1.3 MB),exam archive,UPSC previous question papers,English,final_resources.csv
India,https://www.upsc.gov.in/sites/default/files/KANNADA-LITERATURE-%28PAPER-I-QP-CSM-25-010925.pdf,(1.31 MB),exam archive,UPSC previous question papers,English,final_resources.csv
India,https://www.upsc.gov.in/sites/default/files/QP-IES-ISS-26-220626-INDIAN-ECONOMICS.pdf,(1.32 MB),exam archive,UPSC previous question papers,English,final_resources.csv
India,https://www.upsc.gov.in/sites/default/files/QP-IES-ISS-24-INDIAN-ECONOMICS-240624.pdf,(1.32 MB),exam archive,UPSC previous question papers,English,final_resources.csv
India,https://www.upsc.gov.in/sites/default/files/QP-IFSM-23-ZOOLOGY-PAPER-II-051223.pdf,(1.32 MB),exam archive,UPSC previous question papers,English,final_resources.csv
India,https://www.upsc.gov.in/sites/default/files/QP_CSM_2024_Eng_P_I_Lite_03102024.pdf,(1.33 MB),exam archive,UPSC previous question papers,English,final_resources.csv
India,https://www.upsc.gov.in/sites/default/files/QP_CSM_2024_Guj_P_I_Lite_03102024.pdf,(1.33 MB),exam archive,UPSC previous question papers,English,final_resources.csv
India,https://www.upsc.gov.in/sites/default/files/QP-GeosM-25-GEOLOGY-PAPER-I-230625.pdf,(1.34 MB),exam archive,UPSC previous question papers,English,final_resources.csv
India,https://www.upsc.gov.in/sites/default/files/QP-IFSM-24-BOTANY-PAPER-I-021224.pdf,(1.35 MB),exam archive,UPSC previous question papers,English,final_resources.csv
India,https://www.upsc.gov.in/sites/default/files/QP-IFSM-23-AGRICULTURAL-ENGINEERING-PAPER-I-051223.pdf,(1.35 MB),exam archive,UPSC previous question papers,English,final_resources.csv
India,https://www.upsc.gov.in/sites/default/files/QP-CSM-23-ENGLISH-LITERATURE-PAPER-II--290923.pdf,(1.35 MB),exam archive,UPSC previous question papers,English,final_resources.csv
India,https://www.upsc.gov.in/sites/default/files/QP_CSM_2024_Telu_P_I_Lite_03102024.pdf,(1.37 MB),exam archive,UPSC previous question papers,English,final_resources.csv
India,https://www.upsc.gov.in/sites/default/files/QP-IES-ISS-24-GENERAL-STUDIES-240624.pdf,(1.38 MB),exam archive,UPSC previous question papers,English,final_resources.csv
India,https://www.upsc.gov.in/sites/default/files/QP-IFSM-25-AGRICULTURAL-ENGINEERING-PAPER-I-241125.pdf,(1.39 MB),exam archive,UPSC previous question papers,English,final_resources.csv
India,https://www.upsc.gov.in/sites/default/files/QP_CSM_2024_Beng_P_I_Lite_03102024.pdf,(1.39 MB),exam archive,UPSC previous question papers,English,final_resources.csv
India,https://www.upsc.gov.in/sites/default/files/QP-CSM-23-ENGLISH-LITERATURE-PAPER-I-290923.pdf,(1.39 MB),exam archive,UPSC previous question papers,English,final_resources.csv
India,https://www.upsc.gov.in/sites/default/files/QP-IES-ISS-26-220626-GENERAL-ECONOMICS-PAPER-III.pdf,(1.4 MB),exam archive,UPSC previous question papers,English,final_resources.csv
India,https://www.upsc.gov.in/sites/default/files/KANNADA-LITERATURE-PAPER%20II-QP-CSM-25-010925.pdf,(1.4 MB),exam archive,UPSC previous question papers,English,final_resources.csv
India,https://www.upsc.gov.in/sites/default/files/QP-IES-ISS-25-GENERAL-STUDIES-230625.pdf,(1.4 MB),exam archive,UPSC previous question papers,English,final_resources.csv
India,https://www.upsc.gov.in/sites/default/files/QP-CSM-23-AH-VS-PAPER-II-29092023.pdf,(1.4 MB),exam archive,UPSC previous question papers,English,final_resources.csv
India,https://www.upsc.gov.in/sites/default/files/HINDI-LITERATURE-PAPER-I-QP-CSM-25-010925.pdf,(1.42 MB),exam archive,UPSC previous question papers,English,final_resources.csv
India,https://www.upsc.gov.in/sites/default/files/QP-IFSM-24-FORESTRY-PAPER-II-021224.pdf,(1.42 MB),exam archive,UPSC previous question papers,English,final_resources.csv
India,https://www.upsc.gov.in/sites/default/files/QP-CSM-23-KANNADA-LITERATURE-PAPER-II-290923.pdf,(1.42 MB),exam archive,UPSC previous question papers,English,final_resources.csv
India,https://www.upsc.gov.in/sites/default/files/QP-CGeoScnstM-26-220626-GEOLOGY-PAPER-I.pdf,(1.43 MB),exam archive,UPSC previous question papers,English,final_resources.csv
India,https://www.upsc.gov.in/sites/default/files/TAMIL-LITERATURE-PAPER-I-QP-CSM-25-010925.pdf,(1.44 MB),exam archive,UPSC previous question papers,English,final_resources.csv
India,https://www.upsc.gov.in/sites/default/files/QP-IES-ISS-26-220626-GENERAL-ECONOMICS-PAPER-II.pdf,(1.45 MB),exam archive,UPSC previous question papers,English,final_resources.csv
India,https://www.upsc.gov.in/sites/default/files/QP-CGeoScnstM-26-220626-GEOLOGY-PAPER-III.pdf,(1.45 MB),exam archive,UPSC previous question papers,English,final_resources.csv
India,https://www.upsc.gov.in/sites/default/files/QP-CSM-23-SINDHI-DEVANAGARI-LITERATURE-PAPER-II-290923.pdf,(1.47 MB),exam archive,UPSC previous question papers,English,final_resources.csv
India,https://www.upsc.gov.in/sites/default/files/QP-CSM-24-ANIM-HUSB-VET-SCIENCE-PAPER-II-031024.pdf,(1.49 MB),exam archive,UPSC previous question papers,English,final_resources.csv
India,https://www.upsc.gov.in/sites/default/files/QP_CSM_2024_Snk_P_II_Lite_03102024.pdf,(1.49 MB),exam archive,UPSC previous question papers,English,final_resources.csv
India,https://www.upsc.gov.in/sites/default/files/QP_CSM_2024_Tam_P_I_Lite_03102024.pdf,(1.49 MB),exam archive,UPSC previous question papers,English,final_resources.csv
India,https://www.upsc.gov.in/sites/default/files/QP-CSM-23-HINDI-LITERATURE-PAPER-II-290923.pdf,(1.49 MB),exam archive,UPSC previous question papers,English,final_resources.csv
India,https://www.upsc.gov.in/sites/default/files/QP-CGSMain-24-GEOLOGY-PAPER-II-240624.pdf,(1.5 MB),exam archive,UPSC previous question papers,English,final_resources.csv
India,https://www.upsc.gov.in/sites/default/files/QP-CSM-23-ZOOLOGY-PAPER-I-29092023.pdf,(1.5 MB),exam archive,UPSC previous question papers,English,final_resources.csv
India,https://www.upsc.gov.in/sites/default/files/ENGLISH-LITERATURE-PAPER%20I-QP-CSM-25-010925.pdf,(1.52 MB),exam archive,UPSC previous question papers,English,final_resources.csv
India,https://www.upsc.gov.in/sites/default/files/QP-IES-ISS-24-GENERAL-ECONOMICS-PAPER-III-240624.pdf,(1.52 MB),exam archive,UPSC previous question papers,English,final_resources.csv
India,https://www.upsc.gov.in/sites/default/files/QP-CGSMain-24-HYDROGEOLOGY-240624.pdf,(1.52 MB),exam archive,UPSC previous question papers,English,final_resources.csv
India,https://www.upsc.gov.in/sites/default/files/QP-IFSM-24-AGRICULTURE-PAPER-II-021224.pdf,(1.53 MB),exam archive,UPSC previous question papers,English,final_resources.csv
India,https://www.upsc.gov.in/sites/default/files/ZOOLOGY-PAPER-I-QP-CSM-25-010925.pdf,(1.54 MB),exam archive,UPSC previous question papers,English,final_resources.csv
India,https://www.upsc.gov.in/sites/default/files/QP-IFSM-24-GENERAL-KNOWLEDGE-021224.pdf,(1.56 MB),exam archive,UPSC previous question papers,English,final_resources.csv
India,https://www.upsc.gov.in/sites/default/files/QP-IFSM-23-GENERAL-KNOWLEDGE-051223.pdf,(1.56 MB),exam archive,UPSC previous question papers,English,final_resources.csv
India,https://www.upsc.gov.in/sites/default/files/QP_CSM_2024_Guj_P_II_Lite_03102024.pdf,(1.57 MB),exam archive,UPSC previous question papers,English,final_resources.csv
India,https://www.upsc.gov.in/sites/default/files/QP-IFSM-23-FORESTRY-PAPER-1-051223.pdf,(1.59 MB),exam archive,UPSC previous question papers,English,final_resources.csv
India,https://www.upsc.gov.in/sites/default/files/QP-CSM-24-POLITICAL-SCIENCE-INTERNL%20-REL-PAPER-I-031024.pdf,(1.6 MB),exam archive,UPSC previous question papers,English,final_resources.csv
India,https://www.upsc.gov.in/sites/default/files/TAMIL-LITERATURE-PAPER%20II-QP-CSM-25-010925.pdf,(1.61 MB),exam archive,UPSC previous question papers,English,final_resources.csv
India,https://www.upsc.gov.in/sites/default/files/QP-CSM-24-ANTHROPOLOGY-PAPER-I-031024.pdf,(1.62 MB),exam archive,UPSC previous question papers,English,final_resources.csv
India,https://www.upsc.gov.in/sites/default/files/QP-IFSM-24-GEOLOGY-PAPER-II-021224.pdf,(1.63 MB),exam archive,UPSC previous question papers,English,final_resources.csv
India,https://www.upsc.gov.in/sites/default/files/QP-CSM-24-ZOOLOGY-PAPER-II-031024.pdf,(1.63 MB),exam archive,UPSC previous question papers,English,final_resources.csv
India,https://www.upsc.gov.in/sites/default/files/QP-IES-ISS-24-GENERAL-ENGLISH-240624.pdf,(1.63 MB),exam archive,UPSC previous question papers,English,final_resources.csv
India,https://www.upsc.gov.in/sites/default/files/QP-CSM-23-GUJARATI-LITERATURE-PAPER-I-290923.pdf,(1.63 MB),exam archive,UPSC previous question papers,English,final_resources.csv
India,https://www.upsc.gov.in/sites/default/files/ZOOLOGY-PAPER-II-QP-CSM-25-010925.pdf,(1.64 MB),exam archive,UPSC previous question papers,English,final_resources.csv
India,https://www.upsc.gov.in/sites/default/files/QP-CSM-23-POL-SC-IR-PAPER-I-29092023.pdf,(1.64 MB),exam archive,UPSC previous question papers,English,final_resources.csv
India,https://www.upsc.gov.in/sites/default/files/QP-CSM-23-GENERAL-STUDIES-PAPER-I-180923.pdf,(1.64 MB),exam archive,UPSC previous question papers,English,final_resources.csv
India,https://www.upsc.gov.in/sites/default/files/QP-CGeoScnstM-26-220626-GEOLOGY-PAPER-II.pdf,(1.65 MB),exam archive,UPSC previous question papers,English,final_resources.csv
India,https://www.upsc.gov.in/sites/default/files/QP-IES-ISS-25-GENERAL-ECONOMICS-PAPER-II-230625.pdf,(1.65 MB),exam archive,UPSC previous question papers,English,final_resources.csv
India,https://www.upsc.gov.in/sites/default/files/QP_CSM_2024_Kann_P_I_Lite_03102024.pdf,(1.66 MB),exam archive,UPSC previous question papers,English,final_resources.csv
India,https://www.upsc.gov.in/sites/default/files/PUNJABI-LITERATURE-PAPER-I-QP-CSM-25-010925.pdf,(1.67 MB),exam archive,UPSC previous question papers,English,final_resources.csv
India,https://www.upsc.gov.in/sites/default/files/QP-IES-ISS-26-220626-GENERAL-ENGLISH.pdf,(1.69 MB),exam archive,UPSC previous question papers,English,final_resources.csv
India,https://www.upsc.gov.in/sites/default/files/QP_CSM_2024_Eng_P_II_Lite_03102024.pdf,(1.69 MB),exam archive,UPSC previous question papers,English,final_resources.csv
India,https://www.upsc.gov.in/sites/default/files/QP_CSM_2024_Hn_P_II_Lite_03102024.pdf,(1.69 MB),exam archive,UPSC previous question papers,English,final_resources.csv
India,https://www.upsc.gov.in/sites/default/files/QP_CSM_2024_Sind_P_II_Lite_03102024.pdf,(1.69 MB),exam archive,UPSC previous question papers,English,final_resources.csv
India,https://www.upsc.gov.in/sites/default/files/QP-CSM-23-ANTHROPOLOGY-PAPER-II-29092023.pdf,(1.69 MB),exam archive,UPSC previous question papers,English,final_resources.csv
India,https://www.upsc.gov.in/sites/default/files/PSYCHOLOGY-PAPER-II-QP-CSM-25-010925.pdf,(1.72 MB),exam archive,UPSC previous question papers,English,final_resources.csv
India,https://www.upsc.gov.in/sites/default/files/QP-CSM-23-TAMIL-LITERATURE-PAPER-I-290923.pdf,(1.72 MB),exam archive,UPSC previous question papers,English,final_resources.csv
India,https://www.upsc.gov.in/sites/default/files/QP-IFSM-23-GEOLOGY-PAPER-II-051223.pdf,(1.73 MB),exam archive,UPSC previous question papers,English,final_resources.csv
India,https://www.upsc.gov.in/sites/default/files/URDU-LITERATURE-PAPER-II-QP-CSM-25-010925.pdf,(1.74 MB),exam archive,UPSC previous question papers,English,final_resources.csv
India,https://www.upsc.gov.in/sites/default/files/QP-CSM-24-AGRICULTURE-PAPER-II-031024.pdf,(1.74 MB),exam archive,UPSC previous question papers,English,final_resources.csv
India,https://www.upsc.gov.in/sites/default/files/QP_CSM_2024_GenStud_I_03102024.pdf,(1.74 MB),exam archive,UPSC previous question papers,English,final_resources.csv
India,https://www.upsc.gov.in/sites/default/files/GENERAL-STUDIES-PAPER%20I-QP-CSM-25-010925.pdf,(1.75 MB),exam archive,UPSC previous question papers,English,final_resources.csv
India,https://www.upsc.gov.in/sites/default/files/QP-IFSM-25-MATHEMATICS-PAPER-II-241125.pdf,(1.76 MB),exam archive,UPSC previous question papers,English,final_resources.csv
India,https://www.upsc.gov.in/sites/default/files/QP-CSM-23-ESSAY-180923.pdf,(1.76 MB),exam archive,UPSC previous question papers,English,final_resources.csv
India,https://www.upsc.gov.in/sites/default/files/ANTHROPOLOGY-PAPER%20I-QP-CSM-25-010925.pdf,(1.77 MB),exam archive,UPSC previous question papers,English,final_resources.csv
India,https://www.upsc.gov.in/sites/default/files/GEOGRAPHY-PAPER-I-QP-CSM-25-010925.pdf,(1.77 MB),exam archive,UPSC previous question papers,English,final_resources.csv
India,https://www.upsc.gov.in/sites/default/files/QP-IFSM-24-AGRICULTURAL-ENGINEERING-PAPER-II-021224.pdf,(1.77 MB),exam archive,UPSC previous question papers,English,final_resources.csv
India,https://www.upsc.gov.in/sites/default/files/BOTANY-PAPER-II-QP-CSM-25-010925.pdf,(1.79 MB),exam archive,UPSC previous question papers,English,final_resources.csv
India,https://www.upsc.gov.in/sites/default/files/PUBLIC-ADMINISTRATION-PAPER-II-QP-CSM-25-010925.pdf,(1.8 MB),exam archive,UPSC previous question papers,English,final_resources.csv
India,https://www.upsc.gov.in/sites/default/files/QP-CSM-24-COMMERCE-AND-ACCOUNTANCY-PAPER-II-031024.pdf,(1.8 MB),exam archive,UPSC previous question papers,English,final_resources.csv
India,https://www.upsc.gov.in/sites/default/files/QP-CSM-23-PSYCHOLOGY-PAPER-II-29092023.pdf,(1.8 MB),exam archive,UPSC previous question papers,English,final_resources.csv
India,https://www.upsc.gov.in/sites/default/files/QP-CSM-23-MAITHILI-LITERATURE-PAPER-II-290923.pdf,(1.8 MB),exam archive,UPSC previous question papers,English,final_resources.csv
India,https://www.upsc.gov.in/sites/default/files/QP-CSM-24-PHILOSOPHY-PAPER-II-031024.pdf,(1.82 MB),exam archive,UPSC previous question papers,English,final_resources.csv
India,https://www.upsc.gov.in/sites/default/files/QP-CSM-24-SOCIOLOGY-PAPER-II-031024.pdf,(1.82 MB),exam archive,UPSC previous question papers,English,final_resources.csv
India,https://www.upsc.gov.in/sites/default/files/QP_CSM_2024_Pun_P_I_Lite_03102024.pdf,(1.82 MB),exam archive,UPSC previous question papers,English,final_resources.csv
India,https://www.upsc.gov.in/sites/default/files/QP-CSM-23-TAMIL-LITERATURE-PAPER-II-290923.pdf,(1.82 MB),exam archive,UPSC previous question papers,English,final_resources.csv
India,https://www.upsc.gov.in/sites/default/files/QP-CSM-24-ANIM-HUSB-VET-SCIENCE-PAPER-I-031024.pdf,(1.83 MB),exam archive,UPSC previous question papers,English,final_resources.csv
India,https://www.upsc.gov.in/sites/default/files/QP-IFSM-25-PHYSICS-PAPER-II-241125.pdf,(1.84 MB),exam archive,UPSC previous question papers,English,final_resources.csv
India,https://www.upsc.gov.in/sites/default/files/QP-IFSM-23-ANIMAL-HUSBANDRY-VETERINARY-SCIENCE-PAPER-I-051223.pdf,(1.84 MB),exam archive,UPSC previous question papers,English,final_resources.csv
India,https://www.upsc.gov.in/sites/default/files/QP-CSM-23-SOCIOLOGY-PAPER-I-29092023.pdf,(1.85 MB),exam archive,UPSC previous question papers,English,final_resources.csv
India,https://www.upsc.gov.in/sites/default/files/QP-CSM-24-HISTORY-PAPER-II-031024.pdf,(1.86 MB),exam archive,UPSC previous question papers,English,final_resources.csv
India,https://www.upsc.gov.in/sites/default/files/QP-CSM-24-PUBLIC-ADMINISTRATION-PAPER-II-031024.pdf,(1.86 MB),exam archive,UPSC previous question papers,English,final_resources.csv
India,https://www.upsc.gov.in/sites/default/files/QP_CSM_2024_Kann_P_II_Lite_03102024.pdf,(1.86 MB),exam archive,UPSC previous question papers,English,final_resources.csv
India,https://www.upsc.gov.in/sites/default/files/QP-CSM-23-BOTANY-PAPER-I-29092023.pdf,(1.86 MB),exam archive,UPSC previous question papers,English,final_resources.csv
India,https://www.upsc.gov.in/sites/default/files/QP-CSM-23-MALAYALAM-LITERATURE-PAPER-I-290923.pdf,(1.86 MB),exam archive,UPSC previous question papers,English,final_resources.csv
India,https://www.upsc.gov.in/sites/default/files/QP-CSM-23-GEOLOGY-PAPER-II-29092023.pdf,(1.87 MB),exam archive,UPSC previous question papers,English,final_resources.csv
India,https://www.upsc.gov.in/sites/default/files/QP-IFSM-25-MATHEMATICS-PAPER-I-241125.pdf,(1.88 MB),exam archive,UPSC previous question papers,English,final_resources.csv
India,https://www.upsc.gov.in/sites/default/files/MALAYALAM%20-LITERATURE-PAPER-I-QP-CSM-25-010925.pdf,(1.88 MB),exam archive,UPSC previous question papers,English,final_resources.csv
India,https://www.upsc.gov.in/sites/default/files/QP-IFSM-23-PHYSICS-PAPER-I-051223.pdf,(1.88 MB),exam archive,UPSC previous question papers,English,final_resources.csv
India,https://www.upsc.gov.in/sites/default/files/QP-CSM-24-GEOLOGY-PAPER-I-031024.pdf,(1.89 MB),exam archive,UPSC previous question papers,English,final_resources.csv
India,https://www.upsc.gov.in/sites/default/files/QP-CSM-23-SANSKRIT-LITERATURE-%20PAPER-I-290923.pdf,(1.89 MB),exam archive,UPSC previous question papers,English,final_resources.csv
India,https://www.upsc.gov.in/sites/default/files/ANTHROPOLOGY-PAPER-II-QP-CSM-25-010925.pdf,(1.9 MB),exam archive,UPSC previous question papers,English,final_resources.csv
India,https://www.upsc.gov.in/sites/default/files/QP-CSM-24-PSYCHOLOGY-PAPER-II-031024.pdf,(1.91 MB),exam archive,UPSC previous question papers,English,final_resources.csv
India,https://www.upsc.gov.in/sites/default/files/PHILOSOPHY-PAPER-II-QP-CSM-25-010925.pdf,(1.93 MB),exam archive,UPSC previous question papers,English,final_resources.csv
India,https://www.upsc.gov.in/sites/default/files/QP-CSM-23-TELUGU-LITERATURE-PAPER-I-290923.pdf,(1.93 MB),exam archive,UPSC previous question papers,English,final_resources.csv
India,https://www.upsc.gov.in/sites/default/files/HINDI-LITERATURE-PAPER-II-QP-CSM-25-010925.pdf,(1.94 MB),exam archive,UPSC previous question papers,English,final_resources.csv
India,https://www.upsc.gov.in/sites/default/files/QP-IFSM-23-CHEMISTRY-PAPER-I-051223.pdf,(1.94 MB),exam archive,UPSC previous question papers,English,final_resources.csv
India,https://www.upsc.gov.in/sites/default/files/QP-CSM-23-PSYCHOLOGY-PAPER-I-29092023.pdf,(1.94 MB),exam archive,UPSC previous question papers,English,final_resources.csv
India,https://www.upsc.gov.in/sites/default/files/SOCIOLOGY-PAPER-II-QP-CSM-25-010925.pdf,(1.95 MB),exam archive,UPSC previous question papers,English,final_resources.csv
India,https://www.upsc.gov.in/sites/default/files/QP-GeosM-25-CHEMISTRY-PAPER-II-230625.pdf,(1.95 MB),exam archive,UPSC previous question papers,English,final_resources.csv
India,https://www.upsc.gov.in/sites/default/files/COMMERCE-AND-ACCOUNTANCY-PAPER-II-QP-CSM-25-010925.pdf,(1.96 MB),exam archive,UPSC previous question papers,English,final_resources.csv
India,https://www.upsc.gov.in/sites/default/files/ECONOMICS-PAPER%20II-QP-CSM-25-010925.pdf,(1.96 MB),exam archive,UPSC previous question papers,English,final_resources.csv
India,https://www.upsc.gov.in/sites/default/files/QP-CSM-24-ECONOMICS-PAPER-II-031024.pdf,(1.99 MB),exam archive,UPSC previous question papers,English,final_resources.csv
India,https://www.upsc.gov.in/sites/default/files/QP_CSM_2024_Snk_P_I_Lite_03102024.pdf,(1.99 MB),exam archive,UPSC previous question papers,English,final_resources.csv
India,https://www.upsc.gov.in/sites/default/files/QP-SO-LDCE-24-PAPER-III-NOTING-DRAFTING-PRECIS-WRITING-130125.pdf,(10.07 MB),exam archive,UPSC previous question papers,English,final_resources.csv
India,https://www.upsc.gov.in/sites/default/files/QP-CSM-23-GENERAL-STUDIES-PAPER-IV-180923.pdf,(10.66 MB),exam archive,UPSC previous question papers,English,final_resources.csv
India,https://www.upsc.gov.in/sites/default/files/QP-IES-ISS-24-STATISTICS-PAPER-IV-240624.pdf,(10.84 MB),exam archive,UPSC previous question papers,English,final_resources.csv
India,https://www.upsc.gov.in/sites/default/files/QP-IFSM-25-ANIMALHUSBANDRY-VETERINARYSCIENCE-PAPER-I-241125.pdf,(1005.42 KB),exam archive,UPSC previous question papers,English,final_resources.csv
India,https://www.upsc.gov.in/sites/default/files/BODO-LITERATURE-PAPER-II-QP-CSM-25-010925.pdf,(1022.7 KB),exam archive,UPSC previous question papers,English,final_resources.csv
India,https://www.upsc.gov.in/sites/default/files/QP-IES-ISS-25-STATISTICS-PAPER-I-230625.pdf,(11.03 MB),exam archive,UPSC previous question papers,English,final_resources.csv
India,https://www.upsc.gov.in/sites/default/files/QP-IES-ISS-25-STATISTICS-PAPER-II-230625.pdf,(11.29 MB),exam archive,UPSC previous question papers,English,final_resources.csv
India,https://www.upsc.gov.in/sites/default/files/QP-IES-ISS-24-STATISTICS-PAPER-I-240624.pdf,(11.47 MB),exam archive,UPSC previous question papers,English,final_resources.csv
India,https://www.upsc.gov.in/sites/default/files/QP_CGSPE26_Geophy_II_09022026.pdf,(11.67 MB),exam archive,UPSC previous question papers,English,final_resources.csv
India,https://www.upsc.gov.in/sites/default/files/CIVIL-ENGINEERING-PAPER-I-QP-ESEM-25-110825.pdf,(12.38 MB),exam archive,UPSC previous question papers,English,final_resources.csv
India,https://www.upsc.gov.in/sites/default/files/QP_CGSPE26_GenStud_I_09022026.pdf,(12.67 MB),exam archive,UPSC previous question papers,English,final_resources.csv
India,https://www.upsc.gov.in/sites/default/files/QP-CGeoScnstP-25-GENERAL-STUDIES-PAPER-I-100225.pdf,(12.68 MB),exam archive,UPSC previous question papers,English,final_resources.csv
India,https://www.upsc.gov.in/sites/default/files/QP-CSM-23-ELECTRICAL-ENGINEERING-PAPER-I-29092023.pdf,(12.76 MB),exam archive,UPSC previous question papers,English,final_resources.csv
India,https://www.upsc.gov.in/sites/default/files/QP-IES-ISS-26-220626-STATISTICS-PAPER-II.pdf,(12.87 MB),exam archive,UPSC previous question papers,English,final_resources.csv
India,https://www.upsc.gov.in/sites/default/files/QP-SO-25-Steno19-21-NOTING-AND-DRAFTING-PRECIS-WRITING-151225.pdf,(13.02 MB),exam archive,UPSC previous question papers,English,final_resources.csv
India,https://www.upsc.gov.in/sites/default/files/QP-SO-19-20-PAPER-III-NOTING-DRAFTING-PRECIS%20WRITING-280823.pdf,(13.32 MB),exam archive,UPSC previous question papers,English,final_resources.csv
India,https://www.upsc.gov.in/sites/default/files/QP-CGeoScnstP-25-GEOLOGY-HYDROGEOLOGY-PAPER-II-100225.pdf,(13.57 MB),exam archive,UPSC previous question papers,English,final_resources.csv
India,https://www.upsc.gov.in/sites/default/files/QP-CGeoScnstPrelExam-24-GEOLOGY_HYDROGEOLOGY-190224.pdf,(13.6 MB),exam archive,UPSC previous question papers,English,final_resources.csv
India,https://www.upsc.gov.in/sites/default/files/QP-SO-LDCE-23-NOTING-DRAFTING-PRECIS-WRITING-PAPER-III-111223.pdf,(13.67 MB),exam archive,UPSC previous question papers,English,final_resources.csv
India,https://www.upsc.gov.in/sites/default/files/QP-SO-21-22-PAPER-III-NOTING-DRAFTING-PRECIS-WRITING-161023.pdf,(14.11 MB),exam archive,UPSC previous question papers,English,final_resources.csv
India,https://www.upsc.gov.in/sites/default/files/QP-IES-ISS-24-STATISTICS-PAPER-II-240624.pdf,(14.28 MB),exam archive,UPSC previous question papers,English,final_resources.csv
India,https://www.upsc.gov.in/sites/default/files/QP-CSM-23-CIVIL-ENGINEERING-PAPER-I-29092023.pdf,(14.34 MB),exam archive,UPSC previous question papers,English,final_resources.csv
India,https://www.upsc.gov.in/sites/default/files/QP-CGeoScnstP-25-GEOPHYSICS-PAPER-II-100225.pdf,(14.35 MB),exam archive,UPSC previous question papers,English,final_resources.csv
India,https://www.upsc.gov.in/sites/default/files/QP-CDSE-II-25-ENGLISH-150925.pdf,(14.53 MB),exam archive,UPSC previous question papers,English,final_resources.csv
India,https://www.upsc.gov.in/sites/default/files/QP-CDS-I-26-ENGLISH-130426.pdf,(14.65 MB),exam archive,UPSC previous question papers,English,final_resources.csv
India,https://www.upsc.gov.in/sites/default/files/QP-ESEP-25-GENERAL-STUDIES-AND-ENGINEERING-APTITUDE-P-I-090625.pdf,(14.9 MB),exam archive,UPSC previous question papers,English,final_resources.csv
India,https://www.upsc.gov.in/sites/default/files/QP-CDSE-II-24-ENGLISH-020924.pdf,(15 MB),exam archive,UPSC previous question papers,English,final_resources.csv
India,https://www.upsc.gov.in/sites/default/files/QP-CGeoScnstPrelExam-24-GENERAL-STUDIES-200224r.pdf,(15.23 MB),exam archive,UPSC previous question papers,English,final_resources.csv
India,https://www.upsc.gov.in/sites/default/files/QP-CMSE-26-SrgryGynaeObstPvntSclMdcnPaper-II-03082026.pdf,(16.07 MB),exam archive,UPSC previous question papers,English,final_resources.csv
India,https://www.upsc.gov.in/sites/default/files/QP_CDSI2024_ENGLISH_22042024.pdf,(16.25 MB),exam archive,UPSC previous question papers,English,final_resources.csv
India,https://www.upsc.gov.in/sites/default/files/QP-CGeoScnstPrelExam-24-GEOPHYSICS-PAPER-190224.pdf,(16.35 MB),exam archive,UPSC previous question papers,English,final_resources.csv
India,https://www.upsc.gov.in/sites/default/files/QP_ESPE26_CivilEngg_II_09022026.pdf,(16.58 MB),exam archive,UPSC previous question papers,English,final_resources.csv
India,https://www.upsc.gov.in/sites/default/files/QP_CBI_DSP_LDCE_2023_GAT_18032024.pdf,(16.64 MB),exam archive,UPSC previous question papers,English,final_resources.csv
India,https://www.upsc.gov.in/sites/default/files/QP-CMS_2025_PAPER_02-210725.pdf,(16.69 MB),exam archive,UPSC previous question papers,English,final_resources.csv
India,https://www.upsc.gov.in/sites/default/files/QP_ESPE26_MechEngg_II_09022026.pdf,(16.73 MB),exam archive,UPSC previous question papers,English,final_resources.csv
India,https://www.upsc.gov.in/sites/default/files/QP-CGeoScnstP-25-CHEMISTRY-PAPER-II-100225.pdf,(16.82 MB),exam archive,UPSC previous question papers,English,final_resources.csv
India,https://www.upsc.gov.in/sites/default/files/QP-CMSE-24-PAPER-II-SURGERY-GYAE-OBST-PREVENT-SOCIAL-MEDCN-150724.pdf,(17.01 MB),exam archive,UPSC previous question papers,English,final_resources.csv
India,https://www.upsc.gov.in/sites/default/files/QP-CMSE-24-PAPER-I-GENERAL-MEDICINE-AND-PEDIATRICS-150724.pdf,(17.21 MB),exam archive,UPSC previous question papers,English,final_resources.csv
India,https://www.upsc.gov.in/sites/default/files/QP-CMSE-26-GnrlMdcnPediatrc-Paper-I-030826.pdf,(17.37 MB),exam archive,UPSC previous question papers,English,final_resources.csv
India,https://www.upsc.gov.in/sites/default/files/QP_ESPE26_GenStud_EnggAptit_I_09022026.pdf,(17.53 MB),exam archive,UPSC previous question papers,English,final_resources.csv
India,https://www.upsc.gov.in/sites/default/files/QP-ESEP-25-ELECTRICAL-ENGINEERING-P-II-090625.pdf,(17.66 MB),exam archive,UPSC previous question papers,English,final_resources.csv
India,https://www.upsc.gov.in/sites/default/files/QP-ESEP-25-ELECTRONICS-AND-TELECOMMUNICATION-ENGINEERING-P-II-090625.pdf,(17.69 MB),exam archive,UPSC previous question papers,English,final_resources.csv
India,https://www.upsc.gov.in/sites/default/files/QP_CGSPE26_Chem_II_09022026.pdf,(18.07 MB),exam archive,UPSC previous question papers,English,final_resources.csv
India,https://www.upsc.gov.in/sites/default/files/QP-CSM-24-MECHANICAL-ENGINEERING-PAPER-II-031024.pdf,(18.11 MB),exam archive,UPSC previous question papers,English,final_resources.csv
India,https://www.upsc.gov.in/sites/default/files/QP-CDSE-II-2023-EleMath-04092023.pdf,(18.18 MB),exam archive,UPSC previous question papers,English,final_resources.csv
India,https://www.upsc.gov.in/sites/default/files/QP-ESEP-25-CIVIL-ENGINEERING-P-II-090625.pdf,(18.3 MB),exam archive,UPSC previous question papers,English,final_resources.csv
India,https://www.upsc.gov.in/sites/default/files/QP_CGSPE26_Geol-Hydrogeo_II_09022026.pdf,(18.32 MB),exam archive,UPSC previous question papers,English,final_resources.csv
India,https://www.upsc.gov.in/sites/default/files/QP_ESPE26_ElecEngg_II_09022026.pdf,(18.5 MB),exam archive,UPSC previous question papers,English,final_resources.csv
India,https://www.upsc.gov.in/sites/default/files/QP_ESPE26_ElecTelecomEngg_II_09022026.pdf,(18.91 MB),exam archive,UPSC previous question papers,English,final_resources.csv
India,https://www.upsc.gov.in/sites/default/files/QP-CDSE-I-25-ELEMENTARY-MATHEMATICS-150425.pdf,(19.37 MB),exam archive,UPSC previous question papers,English,final_resources.csv
India,https://www.upsc.gov.in/sites/default/files/QP-NDA-NA-I-25-MATHEMATICS-150425.pdf,(19.7 MB),exam archive,UPSC previous question papers,English,final_resources.csv
India,https://www.upsc.gov.in/sites/default/files/QP-NDANA-II-25-MATHEMATICS-150925.pdf,(19.87 MB),exam archive,UPSC previous question papers,English,final_resources.csv
India,https://www.upsc.gov.in/sites/default/files/QP-CDSE-I-25-ENGLISH-150425.pdf,(19.96 MB),exam archive,UPSC previous question papers,English,final_resources.csv
India,https://www.upsc.gov.in/sites/default/files/SANSKRIT-LITERATURE-PAPER-I-QP-CSM-25-010925.pdf,(2 MB),exam archive,UPSC previous question papers,English,final_resources.csv
India,https://www.upsc.gov.in/sites/default/files/TELUGU%20%28LITERATURE%29%20PAPER%20II-QP-CSM-25-010925.pdf,(2 MB),exam archive,UPSC previous question papers,English,final_resources.csv
India,https://www.upsc.gov.in/sites/default/files/QP-IFSM-24-MATHEMATICS-PAPER-II-021224.pdf,(2 MB),exam archive,UPSC previous question papers,English,final_resources.csv
India,https://www.upsc.gov.in/sites/default/files/QP-CSM-24-AGRICULTURE-PAPER-I-031024.pdf,(2 MB),exam archive,UPSC previous question papers,English,final_resources.csv
India,https://www.upsc.gov.in/sites/default/files/QP-CSM-23-GUJARATI-LITERATURE-PAPER-II-290923.pdf,(2.01 MB),exam archive,UPSC previous question papers,English,final_resources.csv
India,https://www.upsc.gov.in/sites/default/files/KASHMIRI-LITERATURE-PAPER%20I-QP-CSM-25-010925.pdf,(2.02 MB),exam archive,UPSC previous question papers,English,final_resources.csv
India,https://www.upsc.gov.in/sites/default/files/PUBLIC-ADMINISTRATION-PAPER-I-QP-CSM-25-010925.pdf,(2.02 MB),exam archive,UPSC previous question papers,English,final_resources.csv
India,https://www.upsc.gov.in/sites/default/files/QP_CSM_2024_GenStud_II_03102024.pdf,(2.02 MB),exam archive,UPSC previous question papers,English,final_resources.csv
India,https://www.upsc.gov.in/sites/default/files/POLITICAL-SCIENCE-INTERANATIONAL-RELATIONS-PAPER-I-QP-CSM-25-010925.pdf,(2.03 MB),exam archive,UPSC previous question papers,English,final_resources.csv
India,https://www.upsc.gov.in/sites/default/files/GEOLOGY-PAPER%20I-QP-CSM-25-010925.pdf,(2.04 MB),exam archive,UPSC previous question papers,English,final_resources.csv
India,https://www.upsc.gov.in/sites/default/files/QP-CSM-23-GENERAL-STUDIES-PAPER-III-180923.pdf,(2.04 MB),exam archive,UPSC previous question papers,English,final_resources.csv
India,https://www.upsc.gov.in/sites/default/files/QP-IFSM-23-AGRICULTURE-PAPER-II-051223.pdf,(2.05 MB),exam archive,UPSC previous question papers,English,final_resources.csv
India,https://www.upsc.gov.in/sites/default/files/QP-IFSM-23-BOTANY-PAPER-I-051223.pdf,(2.05 MB),exam archive,UPSC previous question papers,English,final_resources.csv
India,https://www.upsc.gov.in/sites/default/files/QP-CSM-23-ZOOLOGY-PAPER-II-29092023.pdf,(2.06 MB),exam archive,UPSC previous question papers,English,final_resources.csv
India,https://www.upsc.gov.in/sites/default/files/QP-IFSM-24-GEOLOGY-PAPER-I-021224.pdf,(2.07 MB),exam archive,UPSC previous question papers,English,final_resources.csv
India,https://www.upsc.gov.in/sites/default/files/ANI-HUSB-VETER-SCIENCE-PAPER%20II--QP-CSM-25-010925.pdf,(2.1 MB),exam archive,UPSC previous question papers,English,final_resources.csv
India,https://www.upsc.gov.in/sites/default/files/QP-CSM-24-BOTANY-PAPER-I-031024.pdf,(2.1 MB),exam archive,UPSC previous question papers,English,final_resources.csv
India,https://www.upsc.gov.in/sites/default/files/QP_CSM_2024_Mala_P_I_Lite_03102024.pdf,(2.1 MB),exam archive,UPSC previous question papers,English,final_resources.csv
India,https://www.upsc.gov.in/sites/default/files/QP-IFSM-25-CHEMISTRY-PAPER-I-241125.pdf,(2.11 MB),exam archive,UPSC previous question papers,English,final_resources.csv
India,https://www.upsc.gov.in/sites/default/files/QP-GeosM-25-HYDROGEOLOGY-230625.pdf,(2.11 MB),exam archive,UPSC previous question papers,English,final_resources.csv
India,https://www.upsc.gov.in/sites/default/files/QP_CSM_2024_GenStud_III_03102024.pdf,(2.13 MB),exam archive,UPSC previous question papers,English,final_resources.csv
India,https://www.upsc.gov.in/sites/default/files/QP-IFSM-25-CHEMICAL-ENGINEERING-PAPER-I-241125.pdf,(2.14 MB),exam archive,UPSC previous question papers,English,final_resources.csv
India,https://www.upsc.gov.in/sites/default/files/QP-IFSM-24-FORESTRY-PAPER-I-021224.pdf,(2.14 MB),exam archive,UPSC previous question papers,English,final_resources.csv
India,https://www.upsc.gov.in/sites/default/files/QP-CSM-23-URDU-LITERATURE-PAPER-II-290923.pdf,(2.14 MB),exam archive,UPSC previous question papers,English,final_resources.csv
India,https://www.upsc.gov.in/sites/default/files/AGRICULTURE-PAPER%20II-QP-CSM-25-010925.pdf,(2.17 MB),exam archive,UPSC previous question papers,English,final_resources.csv
India,https://www.upsc.gov.in/sites/default/files/QP-CSM-24-PUBLIC-ADMINISTRATION-PAPER-I-031024.pdf,(2.17 MB),exam archive,UPSC previous question papers,English,final_resources.csv
India,https://www.upsc.gov.in/sites/default/files/QP-CSM-24-PSYCHOLOGY-PAPER-I-031024.pdf,(2.18 MB),exam archive,UPSC previous question papers,English,final_resources.csv
India,https://www.upsc.gov.in/sites/default/files/QP-IFSM-25-CIVIL-ENGINEERING-PAPER-II-241125.pdf,(2.19 MB),exam archive,UPSC previous question papers,English,final_resources.csv
India,https://www.upsc.gov.in/sites/default/files/QP-IFSM-25-MECHANICAL-ENGINEERING-PAPER-I-241125.pdf,(2.19 MB),exam archive,UPSC previous question papers,English,final_resources.csv
India,https://www.upsc.gov.in/sites/default/files/PHILOSOPHY-PAPER-I-QP-CSM-25-010925.pdf,(2.19 MB),exam archive,UPSC previous question papers,English,final_resources.csv
India,https://www.upsc.gov.in/sites/default/files/QP-IFSM-25-PHYSICS-PAPER-I-241125.pdf,(2.21 MB),exam archive,UPSC previous question papers,English,final_resources.csv
India,https://www.upsc.gov.in/sites/default/files/SOCIOLOGY-PAPER-I-QP-CSM-25-010925.pdf,(2.21 MB),exam archive,UPSC previous question papers,English,final_resources.csv
India,https://www.upsc.gov.in/sites/default/files/QP-GeosM-25-GEOLOGY-PAPER-II-230625.pdf,(2.21 MB),exam archive,UPSC previous question papers,English,final_resources.csv
India,https://www.upsc.gov.in/sites/default/files/QP-CSM-23-MALAYALAM-LITERATURE-PAPER-II-290923.pdf,(2.21 MB),exam archive,UPSC previous question papers,English,final_resources.csv
India,https://www.upsc.gov.in/sites/default/files/QP-GeosM-25-GEOPHYSICS-PAPER-I-230625.pdf,(2.22 MB),exam archive,UPSC previous question papers,English,final_resources.csv
India,https://www.upsc.gov.in/sites/default/files/QP-IES-ISS-24-GENERAL-ECONOMICS-PAPER-II-240624.pdf,(2.22 MB),exam archive,UPSC previous question papers,English,final_resources.csv
India,https://www.upsc.gov.in/sites/default/files/QP-IFSM-24-PHYSICS-PAPER-II-021224.pdf,(2.23 MB),exam archive,UPSC previous question papers,English,final_resources.csv
India,https://www.upsc.gov.in/sites/default/files/QP-IFSM-25-AGRICULTURAL-ENGINEERING-PAPER-II-241125.pdf,(2.24 MB),exam archive,UPSC previous question papers,English,final_resources.csv
India,https://www.upsc.gov.in/sites/default/files/QP_CSM_2024_Urdu_P_II_Lite_03102024.pdf,(2.24 MB),exam archive,UPSC previous question papers,English,final_resources.csv
India,https://www.upsc.gov.in/sites/default/files/QP-IFSM-25-GENERAL-ENGLISH-241125.pdf,(2.25 MB),exam archive,UPSC previous question papers,English,final_resources.csv
India,https://www.upsc.gov.in/sites/default/files/QP-IES-ISS-25-GENERAL-ECONOMICS-PAPER-III-230625.pdf,(2.25 MB),exam archive,UPSC previous question papers,English,final_resources.csv
India,https://www.upsc.gov.in/sites/default/files/QP-CSM-23-ECONOMICS-PAPER-II-29092023.pdf,(2.25 MB),exam archive,UPSC previous question papers,English,final_resources.csv
India,https://www.upsc.gov.in/sites/default/files/GEOLOGY-PAPER%20II-QP-CSM-25-010925.pdf,(2.26 MB),exam archive,UPSC previous question papers,English,final_resources.csv
India,https://www.upsc.gov.in/sites/default/files/QP_CSM_2024_Tam_P_II_Lite_03102024.pdf,(2.26 MB),exam archive,UPSC previous question papers,English,final_resources.csv
India,https://www.upsc.gov.in/sites/default/files/QP-IES-ISS-24-GENERAL-ECONOMICS-%20PAPER-I-240624.pdf,(2.26 MB),exam archive,UPSC previous question papers,English,final_resources.csv
India,https://www.upsc.gov.in/sites/default/files/QP-CSM-23-GEOLOGY-PAPER-I-29092023.pdf,(2.26 MB),exam archive,UPSC previous question papers,English,final_resources.csv
India,https://www.upsc.gov.in/sites/default/files/QP-IFSM-24-MATHEMATICS-PAPER-I-021224.pdf,(2.27 MB),exam archive,UPSC previous question papers,English,final_resources.csv
India,https://www.upsc.gov.in/sites/default/files/QP-IFSM-24-PHYSICS-PAPER-I-021224.pdf,(2.28 MB),exam archive,UPSC previous question papers,English,final_resources.csv
India,https://www.upsc.gov.in/sites/default/files/QP-IFSM-25-STATISTICS-PAPER-II-241125.pdf,(2.29 MB),exam archive,UPSC previous question papers,English,final_resources.csv
India,https://www.upsc.gov.in/sites/default/files/POLITICAL-SCIENCE-INTERANATIONAL-RELATIONS-PAPER-II-QP-CSM-25-010925.pdf,(2.3 MB),exam archive,UPSC previous question papers,English,final_resources.csv
India,https://www.upsc.gov.in/sites/default/files/QP-CSM-23-HISTORY-PAPER-I-29092023.pdf,(2.3 MB),exam archive,UPSC previous question papers,English,final_resources.csv
India,https://www.upsc.gov.in/sites/default/files/QP-IES-ISS-26-220626-GENERAL-ECONOMICS-PAPER-I.pdf,(2.31 MB),exam archive,UPSC previous question papers,English,final_resources.csv
India,https://www.upsc.gov.in/sites/default/files/AGRICULTURE-PAPER-I-QP-CSM-25-010925.pdf,(2.32 MB),exam archive,UPSC previous question papers,English,final_resources.csv
India,https://www.upsc.gov.in/sites/default/files/PSYCHOLOGY-PAPER-I-QP-CSM-25-010925.pdf,(2.32 MB),exam archive,UPSC previous question papers,English,final_resources.csv
India,https://www.upsc.gov.in/sites/default/files/QP-IFSM-24-AGRICULTURAL-ENGINEERING-PAPER-I-021224.pdf,(2.34 MB),exam archive,UPSC previous question papers,English,final_resources.csv
India,https://www.upsc.gov.in/sites/default/files/QP-CSM-24-BOTANY-PAPER-II-031024.pdf,(2.34 MB),exam archive,UPSC previous question papers,English,final_resources.csv
India,https://www.upsc.gov.in/sites/default/files/QP-CSM-23-AGRICULTURE-PAPER-I-29092023.pdf,(2.34 MB),exam archive,UPSC previous question papers,English,final_resources.csv
India,https://www.upsc.gov.in/sites/default/files/QP-IFSM-23-AGRICULTURAL-ENGINEERING-PAPER-II-051223.pdf,(2.35 MB),exam archive,UPSC previous question papers,English,final_resources.csv
India,https://www.upsc.gov.in/sites/default/files/QP-CSM-23-PUNJABI-LITERATURE-PAPER-I-290923.pdf,(2.35 MB),exam archive,UPSC previous question papers,English,final_resources.csv
India,https://www.upsc.gov.in/sites/default/files/GENERAL-STUDIES-PAPER-II-QP-CSM-25-010925.pdf,(2.36 MB),exam archive,UPSC previous question papers,English,final_resources.csv
India,https://www.upsc.gov.in/sites/default/files/HISTORY-PAPER-II-QP-CSM-25-010925.pdf,(2.37 MB),exam archive,UPSC previous question papers,English,final_resources.csv
India,https://www.upsc.gov.in/sites/default/files/QP-IFSM-24-CHEMICAL-ENGINEERING-PAPER-II-021224.pdf,(2.37 MB),exam archive,UPSC previous question papers,English,final_resources.csv
India,https://www.upsc.gov.in/sites/default/files/QP-CSM-23-GEOGRAPHY-PAPER-I-29092023.pdf,(2.37 MB),exam archive,UPSC previous question papers,English,final_resources.csv
India,https://www.upsc.gov.in/sites/default/files/MALAYALAM-LITERATURE-PAPER-II-QP-CSM-25-010925.pdf,(2.38 MB),exam archive,UPSC previous question papers,English,final_resources.csv
India,https://www.upsc.gov.in/sites/default/files/QP-IFSM-24-CHEMISTRY-PAPER-I-021224.pdf,(2.42 MB),exam archive,UPSC previous question papers,English,final_resources.csv
India,https://www.upsc.gov.in/sites/default/files/QP-IES-ISS-26-220626-STATISTICS-PAPER-III.pdf,(2.44 MB),exam archive,UPSC previous question papers,English,final_resources.csv
India,https://www.upsc.gov.in/sites/default/files/QP_CSM_2024_Urdu_Comp_03102024.pdf,(2.44 MB),exam archive,UPSC previous question papers,English,final_resources.csv
India,https://www.upsc.gov.in/sites/default/files/QP-IFSM-23-PHYSICS-PAPER-II-051223.pdf,(2.46 MB),exam archive,UPSC previous question papers,English,final_resources.csv
India,https://www.upsc.gov.in/sites/default/files/QP_CSM_2024_Telu_P_II_Lite_03102024.pdf,(2.47 MB),exam archive,UPSC previous question papers,English,final_resources.csv
India,https://www.upsc.gov.in/sites/default/files/QP-CSM-23-BODO-COMPULSORY-290923.pdf,(2.47 MB),exam archive,UPSC previous question papers,English,final_resources.csv
India,https://www.upsc.gov.in/sites/default/files/QP-CSM-24-ECONOMICS-PAPER-I-031024.pdf,(2.49 MB),exam archive,UPSC previous question papers,English,final_resources.csv
India,https://www.upsc.gov.in/sites/default/files/QP-CSM-23-PUBLIC%20ADMINISTRATION-PAPER-I-29092023.pdf,(2.49 MB),exam archive,UPSC previous question papers,English,final_resources.csv
India,https://www.upsc.gov.in/sites/default/files/QP-CGeoScnstM-26-220626-CHEMISTRY-PAPER-II.pdf,(2.51 MB),exam archive,UPSC previous question papers,English,final_resources.csv
India,https://www.upsc.gov.in/sites/default/files/QP-CSM-23-ECONOMICS-PAPER-I-29092023.pdf,(2.51 MB),exam archive,UPSC previous question papers,English,final_resources.csv
India,https://www.upsc.gov.in/sites/default/files/PHYSICS-PAPER-II-QP-CSM-25-010925.pdf,(2.52 MB),exam archive,UPSC previous question papers,English,final_resources.csv
India,https://www.upsc.gov.in/sites/default/files/URDU-COMPULSORY-QP-CSM-25-010925.pdf,(2.52 MB),exam archive,UPSC previous question papers,English,final_resources.csv
India,https://www.upsc.gov.in/sites/default/files/LAW-PAPER-II-QP-CSM-25-010925.pdf,(2.53 MB),exam archive,UPSC previous question papers,English,final_resources.csv
India,https://www.upsc.gov.in/sites/default/files/QP-CSM-23-BOTANY-PAPER-II-29092023.pdf,(2.54 MB),exam archive,UPSC previous question papers,English,final_resources.csv
India,https://www.upsc.gov.in/sites/default/files/QP-CSM-23-GEOGRAPHY-PAPER-II-29092023.pdf,(2.54 MB),exam archive,UPSC previous question papers,English,final_resources.csv
India,https://www.upsc.gov.in/sites/default/files/BOTANY-PAPER-I-QP-CSM-25-010925.pdf,(2.55 MB),exam archive,UPSC previous question papers,English,final_resources.csv
India,https://www.upsc.gov.in/sites/default/files/QP-CSM-23-PHILOSOPHY-PAPER-I-29092023.pdf,(2.55 MB),exam archive,UPSC previous question papers,English,final_resources.csv
India,https://www.upsc.gov.in/sites/default/files/SANSKRIT-COMPULSORY-QP-CSM-25-010925.pdf,(2.56 MB),exam archive,UPSC previous question papers,English,final_resources.csv
India,https://www.upsc.gov.in/sites/default/files/QP-IFSM-23-ANIMAL-HUSBANDRY-VETERINARY-SCIENCE-PAPER-II-051223.pdf,(2.56 MB),exam archive,UPSC previous question papers,English,final_resources.csv
India,https://www.upsc.gov.in/sites/default/files/ANI-HUSB-VETER-SCIENCE-PAPER%20I--QP-CSM-25-010925.pdf,(2.57 MB),exam archive,UPSC previous question papers,English,final_resources.csv
India,https://www.upsc.gov.in/sites/default/files/QP-GeosM-25-CHEMISTRY-PAPER-I-230625.pdf,(2.57 MB),exam archive,UPSC previous question papers,English,final_resources.csv
India,https://www.upsc.gov.in/sites/default/files/QP-IFSM-23-CIVIL-ENGINEERING-PAPER-II-051223.pdf,(2.58 MB),exam archive,UPSC previous question papers,English,final_resources.csv
India,https://www.upsc.gov.in/sites/default/files/QP-CGeoScnstM-26-220626-GEOPHYSICS-PAPER-II.pdf,(2.6 MB),exam archive,UPSC previous question papers,English,final_resources.csv
India,https://www.upsc.gov.in/sites/default/files/QP-CSM-24-GEOGRAPHY-PAPER-II-031024.pdf,(2.6 MB),exam archive,UPSC previous question papers,English,final_resources.csv
India,https://www.upsc.gov.in/sites/default/files/QP-CSM-24-HISTORY-PAPER-I-031024.pdf,(2.6 MB),exam archive,UPSC previous question papers,English,final_resources.csv
India,https://www.upsc.gov.in/sites/default/files/QP-CSM-24-ZOOLOGY-PAPER-I-031024.pdf,(2.6 MB),exam archive,UPSC previous question papers,English,final_resources.csv
India,https://www.upsc.gov.in/sites/default/files/QP-CGSMain-24-CHEMISTRY-PAPER-III-240624.pdf,(2.6 MB),exam archive,UPSC previous question papers,English,final_resources.csv
India,https://www.upsc.gov.in/sites/default/files/QP-IFSM-25-CHEMISTRY-PAPER-II-241125.pdf,(2.61 MB),exam archive,UPSC previous question papers,English,final_resources.csv
India,https://www.upsc.gov.in/sites/default/files/QP-CSM-23-SANSKRIT-COMPULSORY-290923.pdf,(2.61 MB),exam archive,UPSC previous question papers,English,final_resources.csv
India,https://www.upsc.gov.in/sites/default/files/QP-CGeoScnstM-26-220626-CHEMISTRY-PAPER-1.pdf,(2.63 MB),exam archive,UPSC previous question papers,English,final_resources.csv
India,https://www.upsc.gov.in/sites/default/files/KASHMIRI-LITERATURE-PAPER%20II-QP-CSM-25-010925.pdf,(2.63 MB),exam archive,UPSC previous question papers,English,final_resources.csv
India,https://www.upsc.gov.in/sites/default/files/PUNJABI-LITERATURE-PAPER-II-QP-CSM-25-010925.pdf,(2.64 MB),exam archive,UPSC previous question papers,English,final_resources.csv
India,https://www.upsc.gov.in/sites/default/files/QP-CSM-24-LAW-PAPER-I-031024.pdf,(2.64 MB),exam archive,UPSC previous question papers,English,final_resources.csv
India,https://www.upsc.gov.in/sites/default/files/QP-CSM-23-SINDHI-DEVANAGARI-COMPULSORY-290923.pdf,(2.64 MB),exam archive,UPSC previous question papers,English,final_resources.csv
India,https://www.upsc.gov.in/sites/default/files/SINDHI-DEVANAGARI-COMPULSORY-QP-CSM-25-010925.pdf,(2.66 MB),exam archive,UPSC previous question papers,English,final_resources.csv
India,https://www.upsc.gov.in/sites/default/files/MEDICAL-SCIENCE-PAPER-II-QP-CSM-25-010925.pdf,(2.67 MB),exam archive,UPSC previous question papers,English,final_resources.csv
India,https://www.upsc.gov.in/sites/default/files/QP-CGeoScnstM-26-220626-GEO-PHYSICS-PAPER-I.pdf,(2.68 MB),exam archive,UPSC previous question papers,English,final_resources.csv
India,https://www.upsc.gov.in/sites/default/files/QP-CSM-24-ANTHROPOLOGY-PAPER-II-031024.pdf,(2.68 MB),exam archive,UPSC previous question papers,English,final_resources.csv
India,https://www.upsc.gov.in/sites/default/files/QP-IFSM-23-GENERAL-%20ENGLISH-051223.pdf,(2.69 MB),exam archive,UPSC previous question papers,English,final_resources.csv
India,https://www.upsc.gov.in/sites/default/files/QP-IES-ISS-25-GENERAL-ENGLISH-230625.pdf,(2.7 MB),exam archive,UPSC previous question papers,English,final_resources.csv
India,https://www.upsc.gov.in/sites/default/files/QP_CSM_2024_Mait_Comp_03102024.pdf,(2.7 MB),exam archive,UPSC previous question papers,English,final_resources.csv
India,https://www.upsc.gov.in/sites/default/files/GENERAL-STUDIES-PAPER-III-QP-CSM-25-010925.pdf,(2.72 MB),exam archive,UPSC previous question papers,English,final_resources.csv
India,https://www.upsc.gov.in/sites/default/files/QP-IFSM-24-CHEMISTRY-PAPER-II-021224.pdf,(2.73 MB),exam archive,UPSC previous question papers,English,final_resources.csv
India,https://www.upsc.gov.in/sites/default/files/QP-GeosM-25-GEOPHYSICS-PAPER-III-230625.pdf,(2.75 MB),exam archive,UPSC previous question papers,English,final_resources.csv
India,https://www.upsc.gov.in/sites/default/files/QP-IFSM-23-MATHEMATHICS-PAPER-I-051223.pdf,(2.75 MB),exam archive,UPSC previous question papers,English,final_resources.csv
India,https://www.upsc.gov.in/sites/default/files/QP-CSM-23-AH-VS-PAPER-I-29092023.pdf,(2.75 MB),exam archive,UPSC previous question papers,English,final_resources.csv
India,https://www.upsc.gov.in/sites/default/files/ECONOMICS-PAPER%20I-QP-CSM-25-010925.pdf,(2.78 MB),exam archive,UPSC previous question papers,English,final_resources.csv
India,https://www.upsc.gov.in/sites/default/files/MAITHILI-COMPULSORY-QP-CSM-25-010925.pdf,(2.81 MB),exam archive,UPSC previous question papers,English,final_resources.csv
India,https://www.upsc.gov.in/sites/default/files/HISTORY-PAPER%20I-QP-CSM-25-010925.pdf,(2.83 MB),exam archive,UPSC previous question papers,English,final_resources.csv
India,https://www.upsc.gov.in/sites/default/files/ELECTRO-TELECOMN-ENGINEERING%20PAPER%20II-QP-ESEM-25-110825.pdf,(2.85 MB),exam archive,UPSC previous question papers,English,final_resources.csv
India,https://www.upsc.gov.in/sites/default/files/QP-IFSM-24-MECHANICAL-ENGINEERING-PAPER-I-021224.pdf,(2.85 MB),exam archive,UPSC previous question papers,English,final_resources.csv
India,https://www.upsc.gov.in/sites/default/files/QP-CAPF-25-GENERAL-STUDIES-ESSAY-COMPREHENSION-040825.pdf,(2.86 MB),exam archive,UPSC previous question papers,English,final_resources.csv
India,https://www.upsc.gov.in/sites/default/files/QP-CSM-23-URDU-COMPULSORY-290923.pdf,(2.86 MB),exam archive,UPSC previous question papers,English,final_resources.csv
India,https://www.upsc.gov.in/sites/default/files/QP-CSM-23-MANAGEMENT-PAPER-I-29092023.pdf,(2.87 MB),exam archive,UPSC previous question papers,English,final_resources.csv
India,https://www.upsc.gov.in/sites/default/files/QP-CSM-23-AGRICULTURE-PAPER-II-29092023.pdf,(2.88 MB),exam archive,UPSC previous question papers,English,final_resources.csv
India,https://www.upsc.gov.in/sites/default/files/QP_CSM_2024_Mala_P_II_Lite_03102024.pdf,(2.89 MB),exam archive,UPSC previous question papers,English,final_resources.csv
India,https://www.upsc.gov.in/sites/default/files/BODO-COMPULSORY-QP-CSM-25-010925.pdf,(2.91 MB),exam archive,UPSC previous question papers,English,final_resources.csv
India,https://www.upsc.gov.in/sites/default/files/QP-CGSMain-24-CHEMISTRY-PAPER-I-240624.pdf,(2.91 MB),exam archive,UPSC previous question papers,English,final_resources.csv
India,https://www.upsc.gov.in/sites/default/files/NEPALI-COMPULSORY-QP-CSM-25-010925.pdf,(2.92 MB),exam archive,UPSC previous question papers,English,final_resources.csv
India,https://www.upsc.gov.in/sites/default/files/GUJARATI-COMPULSORY-QP-CSM-25-010925.pdf,(2.93 MB),exam archive,UPSC previous question papers,English,final_resources.csv
India,https://www.upsc.gov.in/sites/default/files/QP_CSM_2024_Nepa_Comp_03102024.pdf,(2.94 MB),exam archive,UPSC previous question papers,English,final_resources.csv
India,https://www.upsc.gov.in/sites/default/files/QP-CSM-23-MATHEMATICS-PAPER-II-29092023.pdf,(2.94 MB),exam archive,UPSC previous question papers,English,final_resources.csv
India,https://www.upsc.gov.in/sites/default/files/QP-CAPF-Exam-2026-GENERAL-STUDIES-ESSAY-AND-COMPREHENSION-200726.pdf,(2.96 MB),exam archive,UPSC previous question papers,English,final_resources.csv
India,https://www.upsc.gov.in/sites/default/files/QP-CSM-24-LAW-PAPER-II-031024.pdf,(2.96 MB),exam archive,UPSC previous question papers,English,final_resources.csv
India,https://www.upsc.gov.in/sites/default/files/QP-CSM-23-TELUGU-LITERATURE-PAPER-II-290923.pdf,(2.96 MB),exam archive,UPSC previous question papers,English,final_resources.csv
India,https://www.upsc.gov.in/sites/default/files/QP-IFSM-24-STATISTICS-PAPER-II-021224.pdf,(2.98 MB),exam archive,UPSC previous question papers,English,final_resources.csv
India,https://www.upsc.gov.in/sites/default/files/LAW-PAPER%20I-QP-CSM-25-010925.pdf,(2.99 MB),exam archive,UPSC previous question papers,English,final_resources.csv
India,https://www.upsc.gov.in/sites/default/files/QP-IES-ISS-25-STATISTICS-PAPER-III-230625.pdf,(2.99 MB),exam archive,UPSC previous question papers,English,final_resources.csv
India,https://www.upsc.gov.in/sites/default/files/QP-CGeoScnstPrelExam-24-CHEMISTRY-190224.pdf,(20.14 MB),exam archive,UPSC previous question papers,English,final_resources.csv
India,https://www.upsc.gov.in/sites/default/files/QP-CMS_2025_PAPER_01-210725.pdf,(20.19 MB),exam archive,UPSC previous question papers,English,final_resources.csv
India,https://www.upsc.gov.in/sites/default/files/QP-EnggServcPrelExam-24-ELECTRONICS-AND-TELECOMMUNICATION-ENGINEERING-200224r.pdf,(20.41 MB),exam archive,UPSC previous question papers,English,final_resources.csv
India,https://www.upsc.gov.in/sites/default/files/QP-EnggServcPrelExam-24-GENERAL-STUDIES-AND-ENGINEERING-APTITUDE-190224.pdf,(20.43 MB),exam archive,UPSC previous question papers,English,final_resources.csv
India,https://www.upsc.gov.in/sites/default/files/QP-CDSE-II-2023-Eng-04092023.pdf,(20.49 MB),exam archive,UPSC previous question papers,English,final_resources.csv
India,https://www.upsc.gov.in/sites/default/files/QP_CISF2026_GenAbili_Intellig_ProfessSkill_09032026.pdf,(20.63 MB),exam archive,UPSC previous question papers,English,final_resources.csv
India,https://www.upsc.gov.in/sites/default/files/QP-SO-LDCE-24-PAPER-I-130125.pdf,(20.81 MB),exam archive,UPSC previous question papers,English,final_resources.csv
India,https://www.upsc.gov.in/sites/default/files/QP-NDANA-II-2023-Maths-04092023.pdf,(21.61 MB),exam archive,UPSC previous question papers,English,final_resources.csv
India,https://www.upsc.gov.in/sites/default/files/QP-SO-21-22-PAPER-I-161023.pdf,(21.99 MB),exam archive,UPSC previous question papers,English,final_resources.csv
India,https://www.upsc.gov.in/sites/default/files/QP-SO-25-Steno19-21-PAPER-I-151225.pdf,(22.21 MB),exam archive,UPSC previous question papers,English,final_resources.csv
India,https://www.upsc.gov.in/sites/default/files/QP-SO-25-Steno19-21-ProcedurePracticeCategory-III-and-VII-151225.pdf,(22.28 MB),exam archive,UPSC previous question papers,English,final_resources.csv
India,https://www.upsc.gov.in/sites/default/files/QP-CDSE-II-25-ELEMENTARY-MATHEMATICS-150925.pdf,(22.37 MB),exam archive,UPSC previous question papers,English,final_resources.csv
India,https://www.upsc.gov.in/sites/default/files/QP_CDSI2024_ELEMENTARY-MATHEMATICS_22042024.pdf,(22.47 MB),exam archive,UPSC previous question papers,English,final_resources.csv
India,https://www.upsc.gov.in/sites/default/files/QP-ESEP-25-MECHANICAL-ENGINEERING-P-II-090625.pdf,(22.74 MB),exam archive,UPSC previous question papers,English,final_resources.csv
India,https://www.upsc.gov.in/sites/default/files/QP-EnggServcPrelExam-24-ELECTRICAL-ENGINEERING-190224.pdf,(23.77 MB),exam archive,UPSC previous question papers,English,final_resources.csv
India,https://www.upsc.gov.in/sites/default/files/QP-SO-LDCE-24-PAPER-II-Procedure-Practice-Category-III-130125.pdf,(23.78 MB),exam archive,UPSC previous question papers,English,final_resources.csv
India,https://www.upsc.gov.in/sites/default/files/QP-CISF-AC-EXE-LDCE-24-GENERAL-ABILITY-INTELLIGENCE-PROFESSIONAL-SKILL-110324_0.pdf,(23.94 MB),exam archive,UPSC previous question papers,English,final_resources.csv
India,https://www.upsc.gov.in/sites/default/files/QP-CDSE-II-25-GENERAL-KNOWLEDGE-150925.pdf,(24.23 MB),exam archive,UPSC previous question papers,English,final_resources.csv
India,https://www.upsc.gov.in/sites/default/files/QP-SO-19-20-PAPER-II%20%28PROC-%20PRACTICE%2C%20CATEGORY%20III%29-280823.pdf,(24.45 MB),exam archive,UPSC previous question papers,English,final_resources.csv
India,https://www.upsc.gov.in/sites/default/files/QP-EnggServcPrelExam-24-MECHANICAL-ENGINEERING-190224.pdf,(25.08 MB),exam archive,UPSC previous question papers,English,final_resources.csv
India,https://www.upsc.gov.in/sites/default/files/QP-CDSE-I-25-GENERAL-KNOWLEDGE-150425.pdf,(25.52 MB),exam archive,UPSC previous question papers,English,final_resources.csv
India,https://www.upsc.gov.in/sites/default/files/QP-EnggServcPrelExam-24-CIVIL-ENGINEERING-190224.pdf,(25.63 MB),exam archive,UPSC previous question papers,English,final_resources.csv
India,https://www.upsc.gov.in/sites/default/files/QP-NDA-NA-I-26-GENERAL-ABILITY-TEST-130426.pdf,(25.98 MB),exam archive,UPSC previous question papers,English,final_resources.csv
India,https://www.upsc.gov.in/sites/default/files/QP_CSP_2026_GENERAL_STUDIES_PAPER-II_25052026.pdf,(26.46 MB),exam archive,UPSC previous question papers,English,final_resources.csv
India,https://www.upsc.gov.in/sites/default/files/QP_CDSI2024_GENERAL-KNOWLEDGE_22042024.pdf,(26.56 MB),exam archive,UPSC previous question papers,English,final_resources.csv
India,https://www.upsc.gov.in/sites/default/files/QP-CDSE-II-24-GENERAL-KNOWLEDGE-020924.pdf,(26.73 MB),exam archive,UPSC previous question papers,English,final_resources.csv
India,https://www.upsc.gov.in/sites/default/files/QP_CAPF_2023_GAI_07082023.pdf,(27.12 MB),exam archive,UPSC previous question papers,English,final_resources.csv
India,https://www.upsc.gov.in/sites/default/files/QP-CISF-AC-EXE-LDCE-23-GENERAL-ABILITY-INTELLIGENCE-PROFESSIONAL-031023.pdf,(27.31 MB),exam archive,UPSC previous question papers,English,final_resources.csv
India,https://www.upsc.gov.in/sites/default/files/QP-SO-LDCE-23-PROCEDURE-PRACTICE-CATEGORY-III-PAPER-II-111223.pdf,(27.52 MB),exam archive,UPSC previous question papers,English,final_resources.csv
India,https://www.upsc.gov.in/sites/default/files/QP-NDA-NA-II-24-MATHEMATICS-020924.pdf,(27.69 MB),exam archive,UPSC previous question papers,English,final_resources.csv
India,https://www.upsc.gov.in/sites/default/files/QP-CSP-25-GENERAL-STUDIES-PAPER-I-26052025.pdf,(27.8 MB),exam archive,UPSC previous question papers,English,final_resources.csv
India,https://www.upsc.gov.in/sites/default/files/QP-CDSE-II-24-ELEMENTARY-MATHEMATICS-020924.pdf,(28.54 MB),exam archive,UPSC previous question papers,English,final_resources.csv
India,https://www.upsc.gov.in/sites/default/files/QP-SO-LDCE-23-PAPER-I-111223.pdf,(29.02 MB),exam archive,UPSC previous question papers,English,final_resources.csv
India,https://www.upsc.gov.in/sites/default/files/QP-NDA-NA-II-24-GENERAL-ABILITY-TEST-020924.pdf,(29.05 MB),exam archive,UPSC previous question papers,English,final_resources.csv
India,https://www.upsc.gov.in/sites/default/files/QP-CSP-24-GENERAL-STUDIES-PAPER-I-180624.pdf,(29.11 MB),exam archive,UPSC previous question papers,English,final_resources.csv
India,https://www.upsc.gov.in/sites/default/files/QP-CDSE-II-2023-GK-04092023.pdf,(29.22 MB),exam archive,UPSC previous question papers,English,final_resources.csv
India,https://www.upsc.gov.in/sites/default/files/QP-NDA-NA-I-25-GENERAL-ABILITY-TEST-150425.pdf,(29.23 MB),exam archive,UPSC previous question papers,English,final_resources.csv
India,https://www.upsc.gov.in/sites/default/files/QP_NDANAI2024_MATHEMATICS_22042024.pdf,(29.25 MB),exam archive,UPSC previous question papers,English,final_resources.csv
India,https://www.upsc.gov.in/sites/default/files/QP-CSP-24-GENERAL-STUDIES-PAPER-II-180624.pdf,(29.85 MB),exam archive,UPSC previous question papers,English,final_resources.csv
India,https://www.upsc.gov.in/sites/default/files/QP-SO-19-20-PAPER%20-%20I-280823.pdf,(29.9 MB),exam archive,UPSC previous question papers,English,final_resources.csv
India,https://www.upsc.gov.in/sites/default/files/QP-CGeoScnstM-26-220626-GEO-PHYSICS-PAPER-III.pdf,(3.05 MB),exam archive,UPSC previous question papers,English,final_resources.csv
India,https://www.upsc.gov.in/sites/default/files/GEOGRAPHY-PAPER%20II-QP-CSM-25-010925.pdf,(3.05 MB),exam archive,UPSC previous question papers,English,final_resources.csv
India,https://www.upsc.gov.in/sites/default/files/QP-CSM-24-GEOGRAPHY-PAPER-I-031024.pdf,(3.13 MB),exam archive,UPSC previous question papers,English,final_resources.csv
India,https://www.upsc.gov.in/sites/default/files/QP-CSM-24-MATHEMATICS-PAPER-I-031024.pdf,(3.14 MB),exam archive,UPSC previous question papers,English,final_resources.csv
India,https://www.upsc.gov.in/sites/default/files/BENGALI-COMPULSORY-QP-CSM-25-010925.pdf,(3.15 MB),exam archive,UPSC previous question papers,English,final_resources.csv
India,https://www.upsc.gov.in/sites/default/files/QP-CSM-23-GENERAL-STUDIES-PAPER-II-180923.pdf,(3.16 MB),exam archive,UPSC previous question papers,English,final_resources.csv
India,https://www.upsc.gov.in/sites/default/files/QP-CSM-24-MEDICAL-SCIENCE-PAPER-I-031024.pdf,(3.17 MB),exam archive,UPSC previous question papers,English,final_resources.csv
India,https://www.upsc.gov.in/sites/default/files/QP_CSM_2024_Pun_P_II_Lite_03102024.pdf,(3.18 MB),exam archive,UPSC previous question papers,English,final_resources.csv
India,https://www.upsc.gov.in/sites/default/files/QP-CSM-23-LAW-PAPER-II-29092023.pdf,(3.18 MB),exam archive,UPSC previous question papers,English,final_resources.csv
India,https://www.upsc.gov.in/sites/default/files/QP-CSM-23-KANNADA-COMPULSORY-290923.pdf,(3.19 MB),exam archive,UPSC previous question papers,English,final_resources.csv
India,https://www.upsc.gov.in/sites/default/files/QP-IES-ISS-24-STATISTICS-PAPER-III-240624.pdf,(3.2 MB),exam archive,UPSC previous question papers,English,final_resources.csv
India,https://www.upsc.gov.in/sites/default/files/QP-CSM-23-MALAYALAM-COMPULSORY-290923.pdf,(3.2 MB),exam archive,UPSC previous question papers,English,final_resources.csv
India,https://www.upsc.gov.in/sites/default/files/ASSAMESE-COMPULSORY-QP-CSM-25-010925.pdf,(3.22 MB),exam archive,UPSC previous question papers,English,final_resources.csv
India,https://www.upsc.gov.in/sites/default/files/QP-CSM-23-MEDICAL-SCIENCE-PAPER-II-29092023.pdf,(3.22 MB),exam archive,UPSC previous question papers,English,final_resources.csv
India,https://www.upsc.gov.in/sites/default/files/PUNJABI-COMPULSORY-QP-CSM-25-010925.pdf,(3.23 MB),exam archive,UPSC previous question papers,English,final_resources.csv
India,https://www.upsc.gov.in/sites/default/files/QP_CSM_2024_Guj_Comp_03102024.pdf,(3.23 MB),exam archive,UPSC previous question papers,English,final_resources.csv
India,https://www.upsc.gov.in/sites/default/files/QP-IFSM-24-CIVIL-ENGINEERING-PAPER-I-021224.pdf,(3.24 MB),exam archive,UPSC previous question papers,English,final_resources.csv
India,https://www.upsc.gov.in/sites/default/files/QP-CSM-23-PUNJABI-LITERATURE-PAPER-II--290923.pdf,(3.25 MB),exam archive,UPSC previous question papers,English,final_resources.csv
India,https://www.upsc.gov.in/sites/default/files/QP_CSM_2024_Snk_Comp_03102024.pdf,(3.26 MB),exam archive,UPSC previous question papers,English,final_resources.csv
India,https://www.upsc.gov.in/sites/default/files/QP-CSM-23-MAITHILI-COMPULSORY-290923.pdf,(3.26 MB),exam archive,UPSC previous question papers,English,final_resources.csv
India,https://www.upsc.gov.in/sites/default/files/QP-CSM-24-SOCIOLOGY-PAPER-I-031024.pdf,(3.27 MB),exam archive,UPSC previous question papers,English,final_resources.csv
India,https://www.upsc.gov.in/sites/default/files/QP-CSM-23-BENGALI-COMPULSORY%29-290923.pdf,(3.27 MB),exam archive,UPSC previous question papers,English,final_resources.csv
India,https://www.upsc.gov.in/sites/default/files/QP-IFSM-25-CHEMICAL-ENGINEERING-PAPER-II-241125.pdf,(3.28 MB),exam archive,UPSC previous question papers,English,final_resources.csv
India,https://www.upsc.gov.in/sites/default/files/QP-CISF-AC-EXE-LDCE-24-ESSAY-PRECIS-WRITING-COMPREHENSION-110324.pdf,(3.29 MB),exam archive,UPSC previous question papers,English,final_resources.csv
India,https://www.upsc.gov.in/sites/default/files/QP-IFSM-25-CIVIL-ENGINEERING-PAPER-I-241125.pdf,(3.33 MB),exam archive,UPSC previous question papers,English,final_resources.csv
India,https://www.upsc.gov.in/sites/default/files/QP-CSM-23-ANTHROPOLOGY-PAPER-I-29092023.pdf,(3.33 MB),exam archive,UPSC previous question papers,English,final_resources.csv
India,https://www.upsc.gov.in/sites/default/files/TELUGU-COMPULSORY-QP-CSM-25-010925.pdf,(3.36 MB),exam archive,UPSC previous question papers,English,final_resources.csv
India,https://www.upsc.gov.in/sites/default/files/QP_CSM_2024_Pun_Comp_03102024.pdf,(3.36 MB),exam archive,UPSC previous question papers,English,final_resources.csv
India,https://www.upsc.gov.in/sites/default/files/QP-GeosM-25-GEOPHYSICS-PAPER-II-230625.pdf,(3.37 MB),exam archive,UPSC previous question papers,English,final_resources.csv
India,https://www.upsc.gov.in/sites/default/files/QP_CSM_2024_Assa_Comp_03102024.pdf,(3.37 MB),exam archive,UPSC previous question papers,English,final_resources.csv
India,https://www.upsc.gov.in/sites/default/files/QP_CSM_2024_Beng_Comp_03102024.pdf,(3.37 MB),exam archive,UPSC previous question papers,English,final_resources.csv
India,https://www.upsc.gov.in/sites/default/files/QP-IFSM-23-MATHEMATHICS-PAPER-II-051223.pdf,(3.37 MB),exam archive,UPSC previous question papers,English,final_resources.csv
India,https://www.upsc.gov.in/sites/default/files/QP_CSM_2024_Bodo_Comp_03102024.pdf,(3.41 MB),exam archive,UPSC previous question papers,English,final_resources.csv
India,https://www.upsc.gov.in/sites/default/files/QP-CSM-23-PHILOSOPHY-PAPER-II-29092023.pdf,(3.42 MB),exam archive,UPSC previous question papers,English,final_resources.csv
India,https://www.upsc.gov.in/sites/default/files/QP_CSM_2024_Sind_Comp_03102024.pdf,(3.44 MB),exam archive,UPSC previous question papers,English,final_resources.csv
India,https://www.upsc.gov.in/sites/default/files/QP_CBI_DSP_LDCE_2023_CrimLaw_18032024.pdf,(3.44 MB),exam archive,UPSC previous question papers,English,final_resources.csv
India,https://www.upsc.gov.in/sites/default/files/QP-CSM-23-POL-SC-IR-PAPER-II-29092023.pdf,(3.45 MB),exam archive,UPSC previous question papers,English,final_resources.csv
India,https://www.upsc.gov.in/sites/default/files/QP-CSM-24-POLITICAL-SCIENCE-INTERNL%20-REL-PAPER-II-031024.pdf,(3.46 MB),exam archive,UPSC previous question papers,English,final_resources.csv
India,https://www.upsc.gov.in/sites/default/files/QP-ESEM-24-CIVIL-ENGINEERING-PAPER-II-240624.pdf,(3.47 MB),exam archive,UPSC previous question papers,English,final_resources.csv
India,https://www.upsc.gov.in/sites/default/files/QP-CSM-24-GEOLOGY-PAPER-II-031024.pdf,(3.49 MB),exam archive,UPSC previous question papers,English,final_resources.csv
India,https://www.upsc.gov.in/sites/default/files/QP-CSM-23-NEPALI-COMPULSORY-290923.pdf,(3.49 MB),exam archive,UPSC previous question papers,English,final_resources.csv
India,https://www.upsc.gov.in/sites/default/files/QP_CSM_2024_Telu_Comp_03102024.pdf,(3.52 MB),exam archive,UPSC previous question papers,English,final_resources.csv
India,https://www.upsc.gov.in/sites/default/files/ODIA-COMPULSORY-QP-CSM-25-010925.pdf,(3.54 MB),exam archive,UPSC previous question papers,English,final_resources.csv
India,https://www.upsc.gov.in/sites/default/files/QP-CSM-24-MANAGEMENT-PAPER-II-031024.pdf,(3.54 MB),exam archive,UPSC previous question papers,English,final_resources.csv
India,https://www.upsc.gov.in/sites/default/files/QP-GeosM-25-CHEMISTRY-PAPER-III-230625.pdf,(3.56 MB),exam archive,UPSC previous question papers,English,final_resources.csv
India,https://www.upsc.gov.in/sites/default/files/QP_CSM_2024_Odia_Comp_03102024.pdf,(3.57 MB),exam archive,UPSC previous question papers,English,final_resources.csv
India,https://www.upsc.gov.in/sites/default/files/QP-ESEM-26-220626-CIVIL-ENGINEERING-PAPER-II.pdf,(3.58 MB),exam archive,UPSC previous question papers,English,final_resources.csv
India,https://www.upsc.gov.in/sites/default/files/QP-CSM-23-COMMERCE-ACCOUNTANCY-PAPER-II-29092023.pdf,(3.58 MB),exam archive,UPSC previous question papers,English,final_resources.csv
India,https://www.upsc.gov.in/sites/default/files/QP-IFSM-23-CHEMICAL-ENGINEERING-PAPER-I-051223.pdf,(3.59 MB),exam archive,UPSC previous question papers,English,final_resources.csv
India,https://www.upsc.gov.in/sites/default/files/QP-CGSMain-24-GEOLOGY-PAPER-I-240624.pdf,(3.61 MB),exam archive,UPSC previous question papers,English,final_resources.csv
India,https://www.upsc.gov.in/sites/default/files/QP-CSM-24-PHILOSOPHY-PAPER-I-031024.pdf,(3.63 MB),exam archive,UPSC previous question papers,English,final_resources.csv
India,https://www.upsc.gov.in/sites/default/files/QP_CAPF_2023_GS-Essay-Compre_07082023.pdf,(3.63 MB),exam archive,UPSC previous question papers,English,final_resources.csv
India,https://www.upsc.gov.in/sites/default/files/QP_CSM_2024_Hn_Comp_03102024.pdf,(3.65 MB),exam archive,UPSC previous question papers,English,final_resources.csv
India,https://www.upsc.gov.in/sites/default/files/QP-IFSM-23-CHEMISTRY-PAPER-II-051223.pdf,(3.65 MB),exam archive,UPSC previous question papers,English,final_resources.csv
India,https://www.upsc.gov.in/sites/default/files/QP-CSM-23-PHYSICS-PAPER-II-29092023.pdf,(3.65 MB),exam archive,UPSC previous question papers,English,final_resources.csv
India,https://www.upsc.gov.in/sites/default/files/QP-CSM-23-GUJARATI-COMPULSORY-290923.pdf,(3.66 MB),exam archive,UPSC previous question papers,English,final_resources.csv
India,https://www.upsc.gov.in/sites/default/files/QP-CSM-23-MANIPURI-COMPULSORY-290923.pdf,(3.69 MB),exam archive,UPSC previous question papers,English,final_resources.csv
India,https://www.upsc.gov.in/sites/default/files/QP-CSM-23-SOCIOLOGY-PAPER-II-29092023.pdf,(3.7 MB),exam archive,UPSC previous question papers,English,final_resources.csv
India,https://www.upsc.gov.in/sites/default/files/MATHEMATICS-PAPER-II-QP-CSM-25-010925.pdf,(3.72 MB),exam archive,UPSC previous question papers,English,final_resources.csv
India,https://www.upsc.gov.in/sites/default/files/QP-IFSM-23-STATISTICS-PAPER%20-II-051223.pdf,(3.72 MB),exam archive,UPSC previous question papers,English,final_resources.csv
India,https://www.upsc.gov.in/sites/default/files/QP-IES-ISS-25-GENERAL-ECONOMICS-PAPER-I-230625.pdf,(3.74 MB),exam archive,UPSC previous question papers,English,final_resources.csv
India,https://www.upsc.gov.in/sites/default/files/QP-ESEM-24-ELECTRONICS-TELECOMMUNICATION-ENGINEERING-PAPER-II-240624.pdf,(3.75 MB),exam archive,UPSC previous question papers,English,final_resources.csv
India,https://www.upsc.gov.in/sites/default/files/QP-ESEM-24-ELECTRICAL-ENGINEERING-PAPER-II-240624.pdf,(3.76 MB),exam archive,UPSC previous question papers,English,final_resources.csv
India,https://www.upsc.gov.in/sites/default/files/PHYSICS-PAPER-I-QP-CSM-25-010925.pdf,(3.78 MB),exam archive,UPSC previous question papers,English,final_resources.csv
India,https://www.upsc.gov.in/sites/default/files/QP-IFSM-23-CHEMICAL-ENGINEERING-PAPER-II-051223.pdf,(3.8 MB),exam archive,UPSC previous question papers,English,final_resources.csv
India,https://www.upsc.gov.in/sites/default/files/QP-ESEM-26-220626-ELECTRONICS-TELECOM-ENGINEERING-PAPER-I.pdf,(3.81 MB),exam archive,UPSC previous question papers,English,final_resources.csv
India,https://www.upsc.gov.in/sites/default/files/QP_CISF2026_EssayPrecisWritCompre_09032026.pdf,(3.83 MB),exam archive,UPSC previous question papers,English,final_resources.csv
India,https://www.upsc.gov.in/sites/default/files/QP-CGeoScnstM-26-220626-CHEMISTRY-PAPER-III.pdf,(3.85 MB),exam archive,UPSC previous question papers,English,final_resources.csv
India,https://www.upsc.gov.in/sites/default/files/QP-IFSM-24-STATISTICS-PAPER-I-021224.pdf,(3.85 MB),exam archive,UPSC previous question papers,English,final_resources.csv
India,https://www.upsc.gov.in/sites/default/files/QP-CSM-23-LAW-PAPER-I-29092023.pdf,(3.86 MB),exam archive,UPSC previous question papers,English,final_resources.csv
India,https://www.upsc.gov.in/sites/default/files/KANNADA-COMPULSORY-QP-CSM-25-010925.pdf,(3.89 MB),exam archive,UPSC previous question papers,English,final_resources.csv
India,https://www.upsc.gov.in/sites/default/files/QP-CSM-23-ODIA-COMPULSORY-290923.pdf,(3.91 MB),exam archive,UPSC previous question papers,English,final_resources.csv
India,https://www.upsc.gov.in/sites/default/files/QP-ESEM-26-220626-ELECTRONICS-TELECOM-ENGINEERING-PAPER-II.pdf,(3.92 MB),exam archive,UPSC previous question papers,English,final_resources.csv
India,https://www.upsc.gov.in/sites/default/files/KASHMIRI-COMPULSORY-QP-CSM-25-010925.pdf,(3.92 MB),exam archive,UPSC previous question papers,English,final_resources.csv
India,https://www.upsc.gov.in/sites/default/files/QP_CSM_2024_Mara_Comp_03102024.pdf,(3.92 MB),exam archive,UPSC previous question papers,English,final_resources.csv
India,https://www.upsc.gov.in/sites/default/files/QP-CSM-23-MATHEMATICS-PAPER-I-29092023.pdf,(3.92 MB),exam archive,UPSC previous question papers,English,final_resources.csv
India,https://www.upsc.gov.in/sites/default/files/QP-CGSMain-24-GEOLOGY-PAPER-III-240624.pdf,(3.93 MB),exam archive,UPSC previous question papers,English,final_resources.csv
India,https://www.upsc.gov.in/sites/default/files/QP-IFSM-25-STATISTICS-PAPER-I-241125.pdf,(3.96 MB),exam archive,UPSC previous question papers,English,final_resources.csv
India,https://www.upsc.gov.in/sites/default/files/QP-IFSM-23-MECHANICAL-ENGINEERING-PAPER-I-051223.pdf,(3.96 MB),exam archive,UPSC previous question papers,English,final_resources.csv
India,https://www.upsc.gov.in/sites/default/files/QP_CSM_2024_Kann_Comp_03102024.pdf,(3.98 MB),exam archive,UPSC previous question papers,English,final_resources.csv
India,https://www.upsc.gov.in/sites/default/files/QP-ESEM-24-MECHANICAL-ENGINEERING-PAPER-II-240624.pdf,(3.98 MB),exam archive,UPSC previous question papers,English,final_resources.csv
India,https://www.upsc.gov.in/sites/default/files/MANAGEMENT-PAPER-I-QP-CSM-25-010925.pdf,(3.99 MB),exam archive,UPSC previous question papers,English,final_resources.csv
India,https://www.upsc.gov.in/sites/default/files/QP-CDS-I-26-ELEMENTARY-MATHEMATICS-130426.pdf,(30.05 MB),exam archive,UPSC previous question papers,English,final_resources.csv
India,https://www.upsc.gov.in/sites/default/files/QP_NDANAI2024_GENERAL-ABILITY-TEST_22042024.pdf,(30.18 MB),exam archive,UPSC previous question papers,English,final_resources.csv
India,https://www.upsc.gov.in/sites/default/files/QP-NDA-NA-I-26-MATHEMATICS-130426.pdf,(30.43 MB),exam archive,UPSC previous question papers,English,final_resources.csv
India,https://www.upsc.gov.in/sites/default/files/QP-SO-21-22-PAPER-II-PROCEDURE-PRACTICE-CATEGORY-III-161023.pdf,(30.5 MB),exam archive,UPSC previous question papers,English,final_resources.csv
India,https://www.upsc.gov.in/sites/default/files/QP-CSP-25-GENERAL-STUDIES-PAPER-II-26052025.pdf,(30.58 MB),exam archive,UPSC previous question papers,English,final_resources.csv
India,https://www.upsc.gov.in/sites/default/files/QP-CDS-I-26-GENERAL-KNOWLEDGE-130426.pdf,(30.87 MB),exam archive,UPSC previous question papers,English,final_resources.csv
India,https://www.upsc.gov.in/sites/default/files/QP-CAPF-Exam-2026-GENERAL-ABILITY-AND-INTELLIGENCE-200726.pdf,(30.89 MB),exam archive,UPSC previous question papers,English,final_resources.csv
India,https://www.upsc.gov.in/sites/default/files/QP-CISF-25-GENERAL-ABLITY-INTELLIGENCE-PROFESSIONAL-SKILL-280425.pdf,(31.45 MB),exam archive,UPSC previous question papers,English,final_resources.csv
India,https://www.upsc.gov.in/sites/default/files/QP-NDANA-II-25-GENERAL-ABILITY-TEST-150925.pdf,(31.49 MB),exam archive,UPSC previous question papers,English,final_resources.csv
India,https://www.upsc.gov.in/sites/default/files/QP-NDANA-II-2023-GAT-04092023.pdf,(31.62 MB),exam archive,UPSC previous question papers,English,final_resources.csv
India,https://www.upsc.gov.in/sites/default/files/QP-CAPF-25-GENERAL-ABILITY-INTELLIGENCE-040825.pdf,(31.76 MB),exam archive,UPSC previous question papers,English,final_resources.csv
India,https://www.upsc.gov.in/sites/default/files/QP-SO-LDCE-24-PAPER-II-ProcedurePractice-Categories-I-and-VIII-130125.pdf,(32.63 MB),exam archive,UPSC previous question papers,English,final_resources.csv
India,https://www.upsc.gov.in/sites/default/files/QP-SO-LDCE-24-PAPER-II-ProcedurePracticeCategory-II-130125.pdf,(32.87 MB),exam archive,UPSC previous question papers,English,final_resources.csv
India,https://www.upsc.gov.in/sites/default/files/QP-SO-25-Steno19-21-ProcedurePracticeCategoriesI-IV-VIII-IX-AND-XI.pdf,(33.35 MB),exam archive,UPSC previous question papers,English,final_resources.csv
India,https://www.upsc.gov.in/sites/default/files/QP-SO-LDCE-24-PAPER-II-ProcedurePracticeCategory-X-130125.pdf,(33.56 MB),exam archive,UPSC previous question papers,English,final_resources.csv
India,https://www.upsc.gov.in/sites/default/files/QP-SO-25-Steno19-21-ProcedurePracticeCategories-II-and-V-151225.pdf,(34.14 MB),exam archive,UPSC previous question papers,English,final_resources.csv
India,https://www.upsc.gov.in/sites/default/files/QP_CSP_2026_GENERAL_STUDIES_PAPER-I_25052026.pdf,(34.19 MB),exam archive,UPSC previous question papers,English,final_resources.csv
India,https://www.upsc.gov.in/sites/default/files/QP-SO-25-Steno19-21-ProcedurePractice-Category-VI-and-X-151225.pdf,(34.24 MB),exam archive,UPSC previous question papers,English,final_resources.csv
India,https://www.upsc.gov.in/sites/default/files/QP-SO-19-20-PAPER-II%20%28PROC-PRACTICE%2C%20CATEGORY%20X%29-280823.pdf,(36.34 MB),exam archive,UPSC previous question papers,English,final_resources.csv
India,https://www.upsc.gov.in/sites/default/files/QP-IFSM-23-MECHANICAL-ENGINEERING-PAPER-II-051223.pdf,(4.03 MB),exam archive,UPSC previous question papers,English,final_resources.csv
India,https://www.upsc.gov.in/sites/default/files/QP-IFSM-24-CIVIL-ENGINEERING-PAPER-II-021224.pdf,(4.06 MB),exam archive,UPSC previous question papers,English,final_resources.csv
India,https://www.upsc.gov.in/sites/default/files/QP-CSM-23-PUNJABI-COMPULSORY-290923.pdf,(4.08 MB),exam archive,UPSC previous question papers,English,final_resources.csv
India,https://www.upsc.gov.in/sites/default/files/QP-IFSM-25-MECHANICAL-ENGINEERING-PAPER-II-241125.pdf,(4.09 MB),exam archive,UPSC previous question papers,English,final_resources.csv
India,https://www.upsc.gov.in/sites/default/files/QP-CSM-24-STATISTICS-PAPER-II-031024.pdf,(4.1 MB),exam archive,UPSC previous question papers,English,final_resources.csv
India,https://www.upsc.gov.in/sites/default/files/QP-CGSMain-24-GEO-PHYSICS-PAPER-II-240624.pdf,(4.13 MB),exam archive,UPSC previous question papers,English,final_resources.csv
India,https://www.upsc.gov.in/sites/default/files/ELECTRO-TELECOMN-ENGINEERING-PAPER-I-QP-ESEM-25-110825.pdf,(4.14 MB),exam archive,UPSC previous question papers,English,final_resources.csv
India,https://www.upsc.gov.in/sites/default/files/QP-ESEM-26-220626-ELECTRICAL-ENGINEERING-PAPER-II.pdf,(4.2 MB),exam archive,UPSC previous question papers,English,final_resources.csv
India,https://www.upsc.gov.in/sites/default/files/QP-ESEM-26-220626-MECHANICAL-ENGINEERING-PAPER-II.pdf,(4.21 MB),exam archive,UPSC previous question papers,English,final_resources.csv
India,https://www.upsc.gov.in/sites/default/files/QP-CSM-24-PHYSICS-PAPER-II-031024.pdf,(4.21 MB),exam archive,UPSC previous question papers,English,final_resources.csv
India,https://www.upsc.gov.in/sites/default/files/QP-CSM-23-HINDI-COMPULSORY-290923.pdf,(4.22 MB),exam archive,UPSC previous question papers,English,final_resources.csv
India,https://www.upsc.gov.in/sites/default/files/MATHEMATICS-PAPER%20I-QP-CSM-25-010925.pdf,(4.23 MB),exam archive,UPSC previous question papers,English,final_resources.csv
India,https://www.upsc.gov.in/sites/default/files/QP-CSM-23-HISTORY-PAPER-II-29092023.pdf,(4.3 MB),exam archive,UPSC previous question papers,English,final_resources.csv
India,https://www.upsc.gov.in/sites/default/files/QP-CISF-25-ESSAY-PRECIS-WRITING-COMPREHENSION-280425.pdf,(4.32 MB),exam archive,UPSC previous question papers,English,final_resources.csv
India,https://www.upsc.gov.in/sites/default/files/QP-CSM-24-STATISTICS-PAPER-I-031024.pdf,(4.33 MB),exam archive,UPSC previous question papers,English,final_resources.csv
India,https://www.upsc.gov.in/sites/default/files/QP-CGSMain-24-GEO-PHYSICS-PAPER-III-240624.pdf,(4.35 MB),exam archive,UPSC previous question papers,English,final_resources.csv
India,https://www.upsc.gov.in/sites/default/files/QP-CSM-23-CHEMISTRY-PAPER-I-29092023.pdf,(4.37 MB),exam archive,UPSC previous question papers,English,final_resources.csv
India,https://www.upsc.gov.in/sites/default/files/STATISTICS-PAPER-II-QP-CSM-25-010925.pdf,(4.38 MB),exam archive,UPSC previous question papers,English,final_resources.csv
India,https://www.upsc.gov.in/sites/default/files/QP-IFSM-24-CHEMICAL-ENGINEERING-PAPER-I-021224.pdf,(4.4 MB),exam archive,UPSC previous question papers,English,final_resources.csv
India,https://www.upsc.gov.in/sites/default/files/QP-CSM-23-STATISTICS-PAPER-I-29092023.pdf,(4.4 MB),exam archive,UPSC previous question papers,English,final_resources.csv
India,https://www.upsc.gov.in/sites/default/files/MEDICAL-SCIENCE-PAPER-I-QP-CSM-25-010925.pdf,(4.41 MB),exam archive,UPSC previous question papers,English,final_resources.csv
India,https://www.upsc.gov.in/sites/default/files/QP-CSM-23-ELECTRICAL-ENGINEERING-PAPER-II-29092023.pdf,(4.42 MB),exam archive,UPSC previous question papers,English,final_resources.csv
India,https://www.upsc.gov.in/sites/default/files/QP-CSM-24-PHYSICS-PAPER-I-031024.pdf,(4.43 MB),exam archive,UPSC previous question papers,English,final_resources.csv
India,https://www.upsc.gov.in/sites/default/files/QP-CSM-23-ASSAMESE-COMPULSORY-290923.pdf,(4.46 MB),exam archive,UPSC previous question papers,English,final_resources.csv
India,https://www.upsc.gov.in/sites/default/files/QP-CSM-23-MARATHI-COMPULSORY-290923.pdf,(4.48 MB),exam archive,UPSC previous question papers,English,final_resources.csv
India,https://www.upsc.gov.in/sites/default/files/QP-IFSM-24-MECHANICAL-ENGINEERING-PAPER-II-021224.pdf,(4.5 MB),exam archive,UPSC previous question papers,English,final_resources.csv
India,https://www.upsc.gov.in/sites/default/files/QP-CGSMain-24-GEO-PHYSICS-PAPER-I-240624.pdf,(4.5 MB),exam archive,UPSC previous question papers,English,final_resources.csv
India,https://www.upsc.gov.in/sites/default/files/ELECTRICAL-ENGINEERING-PAPER-I-QP-ESEM-25-110825.pdf,(4.51 MB),exam archive,UPSC previous question papers,English,final_resources.csv
India,https://www.upsc.gov.in/sites/default/files/QP-CSM-23-PUBLIC%20ADMINISTRATION-PAPER-II-29092023.pdf,(4.52 MB),exam archive,UPSC previous question papers,English,final_resources.csv
India,https://www.upsc.gov.in/sites/default/files/COMMERCE-AND-ACCOUNTANCY-PAPER-I-QP-CSM-25-010925.pdf,(4.6 MB),exam archive,UPSC previous question papers,English,final_resources.csv
India,https://www.upsc.gov.in/sites/default/files/QP-ESEM-26-220626-ELECTRICAL-ENGINEERING-PAPER-I.pdf,(4.61 MB),exam archive,UPSC previous question papers,English,final_resources.csv
India,https://www.upsc.gov.in/sites/default/files/STATISTICS-PAPER-I-QP-CSM-25-010925.pdf,(4.65 MB),exam archive,UPSC previous question papers,English,final_resources.csv
India,https://www.upsc.gov.in/sites/default/files/QP_CBI_DSP_LDCE_2023_Eng_18032024.pdf,(4.66 MB),exam archive,UPSC previous question papers,English,final_resources.csv
India,https://www.upsc.gov.in/sites/default/files/MARATHI-COMPULSORY-QP-CSM-25-010925.pdf,(4.75 MB),exam archive,UPSC previous question papers,English,final_resources.csv
India,https://www.upsc.gov.in/sites/default/files/QP-CSM-24-MATHEMATICS-PAPER-II-031024.pdf,(4.75 MB),exam archive,UPSC previous question papers,English,final_resources.csv
India,https://www.upsc.gov.in/sites/default/files/CHEMISTRY-PAPER-II-QP-CSM-25-010925.pdf,(4.8 MB),exam archive,UPSC previous question papers,English,final_resources.csv
India,https://www.upsc.gov.in/sites/default/files/HINDI-COMPULSORY-QP-CSM-25-010925.pdf,(4.81 MB),exam archive,UPSC previous question papers,English,final_resources.csv
India,https://www.upsc.gov.in/sites/default/files/QP_CAPF_2024_GS-ESSAY-AND-COMP_05082024.pdf,(4.87 MB),exam archive,UPSC previous question papers,English,final_resources.csv
India,https://www.upsc.gov.in/sites/default/files/QP-IFSM-24-GENERAL-ENGLISH-021224.pdf,(4.93 MB),exam archive,UPSC previous question papers,English,final_resources.csv
India,https://www.upsc.gov.in/sites/default/files/QP-CSM-23-TELUGU-COMPULSORY-290923.pdf,(4.94 MB),exam archive,UPSC previous question papers,English,final_resources.csv
India,https://www.upsc.gov.in/sites/default/files/MECHANICAL-ENGINEERING-PAPER-II-QP-ESEM-25-110825.pdf,(4.95 MB),exam archive,UPSC previous question papers,English,final_resources.csv
India,https://www.upsc.gov.in/sites/default/files/CIVIL-ENGINEERING-PAPER%20II-QP-CSM-25-010925.pdf,(4.96 MB),exam archive,UPSC previous question papers,English,final_resources.csv
India,https://www.upsc.gov.in/sites/default/files/QP-CSM-24-CHEMISTRY-PAPER-I-031024.pdf,(4.96 MB),exam archive,UPSC previous question papers,English,final_resources.csv
India,https://www.upsc.gov.in/sites/default/files/MALAYALAM-COMPULSORY-QP-CSM-25-010925.pdf,(4.98 MB),exam archive,UPSC previous question papers,English,final_resources.csv
India,https://www.upsc.gov.in/sites/default/files/QP-SO-19-20-PAPER-II%20%28PROC-%20PRACTICE%2C%20CATEGORIES%20I%2C%20VIII%20AND%20XI%20%29-280823.pdf,(41.04 MB),exam archive,UPSC previous question papers,English,final_resources.csv
India,https://www.upsc.gov.in/sites/default/files/QP-SO-21-22-PAPER-II-PROCEDURE-PRACTICE-CATEGORY-I-VIII-XI-161023.pdf,(41.77 MB),exam archive,UPSC previous question papers,English,final_resources.csv
India,https://www.upsc.gov.in/sites/default/files/QP-SO-21-22-PAPER-II-PROCEDURE-PRACTICE-CATEGORY-II-161023.pdf,(41.95 MB),exam archive,UPSC previous question papers,English,final_resources.csv
India,https://www.upsc.gov.in/sites/default/files/QP-SO-LDCE-23-PROCEDURE-PRACTICE-CATEGORY-X-PAPER-II-111223.pdf,(42.12 MB),exam archive,UPSC previous question papers,English,final_resources.csv
India,https://www.upsc.gov.in/sites/default/files/QP-SO-LDCE-23-PROCEDURE-PRACTICE-CATEGORY-II-%20PAPER-II-111223.pdf,(42.87 MB),exam archive,UPSC previous question papers,English,final_resources.csv
India,https://www.upsc.gov.in/sites/default/files/QP-SO-19-20-PAPER-II%20%28PROC-PRACTICE%2C%20CATEGORY%20II%20%29-280823.pdf,(43.38 MB),exam archive,UPSC previous question papers,English,final_resources.csv
India,https://www.upsc.gov.in/sites/default/files/QP-SO-LDCE-23-PROCEDURE-PRACTICE-CATEGORY-I-VIII-AND-XI-PAPER-II-111223.pdf,(47.97 MB),exam archive,UPSC previous question papers,English,final_resources.csv
India,https://www.upsc.gov.in/sites/default/files/QP-CSM-24-MANAGEMENT-PAPER-I-031024.pdf,(5 MB),exam archive,UPSC previous question papers,English,final_resources.csv
India,https://www.upsc.gov.in/sites/default/files/ELECTRICAL-ENGINEERING-PAPER%20II-QP-CSM-25-010925.pdf,(5.12 MB),exam archive,UPSC previous question papers,English,final_resources.csv
India,https://www.upsc.gov.in/sites/default/files/QP-CGSMain-24-CHEMISTRY-PAPER-II-240624.pdf,(5.19 MB),exam archive,UPSC previous question papers,English,final_resources.csv
India,https://www.upsc.gov.in/sites/default/files/MECHANICAL-ENGINEERING-PAPER-I-QP-ESEM-25-110825.pdf,(5.21 MB),exam archive,UPSC previous question papers,English,final_resources.csv
India,https://www.upsc.gov.in/sites/default/files/QP-CISF-AC-EXE-LDCE-23-ESSAY-PRECIS-WRITING-COMPREHENSION-031023.pdf,(5.22 MB),exam archive,UPSC previous question papers,English,final_resources.csv
India,https://www.upsc.gov.in/sites/default/files/QP-IFSM-23-CIVIL-ENGINEERING-PAPER-I-051223.pdf,(5.35 MB),exam archive,UPSC previous question papers,English,final_resources.csv
India,https://www.upsc.gov.in/sites/default/files/QP_CSM_2024_Mala_Comp_03102024.pdf,(5.44 MB),exam archive,UPSC previous question papers,English,final_resources.csv
India,https://www.upsc.gov.in/sites/default/files/QP-CSM-24-CHEMISTRY-PAPER-II-031024.pdf,(5.48 MB),exam archive,UPSC previous question papers,English,final_resources.csv
India,https://www.upsc.gov.in/sites/default/files/QP-CSM-24-ELECTRICAL-ENGINEERING-PAPER-I-031024.pdf,(5.56 MB),exam archive,UPSC previous question papers,English,final_resources.csv
India,https://www.upsc.gov.in/sites/default/files/QP_CSM_2024_Tamil_Comp_03102024.pdf,(5.58 MB),exam archive,UPSC previous question papers,English,final_resources.csv
India,https://www.upsc.gov.in/sites/default/files/ENGLISH-COMPULSORY-QP-CSM-25-010925.pdf,(5.67 MB),exam archive,UPSC previous question papers,English,final_resources.csv
India,https://www.upsc.gov.in/sites/default/files/CIVIL-ENGINEERING-PAPER-II-QP-ESEM-25-110825.pdf,(5.69 MB),exam archive,UPSC previous question papers,English,final_resources.csv
India,https://www.upsc.gov.in/sites/default/files/QP_CSM_2024_Eng_Comp_03102024.pdf,(5.75 MB),exam archive,UPSC previous question papers,English,final_resources.csv
India,https://www.upsc.gov.in/sites/default/files/QP-CSM-23-COMMERCE-ACCOUNTANCY-PAPER-I-29092023.pdf,(5.81 MB),exam archive,UPSC previous question papers,English,final_resources.csv
India,https://www.upsc.gov.in/sites/default/files/QP-CSM-23-ENGLISH-COMPULSORY-290923.pdf,(5.92 MB),exam archive,UPSC previous question papers,English,final_resources.csv
India,https://www.upsc.gov.in/sites/default/files/TAMIL-COMPULSORY-QP-CSM-25-010925.pdf,(5.94 MB),exam archive,UPSC previous question papers,English,final_resources.csv
India,https://www.upsc.gov.in/sites/default/files/QP-CSM-24-MEDICAL-SCIENCE-PAPER-II-031024.pdf,(5.96 MB),exam archive,UPSC previous question papers,English,final_resources.csv
India,https://www.upsc.gov.in/sites/default/files/QP-CSM-23-CHEMISTRY-PAPER-II-29092023.pdf,(5.96 MB),exam archive,UPSC previous question papers,English,final_resources.csv
India,https://www.upsc.gov.in/sites/default/files/QP-SO-21-22-PAPER-II-PROCEDURE-PRACTICE-CATEGORY-X-161023.pdf,(51.99 MB),exam archive,UPSC previous question papers,English,final_resources.csv
India,https://www.upsc.gov.in/sites/default/files/QP-CSM-23-MANAGEMENT-PAPER-II-29092023.pdf,(6.06 MB),exam archive,UPSC previous question papers,English,final_resources.csv
India,https://www.upsc.gov.in/sites/default/files/ELECTRICAL-ENGINEERING-PAPER%20II-QP-ESEM-25-110825.pdf,(6.12 MB),exam archive,UPSC previous question papers,English,final_resources.csv
India,https://www.upsc.gov.in/sites/default/files/QP-CSM-23-CIVIL-ENGINEERING-PAPER-II-29092023.pdf,(6.12 MB),exam archive,UPSC previous question papers,English,final_resources.csv
India,https://www.upsc.gov.in/sites/default/files/QP-ESEM-26-220626-MECHANICAL-ENGINEERING-PAPER-I.pdf,(6.13 MB),exam archive,UPSC previous question papers,English,final_resources.csv
India,https://www.upsc.gov.in/sites/default/files/QP-CSM-24-MECHANICAL-ENGINEERING-PAPER-I-031024.pdf,(6.18 MB),exam archive,UPSC previous question papers,English,final_resources.csv
India,https://www.upsc.gov.in/sites/default/files/QP-ESEM-26-220626-CIVIL-ENGINEERING-PAPER-I.pdf,(6.27 MB),exam archive,UPSC previous question papers,English,final_resources.csv
India,https://www.upsc.gov.in/sites/default/files/QP-IFSM-23-STATISTICS-PAPER%20-I-051223.pdf,(6.3 MB),exam archive,UPSC previous question papers,English,final_resources.csv
India,https://www.upsc.gov.in/sites/default/files/CHEMISTRY-PAPER-I-QP-CSM-25-010925.pdf,(6.34 MB),exam archive,UPSC previous question papers,English,final_resources.csv
India,https://www.upsc.gov.in/sites/default/files/ELECTRICAL-ENGINEERING-PAPER%20I-QP-CSM-25-010925.pdf,(6.6 MB),exam archive,UPSC previous question papers,English,final_resources.csv
India,https://www.upsc.gov.in/sites/default/files/QP-IES-ISS-26-220626-STATISTICS-PAPER-IV.pdf,(6.62 MB),exam archive,UPSC previous question papers,English,final_resources.csv
India,https://www.upsc.gov.in/sites/default/files/QP-CSM-23-STATISTICS-PAPER-II-29092023.pdf,(6.62 MB),exam archive,UPSC previous question papers,English,final_resources.csv
India,https://www.upsc.gov.in/sites/default/files/QP-CSM-23-MECHANICAL-ENGINEERING-PAPER-II-29092023.pdf,(6.63 MB),exam archive,UPSC previous question papers,English,final_resources.csv
India,https://www.upsc.gov.in/sites/default/files/QP-ESEM-24-ELECTRICAL-ENGINEERING-PAPER-I-240624.pdf,(6.7 MB),exam archive,UPSC previous question papers,English,final_resources.csv
India,https://www.upsc.gov.in/sites/default/files/QP-ESEM-24-ELECTRONICS-TELECOMMUNICATION-ENGINEERING-PAPER-I-240624.pdf,(6.76 MB),exam archive,UPSC previous question papers,English,final_resources.csv
India,https://www.upsc.gov.in/sites/default/files/GENERAL-STUDIES-PAPER-IV-QP-CSM-25-010925.pdf,(6.84 MB),exam archive,UPSC previous question papers,English,final_resources.csv
India,https://www.upsc.gov.in/sites/default/files/QP-CSM-23-PHYSICS-PAPER-I-29092023.pdf,(6.95 MB),exam archive,UPSC previous question papers,English,final_resources.csv
India,https://www.upsc.gov.in/sites/default/files/QP_CAPF_2024_GEN-ABILITY-AND-INTELLI_05082024.pdf,(65.81 MB),exam archive,UPSC previous question papers,English,final_resources.csv
India,https://www.upsc.gov.in/sites/default/files/QP-CSM-23-MECHANICAL-ENGINEERING-PAPER-I-29092023.pdf,(7.04 MB),exam archive,UPSC previous question papers,English,final_resources.csv
India,https://www.upsc.gov.in/sites/default/files/QP-CSM-23-TAMIL-COMPULSORY-290923.pdf,(7.12 MB),exam archive,UPSC previous question papers,English,final_resources.csv
India,https://www.upsc.gov.in/sites/default/files/QP-CSM-23-MEDICAL-SCIENCE-PAPER-I-29092023.pdf,(7.17 MB),exam archive,UPSC previous question papers,English,final_resources.csv
India,https://www.upsc.gov.in/sites/default/files/MANAGEMENT-PAPER-II-QP-CSM-25-010925.pdf,(7.32 MB),exam archive,UPSC previous question papers,English,final_resources.csv
India,https://www.upsc.gov.in/sites/default/files/QP-IES-ISS-25-STATISTICS-PAPER-IV-230625.pdf,(7.47 MB),exam archive,UPSC previous question papers,English,final_resources.csv
India,https://www.upsc.gov.in/sites/default/files/QP-CSM-24-CIVIL-ENGINEERING-PAPER-II-031024.pdf,(7.51 MB),exam archive,UPSC previous question papers,English,final_resources.csv
India,https://www.upsc.gov.in/sites/default/files/MECHANICAL-ENGINEERING-PAPER-I-QP-CSM-25-010925.pdf,(7.61 MB),exam archive,UPSC previous question papers,English,final_resources.csv
India,https://www.upsc.gov.in/sites/default/files/QP-CSM-24-CIVIL-ENGINEERING-PAPER-I-031024.pdf,(7.61 MB),exam archive,UPSC previous question papers,English,final_resources.csv
India,https://www.upsc.gov.in/sites/default/files/QP-IFSM-25-BOTANY-PAPER-II-241125.pdf,(775.71 KB),exam archive,UPSC previous question papers,English,final_resources.csv
India,https://www.upsc.gov.in/sites/default/files/QP-CSM-24-ELECTRICAL-ENGINEERING-PAPER-II-031024.pdf,(8.08 MB),exam archive,UPSC previous question papers,English,final_resources.csv
India,https://www.upsc.gov.in/sites/default/files/QP-CSM-24-COMMERCE-AND-ACCOUNTANCY-PAPER-I-031024.pdf,(8.09 MB),exam archive,UPSC previous question papers,English,final_resources.csv
India,https://www.upsc.gov.in/sites/default/files/QP-ESEM-24-MECHANICAL-ENGINEERING-PAPER-I-240624.pdf,(8.14 MB),exam archive,UPSC previous question papers,English,final_resources.csv
India,https://www.upsc.gov.in/sites/default/files/MECHANICAL-ENGINEERING-PAPER-II-QP-CSM-25-010925.pdf,(8.25 MB),exam archive,UPSC previous question papers,English,final_resources.csv
India,https://www.upsc.gov.in/sites/default/files/QP-IES-ISS-26-220626-STATISTICS-PAPER-I.pdf,(8.26 MB),exam archive,UPSC previous question papers,English,final_resources.csv
India,https://www.upsc.gov.in/sites/default/files/CIVIL-ENGINEERING-PAPER%20I-QP-CSM-25-010925.pdf,(8.32 MB),exam archive,UPSC previous question papers,English,final_resources.csv
India,https://www.upsc.gov.in/sites/default/files/QP-ESEM-24-CIVIL-ENGINEERING-PAPER-I-240624.pdf,(8.55 MB),exam archive,UPSC previous question papers,English,final_resources.csv
India,https://www.upsc.gov.in/sites/default/files/QP-IFSM-25-ZOOLOGY-PAPER-I-241125.pdf,(808.83 KB),exam archive,UPSC previous question papers,English,final_resources.csv
India,https://www.upsc.gov.in/sites/default/files/QP_CSM_2024_GenStud_IV_03102024.pdf,(9.74 MB),exam archive,UPSC previous question papers,English,final_resources.csv
India,https://www.upsc.gov.in/sites/default/files/QP-IFSM-25-ANIMALHUSBANDRY-VETERINARYSCIENCE-PAPER-II-241125.pdf,(925.82 KB),exam archive,UPSC previous question papers,English,final_resources.csv
India,https://www.upsc.gov.in/sites/default/files/QP-CSM-23-MAITHILI-LITERATURE-PAPER-I-290923.pdf,(941.98 KB),exam archive,UPSC previous question papers,English,final_resources.csv
India,https://www.upsc.gov.in/sites/default/files/QP-IFSM-25-FORESTRY-PAPER-I-241125.pdf,(976.87 KB),exam archive,UPSC previous question papers,English,final_resources.csv
India,https://www.upsc.gov.in/sites/default/files/ESSAY-QP-CSM-25-010925.pdf,(977.44 KB),exam archive,UPSC previous question papers,English,final_resources.csv
India,https://www.upsc.gov.in/sites/default/files/QP-IFSM-24-ZOOLOGY-PAPER-II-021224.pdf,(987.45 KB),exam archive,UPSC previous question papers,English,final_resources.csv
India,https://www.upsc.gov.in/sites/default/files/QP_CSM_2024_ESSAY_03102024.pdf,(988.24 KB),exam archive,UPSC previous question papers,English,final_resources.csv
India,https://www.upsc.gov.in/sites/default/files/QP-IFSM-25-AGRICULTURE-PAPER-I-241125.pdf,(989.44 KB),exam archive,UPSC previous question papers,English,final_resources.csv
India,https://www.upsc.gov.in/sites/default/files/QP-IFSM-25-ZOOLOGY-PAPER-II-241125.pdf,(990.89 KB),exam archive,UPSC previous question papers,English,final_resources.csv
India,https://www.upsc.gov.in/sites/default/files/QP-CSM-23-MARATHI-LITERATURE-PAPER-I-290923.pdf,(996.59 KB),exam archive,UPSC previous question papers,English,final_resources.csv
India,https://www.upsc.gov.in/examinations/active-exams,Active Examinations,exam archive,UPSC previous question papers,English,final_resources.csv
India,https://www.upsc.gov.in/examinations/answer-key,Answer Keys,exam archive,UPSC previous question papers,English,final_resources.csv
India,https://www.upsc.gov.in/examinations/exam-calendar,Calendar,exam archive,UPSC previous question papers,English,final_resources.csv
India,https://www.upsc.gov.in/examination/common-mistakes-committed-candidates-conventional-papers,Common mistakes committed by the candidates in Conventional Papers,exam archive,UPSC previous question papers,English,final_resources.csv
India,https://www.upsc.gov.in/examinations/cutoff-marks--,Cut-off Marks,exam archive,UPSC previous question papers,English,final_resources.csv
India,https://www.upsc.gov.in/examinations/demo-files-computer-based-combined-medical-service-examination,Demo Files,exam archive,UPSC previous question papers,English,final_resources.csv
India,https://www.upsc.gov.in/examinations/forthcoming-exams,Forthcoming Examinations,exam archive,UPSC previous question papers,English,final_resources.csv
India,https://upsconline.gov.in/marksheet/exam/marksheet_system/,Marks Information,exam archive,UPSC previous question papers,English,final_resources.csv
India,https://www.upsc.gov.in/examinations/marks-recommended-candidates,Marks of Recommended Candidates,exam archive,UPSC previous question papers,English,final_resources.csv
India,https://www.upsc.gov.in/examinations/marks-recommended-candidates-reserve-list,Marks of Recommended Candidates (Reserve List),exam archive,UPSC previous question papers,English,final_resources.csv
India,https://www.upsc.gov.in/recruitment/recruitment-test,Recruitment Tests,exam archive,UPSC previous question papers,English,final_resources.csv
India,https://www.upsc.gov.in/examinations/representation-question-papers,Representation on Question Papers,exam archive,UPSC previous question papers,English,final_resources.csv
India,https://www.upsc.gov.in/recruitment/time-frame-representation,Representation on Question Papers,exam archive,UPSC previous question papers,English,final_resources.csv
India,https://www.upsc.gov.in/examinations/revised-syllabus-scheme,Revised Syllabus and Scheme,exam archive,UPSC previous question papers,English,final_resources.csv
India,https://www.upsc.gov.in/examination/model-question-and-answer-booklets,Specimen Question Cum Answer Booklet (QCAB),exam archive,UPSC previous question papers,English,final_resources.csv
India,https://www.upsc.gov.in/examinations/previous-question-papers,UPSC previous question papers — official gateway,exam archive,UPSC previous question papers,English,final_resources.csv
India,https://www.upsc.gov.in/examinations/previous-question-papers/archives,View Archives >>,exam archive,UPSC previous question papers,English,final_resources.csv
India,https://www.upsc.gov.in/hi/examinations/previous-question-papers,हिन्दी,exam archive,UPSC previous question papers,English,final_resources.csv
India,https://www.ugcnetonline.in/news.php,Archive,exam archive,UGC NET previous question papers,English,final_resources.csv
India,https://www.ugcnetonline.in/question_papers_dec2009.php,Question Papers of NET Dec. 2009,exam archive,UGC NET previous question papers,English,final_resources.csv
India,https://www.ugcnetonline.in/question_papers_dec2010.php,Question Papers of NET Dec. 2010,exam archive,UGC NET previous question papers,English,final_resources.csv
India,https://www.ugcnetonline.in/question_papers_dec2011.php,Question Papers of NET Dec. 2011,exam archive,UGC NET previous question papers,English,final_resources.csv
India,https://www.ugcnetonline.in/question_papers_december2012.php,Question Papers of NET Dec. 2012,exam archive,UGC NET previous question papers,English,final_resources.csv
India,https://www.ugcnetonline.in/question_papers_december2013.php,Question Papers of NET Dec. 2013,exam archive,UGC NET previous question papers,English,final_resources.csv
India,https://www.ugcnetonline.in/question_papers_dec2014.php,Question Papers of NET December 2014,exam archive,UGC NET previous question papers,English,final_resources.csv
India,https://www.ugcnetonline.in/question_papers_dec2015.php,Question Papers of NET December 2015,exam archive,UGC NET previous question papers,English,final_resources.csv
India,https://www.ugcnetonline.in/question_papers_jan2017.php,Question Papers of NET January 2017,exam archive,UGC NET previous question papers,English,final_resources.csv
India,https://www.ugcnetonline.in/question_papers_July 2016.php,Question Papers of NET July 2016,exam archive,UGC NET previous question papers,English,final_resources.csv
India,https://www.ugcnetonline.in/question_papers_july2018.php,Question Papers of NET July 2018,exam archive,UGC NET previous question papers,English,final_resources.csv
India,https://www.ugcnetonline.in/question_papers_june2009.php,Question Papers of NET June 2009,exam archive,UGC NET previous question papers,English,final_resources.csv
India,https://www.ugcnetonline.in/question_papers_june2010.php,Question Papers of NET June 2010,exam archive,UGC NET previous question papers,English,final_resources.csv
India,https://www.ugcnetonline.in/question_papers_june2011.php,Question Papers of NET June 2011,exam archive,UGC NET previous question papers,English,final_resources.csv
India,https://www.ugcnetonline.in/question_papers_june2012.php,Question Papers of NET June 2012,exam archive,UGC NET previous question papers,English,final_resources.csv
India,https://www.ugcnetonline.in/question_papers_june2013.php,"Question Papers of NET June 2013 (UGC NET on 30th June, 2013)",exam archive,UGC NET previous question papers,English,final_resources.csv
India,https://www.ugcnetonline.in/question_papers_june2013_reconducted_08092013.php,"Question Papers of NET June 2013 (UGC NET re-conducted on 08th Sept., 2013)",exam archive,UGC NET previous question papers,English,final_resources.csv
India,https://www.ugcnetonline.in/question_papers_june2014.php,Question Papers of NET June 2014,exam archive,UGC NET previous question papers,English,final_resources.csv
India,https://www.ugcnetonline.in/question_papers_june2015.php,Question Papers of NET June 2015,exam archive,UGC NET previous question papers,English,final_resources.csv
India,https://www.ugcnetonline.in/question_papers_nov2017.php,Question Papers of NET November 2017,exam archive,UGC NET previous question papers,English,final_resources.csv
India,https://www.ugcnetonline.in/previous_question_papers.php,UGC NET previous question papers — official gateway,exam archive,UGC NET previous question papers,English,final_resources.csv
India,https://gate2026.iitg.ac.in/doc/download/2025_Key/AE_Keys.pdf,AE,exam archive,GATE downloads archive,English,final_resources.csv
India,https://gate2026.iitg.ac.in/doc/download/2024/AEFinalAnswerKey.pdf,AE,exam archive,GATE downloads archive,English,final_resources.csv
India,https://gate2026.iitg.ac.in/doc/download/Answer_keys2023/AE_ANS_GATE2023.pdf,AE,exam archive,GATE downloads archive,English,final_resources.csv
India,https://gate2026.iitg.ac.in/doc/download/Answer_keys2022/ae_2022.pdf,AE,exam archive,GATE downloads archive,English,final_resources.csv
India,https://gate2026.iitg.ac.in/doc/download/Answer_keys2021/ae_2021.pdf,AE,exam archive,GATE downloads archive,English,final_resources.csv
India,https://gate2026.iitg.ac.in/doc/download/2025_Key/AG_Keys.pdf,AG,exam archive,GATE downloads archive,English,final_resources.csv
India,https://gate2026.iitg.ac.in/doc/download/2024/AGFinalAnswerKey.pdf,AG,exam archive,GATE downloads archive,English,final_resources.csv
India,https://gate2026.iitg.ac.in/doc/download/Answer_keys2023/AG_ANS_GATE2023.pdf,AG,exam archive,GATE downloads archive,English,final_resources.csv
India,https://gate2026.iitg.ac.in/doc/download/Answer_keys2022/ag_2022.pdf,AG,exam archive,GATE downloads archive,English,final_resources.csv
India,https://gate2026.iitg.ac.in/doc/download/Answer_keys2021/ag_2021.pdf,AG,exam archive,GATE downloads archive,English,final_resources.csv
India,https://gate2026.iitg.ac.in/doc/download/2025_Key/AR_Keys.pdf,AR,exam archive,GATE downloads archive,English,final_resources.csv
India,https://gate2026.iitg.ac.in/doc/download/2024/ARFinalAnswerKey.pdf,AR,exam archive,GATE downloads archive,English,final_resources.csv
India,https://gate2026.iitg.ac.in/doc/download/Answer_keys2023/AR_ANS_GATE2023.pdf,AR,exam archive,GATE downloads archive,English,final_resources.csv
India,https://gate2026.iitg.ac.in/doc/download/Answer_keys2022/ar_2022.pdf,AR,exam archive,GATE downloads archive,English,final_resources.csv
India,https://gate2026.iitg.ac.in/doc/download/Answer_keys2021/ar_2021.pdf,AR,exam archive,GATE downloads archive,English,final_resources.csv
India,https://gate2026.iitg.ac.in/doc/download/2023/ae_2023.pdf,Aerospace Engineering,exam archive,GATE downloads archive,English,final_resources.csv
India,https://gate2026.iitg.ac.in/doc/download/2022/ae_2022.pdf,Aerospace Engineering,exam archive,GATE downloads archive,English,final_resources.csv
India,https://gate2026.iitg.ac.in/doc/download/2021/ae_2021.pdf,Aerospace Engineering,exam archive,GATE downloads archive,English,final_resources.csv
India,https://gate2026.iitg.ac.in/doc/download/2020/ae_2020.pdf,Aerospace Engineering,exam archive,GATE downloads archive,English,final_resources.csv
India,https://gate2026.iitg.ac.in/doc/download/2019/ae_2019.pdf,Aerospace Engineering,exam archive,GATE downloads archive,English,final_resources.csv
India,https://gate2026.iitg.ac.in/doc/download/2023/ag_2023.pdf,Agricultural Engineering,exam archive,GATE downloads archive,English,final_resources.csv
India,https://gate2026.iitg.ac.in/doc/download/2022/ag_2022.pdf,Agricultural Engineering,exam archive,GATE downloads archive,English,final_resources.csv
India,https://gate2026.iitg.ac.in/doc/download/2021/ag_2021.pdf,Agricultural Engineering,exam archive,GATE downloads archive,English,final_resources.csv
India,https://gate2026.iitg.ac.in/doc/download/2020/ag_2020.pdf,Agricultural Engineering,exam archive,GATE downloads archive,English,final_resources.csv
India,https://gate2026.iitg.ac.in/doc/download/2019/ag_2019.pdf,Agricultural Engineering,exam archive,GATE downloads archive,English,final_resources.csv
India,https://gate2026.iitg.ac.in/doc/download/2023/ar_2023.pdf,Architecture and Planning,exam archive,GATE downloads archive,English,final_resources.csv
India,https://gate2026.iitg.ac.in/doc/download/2022/ar_2022.pdf,Architecture and Planning,exam archive,GATE downloads archive,English,final_resources.csv
India,https://gate2026.iitg.ac.in/doc/download/2021/ar_2021.pdf,Architecture and Planning,exam archive,GATE downloads archive,English,final_resources.csv
India,https://gate2026.iitg.ac.in/doc/download/2020/ar_2020.pdf,Architecture and Planning,exam archive,GATE downloads archive,English,final_resources.csv
India,https://gate2026.iitg.ac.in/doc/download/2019/ar_2019.pdf,Architecture and Planning,exam archive,GATE downloads archive,English,final_resources.csv
India,https://gate2026.iitg.ac.in/doc/download/2025_Key/BM_Keys.pdf,BM,exam archive,GATE downloads archive,English,final_resources.csv
India,https://gate2026.iitg.ac.in/doc/download/2024/BMFinalAnswerKey.pdf,BM,exam archive,GATE downloads archive,English,final_resources.csv
India,https://gate2026.iitg.ac.in/doc/download/Answer_keys2023/BM_ANS_GATE2023.pdf,BM,exam archive,GATE downloads archive,English,final_resources.csv
India,https://gate2026.iitg.ac.in/doc/download/Answer_keys2022/bm_2022.pdf,BM,exam archive,GATE downloads archive,English,final_resources.csv
India,https://gate2026.iitg.ac.in/doc/download/Answer_keys2021/bm_2021.pdf,BM,exam archive,GATE downloads archive,English,final_resources.csv
India,https://gate2026.iitg.ac.in/doc/download/2025_Key/BT_Keys.pdf,BT,exam archive,GATE downloads archive,English,final_resources.csv
India,https://gate2026.iitg.ac.in/doc/download/2024/BTFinalAnswerKey.pdf,BT,exam archive,GATE downloads archive,English,final_resources.csv
India,https://gate2026.iitg.ac.in/doc/download/Answer_keys2023/BT_ANS_GATE2023.pdf,BT,exam archive,GATE downloads archive,English,final_resources.csv
India,https://gate2026.iitg.ac.in/doc/download/Answer_keys2022/bt_2022.pdf,BT,exam archive,GATE downloads archive,English,final_resources.csv
India,https://gate2026.iitg.ac.in/doc/download/Answer_keys2021/bt_2021.pdf,BT,exam archive,GATE downloads archive,English,final_resources.csv
India,https://gate2026.iitg.ac.in/doc/download/2022/bm_2022.pdf,Biomedical Engineering,exam archive,GATE downloads archive,English,final_resources.csv
India,https://gate2026.iitg.ac.in/doc/download/2021/bm_2021.pdf,Biomedical Engineering,exam archive,GATE downloads archive,English,final_resources.csv
India,https://gate2026.iitg.ac.in/doc/download/2020/bm_2020.pdf,Biomedical Engineering,exam archive,GATE downloads archive,English,final_resources.csv
India,https://gate2026.iitg.ac.in/doc/download/2025/BT2025.pdf,Biotechnology,exam archive,GATE downloads archive,English,final_resources.csv
India,https://gate2026.iitg.ac.in/doc/download/2022/bt_2022.pdf,Biotechnology,exam archive,GATE downloads archive,English,final_resources.csv
India,https://gate2026.iitg.ac.in/doc/download/2021/bt_2021.pdf,Biotechnology,exam archive,GATE downloads archive,English,final_resources.csv
India,https://gate2026.iitg.ac.in/doc/download/2020/bt_2020.pdf,Biotechnology,exam archive,GATE downloads archive,English,final_resources.csv
India,https://gate2026.iitg.ac.in/doc/download/2019/bt_2019.pdf,Biotechnology,exam archive,GATE downloads archive,English,final_resources.csv
India,https://gate2026.iitg.ac.in/doc/download/Answer_keys2022/ce_2022.pdf,CE,exam archive,GATE downloads archive,English,final_resources.csv
India,https://gate2026.iitg.ac.in/doc/download/Answer_keys2021/ce_merged_2021.pdf,CE,exam archive,GATE downloads archive,English,final_resources.csv
India,https://gate2026.iitg.ac.in/doc/download/2025_Key/CE1_Keys.pdf,CE-1,exam archive,GATE downloads archive,English,final_resources.csv
India,https://gate2026.iitg.ac.in/doc/download/2024/CE1FinalAnswerKey.pdf,CE-1,exam archive,GATE downloads archive,English,final_resources.csv
India,https://gate2026.iitg.ac.in/doc/download/Answer_keys2023/CE1_ANS_GATE2023.pdf,CE-1,exam archive,GATE downloads archive,English,final_resources.csv
India,https://gate2026.iitg.ac.in/doc/download/2025_Key/CE2_Keys.pdf,CE-2,exam archive,GATE downloads archive,English,final_resources.csv
India,https://gate2026.iitg.ac.in/doc/download/2024/CE2FinalAnswerKey.pdf,CE-2,exam archive,GATE downloads archive,English,final_resources.csv
India,https://gate2026.iitg.ac.in/doc/download/Answer_keys2023/CE2_ANS_GATE2023.pdf,CE-2,exam archive,GATE downloads archive,English,final_resources.csv
India,https://gate2026.iitg.ac.in/doc/download/2025_Key/CH_Keys.pdf,CH,exam archive,GATE downloads archive,English,final_resources.csv
India,https://gate2026.iitg.ac.in/doc/download/2024/CHFinalAnswerKey.pdf,CH,exam archive,GATE downloads archive,English,final_resources.csv
India,https://gate2026.iitg.ac.in/doc/download/Answer_keys2023/CH_ANS_GATE2023.pdf,CH,exam archive,GATE downloads archive,English,final_resources.csv
India,https://gate2026.iitg.ac.in/doc/download/Answer_keys2022/ch_2022.pdf,CH,exam archive,GATE downloads archive,English,final_resources.csv
India,https://gate2026.iitg.ac.in/doc/download/Answer_keys2021/ch_2021.pdf,CH,exam archive,GATE downloads archive,English,final_resources.csv
India,https://gate2026.iitg.ac.in/doc/download/Answer_keys2023/CS_ANS_GATE2023.pdf,CS,exam archive,GATE downloads archive,English,final_resources.csv
India,https://gate2026.iitg.ac.in/doc/download/Answer_keys2022/cs_2022.pdf,CS,exam archive,GATE downloads archive,English,final_resources.csv
India,https://gate2026.iitg.ac.in/doc/download/Answer_keys2021/cs_merged_2021.pdf,CS,exam archive,GATE downloads archive,English,final_resources.csv
India,https://gate2026.iitg.ac.in/doc/download/2025_Key/CS1_Keys.pdf,CS-1,exam archive,GATE downloads archive,English,final_resources.csv
India,https://gate2026.iitg.ac.in/doc/download/2024/CS1FinalAnswerKey.pdf,CS-1,exam archive,GATE downloads archive,English,final_resources.csv
India,https://gate2026.iitg.ac.in/doc/download/2025_Key/CS2_Keys.pdf,CS-2,exam archive,GATE downloads archive,English,final_resources.csv
India,https://gate2026.iitg.ac.in/doc/download/2024/CS2FinalAnswerKey.pdf,CS-2,exam archive,GATE downloads archive,English,final_resources.csv
India,https://gate2026.iitg.ac.in/doc/download/2025_Key/CY_Keys.pdf,CY,exam archive,GATE downloads archive,English,final_resources.csv
India,https://gate2026.iitg.ac.in/doc/download/2024/CYFinalAnswerKey.pdf,CY,exam archive,GATE downloads archive,English,final_resources.csv
India,https://gate2026.iitg.ac.in/doc/download/Answer_keys2023/CY_ANS_GATE2023.pdf,CY,exam archive,GATE downloads archive,English,final_resources.csv
India,https://gate2026.iitg.ac.in/doc/download/Answer_keys2022/cy_2022.pdf,CY,exam archive,GATE downloads archive,English,final_resources.csv
India,https://gate2026.iitg.ac.in/doc/download/Answer_keys2021/cy_2021.pdf,CY,exam archive,GATE downloads archive,English,final_resources.csv
India,https://gate2026.iitg.ac.in/doc/download/2025/CH2025.pdf,Chemical Engineering,exam archive,GATE downloads archive,English,final_resources.csv
India,https://gate2026.iitg.ac.in/doc/download/2022/ch_2022.pdf,Chemical Engineering,exam archive,GATE downloads archive,English,final_resources.csv
India,https://gate2026.iitg.ac.in/doc/download/2021/ch_2021.pdf,Chemical Engineering,exam archive,GATE downloads archive,English,final_resources.csv
India,https://gate2026.iitg.ac.in/doc/download/2020/ch_2020.pdf,Chemical Engineering,exam archive,GATE downloads archive,English,final_resources.csv
India,https://gate2026.iitg.ac.in/doc/download/2019/ch_2019.pdf,Chemical Engineering,exam archive,GATE downloads archive,English,final_resources.csv
India,https://gate2026.iitg.ac.in/doc/download/2022/cy_2022.pdf,Chemistry,exam archive,GATE downloads archive,English,final_resources.csv
India,https://gate2026.iitg.ac.in/doc/download/2021/cy_2021.pdf,Chemistry,exam archive,GATE downloads archive,English,final_resources.csv
India,https://gate2026.iitg.ac.in/doc/download/2020/cy_2020.pdf,Chemistry,exam archive,GATE downloads archive,English,final_resources.csv
India,https://gate2026.iitg.ac.in/doc/download/2019/cy_2019.pdf,Chemistry,exam archive,GATE downloads archive,English,final_resources.csv
India,https://gate2026.iitg.ac.in/doc/download/2025/CE12025.pdf,Civil Engineering,exam archive,GATE downloads archive,English,final_resources.csv
India,https://gate2026.iitg.ac.in/doc/download/2022/ce_2022.pdf,Civil Engineering,exam archive,GATE downloads archive,English,final_resources.csv
India,https://gate2026.iitg.ac.in/doc/download/2021/ce_2021.pdf,Civil Engineering,exam archive,GATE downloads archive,English,final_resources.csv
India,https://gate2026.iitg.ac.in/doc/download/2020/ce_2020.pdf,Civil Engineering,exam archive,GATE downloads archive,English,final_resources.csv
India,https://gate2026.iitg.ac.in/doc/download/2019/ce_2019.pdf,Civil Engineering,exam archive,GATE downloads archive,English,final_resources.csv
India,https://gate2026.iitg.ac.in/doc/download/2022/cs_2022.pdf,Computer Science & Information Technology,exam archive,GATE downloads archive,English,final_resources.csv
India,https://gate2026.iitg.ac.in/doc/download/2021/cs_2021.pdf,Computer Science & Information Technology,exam archive,GATE downloads archive,English,final_resources.csv
India,https://gate2026.iitg.ac.in/doc/download/2020/cs_2020.pdf,Computer Science & Information Technology,exam archive,GATE downloads archive,English,final_resources.csv
India,https://gate2026.iitg.ac.in/doc/download/2019/cs_2019.pdf,Computer Science & Information Technology,exam archive,GATE downloads archive,English,final_resources.csv
India,https://gate2026.iitg.ac.in/doc/download/2025_Key/DA_Keys.pdf,DA,exam archive,GATE downloads archive,English,final_resources.csv
India,https://gate2026.iitg.ac.in/doc/download/2024/DAFinalAnswerKey.pdf,DA,exam archive,GATE downloads archive,English,final_resources.csv
India,https://gate2026.iitg.ac.in/doc/sample-question-paper/Energy Science-SampleQP-Answer Key.pdf,Download Sample Question Paper,exam archive,GATE downloads archive,English,final_resources.csv
India,https://gate2026.iitg.ac.in/doc/download/2025_Key/EC_Keys.pdf,EC,exam archive,GATE downloads archive,English,final_resources.csv
India,https://gate2026.iitg.ac.in/doc/download/2024/ECFinalAnswerKey.pdf,EC,exam archive,GATE downloads archive,English,final_resources.csv
India,https://gate2026.iitg.ac.in/doc/download/Answer_keys2023/EC_ANS_GATE2023.pdf,EC,exam archive,GATE downloads archive,English,final_resources.csv
India,https://gate2026.iitg.ac.in/doc/download/Answer_keys2022/ec_2022.pdf,EC,exam archive,GATE downloads archive,English,final_resources.csv
India,https://gate2026.iitg.ac.in/doc/download/Answer_keys2021/ec_2021.pdf,EC,exam archive,GATE downloads archive,English,final_resources.csv
India,https://gate2026.iitg.ac.in/doc/download/2025_Key/EE_Keys.pdf,EE,exam archive,GATE downloads archive,English,final_resources.csv
India,https://gate2026.iitg.ac.in/doc/download/2024/EEFinalAnswerKey.pdf,EE,exam archive,GATE downloads archive,English,final_resources.csv
India,https://gate2026.iitg.ac.in/doc/download/Answer_keys2023/EE_ANS_GATE2023.pdf,EE,exam archive,GATE downloads archive,English,final_resources.csv
India,https://gate2026.iitg.ac.in/doc/download/Answer_keys2022/ee_2022.pdf,EE,exam archive,GATE downloads archive,English,final_resources.csv
India,https://gate2026.iitg.ac.in/doc/download/Answer_keys2021/ee_2021.pdf,EE,exam archive,GATE downloads archive,English,final_resources.csv
India,https://gate2026.iitg.ac.in/doc/download/2025_Key/ES_Keys.pdf,ES,exam archive,GATE downloads archive,English,final_resources.csv
India,https://gate2026.iitg.ac.in/doc/download/2024/ESFinalAnswerKey.pdf,ES,exam archive,GATE downloads archive,English,final_resources.csv
India,https://gate2026.iitg.ac.in/doc/download/Answer_keys2023/ES_ANS_GATE2023.pdf,ES,exam archive,GATE downloads archive,English,final_resources.csv
India,https://gate2026.iitg.ac.in/doc/download/Answer_keys2022/es_2022.pdf,ES,exam archive,GATE downloads archive,English,final_resources.csv
India,https://gate2026.iitg.ac.in/doc/download/Answer_keys2021/es_2021.pdf,ES,exam archive,GATE downloads archive,English,final_resources.csv
India,https://gate2026.iitg.ac.in/doc/download/2025_Key/EY_Keys.pdf,EY,exam archive,GATE downloads archive,English,final_resources.csv
India,https://gate2026.iitg.ac.in/doc/download/2024/EYFinalAnswerKey.pdf,EY,exam archive,GATE downloads archive,English,final_resources.csv
India,https://gate2026.iitg.ac.in/doc/download/Answer_keys2023/EY_ANS_GATE2023.pdf,EY,exam archive,GATE downloads archive,English,final_resources.csv
India,https://gate2026.iitg.ac.in/doc/download/Answer_keys2022/ey_2022.pdf,EY,exam archive,GATE downloads archive,English,final_resources.csv
India,https://gate2026.iitg.ac.in/doc/download/Answer_keys2021/ey_2021.pdf,EY,exam archive,GATE downloads archive,English,final_resources.csv
India,https://gate2026.iitg.ac.in/doc/download/2022/ey_2022.pdf,Ecology and Evolution,exam archive,GATE downloads archive,English,final_resources.csv
India,https://gate2026.iitg.ac.in/doc/download/2021/ey_2021.pdf,Ecology and Evolution,exam archive,GATE downloads archive,English,final_resources.csv
India,https://gate2026.iitg.ac.in/doc/download/2020/ey_2020.pdf,Ecology and Evolution,exam archive,GATE downloads archive,English,final_resources.csv
India,https://gate2026.iitg.ac.in/doc/download/2019/ey_2019.pdf,Ecology and Evolution,exam archive,GATE downloads archive,English,final_resources.csv
India,https://gate2026.iitg.ac.in/doc/download/2022/ee_2022.pdf,Electrical Engineering,exam archive,GATE downloads archive,English,final_resources.csv
India,https://gate2026.iitg.ac.in/doc/download/2021/ee_2021.pdf,Electrical Engineering,exam archive,GATE downloads archive,English,final_resources.csv
India,https://gate2026.iitg.ac.in/doc/download/2020/ee_2020.pdf,Electrical Engineering,exam archive,GATE downloads archive,English,final_resources.csv
India,https://gate2026.iitg.ac.in/doc/download/2019/ee_2019.pdf,Electrical Engineering,exam archive,GATE downloads archive,English,final_resources.csv
India,https://gate2026.iitg.ac.in/doc/download/2022/ec_2022.pdf,Electronics & Communication Engineering,exam archive,GATE downloads archive,English,final_resources.csv
India,https://gate2026.iitg.ac.in/doc/download/2021/ec_2021.pdf,Electronics & Communication Engineering,exam archive,GATE downloads archive,English,final_resources.csv
India,https://gate2026.iitg.ac.in/doc/download/2020/ec_2020.pdf,Electronics & Communication Engineering,exam archive,GATE downloads archive,English,final_resources.csv
India,https://gate2026.iitg.ac.in/doc/download/2019/ec_2019.pdf,Electronics & Communication Engineering,exam archive,GATE downloads archive,English,final_resources.csv
India,https://gate2026.iitg.ac.in/doc/download/2022/xe_2022.pdf,Engineering Sciences,exam archive,GATE downloads archive,English,final_resources.csv
India,https://gate2026.iitg.ac.in/doc/download/2021/xe_2021.pdf,Engineering Sciences,exam archive,GATE downloads archive,English,final_resources.csv
India,https://gate2026.iitg.ac.in/doc/download/2020/xe_2020.pdf,Engineering Sciences,exam archive,GATE downloads archive,English,final_resources.csv
India,https://gate2026.iitg.ac.in/doc/download/2019/xe_2019.pdf,Engineering Sciences,exam archive,GATE downloads archive,English,final_resources.csv
India,https://gate2026.iitg.ac.in/doc/download/2022/es_2022.pdf,Environmental Science & Engineering,exam archive,GATE downloads archive,English,final_resources.csv
India,https://gate2026.iitg.ac.in/doc/download/2021/es_2021.pdf,Environmental Science & Engineering,exam archive,GATE downloads archive,English,final_resources.csv
India,https://gate2026.iitg.ac.in/exam-cities.html,Exam Cities,exam archive,GATE downloads archive,English,final_resources.csv
India,https://gate2026.iitg.ac.in/examination-schedule.html,GATE 2026 Examination Schedule,exam archive,GATE downloads archive,English,final_resources.csv
India,https://gate2026.iitg.ac.in/doc/IB/GATE2026-IB-10102025.pdf,GATE 2026 INFORMATION BROCHURE,exam archive,GATE downloads archive,English,final_resources.csv
India,https://gate2026.iitg.ac.in/QPs-answer-keys.html,GATE 2026 MASTER QUESTION PAPERS AND ANSWER KEYS,exam archive,GATE downloads archive,English,final_resources.csv
India,https://gate2026.iitg.ac.in/doc/download/GATE2026_Newspaper_Advertisement.pdf,GATE 2026 NEWSPAPER ADVERTISEMENT,exam archive,GATE downloads archive,English,final_resources.csv
India,https://gate2026.iitg.ac.in/doc/Poster/Final Poster Design for GATE 2026.pdf,GATE 2026 POSTER,exam archive,GATE downloads archive,English,final_resources.csv
India,https://gate2026.iitg.ac.in/exam-papers-and-syllabus.html,GATE 2026 Test PAPERS & Syllabus,exam archive,GATE downloads archive,English,final_resources.csv
India,https://gate2026.iitg.ac.in/two-paper-combinations.html,GATE 2026 Two-Paper Combinations,exam archive,GATE downloads archive,English,final_resources.csv
India,https://gate2026.iitg.ac.in/download.html,GATE downloads archive — official gateway,exam archive,GATE downloads archive,English,final_resources.csv
India,https://gate2026.iitg.ac.in/doc/download/2025_Key/GE_Keys.pdf,GE,exam archive,GATE downloads archive,English,final_resources.csv
India,https://gate2026.iitg.ac.in/doc/download/2024/GEFinalAnswerKey.pdf,GE,exam archive,GATE downloads archive,English,final_resources.csv
India,https://gate2026.iitg.ac.in/doc/download/Answer_keys2023/GE_ANS_GATE2023.pdf,GE,exam archive,GATE downloads archive,English,final_resources.csv
India,https://gate2026.iitg.ac.in/doc/download/Answer_keys2022/ge_2022.pdf,GE,exam archive,GATE downloads archive,English,final_resources.csv
India,https://gate2026.iitg.ac.in/doc/download/Answer_keys2022/gg-merged_2022.pdf,GG,exam archive,GATE downloads archive,English,final_resources.csv
India,https://gate2026.iitg.ac.in/doc/download/Answer_keys2021/gg_2021.pdf,GG,exam archive,GATE downloads archive,English,final_resources.csv
India,https://gate2026.iitg.ac.in/doc/download/2025_Key/GG1_Keys.pdf,GG-1,exam archive,GATE downloads archive,English,final_resources.csv
India,https://gate2026.iitg.ac.in/doc/download/2024/GG1FinalAnswerKey.pdf,GG-1,exam archive,GATE downloads archive,English,final_resources.csv
India,https://gate2026.iitg.ac.in/doc/download/Answer_keys2023/GG_G1_ANS_GATE2023.pdf,GG-1,exam archive,GATE downloads archive,English,final_resources.csv
India,https://gate2026.iitg.ac.in/doc/download/2025_Key/GG2_Keys.pdf,GG-2,exam archive,GATE downloads archive,English,final_resources.csv
India,https://gate2026.iitg.ac.in/doc/download/2024/GG2FinalAnswerKey.pdf,GG-2,exam archive,GATE downloads archive,English,final_resources.csv
India,https://gate2026.iitg.ac.in/doc/download/Answer_keys2023/GG_G2_ANS_GATE2023.pdf,GG-2,exam archive,GATE downloads archive,English,final_resources.csv
India,https://gate2026.iitg.ac.in/doc/download/2022/gg_2022.pdf,Geology & Geophysics,exam archive,GATE downloads archive,English,final_resources.csv
India,https://gate2026.iitg.ac.in/doc/download/2021/gg_2021.pdf,Geology & Geophysics,exam archive,GATE downloads archive,English,final_resources.csv
India,https://gate2026.iitg.ac.in/doc/download/2020/gg_2020.pdf,Geology & Geophysics,exam archive,GATE downloads archive,English,final_resources.csv
India,https://gate2026.iitg.ac.in/doc/download/2019/gg_2019.pdf,Geology & Geophysics,exam archive,GATE downloads archive,English,final_resources.csv
India,https://gate2026.iitg.ac.in/doc/download/2025/GG-1_2025.pdf,Geology and Geophysics - Geology,exam archive,GATE downloads archive,English,final_resources.csv
India,https://gate2026.iitg.ac.in/doc/download/2025/GG-2_2025.pdf,Geology and Geophysics - Geophysics,exam archive,GATE downloads archive,English,final_resources.csv
India,https://gate2026.iitg.ac.in/doc/download/2022/ge_2022.pdf,Geomatics Engineering,exam archive,GATE downloads archive,English,final_resources.csv
India,https://gate2026.iitg.ac.in/doc/download/2022/xh_2022.pdf,Humanities & Social Sciences,exam archive,GATE downloads archive,English,final_resources.csv
India,https://gate2026.iitg.ac.in/doc/download/2021/xh_2021.pdf,Humanities & Social Sciences,exam archive,GATE downloads archive,English,final_resources.csv
India,https://gate2026.iitg.ac.in/doc/download/2025_Key/IN_Keys.pdf,IN,exam archive,GATE downloads archive,English,final_resources.csv
India,https://gate2026.iitg.ac.in/doc/download/2024/INFinalAnswerKey.pdf,IN,exam archive,GATE downloads archive,English,final_resources.csv
India,https://gate2026.iitg.ac.in/doc/download/Answer_keys2023/IN_ANS_GATE2023.pdf,IN,exam archive,GATE downloads archive,English,final_resources.csv
India,https://gate2026.iitg.ac.in/doc/download/Answer_keys2022/in_2022.pdf,IN,exam archive,GATE downloads archive,English,final_resources.csv
India,https://gate2026.iitg.ac.in/doc/download/Answer_keys2021/in_2021.pdf,IN,exam archive,GATE downloads archive,English,final_resources.csv
India,https://gate2026.iitg.ac.in/doc/download/2022/in_2022.pdf,Instrumentation Engineering,exam archive,GATE downloads archive,English,final_resources.csv
India,https://gate2026.iitg.ac.in/doc/download/2021/in_2021.pdf,Instrumentation Engineering,exam archive,GATE downloads archive,English,final_resources.csv
India,https://gate2026.iitg.ac.in/doc/download/2020/in_2020.pdf,Instrumentation Engineering,exam archive,GATE downloads archive,English,final_resources.csv
India,https://gate2026.iitg.ac.in/doc/download/2019/in_2019.pdf,Instrumentation Engineering,exam archive,GATE downloads archive,English,final_resources.csv
India,https://gate2026.iitg.ac.in/doc/download/2022/xl_2022.pdf,Life Sciences,exam archive,GATE downloads archive,English,final_resources.csv
India,https://gate2026.iitg.ac.in/doc/download/2021/xl_2021.pdf,Life Sciences,exam archive,GATE downloads archive,English,final_resources.csv
India,https://gate2026.iitg.ac.in/doc/download/2020/xl_2020.pdf,Life Sciences,exam archive,GATE downloads archive,English,final_resources.csv
India,https://gate2026.iitg.ac.in/doc/download/2019/xl_2019.pdf,Life Sciences,exam archive,GATE downloads archive,English,final_resources.csv
India,https://gate2026.iitg.ac.in/doc/download/2025_Key/MA_Keys.pdf,MA,exam archive,GATE downloads archive,English,final_resources.csv
India,https://gate2026.iitg.ac.in/doc/download/2024/MAFinalAnswerKey.pdf,MA,exam archive,GATE downloads archive,English,final_resources.csv
India,https://gate2026.iitg.ac.in/doc/download/Answer_keys2023/MA_ANS_GATE2023.pdf,MA,exam archive,GATE downloads archive,English,final_resources.csv
India,https://gate2026.iitg.ac.in/doc/download/Answer_keys2022/ma_2022.pdf,MA,exam archive,GATE downloads archive,English,final_resources.csv
India,https://gate2026.iitg.ac.in/doc/download/Answer_keys2021/ma_2021.pdf,MA,exam archive,GATE downloads archive,English,final_resources.csv
India,https://gate2026.iitg.ac.in/doc/download/2025_Key/ME_Keys.pdf,ME,exam archive,GATE downloads archive,English,final_resources.csv
India,https://gate2026.iitg.ac.in/doc/download/2024/MEFinalAnswerKey.pdf,ME,exam archive,GATE downloads archive,English,final_resources.csv
India,https://gate2026.iitg.ac.in/doc/download/Answer_keys2023/ME_ANS_GATE2023.pdf,ME,exam archive,GATE downloads archive,English,final_resources.csv
India,https://gate2026.iitg.ac.in/doc/download/Answer_keys2022/me-merged_2022.pdf,ME,exam archive,GATE downloads archive,English,final_resources.csv
India,https://gate2026.iitg.ac.in/doc/download/Answer_keys2021/me_merged_2021.pdf,ME,exam archive,GATE downloads archive,English,final_resources.csv
India,https://gate2026.iitg.ac.in/doc/download/2025_Key/MN_Keys.pdf,MN,exam archive,GATE downloads archive,English,final_resources.csv
India,https://gate2026.iitg.ac.in/doc/download/2024/MNFinalAnswerKey.pdf,MN,exam archive,GATE downloads archive,English,final_resources.csv
India,https://gate2026.iitg.ac.in/doc/download/Answer_keys2023/MN_ANS_GATE2023.pdf,MN,exam archive,GATE downloads archive,English,final_resources.csv
India,https://gate2026.iitg.ac.in/doc/download/Answer_keys2022/mn_2022.pdf,MN,exam archive,GATE downloads archive,English,final_resources.csv
India,https://gate2026.iitg.ac.in/doc/download/Answer_keys2021/mn_2021.pdf,MN,exam archive,GATE downloads archive,English,final_resources.csv
India,https://gate2026.iitg.ac.in/doc/download/2025_Key/MT_Keys.pdf,MT,exam archive,GATE downloads archive,English,final_resources.csv
India,https://gate2026.iitg.ac.in/doc/download/2024/MTFinalAnswerKey.pdf,MT,exam archive,GATE downloads archive,English,final_resources.csv
India,https://gate2026.iitg.ac.in/doc/download/Answer_keys2023/MT_ANS_GATE2023.pdf,MT,exam archive,GATE downloads archive,English,final_resources.csv
India,https://gate2026.iitg.ac.in/doc/download/Answer_keys2022/mt_2022.pdf,MT,exam archive,GATE downloads archive,English,final_resources.csv
India,https://gate2026.iitg.ac.in/doc/download/Answer_keys2021/mt_2021.pdf,MT,exam archive,GATE downloads archive,English,final_resources.csv
India,https://gate2026.iitg.ac.in/doc/download/2022/ma_2022.pdf,Mathematics,exam archive,GATE downloads archive,English,final_resources.csv
India,https://gate2026.iitg.ac.in/doc/download/2021/ma_2021.pdf,Mathematics,exam archive,GATE downloads archive,English,final_resources.csv
India,https://gate2026.iitg.ac.in/doc/download/2020/ma_2020.pdf,Mathematics,exam archive,GATE downloads archive,English,final_resources.csv
India,https://gate2026.iitg.ac.in/doc/download/2019/ma_2019.pdf,Mathematics,exam archive,GATE downloads archive,English,final_resources.csv
India,https://gate2026.iitg.ac.in/doc/download/2022/me_2022.pdf,Mechanical Engineering,exam archive,GATE downloads archive,English,final_resources.csv
India,https://gate2026.iitg.ac.in/doc/download/2021/me_2021.pdf,Mechanical Engineering,exam archive,GATE downloads archive,English,final_resources.csv
India,https://gate2026.iitg.ac.in/doc/download/2020/me_2020.pdf,Mechanical Engineering,exam archive,GATE downloads archive,English,final_resources.csv
India,https://gate2026.iitg.ac.in/doc/download/2019/me_2019.pdf,Mechanical Engineering,exam archive,GATE downloads archive,English,final_resources.csv
India,https://gate2026.iitg.ac.in/doc/download/2022/mt_2022.pdf,Metallurgical Engineering,exam archive,GATE downloads archive,English,final_resources.csv
India,https://gate2026.iitg.ac.in/doc/download/2021/mt_2021.pdf,Metallurgical Engineering,exam archive,GATE downloads archive,English,final_resources.csv
India,https://gate2026.iitg.ac.in/doc/download/2020/mt_2020.pdf,Metallurgical Engineering,exam archive,GATE downloads archive,English,final_resources.csv
India,https://gate2026.iitg.ac.in/doc/download/2019/mt_2019.pdf,Metallurgical Engineering,exam archive,GATE downloads archive,English,final_resources.csv
India,https://gate2026.iitg.ac.in/doc/download/2022/mn_2022.pdf,Mining Engineering,exam archive,GATE downloads archive,English,final_resources.csv
India,https://gate2026.iitg.ac.in/doc/download/2021/mn_2021.pdf,Mining Engineering,exam archive,GATE downloads archive,English,final_resources.csv
India,https://gate2026.iitg.ac.in/doc/download/2020/mn_2020.pdf,Mining Engineering,exam archive,GATE downloads archive,English,final_resources.csv
India,https://gate2026.iitg.ac.in/doc/download/2019/mn_2019.pdf,Mining Engineering,exam archive,GATE downloads archive,English,final_resources.csv
India,https://gate2026.iitg.ac.in/mock-test-links.html,Mock Test Links,exam archive,GATE downloads archive,English,final_resources.csv
India,https://gate2026.iitg.ac.in/doc/download/2025_Key/NM_Keys.pdf,NM,exam archive,GATE downloads archive,English,final_resources.csv
India,https://gate2026.iitg.ac.in/doc/download/2024/NMFinalAnswerKey.pdf,NM,exam archive,GATE downloads archive,English,final_resources.csv
India,https://gate2026.iitg.ac.in/doc/download/Answer_keys2023/NM_ANS_GATE2023.pdf,NM,exam archive,GATE downloads archive,English,final_resources.csv
India,https://gate2026.iitg.ac.in/doc/download/Answer_keys2022/nm_2022.pdf,NM,exam archive,GATE downloads archive,English,final_resources.csv
India,https://gate2026.iitg.ac.in/doc/download/2022/nm_2022.pdf,Naval Architecture & Marine Engineering,exam archive,GATE downloads archive,English,final_resources.csv
India,https://gate2026.iitg.ac.in/doc/download/2025_Key/PE_Keys.pdf,PE,exam archive,GATE downloads archive,English,final_resources.csv
India,https://gate2026.iitg.ac.in/doc/download/2024/PEFinalAnswerKey.pdf,PE,exam archive,GATE downloads archive,English,final_resources.csv
India,https://gate2026.iitg.ac.in/doc/download/Answer_keys2023/PE_ANS_GATE2023.pdf,PE,exam archive,GATE downloads archive,English,final_resources.csv
India,https://gate2026.iitg.ac.in/doc/download/Answer_keys2022/pe_2022.pdf,PE,exam archive,GATE downloads archive,English,final_resources.csv
India,https://gate2026.iitg.ac.in/doc/download/Answer_keys2021/pe_2021.pdf,PE,exam archive,GATE downloads archive,English,final_resources.csv
India,https://gate2026.iitg.ac.in/doc/download/2025_Key/PH_Keys.pdf,PH,exam archive,GATE downloads archive,English,final_resources.csv
India,https://gate2026.iitg.ac.in/doc/download/2024/PHFinalAnswerKey.pdf,PH,exam archive,GATE downloads archive,English,final_resources.csv
India,https://gate2026.iitg.ac.in/doc/download/Answer_keys2023/PH_ANS_GATE2023.pdf,PH,exam archive,GATE downloads archive,English,final_resources.csv
India,https://gate2026.iitg.ac.in/doc/download/Answer_keys2022/ph_2022.pdf,PH,exam archive,GATE downloads archive,English,final_resources.csv
India,https://gate2026.iitg.ac.in/doc/download/Answer_keys2021/ph_2021.pdf,PH,exam archive,GATE downloads archive,English,final_resources.csv
India,https://gate2026.iitg.ac.in/doc/download/2025_Key/PI_Keys.pdf,PI,exam archive,GATE downloads archive,English,final_resources.csv
India,https://gate2026.iitg.ac.in/doc/download/2024/PIFinalAnswerKey.pdf,PI,exam archive,GATE downloads archive,English,final_resources.csv
India,https://gate2026.iitg.ac.in/doc/download/Answer_keys2023/PI_ANS_GATE2023.pdf,PI,exam archive,GATE downloads archive,English,final_resources.csv
India,https://gate2026.iitg.ac.in/doc/download/Answer_keys2022/pi_2022.pdf,PI,exam archive,GATE downloads archive,English,final_resources.csv
India,https://gate2026.iitg.ac.in/doc/download/Answer_keys2021/pi_2021.pdf,PI,exam archive,GATE downloads archive,English,final_resources.csv
India,https://gate2026.iitg.ac.in/doc/download/2022/pe_2022.pdf,Petroleum Engineering,exam archive,GATE downloads archive,English,final_resources.csv
India,https://gate2026.iitg.ac.in/doc/download/2021/pe_2021.pdf,Petroleum Engineering,exam archive,GATE downloads archive,English,final_resources.csv
India,https://gate2026.iitg.ac.in/doc/download/2020/pe_2020.pdf,Petroleum Engineering,exam archive,GATE downloads archive,English,final_resources.csv
India,https://gate2026.iitg.ac.in/doc/download/2019/pe_2019.pdf,Petroleum Engineering,exam archive,GATE downloads archive,English,final_resources.csv
India,https://gate2026.iitg.ac.in/doc/download/2025/PH2025.pdf,Physics,exam archive,GATE downloads archive,English,final_resources.csv
India,https://gate2026.iitg.ac.in/doc/download/2022/ph_2022.pdf,Physics,exam archive,GATE downloads archive,English,final_resources.csv
India,https://gate2026.iitg.ac.in/doc/download/2021/ph_2021.pdf,Physics,exam archive,GATE downloads archive,English,final_resources.csv
India,https://gate2026.iitg.ac.in/doc/download/2020/ph_2020.pdf,Physics,exam archive,GATE downloads archive,English,final_resources.csv
India,https://gate2026.iitg.ac.in/doc/download/2019/ph_2019.pdf,Physics,exam archive,GATE downloads archive,English,final_resources.csv
India,https://gate2026.iitg.ac.in/doc/download/2022/pi_2022.pdf,Production & Industrial Engineering,exam archive,GATE downloads archive,English,final_resources.csv
India,https://gate2026.iitg.ac.in/doc/download/2021/pi_2021.pdf,Production & Industrial Engineering,exam archive,GATE downloads archive,English,final_resources.csv
India,https://gate2026.iitg.ac.in/doc/download/2020/pi_2020.pdf,Production & Industrial Engineering,exam archive,GATE downloads archive,English,final_resources.csv
India,https://gate2026.iitg.ac.in/doc/download/2019/pi_2019.pdf,Production & Industrial Engineering,exam archive,GATE downloads archive,English,final_resources.csv
India,https://gate2026.iitg.ac.in/question-paper-pattern.html,Question Paper Pattern,exam archive,GATE downloads archive,English,final_resources.csv
India,https://gate2026.iitg.ac.in/doc/download/2025_Key/ST_Keys.pdf,ST,exam archive,GATE downloads archive,English,final_resources.csv
India,https://gate2026.iitg.ac.in/doc/download/2024/STFinalAnswerKey.pdf,ST,exam archive,GATE downloads archive,English,final_resources.csv
India,https://gate2026.iitg.ac.in/doc/download/Answer_keys2023/ST_ANS_GATE2023.pdf,ST,exam archive,GATE downloads archive,English,final_resources.csv
India,https://gate2026.iitg.ac.in/doc/download/Answer_keys2022/st_2022.pdf,ST,exam archive,GATE downloads archive,English,final_resources.csv
India,https://gate2026.iitg.ac.in/doc/download/Answer_keys2021/st_2021.pdf,ST,exam archive,GATE downloads archive,English,final_resources.csv
India,https://gate2026.iitg.ac.in/doc/download/2025_Key/TF_Keys.pdf,TF,exam archive,GATE downloads archive,English,final_resources.csv
India,https://gate2026.iitg.ac.in/doc/download/2024/TFFinalAnswerKey.pdf,TF,exam archive,GATE downloads archive,English,final_resources.csv
India,https://gate2026.iitg.ac.in/doc/download/Answer_keys2023/TF_ANS_GATE2023.pdf,TF,exam archive,GATE downloads archive,English,final_resources.csv
India,https://gate2026.iitg.ac.in/doc/download/Answer_keys2022/tf_2022.pdf,TF,exam archive,GATE downloads archive,English,final_resources.csv
India,https://gate2026.iitg.ac.in/doc/download/Answer_keys2021/tf_2021.pdf,TF,exam archive,GATE downloads archive,English,final_resources.csv
India,https://gate2026.iitg.ac.in/doc/download/2022/tf_2022.pdf,Textile Engineering & Fibre Science,exam archive,GATE downloads archive,English,final_resources.csv
India,https://gate2026.iitg.ac.in/doc/download/2021/tf_2021.pdf,Textile Engineering & Fibre Science,exam archive,GATE downloads archive,English,final_resources.csv
India,https://gate2026.iitg.ac.in/doc/download/2020/tf_2020.pdf,Textile Engineering & Fibre Science,exam archive,GATE downloads archive,English,final_resources.csv
India,https://gate2026.iitg.ac.in/doc/download/2019/tf_2019.pdf,Textile Engineering & Fibre Science,exam archive,GATE downloads archive,English,final_resources.csv
India,https://gate2026.iitg.ac.in/doc/download/2025_Key/XE_Keys.pdf,XE,exam archive,GATE downloads archive,English,final_resources.csv
India,https://gate2026.iitg.ac.in/doc/download/2024/XEFinalAnswerKey.pdf,XE,exam archive,GATE downloads archive,English,final_resources.csv
India,https://gate2026.iitg.ac.in/doc/download/Answer_keys2023/XE_ANS_GATE2023.pdf,XE,exam archive,GATE downloads archive,English,final_resources.csv
India,https://gate2026.iitg.ac.in/doc/download/Answer_keys2022/xe_2022.pdf,XE,exam archive,GATE downloads archive,English,final_resources.csv
India,https://gate2026.iitg.ac.in/doc/download/Answer_keys2021/xe_2021_merged.pdf,XE,exam archive,GATE downloads archive,English,final_resources.csv
India,https://gate2026.iitg.ac.in/doc/download/Answer_keys2023/XH_ANS_GATE2023.pdf,XH,exam archive,GATE downloads archive,English,final_resources.csv
India,https://gate2026.iitg.ac.in/doc/download/Answer_keys2022/xh_2022.pdf,XH,exam archive,GATE downloads archive,English,final_resources.csv
India,https://gate2026.iitg.ac.in/doc/download/Answer_keys2021/xh-2021_merged.pdf,XH,exam archive,GATE downloads archive,English,final_resources.csv
India,https://gate2026.iitg.ac.in/doc/download/2025_Key/XHC1_Keys.pdf,XH-C1,exam archive,GATE downloads archive,English,final_resources.csv
India,https://gate2026.iitg.ac.in/doc/download/2024/XH-C1FinalAnswerKey.pdf,XH-C1,exam archive,GATE downloads archive,English,final_resources.csv
India,https://gate2026.iitg.ac.in/doc/download/2025_Key/XHC2_Keys.pdf,XH-C2,exam archive,GATE downloads archive,English,final_resources.csv
India,https://gate2026.iitg.ac.in/doc/download/2024/XH-C2FinalAnswerKey.pdf,XH-C2,exam archive,GATE downloads archive,English,final_resources.csv
India,https://gate2026.iitg.ac.in/doc/download/2025_Key/XHC3_Keys.pdf,XH-C3,exam archive,GATE downloads archive,English,final_resources.csv
India,https://gate2026.iitg.ac.in/doc/download/2024/XH-C3FinalAnswerKey.pdf,XH-C3,exam archive,GATE downloads archive,English,final_resources.csv
India,https://gate2026.iitg.ac.in/doc/download/2025_Key/XHC4_Keys.pdf,XH-C4,exam archive,GATE downloads archive,English,final_resources.csv
India,https://gate2026.iitg.ac.in/doc/download/2024/XH-C4FinalAnswerKey.pdf,XH-C4,exam archive,GATE downloads archive,English,final_resources.csv
India,https://gate2026.iitg.ac.in/doc/download/2025_Key/XHC5_Keys.pdf,XH-C5,exam archive,GATE downloads archive,English,final_resources.csv
India,https://gate2026.iitg.ac.in/doc/download/2024/XH-C5FinalAnswerKey.pdf,XH-C5,exam archive,GATE downloads archive,English,final_resources.csv
India,https://gate2026.iitg.ac.in/doc/download/2025_Key/XHC6_Keys.pdf,XH-C6,exam archive,GATE downloads archive,English,final_resources.csv
India,https://gate2026.iitg.ac.in/doc/download/2024/XH-C6FinalAnswerKey.pdf,XH-C6,exam archive,GATE downloads archive,English,final_resources.csv
India,https://gate2026.iitg.ac.in/doc/download/2025_Key/XL_Keys.pdf,XL,exam archive,GATE downloads archive,English,final_resources.csv
India,https://gate2026.iitg.ac.in/doc/download/2024/XLFinalAnswerKey.pdf,XL,exam archive,GATE downloads archive,English,final_resources.csv
India,https://gate2026.iitg.ac.in/doc/download/Answer_keys2023/XL_ANS_GATE2023.pdf,XL,exam archive,GATE downloads archive,English,final_resources.csv
India,https://gate2026.iitg.ac.in/doc/download/Answer_keys2022/xl_2022.pdf,XL,exam archive,GATE downloads archive,English,final_resources.csv
India,https://gate2026.iitg.ac.in/doc/download/Answer_keys2021/xl-2021_merged.pdf,XL,exam archive,GATE downloads archive,English,final_resources.csv
Japan,https://www2.ioi-jp.org/camp/2025/2025-sp-tasks/index.html,JOI 2024/2025 Spring Training Tasks,contest archive,Japanese Olympiad in Informatics Spring Training,English/Japanese,final_resources.csv
Japan,https://contests.ioi-jp.org/joi-sp-2025/index-en.html,Japanese Olympiad in Informatics Spring Training — official gateway,contest archive,Japanese Olympiad in Informatics Spring Training,English/Japanese,final_resources.csv
Japan,https://contests.ioi-jp.org/joi-sp-2025/ranking.html,Ranking,contest archive,Japanese Olympiad in Informatics Spring Training,English/Japanese,final_resources.csv
Japan,https://www.ioi-jp.org/joi/2024/2025-sp_camp-rules,The 24th Japanese Olympiad in Informatics Spring Training,contest archive,Japanese Olympiad in Informatics Spring Training,English/Japanese,final_resources.csv
Japan,https://www.ioi-jp.org/joig/2024/2025-sp_camp-rules,The 5th Japanese Olympiad in Informatics for Girls Spring Training,contest archive,Japanese Olympiad in Informatics Spring Training,English/Japanese,final_resources.csv
Japan,https://contests.ioi-jp.org/,contests.ioi-jp.org,contest archive,Japanese Olympiad in Informatics Spring Training,English/Japanese,final_resources.csv
Japan,https://contests.ioi-jp.org/joi-sp-2025/index.html,here,contest archive,Japanese Olympiad in Informatics Spring Training,English/Japanese,final_resources.csv
Japan,https://www.imojp.org/archive/imo2003/contents/imo.html,IMO,contest archive,Japan Mathematical Olympiad archive,Japanese,final_resources.csv
Japan,https://www.imojp.org/archive/imo2003/contents/imoj.html,IMO 2003 JAPAN,contest archive,Japan Mathematical Olympiad archive,Japanese,final_resources.csv
Japan,https://www.imojp.org/archive/imo2003/contents/mof.html#jmo,JMO,contest archive,Japan Mathematical Olympiad archive,Japanese,final_resources.csv
Japan,https://www.imojp.org/archive/imo2003/contents/mof.html,Japan Mathematical Olympiad archive — official gateway,contest archive,Japan Mathematical Olympiad archive,Japanese,final_resources.csv
Japan,https://www.jasso.go.jp/en/ryugaku/eju/examinee/pastpaper_sample/pastpaper_2010_1.html,2010 1st session,admissions exam,JASSO EJU past exam questions,English/Japanese,final_resources.csv
Japan,https://www.jasso.go.jp/en/ryugaku/eju/examinee/pastpaper_sample/pastpaper_2011_1.html,2011 1st session,admissions exam,JASSO EJU past exam questions,English/Japanese,final_resources.csv
Japan,https://www.jasso.go.jp/en/ryugaku/eju/examinee/pastpaper_sample/pastpaper_2011_2.html,2011 2nd session,admissions exam,JASSO EJU past exam questions,English/Japanese,final_resources.csv
Japan,https://www.jasso.go.jp/en/ryugaku/eju/examinee/pastpaper_sample/pastpaper_2012_1.html,2012 1st session,admissions exam,JASSO EJU past exam questions,English/Japanese,final_resources.csv
Japan,https://www.jasso.go.jp/en/ryugaku/eju/examinee/pastpaper_sample/pastpaper_2012_2.html,2012 2nd session,admissions exam,JASSO EJU past exam questions,English/Japanese,final_resources.csv
Japan,https://www.jasso.go.jp/en/ryugaku/eju/examinee/pastpaper_sample/pastpaper_2013_1.html,2013 1st session,admissions exam,JASSO EJU past exam questions,English/Japanese,final_resources.csv
Japan,https://www.jasso.go.jp/en/ryugaku/eju/examinee/pastpaper_sample/pastpaper_2013_2.html,2013 2nd session,admissions exam,JASSO EJU past exam questions,English/Japanese,final_resources.csv
Japan,https://www.jasso.go.jp/en/ryugaku/eju/examinee/pastpaper_sample/pastpaper_2014_1.html,2014 1st session,admissions exam,JASSO EJU past exam questions,English/Japanese,final_resources.csv
Japan,https://www.jasso.go.jp/en/ryugaku/eju/examinee/pastpaper_sample/pastpaper_2014_2.html,2014 2nd session,admissions exam,JASSO EJU past exam questions,English/Japanese,final_resources.csv
Japan,https://www.jasso.go.jp/en/ryugaku/eju/examinee/pastpaper_sample/pastpaper_2015_1.html,2015 1st session,admissions exam,JASSO EJU past exam questions,English/Japanese,final_resources.csv
Japan,https://www.jasso.go.jp/en/ryugaku/eju/examinee/pastpaper_sample/pastpaper_2015_2.html,2015 2nd session,admissions exam,JASSO EJU past exam questions,English/Japanese,final_resources.csv
Japan,https://www.jasso.go.jp/en/ryugaku/eju/examinee/pastpaper_sample/pastpaper_2016_1.html,2016 1st session,admissions exam,JASSO EJU past exam questions,English/Japanese,final_resources.csv
Japan,https://www.jasso.go.jp/en/ryugaku/eju/examinee/pastpaper_sample/pastpaper_2016_2.html,2016 2nd session,admissions exam,JASSO EJU past exam questions,English/Japanese,final_resources.csv
Japan,https://www.jasso.go.jp/en/ryugaku/eju/examinee/pastpaper_sample/pastpaper_2017_1.html,2017 1st session,admissions exam,JASSO EJU past exam questions,English/Japanese,final_resources.csv
Japan,https://www.jasso.go.jp/en/ryugaku/eju/examinee/pastpaper_sample/pastpaper_2017_2.html,2017 2nd session,admissions exam,JASSO EJU past exam questions,English/Japanese,final_resources.csv
Japan,https://www.jasso.go.jp/en/ryugaku/eju/examinee/pastpaper_sample/pastpaper_2018_1.html,2018 1st session,admissions exam,JASSO EJU past exam questions,English/Japanese,final_resources.csv
Japan,https://www.jasso.go.jp/en/ryugaku/eju/examinee/pastpaper_sample/pastpaper_2018_2.html,2018 2nd session (Japanese and Japan And The World are in preparation),admissions exam,JASSO EJU past exam questions,English/Japanese,final_resources.csv
Japan,https://www.jasso.go.jp/en/ryugaku/eju/examinee/pastpaper_sample/pastpaper_2019_1.html,2019 1st session (Japanese and Japan And The World are in preparation),admissions exam,JASSO EJU past exam questions,English/Japanese,final_resources.csv
Japan,https://www.jasso.go.jp/en/ryugaku/eju/examinee/pastpaper_sample/pastpaper_2020_2.html,2020 2nd session (Japanese and Japan And The World are in preparation),admissions exam,JASSO EJU past exam questions,English/Japanese,final_resources.csv
Japan,https://www.jasso.go.jp/en/ryugaku/eju/examinee/pastpaper_sample/pastpaper_2021_1.html,2021 1st session (Japanese and Japan And The World are in preparation),admissions exam,JASSO EJU past exam questions,English/Japanese,final_resources.csv
Japan,https://www.jasso.go.jp/en/ryugaku/eju/examinee/certificate/index.html,About Score Certificate,admissions exam,JASSO EJU past exam questions,English/Japanese,final_resources.csv
Japan,https://www.jasso.go.jp/en/ryugaku/eju/examinee/prearrival/required_score.html,"Acceptance Level · Minimum required scores, For Pre-arrival Admission",admissions exam,JASSO EJU past exam questions,English/Japanese,final_resources.csv
Japan,https://www.jasso.go.jp/en/ryugaku/eju/examinee/procedure/ans_method.html,Answering Method,admissions exam,JASSO EJU past exam questions,English/Japanese,final_resources.csv
Japan,https://www.jasso.go.jp/en/ryugaku/eju/examinee/procedure/caution.html,"Cautions regarding the Examination, etc.",admissions exam,JASSO EJU past exam questions,English/Japanese,final_resources.csv
Japan,https://www.jasso.go.jp/en/ryugaku/eju/examinee/procedure/application.html,EJU Application Method,admissions exam,JASSO EJU past exam questions,English/Japanese,final_resources.csv
Japan,https://www.jasso.go.jp/en/ryugaku/eju/examinee/bulletin.html,EJU Bulletin,admissions exam,JASSO EJU past exam questions,English/Japanese,final_resources.csv
Japan,https://www.jasso.go.jp/en/ryugaku/eju/examinee/contact/index.html,EJU Overseas Representatives,admissions exam,JASSO EJU past exam questions,English/Japanese,final_resources.csv
Japan,https://www.jasso.go.jp/en/ryugaku/eju/examinee/contact/asia.html,EJU Overseas Representatives in Asia,admissions exam,JASSO EJU past exam questions,English/Japanese,final_resources.csv
Japan,https://www.jasso.go.jp/en/ryugaku/eju/examinee/publish.html,EJU Question Booklet (Publication),admissions exam,JASSO EJU past exam questions,English/Japanese,final_resources.csv
Japan,https://www.jasso.go.jp/en/ryugaku/eju/examinee/syllabus/index.html,EJU Syllabus,admissions exam,JASSO EJU past exam questions,English/Japanese,final_resources.csv
Japan,https://www.jasso.go.jp/en/ryugaku/eju/examinee/syllabus/science_bio.html,EJU Syllabus for Biology (To be applied to the questions of the 2026 EJU 1st Session),admissions exam,JASSO EJU past exam questions,English/Japanese,final_resources.csv
Japan,https://www.jasso.go.jp/en/ryugaku/eju/examinee/syllabus/science_chem.html,EJU Syllabus for Chemistry (To be applied to the questions of the 2026 EJU 1st Session),admissions exam,JASSO EJU past exam questions,English/Japanese,final_resources.csv
Japan,https://www.jasso.go.jp/en/ryugaku/eju/examinee/syllabus/japan_theworld.html,EJU Syllabus for Examination of Japan and the World (To be applied to the questions of the 2026 EJU 1st Session),admissions exam,JASSO EJU past exam questions,English/Japanese,final_resources.csv
Japan,https://www.jasso.go.jp/en/ryugaku/eju/examinee/syllabus/japanese.html,EJU Syllabus for Examination of Japanese as a Foreign Language,admissions exam,JASSO EJU past exam questions,English/Japanese,final_resources.csv
Japan,https://www.jasso.go.jp/en/ryugaku/eju/examinee/syllabus/mathematics.html,EJU Syllabus for Mathematics (To be applied to the questions of the 2026 EJU 1st Session),admissions exam,JASSO EJU past exam questions,English/Japanese,final_resources.csv
Japan,https://www.jasso.go.jp/en/ryugaku/eju/examinee/syllabus/science_phy.html,EJU Syllabus for Physics (To be applied to the questions of the 2026 EJU 1st Session),admissions exam,JASSO EJU past exam questions,English/Japanese,final_resources.csv
Japan,https://www.jasso.go.jp/en/ryugaku/eju/ejuonline/application/index.html,Exam Application/Score Confirmation,admissions exam,JASSO EJU past exam questions,English/Japanese,final_resources.csv
Japan,https://www.jasso.go.jp/en/ryugaku/eju/faq_eju/caution.html,Examination Day,admissions exam,JASSO EJU past exam questions,English/Japanese,final_resources.csv
Japan,https://www.jasso.go.jp/en/ryugaku/eju/examinee/procedure/examination_fee.html,Examination Fee,admissions exam,JASSO EJU past exam questions,English/Japanese,final_resources.csv
Japan,https://www.jasso.go.jp/en/ryugaku/eju/examinee/procedure/language.html,Examination Language,admissions exam,JASSO EJU past exam questions,English/Japanese,final_resources.csv
Japan,https://www.jasso.go.jp/en/ryugaku/eju/schedule.html,Examination Schedule,admissions exam,JASSO EJU past exam questions,English/Japanese,final_resources.csv
Japan,https://www.jasso.go.jp/en/ryugaku/eju/examinee/procedure/subject.html,Examination Subjects,admissions exam,JASSO EJU past exam questions,English/Japanese,final_resources.csv
Japan,https://www.jasso.go.jp/en/ryugaku/eju/examinee/procedure/examination_time.html,Examination Time,admissions exam,JASSO EJU past exam questions,English/Japanese,final_resources.csv
Japan,https://www.jasso.go.jp/en/ryugaku/eju/faq_eju/voucher_overseas.html,Examination Vouchers (for examinees taking the EJU outside of Japan),admissions exam,JASSO EJU past exam questions,English/Japanese,final_resources.csv
Japan,https://www.jasso.go.jp/en/ryugaku/eju/faq_eju/voucher_japan.html,Examination Vouchers (for taking EJU in Japan),admissions exam,JASSO EJU past exam questions,English/Japanese,final_resources.csv
Japan,https://www.jasso.go.jp/en/ryugaku/eju/index.html,Examination for Japanese University Admission for International Students(EJU),admissions exam,JASSO EJU past exam questions,English/Japanese,final_resources.csv
Japan,https://www.jasso.go.jp/en/ryugaku/eju/examinee/procedure/disability.html,For EJU Examinees with Disability,admissions exam,JASSO EJU past exam questions,English/Japanese,final_resources.csv
Japan,https://www.jasso.go.jp/en/ryugaku/eju/examinee/index.html,For examinee,admissions exam,JASSO EJU past exam questions,English/Japanese,final_resources.csv
Japan,https://www.jasso.go.jp/en/ryugaku/eju/examinee/procedure/index.html,Guidelines for EJU (from application to score report),admissions exam,JASSO EJU past exam questions,English/Japanese,final_resources.csv
Japan,https://www.jasso.go.jp/en/ryugaku/eju/examinee/pastpaper_sample/index.html,JASSO EJU past exam questions — official gateway,admissions exam,JASSO EJU past exam questions,English/Japanese,final_resources.csv
Japan,https://www.jasso.go.jp/ryugaku/eju/examinee/pastpaper_sample/index.html,Japanese,admissions exam,JASSO EJU past exam questions,English/Japanese,final_resources.csv
Japan,https://www.jasso.go.jp/en/ryugaku/eju/examinee/use/kosen.html,List of Colleges of Technology (KOSEN) using EJU,admissions exam,JASSO EJU past exam questions,English/Japanese,final_resources.csv
Japan,https://www.jasso.go.jp/en/ryugaku/eju/examinee/use/graduate.html,List of Graduate Schools using EJU,admissions exam,JASSO EJU past exam questions,English/Japanese,final_resources.csv
Japan,https://www.jasso.go.jp/en/ryugaku/eju/examinee/use/junior_college.html,List of Junior Colleges using EJU,admissions exam,JASSO EJU past exam questions,English/Japanese,final_resources.csv
Japan,https://www.jasso.go.jp/en/ryugaku/eju/examinee/use/uni_national.html,List of National Universities and Local Public Universities using EJU,admissions exam,JASSO EJU past exam questions,English/Japanese,final_resources.csv
Japan,https://www.jasso.go.jp/en/ryugaku/eju/examinee/use/online.html,List of Online Universities using EJU,admissions exam,JASSO EJU past exam questions,English/Japanese,final_resources.csv
Japan,https://www.jasso.go.jp/en/ryugaku/eju/examinee/use/pro_training.html,List of Professional Training Colleges using EJU,admissions exam,JASSO EJU past exam questions,English/Japanese,final_resources.csv
Japan,https://www.jasso.go.jp/en/ryugaku/eju/examinee/use/uni_proandvoc.html,List of Professional and Vocational Universities using EJU,admissions exam,JASSO EJU past exam questions,English/Japanese,final_resources.csv
Japan,https://www.jasso.go.jp/en/ryugaku/eju/examinee/prearrival/uni_national.html,List of Schools Offering Pre-arrival Admission using EJU,admissions exam,JASSO EJU past exam questions,English/Japanese,final_resources.csv
Japan,https://www.jasso.go.jp/en/ryugaku/eju/examinee/use/other.html,List of other Schools using EJU,admissions exam,JASSO EJU past exam questions,English/Japanese,final_resources.csv
Japan,https://www.jasso.go.jp/en/ryugaku/eju/examinee/use/index.html,List of schools using EJU,admissions exam,JASSO EJU past exam questions,English/Japanese,final_resources.csv
Japan,https://www.jasso.go.jp/en/ryugaku/eju/examinee/procedure/exam_voucher_soufu.html,Mailing of EJU Examination Voucher,admissions exam,JASSO EJU past exam questions,English/Japanese,final_resources.csv
Japan,https://www.jasso.go.jp/en/ryugaku/eju/about/about_a/foundation.html,New Examination for International Students in Japan,admissions exam,JASSO EJU past exam questions,English/Japanese,final_resources.csv
Japan,https://www.jasso.go.jp/en/ryugaku/eju/about/revision/rev_basic.html,"Notice on Revised Syllabuses for the EJU’s Basic Academic Abilities Tests (Science, Japan and the World, Mathematics)(To be applied to the questions of the 2026 EJU 1st Session)",admissions exam,JASSO EJU past exam questions,English/Japanese,final_resources.csv
Japan,https://www.jasso.go.jp/en/ryugaku/eju/about/data/applicants_examinees.html,Number of 2026 EJU Applicants and Examinees (1st Session),admissions exam,JASSO EJU past exam questions,English/Japanese,final_resources.csv
Japan,https://www.jasso.go.jp/en/ryugaku/eju/examinee/prearrival/number.html,Number of Schools Offering Pre-arrival Admission,admissions exam,JASSO EJU past exam questions,English/Japanese,final_resources.csv
Japan,https://www.jasso.go.jp/en/ryugaku/eju/examinee/use/use_number.html,Number of schools using EJU,admissions exam,JASSO EJU past exam questions,English/Japanese,final_resources.csv
Japan,https://www.jasso.go.jp/en/ryugaku/eju/examinee/reissue/abroad.html,Reissuance Procedure for Examiniees outside Japan,admissions exam,JASSO EJU past exam questions,English/Japanese,final_resources.csv
Japan,https://www.jasso.go.jp/en/ryugaku/eju/examinee/reissue/index.html,Reissuing of Examination Voucher,admissions exam,JASSO EJU past exam questions,English/Japanese,final_resources.csv
Japan,https://www.jasso.go.jp/en/ryugaku/eju/faq_eju/jlpt.html,Relation to the Japanese-Language Proficiency Test,admissions exam,JASSO EJU past exam questions,English/Japanese,final_resources.csv
Japan,https://www.jasso.go.jp/en/ryugaku/eju/examinee/pastpaper_sample/__icsFiles/afieldfile/2023/06/27/answersheet_sample_en_3.pdf,Samples of answer sheets,admissions exam,JASSO EJU past exam questions,English/Japanese,final_resources.csv
Japan,https://www.jasso.go.jp/en/ryugaku/eju/examinee/prearrival/index.html,Schools Offering Pre-arrival Admission,admissions exam,JASSO EJU past exam questions,English/Japanese,final_resources.csv
Japan,https://www.jasso.go.jp/en/ryugaku/eju/examinee/procedure/score_report_soufu.html,Score Report and Notification,admissions exam,JASSO EJU past exam questions,English/Japanese,final_resources.csv
Japan,https://www.jasso.go.jp/en/ryugaku/eju/examinee/voice/index.html,Student Voices,admissions exam,JASSO EJU past exam questions,English/Japanese,final_resources.csv
Japan,https://www.jasso.go.jp/en/ryugaku/eju/examinee/voice/student_voice_tang_pei_he.html,Student Voices (Mr. Tang Pei He),admissions exam,JASSO EJU past exam questions,English/Japanese,final_resources.csv
Japan,https://www.jasso.go.jp/en/ryugaku/eju/examinee/voice/student_voice_zorigbayar_tamir.html,Student Voices (Mr. Zorigbayar Tamir),admissions exam,JASSO EJU past exam questions,English/Japanese,final_resources.csv
Japan,https://www.jasso.go.jp/en/ryugaku/eju/examinee/voice/student_voice_enkhbold_m.html,Student Voices (Ms. Enkhbold Maralgua),admissions exam,JASSO EJU past exam questions,English/Japanese,final_resources.csv
Japan,https://www.jasso.go.jp/en/ryugaku/eju/examinee/voice/student_voice_han_eojin.html,Student Voices (Ms. Han Eojin),admissions exam,JASSO EJU past exam questions,English/Japanese,final_resources.csv
Japan,https://www.jasso.go.jp/en/ryugaku/eju/examinee/voice/student_voice_t_n_p_linh.html,Student Voices (Ms. Tran Nguyen Phuong Linh),admissions exam,JASSO EJU past exam questions,English/Japanese,final_resources.csv
Japan,https://www.jasso.go.jp/en/ryugaku/eju/examinee/voice/student_voice_tu_weixiao.html,Student Voices (Ms. Tu Weixiao),admissions exam,JASSO EJU past exam questions,English/Japanese,final_resources.csv
Japan,https://www.jasso.go.jp/en/ryugaku/eju/faq_eju/examinee.html,"Subjects, Syllabuses, Question Booklets",admissions exam,JASSO EJU past exam questions,English/Japanese,final_resources.csv
Japan,https://www.jasso.go.jp/en/ryugaku/eju/about/data/examinees.html,Transition of the Number of EJU Examinees,admissions exam,JASSO EJU past exam questions,English/Japanese,final_resources.csv
Japan,https://www.jasso.go.jp/en/ryugaku/eju/faq_eju/about.html,What type of examination is the EJU?,admissions exam,JASSO EJU past exam questions,English/Japanese,final_resources.csv
Mexico,http://www.ommenlinea.org/actividades/concursos/concurso-de-problemas/,Concurso de Problemas,contest archive,Mexican Mathematics Olympiad,Spanish,final_resources.csv
Mexico,http://www.ommenlinea.org/?page_id=80#problemas,Envía Problemas y Soluciones,contest archive,Mexican Mathematics Olympiad,Spanish,final_resources.csv
Mexico,http://www.ommenlinea.org/publicaciones/folletos-introductorios/,Folletos de Problemas,contest archive,Mexican Mathematics Olympiad,Spanish,final_resources.csv
Mexico,http://www.ommenlinea.org/,Mexican Mathematics Olympiad — official gateway,contest archive,Mexican Mathematics Olympiad,Spanish,final_resources.csv
Mexico,http://www.ommenlinea.org/publicaciones/revista-tzaloa-2/problemas/,Problemas,contest archive,Mexican Mathematics Olympiad,Spanish,final_resources.csv
Mexico,http://www.ommenlinea.org/2021/soluciones-del-examen-de-invitacion-de-la-omm-del-2021/#comment-10975,Soluciones del Examen de invitación de la OMM del 2021,contest archive,Mexican Mathematics Olympiad,Spanish,final_resources.csv
Mexico,http://www.ommenlinea.org/2021/soluciones-del-examen-de-invitacion-de-la-omm-del-2021/#comment-10974,Soluciones del Examen de invitación de la OMM del 2021,contest archive,Mexican Mathematics Olympiad,Spanish,final_resources.csv
South Africa,https://www.samf.ac.za/en/kangaroo-questions-and-answers,Kangaroo Questions and Answers,contest archive,South African Mathematics Foundation past papers,English,final_resources.csv
South Africa,https://www.samf.ac.za/en/olympiad-entries,Olympiad Entries,contest archive,South African Mathematics Foundation past papers,English,final_resources.csv
South Africa,https://www.samf.ac.za/en/past-papers,South African Mathematics Foundation past papers — official gateway,contest archive,South African Mathematics Foundation past papers,English,final_resources.csv
South Africa,https://www.education.gov.za/LinkClick.aspx?link=694&tabid=593&portalid=0&mid=1741,2008 November NSC Examination Papers,national examination,DBE NSC past examination papers,English,final_resources.csv
South Africa,https://www.education.gov.za/LinkClick.aspx?link=677&tabid=593&portalid=0&mid=1741,2009 November NSC Examination Papers,national examination,DBE NSC past examination papers,English,final_resources.csv
South Africa,https://www.education.gov.za/LinkClick.aspx?link=726&tabid=593&portalid=0&mid=1741,2011 Feb/March NSC Examination Papers,national examination,DBE NSC past examination papers,English,final_resources.csv
South Africa,https://www.education.gov.za/LinkClick.aspx?link=647&tabid=593&portalid=0&mid=1741,2011 November NSC Examination Papers,national examination,DBE NSC past examination papers,English,final_resources.csv
South Africa,https://www.education.gov.za/LinkClick.aspx?link=649&tabid=593&portalid=0&mid=1741,2012 Feb/March NSC Examination Papers,national examination,DBE NSC past examination papers,English,final_resources.csv
South Africa,https://www.education.gov.za/LinkClick.aspx?link=626&tabid=593&portalid=0&mid=1741,2012 November NSC Examination Papers,national examination,DBE NSC past examination papers,English,final_resources.csv
South Africa,https://www.education.gov.za/LinkClick.aspx?link=610&tabid=593&portalid=0&mid=1741,2013 Feb/March NSC Examination Papers,national examination,DBE NSC past examination papers,English,final_resources.csv
South Africa,https://www.education.gov.za/LinkClick.aspx?link=607&tabid=593&portalid=0&mid=1741,2013 November NSC Examination Papers,national examination,DBE NSC past examination papers,English,final_resources.csv
South Africa,https://www.education.gov.za/LinkClick.aspx?link=584&tabid=593&portalid=0&mid=1741,2014 Feb/March NSC Examination Papers,national examination,DBE NSC past examination papers,English,final_resources.csv
South Africa,https://www.education.gov.za/LinkClick.aspx?link=568&tabid=593&portalid=0&mid=1741,2014 November NSC Examination Papers,national examination,DBE NSC past examination papers,English,final_resources.csv
South Africa,https://www.education.gov.za/LinkClick.aspx?link=730&tabid=593&portalid=0&mid=1741,2015 Feb/March NSC Examination Papers,national examination,DBE NSC past examination papers,English,final_resources.csv
South Africa,https://www.education.gov.za/Curriculum/NationalSeniorCertificate(NSC)Examinations/PastExamPapers/2015NovemberNSCExamPapers1.aspx,2015 November NSC Examination Papers,national examination,DBE NSC past examination papers,English,final_resources.csv
South Africa,https://www.education.gov.za/LinkClick.aspx?link=1375&tabid=593&portalid=0&mid=1741,2016 ASC Exam Papers (May/June),national examination,DBE NSC past examination papers,English,final_resources.csv
South Africa,https://www.education.gov.za/Curriculum/NationalSeniorCertificate(NSC)Examinations/PastExamPapers/2016FebMarchNSCExaminationPapers.aspx,2016 Feb/March NSC Examination Papers,national examination,DBE NSC past examination papers,English,final_resources.csv
South Africa,https://www.education.gov.za/LinkClick.aspx?link=1508&tabid=593&portalid=0&mid=1741,2016 NSC Examinations (Oct/Nov),national examination,DBE NSC past examination papers,English,final_resources.csv
South Africa,https://www.education.gov.za/LinkClick.aspx?link=1608&tabid=593&portalid=0&mid=1741,2017 Feb/March NSC Exam Papers,national examination,DBE NSC past examination papers,English,final_resources.csv
South Africa,https://www.education.gov.za/Curriculum/SeniorCertificate/2017SCMay-JuneExampapers.aspx,2017 May/June SC(a) Exam Papers,national examination,DBE NSC past examination papers,English,final_resources.csv
South Africa,https://www.education.gov.za/Home/2017NSCNovemberpastpapers.aspx,2017 November NSC Examination Papers,national examination,DBE NSC past examination papers,English,final_resources.csv
South Africa,https://www.education.gov.za/Curriculum/NationalSeniorCertificate(NSC)Examinations/2018SupplementaryExams.aspx,2018 Grade 12 NSC Supplementary Exams (Feb/March),national examination,DBE NSC past examination papers,English,final_resources.csv
South Africa,https://www.education.gov.za/LinkClick.aspx?link=2182&tabid=593&portalid=0&mid=1741,2018 May/June NSC Exam Papers,national examination,DBE NSC past examination papers,English,final_resources.csv
South Africa,https://www.education.gov.za/LinkClick.aspx?link=2268&tabid=593&portalid=0&mid=1741,2018 November NSC Examination Papers,national examination,DBE NSC past examination papers,English,final_resources.csv
South Africa,https://www.education.gov.za/LinkClick.aspx?link=https%3a%2f%2fwww.education.gov.za%2f2019JuneNSCExamPapers.aspx&tabid=593&portalid=0&mid=1741,2019 May/June Examination Papers,national examination,DBE NSC past examination papers,English,final_resources.csv
South Africa,https://www.education.gov.za/LinkClick.aspx?link=2556&tabid=593&portalid=0&mid=1741,2019 NSC Examination Papers (November),national examination,DBE NSC past examination papers,English,final_resources.csv
South Africa,https://www.education.gov.za/LinkClick.aspx?link=https%3a%2f%2fwww.education.gov.za%2fCurriculum%2fNationalSeniorCertificate(NSC)Examinations%2f2020NSCExamPapers.aspx&tabid=593&portalid=0&mid=1741,2020 NSC and SC Exam Papers (November),national examination,DBE NSC past examination papers,English,final_resources.csv
South Africa,https://www.education.gov.za/LinkClick.aspx?link=https%3a%2f%2fwww.education.gov.za%2fCurriculum%2fNationalSeniorCertificate(NSC)Examinations%2f2021NSCExamPapers.aspx&tabid=593&portalid=0&mid=1741,2021 NSC November Examination Papers,national examination,DBE NSC past examination papers,English,final_resources.csv
South Africa,https://www.education.gov.za/LinkClick.aspx?link=https%3a%2f%2fwww.education.gov.za%2fCurriculum%2fNationalSeniorCertificate(NSC)Examinations%2f2021MayJuneNSCExams.aspx&tabid=593&portalid=0&mid=1741,2021 NSC/SC May/June Examinations,national examination,DBE NSC past examination papers,English,final_resources.csv
South Africa,https://www.education.gov.za/LinkClick.aspx?link=https%3a%2f%2fwww.education.gov.za%2fCurriculum%2fNationalSeniorCertificate(NSC)Examinations%2f2022MayJuneExamPapers.aspx+&tabid=593&portalid=0&mid=1741,2022 May/June NSC/SC Exam Papers,national examination,DBE NSC past examination papers,English,final_resources.csv
South Africa,https://www.education.gov.za/LinkClick.aspx?link=3294&tabid=593&portalid=0&mid=1741,2022 NSC November Examination Papers,national examination,DBE NSC past examination papers,English,final_resources.csv
South Africa,https://www.education.gov.za/LinkClick.aspx?link=https%3a%2f%2fwww.education.gov.za%2fCurriculum%2fNationalSeniorCertificate(NSC)Examinations%2f2023MayJuneExamPapers.aspx&tabid=593&portalid=0&mid=1741,2023 May/June NSC/SC Exam Papers,national examination,DBE NSC past examination papers,English,final_resources.csv
South Africa,https://www.education.gov.za/LinkClick.aspx?link=https%3a%2f%2fwww.education.gov.za%2fCurriculum%2fNationalSeniorCertificate(NSC)Examinations%2f2023NSCNovemberpastpapers.aspx&tabid=593&portalid=0&mid=1741,2023 NSC November Exam papers,national examination,DBE NSC past examination papers,English,final_resources.csv
South Africa,https://www.education.gov.za/LinkClick.aspx?link=https%3a%2f%2fwww.education.gov.za%2fCurriculum%2fNationalSeniorCertificate(NSC)Examinations%2f2024MayJuneExamPapers.aspx&tabid=593&portalid=0&mid=1741,2024 May/June NSC/SC Exam Papers,national examination,DBE NSC past examination papers,English,final_resources.csv
South Africa,https://www.education.gov.za/LinkClick.aspx?link=https%3a%2f%2fwww.education.gov.za%2f2024NSCNovemberpastpapers.aspx&tabid=593&portalid=0&mid=1741,2024 November NSC Examination Papers,national examination,DBE NSC past examination papers,English,final_resources.csv
South Africa,https://www.education.gov.za/LinkClick.aspx?link=5475&tabid=593&portalid=0&mid=1741,2025 May/June NSC/SC Examination Papers,national examination,DBE NSC past examination papers,English,final_resources.csv
South Africa,https://www.education.gov.za/LinkClick.aspx?link=https%3a%2f%2fwww.education.gov.za%2fCurriculum%2fNationalSeniorCertificate(NSC)Examinations%2f2025NovemberExamPapers.aspx&tabid=593&portalid=0&mid=1741,2025 November NSC Examination Papers,national examination,DBE NSC past examination papers,English,final_resources.csv
South Africa,https://www.education.gov.za/Curriculum/NationalSeniorCertificate(NSC)Examinations/NSCPastExaminationpapers.aspx,DBE NSC past examination papers — official gateway,national examination,DBE NSC past examination papers,English,final_resources.csv
South Africa,https://www.education.gov.za/Curriculum/NationalSeniorCertificate(NSC)Examinations/tabid/338/Default.aspx,Examinations,national examination,DBE NSC past examination papers,English,final_resources.csv
South Africa,https://www.education.gov.za/LinkClick.aspx?link=1853&tabid=593&portalid=0&mid=1741,Grade 10 Common Paper (2015-2018),national examination,DBE NSC past examination papers,English,final_resources.csv
South Africa,https://www.education.gov.za/LinkClick.aspx?link=1869&tabid=593&portalid=0&mid=1741,Grade 11 Common Paper (2015-2018),national examination,DBE NSC past examination papers,English,final_resources.csv
South Africa,https://www.education.gov.za/Resources/Legislation/GreenPapers.aspx,Green Papers,national examination,DBE NSC past examination papers,English,final_resources.csv
South Africa,https://www.education.gov.za/MatricResults/ExamResults/tabid/175/Default.aspx,Matric Results,national examination,DBE NSC past examination papers,English,final_resources.csv
South Africa,https://www.education.gov.za/Curriculum/NationalSeniorCertificate(NSC)Examinations.aspx,National Senior Certificate (NSC) Examinations,national examination,DBE NSC past examination papers,English,final_resources.csv
South Africa,https://www.education.gov.za/Newsroom/ParliamentaryQuestions.aspx,Parliamentary Questions,national examination,DBE NSC past examination papers,English,final_resources.csv
South Africa,https://www.education.gov.za/Curriculum/PracticalAssessmentTasks.aspx,Practical Assessment Tasks,national examination,DBE NSC past examination papers,English,final_resources.csv
South Africa,https://www.education.gov.za/Programmes/LearnerEnrichment/SADCEssayCompetition.aspx,SADC Essay Competition,national examination,DBE NSC past examination papers,English,final_resources.csv
South Africa,https://www.education.gov.za/SchoolBasedAssessmentTasks2014/tabid/611/Default.aspx,School Based Assessment,national examination,DBE NSC past examination papers,English,final_resources.csv
South Africa,https://www.education.gov.za/Resources/Legislation/WhitePapers.aspx,White Papers,national examination,DBE NSC past examination papers,English,final_resources.csv
United Kingdom,https://bmos.ukmt.org.uk/home/bmo1-2005.pdf,1 December 2004,contest archive,British Mathematical Olympiad,English,final_resources.csv
United Kingdom,https://bmos.ukmt.org.uk/home/bmo1-2007.pdf,1 December 2006,contest archive,British Mathematical Olympiad,English,final_resources.csv
United Kingdom,https://bmos.ukmt.org.uk/home/bmo1-2018.pdf,1 December 2017,contest archive,British Mathematical Olympiad,English,final_resources.csv
United Kingdom,https://bmos.ukmt.org.uk/home/bmo2-2005.pdf,1 February 2005,contest archive,British Mathematical Olympiad,English,final_resources.csv
United Kingdom,https://bmos.ukmt.org.uk/home/fist-1989.pdf,1 March 1989,contest archive,British Mathematical Olympiad,English,final_resources.csv
United Kingdom,https://bmos.ukmt.org.uk/home/bmo-1983.pdf,10 March 1983,contest archive,British Mathematical Olympiad,English,final_resources.csv
United Kingdom,https://bmos.ukmt.org.uk/home/fist-1979.pdf,10 May 1979,contest archive,British Mathematical Olympiad,English,final_resources.csv
United Kingdom,https://bmos.ukmt.org.uk/home/bmo1-2003.pdf,11 December 2002,contest archive,British Mathematical Olympiad,English,final_resources.csv
United Kingdom,https://bmos.ukmt.org.uk/home/bmo2-1993.pdf,11 February 1993,contest archive,British Mathematical Olympiad,English,final_resources.csv
United Kingdom,https://bmos.ukmt.org.uk/home/fist-1977.pdf,11 May 1977,contest archive,British Mathematical Olympiad,English,final_resources.csv
United Kingdom,https://bmos.ukmt.org.uk/home/fist-1983.pdf,11 May 1983,contest archive,British Mathematical Olympiad,English,final_resources.csv
United Kingdom,https://bmos.ukmt.org.uk/home/bmo1-2000.pdf,12 January 2000,contest archive,British Mathematical Olympiad,English,final_resources.csv
United Kingdom,https://bmos.ukmt.org.uk/home/fist-1978.pdf,12 May 1978,contest archive,British Mathematical Olympiad,English,final_resources.csv
United Kingdom,https://bmos.ukmt.org.uk/home/bmo-1989.pdf,13 December 1988,contest archive,British Mathematical Olympiad,English,final_resources.csv
United Kingdom,https://bmos.ukmt.org.uk/home/bmo2-1992.pdf,13 February 1992,contest archive,British Mathematical Olympiad,English,final_resources.csv
United Kingdom,https://bmos.ukmt.org.uk/home/bmo1-1993.pdf,13 January 1993,contest archive,British Mathematical Olympiad,English,final_resources.csv
United Kingdom,https://bmos.ukmt.org.uk/home/bmo1-1999.pdf,13 January 1999,contest archive,British Mathematical Olympiad,English,final_resources.csv
United Kingdom,https://bmos.ukmt.org.uk/home/bmo-1980.pdf,13 March 1980,contest archive,British Mathematical Olympiad,English,final_resources.csv
United Kingdom,https://bmos.ukmt.org.uk/home/bmo-1984.pdf,13 March 1984,contest archive,British Mathematical Olympiad,English,final_resources.csv
United Kingdom,https://bmos.ukmt.org.uk/home/fist-1982.pdf,13 May 1982,contest archive,British Mathematical Olympiad,English,final_resources.csv
United Kingdom,https://bmos.ukmt.org.uk/home/bmo1-1998.pdf,14 January 1998,contest archive,British Mathematical Olympiad,English,final_resources.csv
United Kingdom,https://bmos.ukmt.org.uk/home/bmo-1979.pdf,14 March 1979,contest archive,British Mathematical Olympiad,English,final_resources.csv
United Kingdom,https://bmos.ukmt.org.uk/home/fist-1986.pdf,14 March 1986,contest archive,British Mathematical Olympiad,English,final_resources.csv
United Kingdom,https://bmos.ukmt.org.uk/home/fist-1981.pdf,14 May 1981,contest archive,British Mathematical Olympiad,English,final_resources.csv
United Kingdom,https://bmos.ukmt.org.uk/home/bmo2-1996.pdf,15 February 1996,contest archive,British Mathematical Olympiad,English,final_resources.csv
United Kingdom,https://bmos.ukmt.org.uk/home/bmo1-1992.pdf,15 January 1992,contest archive,British Mathematical Olympiad,English,final_resources.csv
United Kingdom,https://bmos.ukmt.org.uk/home/bmo1-1997.pdf,15 January 1997,contest archive,British Mathematical Olympiad,English,final_resources.csv
United Kingdom,https://bmos.ukmt.org.uk/home/fist-1985.pdf,15 March 1985,contest archive,British Mathematical Olympiad,English,final_resources.csv
United Kingdom,https://bmos.ukmt.org.uk/home/bmo1-2024.pdf,15 November 2023,contest archive,British Mathematical Olympiad,English,final_resources.csv
United Kingdom,https://bmos.ukmt.org.uk/home/bmo2-1995.pdf,16 February 1995,contest archive,British Mathematical Olympiad,English,final_resources.csv
United Kingdom,https://bmos.ukmt.org.uk/home/bmo-1991.pdf,16 January 1991,contest archive,British Mathematical Olympiad,English,final_resources.csv
United Kingdom,https://bmos.ukmt.org.uk/home/bmo1-2023.pdf,16 November 2022,contest archive,British Mathematical Olympiad,English,final_resources.csv
United Kingdom,https://bmos.ukmt.org.uk/home/bmo-1990.pdf,17 January 1990,contest archive,British Mathematical Olympiad,English,final_resources.csv
United Kingdom,https://bmos.ukmt.org.uk/home/bmo1-1996.pdf,17 January 1996,contest archive,British Mathematical Olympiad,English,final_resources.csv
United Kingdom,https://bmos.ukmt.org.uk/home/bmo1-2001.pdf,17 January 2001,contest archive,British Mathematical Olympiad,English,final_resources.csv
United Kingdom,https://bmos.ukmt.org.uk/home/bmo-1977.pdf,17 March 1977,contest archive,British Mathematical Olympiad,English,final_resources.csv
United Kingdom,https://bmos.ukmt.org.uk/home/fist-1972.pdf,17 May 1972,contest archive,British Mathematical Olympiad,English,final_resources.csv
United Kingdom,https://bmos.ukmt.org.uk/home/bmo1-1995.pdf,18 January 1995,contest archive,British Mathematical Olympiad,English,final_resources.csv
United Kingdom,https://bmos.ukmt.org.uk/home/bmo-1982.pdf,18 March 1982,contest archive,British Mathematical Olympiad,English,final_resources.csv
United Kingdom,https://bmos.ukmt.org.uk/home/bmo1-1994.pdf,19 January 1994,contest archive,British Mathematical Olympiad,English,final_resources.csv
United Kingdom,https://bmos.ukmt.org.uk/home/bmo-1981.pdf,19 March 1981,contest archive,British Mathematical Olympiad,English,final_resources.csv
United Kingdom,https://bmos.ukmt.org.uk/home/bmo1-2026.pdf,19 November 2025,contest archive,British Mathematical Olympiad,English,final_resources.csv
United Kingdom,https://bmos.ukmt.org.uk/home/bmo-1973.pdf,1973,contest archive,British Mathematical Olympiad,English,final_resources.csv
United Kingdom,https://bmos.ukmt.org.uk/home/bmo-1974.pdf,1974,contest archive,British Mathematical Olympiad,English,final_resources.csv
United Kingdom,https://bmos.ukmt.org.uk/home/fist-1974.pdf,1974,contest archive,British Mathematical Olympiad,English,final_resources.csv
United Kingdom,https://bmos.ukmt.org.uk/home/bmo1-2011.pdf,2 December 2010,contest archive,British Mathematical Olympiad,English,final_resources.csv
United Kingdom,https://bmos.ukmt.org.uk/home/bmo1-2012.pdf,2 December 2011,contest archive,British Mathematical Olympiad,English,final_resources.csv
United Kingdom,https://bmos.ukmt.org.uk/home/bmo1-2017.pdf,2 December 2016,contest archive,British Mathematical Olympiad,English,final_resources.csv
United Kingdom,https://bmos.ukmt.org.uk/home/bmo1-2022.pdf,2 December 2021,contest archive,British Mathematical Olympiad,English,final_resources.csv
United Kingdom,https://bmos.ukmt.org.uk/home/bmo-1987.pdf,20 March 1987,contest archive,British Mathematical Olympiad,English,final_resources.csv
United Kingdom,https://bmos.ukmt.org.uk/home/bmo-1988.pdf,20 November 1987,contest archive,British Mathematical Olympiad,English,final_resources.csv
United Kingdom,https://bmos.ukmt.org.uk/home/bmo1-2025.pdf,20 November 2024,contest archive,British Mathematical Olympiad,English,final_resources.csv
United Kingdom,https://bmos.ukmt.org.uk/home/bmo2-2026.pdf,21 January 2026,contest archive,British Mathematical Olympiad,English,final_resources.csv
United Kingdom,https://bmos.ukmt.org.uk/home/bmo-1978.pdf,21 March 1978,contest archive,British Mathematical Olympiad,English,final_resources.csv
United Kingdom,https://bmos.ukmt.org.uk/home/bmo2-2025.pdf,22 January 2025,contest archive,British Mathematical Olympiad,English,final_resources.csv
United Kingdom,https://bmos.ukmt.org.uk/home/bmo2-2000.pdf,23 February 2000,contest archive,British Mathematical Olympiad,English,final_resources.csv
United Kingdom,https://bmos.ukmt.org.uk/home/fist-1984.pdf,23 March 1984,contest archive,British Mathematical Olympiad,English,final_resources.csv
United Kingdom,https://bmos.ukmt.org.uk/home/bmo2-1994.pdf,24 February 1994,contest archive,British Mathematical Olympiad,English,final_resources.csv
United Kingdom,https://bmos.ukmt.org.uk/home/bmo2-2004.pdf,24 February 2004,contest archive,British Mathematical Olympiad,English,final_resources.csv
United Kingdom,https://bmos.ukmt.org.uk/home/bmo2-2019.pdf,24 January 2019,contest archive,British Mathematical Olympiad,English,final_resources.csv
United Kingdom,https://bmos.ukmt.org.uk/home/bmo2-2024.pdf,24 January 2024,contest archive,British Mathematical Olympiad,English,final_resources.csv
United Kingdom,https://bmos.ukmt.org.uk/home/bmo-1975.pdf,24 March 1975,contest archive,British Mathematical Olympiad,English,final_resources.csv
United Kingdom,https://bmos.ukmt.org.uk/home/bmo-1976.pdf,24 March 1976,contest archive,British Mathematical Olympiad,English,final_resources.csv
United Kingdom,https://bmos.ukmt.org.uk/home/bmo2-1999.pdf,25 February 1999,contest archive,British Mathematical Olympiad,English,final_resources.csv
United Kingdom,https://bmos.ukmt.org.uk/home/bmo2-2003.pdf,25 February 2003,contest archive,British Mathematical Olympiad,English,final_resources.csv
United Kingdom,https://bmos.ukmt.org.uk/home/bmo2-2018.pdf,25 January 2018,contest archive,British Mathematical Olympiad,English,final_resources.csv
United Kingdom,https://bmos.ukmt.org.uk/home/bmo2-2023.pdf,25 January 2023,contest archive,British Mathematical Olympiad,English,final_resources.csv
United Kingdom,https://bmos.ukmt.org.uk/home/bmo2-1998.pdf,26 February 1998,contest archive,British Mathematical Olympiad,English,final_resources.csv
United Kingdom,https://bmos.ukmt.org.uk/home/bmo2-2002.pdf,26 February 2002,contest archive,British Mathematical Olympiad,English,final_resources.csv
United Kingdom,https://bmos.ukmt.org.uk/home/bmo2-2012.pdf,26 January 2012,contest archive,British Mathematical Olympiad,English,final_resources.csv
United Kingdom,https://bmos.ukmt.org.uk/home/bmo2-2017.pdf,26 January 2017,contest archive,British Mathematical Olympiad,English,final_resources.csv
United Kingdom,https://bmos.ukmt.org.uk/home/bmo1-2021.pdf,26 November 2020,contest archive,British Mathematical Olympiad,English,final_resources.csv
United Kingdom,https://bmos.ukmt.org.uk/home/bmo2-1997.pdf,27 February 1997,contest archive,British Mathematical Olympiad,English,final_resources.csv
United Kingdom,https://bmos.ukmt.org.uk/home/bmo2-2001.pdf,27 February 2001,contest archive,British Mathematical Olympiad,English,final_resources.csv
United Kingdom,https://bmos.ukmt.org.uk/home/bmo2-2011.pdf,27 January 2011,contest archive,British Mathematical Olympiad,English,final_resources.csv
United Kingdom,https://bmos.ukmt.org.uk/home/bmo2-2022.pdf,27 January 2022,contest archive,British Mathematical Olympiad,English,final_resources.csv
United Kingdom,https://bmos.ukmt.org.uk/home/bmo1-2016.pdf,27 November 2015,contest archive,British Mathematical Olympiad,English,final_resources.csv
United Kingdom,https://bmos.ukmt.org.uk/home/fist-1991.pdf,28 February 1991,contest archive,British Mathematical Olympiad,English,final_resources.csv
United Kingdom,https://bmos.ukmt.org.uk/home/bmo2-2010.pdf,28 January 2010,contest archive,British Mathematical Olympiad,English,final_resources.csv
United Kingdom,https://bmos.ukmt.org.uk/home/bmo2-2016.pdf,28 January 2016,contest archive,British Mathematical Olympiad,English,final_resources.csv
United Kingdom,https://bmos.ukmt.org.uk/home/bmo2-2021.pdf,28 January 2021,contest archive,British Mathematical Olympiad,English,final_resources.csv
United Kingdom,https://bmos.ukmt.org.uk/home/bmo1-2015.pdf,28 November 2014,contest archive,British Mathematical Olympiad,English,final_resources.csv
United Kingdom,https://bmos.ukmt.org.uk/home/bmo2-2009.pdf,29 January 2009,contest archive,British Mathematical Olympiad,English,final_resources.csv
United Kingdom,https://bmos.ukmt.org.uk/home/bmo2-2015.pdf,29 January 2015,contest archive,British Mathematical Olympiad,English,final_resources.csv
United Kingdom,https://bmos.ukmt.org.uk/home/bmo1-2014.pdf,29 November 2013,contest archive,British Mathematical Olympiad,English,final_resources.csv
United Kingdom,https://bmos.ukmt.org.uk/home/bmo1-2020.pdf,29 November 2019,contest archive,British Mathematical Olympiad,English,final_resources.csv
United Kingdom,https://bmos.ukmt.org.uk/home/bmo1-2004.pdf,3 December 2003,contest archive,British Mathematical Olympiad,English,final_resources.csv
United Kingdom,https://bmos.ukmt.org.uk/home/bmo1-2010.pdf,3 December 2009,contest archive,British Mathematical Olympiad,English,final_resources.csv
United Kingdom,https://bmos.ukmt.org.uk/home/bmo2-2007.pdf,30 January 2007,contest archive,British Mathematical Olympiad,English,final_resources.csv
United Kingdom,https://bmos.ukmt.org.uk/home/bmo2-2014.pdf,30 January 2014,contest archive,British Mathematical Olympiad,English,final_resources.csv
United Kingdom,https://bmos.ukmt.org.uk/home/bmo2-2020.pdf,30 January 2020,contest archive,British Mathematical Olympiad,English,final_resources.csv
United Kingdom,https://bmos.ukmt.org.uk/home/bmo1-2006.pdf,30 November 2005,contest archive,British Mathematical Olympiad,English,final_resources.csv
United Kingdom,https://bmos.ukmt.org.uk/home/bmo1-2008.pdf,30 November 2007,contest archive,British Mathematical Olympiad,English,final_resources.csv
United Kingdom,https://bmos.ukmt.org.uk/home/bmo1-2013.pdf,30 November 2012,contest archive,British Mathematical Olympiad,English,final_resources.csv
United Kingdom,https://bmos.ukmt.org.uk/home/bmo1-2019.pdf,30 November 2018,contest archive,British Mathematical Olympiad,English,final_resources.csv
United Kingdom,https://bmos.ukmt.org.uk/home/bmo2-2006.pdf,31 January 2006,contest archive,British Mathematical Olympiad,English,final_resources.csv
United Kingdom,https://bmos.ukmt.org.uk/home/bmo2-2008.pdf,31 January 2008,contest archive,British Mathematical Olympiad,English,final_resources.csv
United Kingdom,https://bmos.ukmt.org.uk/home/bmo2-2013.pdf,31 January 2013,contest archive,British Mathematical Olympiad,English,final_resources.csv
United Kingdom,https://bmos.ukmt.org.uk/home/bmo1-2009.pdf,4 December 2008,contest archive,British Mathematical Olympiad,English,final_resources.csv
United Kingdom,https://bmos.ukmt.org.uk/home/bmo-1986.pdf,4 March 1986,contest archive,British Mathematical Olympiad,English,final_resources.csv
United Kingdom,https://bmos.ukmt.org.uk/home/bmo1-2002.pdf,5 December 2001,contest archive,British Mathematical Olympiad,English,final_resources.csv
United Kingdom,https://bmos.ukmt.org.uk/home/fist-1988.pdf,5 February 1988,contest archive,British Mathematical Olympiad,English,final_resources.csv
United Kingdom,https://bmos.ukmt.org.uk/home/bmo-1985.pdf,5 March 1985,contest archive,British Mathematical Olympiad,English,final_resources.csv
United Kingdom,https://bmos.ukmt.org.uk/home/fist-1975.pdf,5 May 1975,contest archive,British Mathematical Olympiad,English,final_resources.csv
United Kingdom,https://bmos.ukmt.org.uk/home/fist-1976.pdf,5 May 1976,contest archive,British Mathematical Olympiad,English,final_resources.csv
United Kingdom,https://bmos.ukmt.org.uk/home/fist-1990.pdf,7 March 1990,contest archive,British Mathematical Olympiad,English,final_resources.csv
United Kingdom,https://bmos.ukmt.org.uk/home/fist-1980.pdf,8 May 1980,contest archive,British Mathematical Olympiad,English,final_resources.csv
United Kingdom,https://ukmt.org.uk/senior-challenges/british-maths-olympiad-round-1,BMO entry information,contest archive,British Mathematical Olympiad,English,final_resources.csv
United Kingdom,https://bmos.ukmt.org.uk/,British Mathematical Olympiad,contest archive,British Mathematical Olympiad,English,final_resources.csv
United Kingdom,https://bmos.ukmt.org.uk/home/bmo.shtml,British Mathematical Olympiad — official gateway,contest archive,British Mathematical Olympiad,English,final_resources.csv
United Kingdom,https://bmos.ukmt.org.uk/home/bmolot.pdf,all BMO problems from 1993 onwards,contest archive,British Mathematical Olympiad,English,final_resources.csv
United Kingdom,https://ukmt.org.uk/textbooks/a-mathematical-olympiad-companion,available from the UKMT,contest archive,British Mathematical Olympiad,English,final_resources.csv
United Kingdom,https://bmos.ukmt.org.uk/home/bmo1-2005-histogram.pdf,histogram of distribution of marks,contest archive,British Mathematical Olympiad,English,final_resources.csv
United Kingdom,https://bmos.ukmt.org.uk/home/bmo1-2020-report.pdf,markers’ report,contest archive,British Mathematical Olympiad,English,final_resources.csv
United Kingdom,https://bmos.ukmt.org.uk/home/bmo1-2021-report.pdf,markers’ report,contest archive,British Mathematical Olympiad,English,final_resources.csv
United Kingdom,https://bmos.ukmt.org.uk/home/bmo1-2022-report.pdf,markers’ report,contest archive,British Mathematical Olympiad,English,final_resources.csv
United Kingdom,https://bmos.ukmt.org.uk/home/bmo1-2023-report.pdf,markers’ report,contest archive,British Mathematical Olympiad,English,final_resources.csv
United Kingdom,https://bmos.ukmt.org.uk/home/bmo1-2024-report.pdf,markers’ report,contest archive,British Mathematical Olympiad,English,final_resources.csv
United Kingdom,https://bmos.ukmt.org.uk/home/bmo1-2025-report.pdf,markers’ report,contest archive,British Mathematical Olympiad,English,final_resources.csv
United Kingdom,https://bmos.ukmt.org.uk/home/bmo1-2026-report.pdf,markers’ report,contest archive,British Mathematical Olympiad,English,final_resources.csv
United Kingdom,https://bmos.ukmt.org.uk/home/bmomarking.pdf,notes on BMO marking,contest archive,British Mathematical Olympiad,English,final_resources.csv
United Kingdom,https://ukmt.org.uk/textbooks/2-a-mathematical-olympiad-primer-2nd-edition,purchased from UKMT,contest archive,British Mathematical Olympiad,English,final_resources.csv
United Kingdom,https://bmos.ukmt.org.uk/home/bmo1-2017-report.pdf,report for schools,contest archive,British Mathematical Olympiad,English,final_resources.csv
United Kingdom,https://bmos.ukmt.org.uk/home/bmo1-2018-report.pdf,report for schools,contest archive,British Mathematical Olympiad,English,final_resources.csv
United Kingdom,https://bmos.ukmt.org.uk/home/bmo2-2021-solutions.pdf,solutions,contest archive,British Mathematical Olympiad,English,final_resources.csv
United Kingdom,https://bmos.ukmt.org.uk/home/bmo2-2022-solutions.pdf,solutions,contest archive,British Mathematical Olympiad,English,final_resources.csv
United Kingdom,https://bmos.ukmt.org.uk/solutions/,video solutions,contest archive,British Mathematical Olympiad,English,final_resources.csv
United Kingdom,https://www.maths.cam.ac.uk/undergrad/admissions/step,Cambridge STEP admissions page — official gateway,admissions exam,Cambridge STEP admissions page,English,final_resources.csv
United Kingdom,https://www.maths.cam.ac.uk/internal/teaching,Teaching and Examining,admissions exam,Cambridge STEP admissions page,English,final_resources.csv
United Kingdom,https://www.ucat.ac.uk/candidate-advice/advice-from-past-candidates/,Advice from past candidates,admissions practice,UCAT practice tests,English,final_resources.csv
United Kingdom,https://www.ucat.ac.uk/register/booking-your-test/,Booking your Test,admissions practice,UCAT practice tests,English,final_resources.csv
United Kingdom,https://www.ucat.ac.uk/sit/fitness-to-test/,Fitness to Test,admissions practice,UCAT practice tests,English,final_resources.csv
United Kingdom,https://www.ucat.ac.uk/prepare/question-tutorials/,Question Tutorials,admissions practice,UCAT practice tests,English,final_resources.csv
United Kingdom,https://www.ucat.ac.uk/sit/test-day/,Test Day,admissions practice,UCAT practice tests,English,final_resources.csv
United Kingdom,https://www.ucat.ac.uk/about-ucat/test-format-and-scoring/,Test Format and Scoring,admissions practice,UCAT practice tests,English,final_resources.csv
United Kingdom,https://www.ucat.ac.uk/sit/test-incident/,Test Incident,admissions practice,UCAT practice tests,English,final_resources.csv
United Kingdom,https://www.ucat.ac.uk/prepare/test-tools/,Test Tools,admissions practice,UCAT practice tests,English,final_resources.csv
United Kingdom,https://www.ucat.ac.uk/umbraco/surface/pearsonpracticetest/launch/UK_Tour_Tutorial,Tour Tutorial,admissions practice,UCAT practice tests,English,final_resources.csv
United Kingdom,https://www.ucat.ac.uk/about-ucat/ucat-test-dates/,UCAT Test Dates,admissions practice,UCAT practice tests,English,final_resources.csv
United Kingdom,https://esat-tmua.ac.uk/,Before your Test,admissions practice,TMUA preparation materials,English,final_resources.csv
United Kingdom,https://esat-tmua.ac.uk/about-the-tests/esat-test/,ESAT,admissions practice,TMUA preparation materials,English,final_resources.csv
United Kingdom,https://esat-tmua.ac.uk/about-the-tests/tara/,TARA,admissions practice,TMUA preparation materials,English,final_resources.csv
United Kingdom,https://esat-tmua.ac.uk/about-the-tests/tmua-test/,TMUA,admissions practice,TMUA preparation materials,English,final_resources.csv
United Kingdom,https://esat-tmua.ac.uk/tmua-preparation-materials/,TMUA preparation materials — official gateway,admissions practice,TMUA preparation materials,English,final_resources.csv
United Kingdom,https://esat-tmua.ac.uk/test-day/,Test Day,admissions practice,TMUA preparation materials,English,final_resources.csv
United Kingdom,https://esat-tmua.ac.uk/test-results/,Test Scores,admissions practice,TMUA preparation materials,English,final_resources.csv
United States,https://www.act.org/content/act/en/products-and-services/the-act/test-preparation/act-kaplan.html,ACT Kaplan Test Prep Suite,admissions practice,ACT free practice tests,English,final_resources.csv
United States,https://www.act.org/content/act/en/products-and-services/the-act/scores/request-a-copy-of-qa.html,ACT My Answer Key,admissions practice,ACT free practice tests,English,final_resources.csv
United States,https://www.act.org/content/act/en/students-and-parents/high-school-success/testing-advice-for-the-act.html,Access Free Guides,admissions practice,ACT free practice tests,English,final_resources.csv
United States,https://www.act.org/content/act/en/products-and-services/the-act/test-day/calculator-policy.html,Calculator Policy,admissions practice,ACT free practice tests,English,final_resources.csv
United States,https://www.act.org/content/act/en/workforce-solutions.html,Career-Ready Solutions,admissions practice,ACT free practice tests,English,final_resources.csv
United States,https://www.act.org/content/act/en/products-and-services/the-act-educator.html,District Testing,admissions practice,ACT free practice tests,English,final_resources.csv
United States,https://www.act.org/content/dam/act/unsecured/documents/Preparing-for-the-ACT.pdf,Download Practice Test 1,admissions practice,ACT free practice tests,English,final_resources.csv
United States,https://www.act.org/content/dam/act/unsecured/documents/ACT-Test-Prep-ACT-Practice-Test-2-Form.pdf,Download Practice Test 2,admissions practice,ACT free practice tests,English,final_resources.csv
United States,https://www.act.org/content/act/en/products-and-services/the-act/test-preparation/find-a-tutor.html,Find an ACT Tutor,admissions practice,ACT free practice tests,English,final_resources.csv
United States,https://www.act.org/content/act/en/products-and-services/the-act/test-preparation/the-official-guide.html,Official ACT Prep and Subject Guides,admissions practice,ACT free practice tests,English,final_resources.csv
United States,https://www.act.org/content/act/en/products-and-services/the-act/test-day/online-testing.html,Online Testing & Device Setup,admissions practice,ACT free practice tests,English,final_resources.csv
United States,https://www.act.org/content/dam/act/unsecured/documents/Preparing-for-the-ACT-Spanish.pdf,Prueba de práctica libre,admissions practice,ACT free practice tests,English,final_resources.csv
United States,https://www.act.org/content/act/en/products-and-services/the-act/test-day/rescheduled-test-centers.html,Rescheduled Test Centers,admissions practice,ACT free practice tests,English,final_resources.csv
United States,https://www.act.org/content/act/en/products-and-services.html#solutions,School and District Assessment,admissions practice,ACT free practice tests,English,final_resources.csv
United States,https://www.act.org/content/act/en/products-and-services/the-act/registration/standby-testing.html,Standby Testing,admissions practice,ACT free practice tests,English,final_resources.csv
United States,https://www.act.org/content/act/en/products-and-services/the-act/test-preparation/free-act-test-prep/act-online-test-sample-questions.html,Start Practicing Now,admissions practice,ACT free practice tests,English,final_resources.csv
United States,https://www.act.org/content/act/en/products-and-services/the-act/registration/test-center-locator.html,Test Center Locator,admissions practice,ACT free practice tests,English,final_resources.csv
United States,https://www.act.org/content/act/en/products-and-services/the-act/registration/test-dates.html,Test Dates,admissions practice,ACT free practice tests,English,final_resources.csv
United States,https://www.act.org/content/act/en/products-and-services/the-act/test-day.html,Test Day,admissions practice,ACT free practice tests,English,final_resources.csv
United States,https://www.act.org/content/act/en/products-and-services/the-act/test-preparation.html,Test Prep,admissions practice,ACT free practice tests,English,final_resources.csv
United States,https://quizme.act.org,Try QuizMe Now,admissions practice,ACT free practice tests,English,final_resources.csv
United States,https://www.act.org/content/act/en/products-and-services/the-act/test-preparation/free-act-test-prep/math-calculator-how-to-videos.html,Watch Now,admissions practice,ACT free practice tests,English,final_resources.csv
United States,https://satsuite.collegeboard.org/practice/build-your-study-plan,Build Your Study Plan,admissions practice,College Board SAT Suite practice tests,English,final_resources.csv
United States,https://satsuite.collegeboard.org/sat/test-center-closings,Check for Test Center Closings,admissions practice,College Board SAT Suite practice tests,English,final_resources.csv
United States,https://satsuite.collegeboard.org/practice/practice-tests,College Board SAT Suite practice tests — official gateway,admissions practice,College Board SAT Suite practice tests,English,final_resources.csv
United States,https://satsuite.collegeboard.org/k12-educators/tools-resources/question-bank,Educator Question Bank,admissions practice,College Board SAT Suite practice tests,English,final_resources.csv
United States,https://satsuite.collegeboard.org/sat-suite-benefits-students-parents/el-examen-sat,El Examen SAT,admissions practice,College Board SAT Suite practice tests,English,final_resources.csv
United States,https://satsuite.collegeboard.org/practice/practice-tests/bluebook,Full-Length Digital Practice Tests on Bluebook Find a test preview and official full-length practice tests on the Bluebook app.,admissions practice,College Board SAT Suite practice tests,English,final_resources.csv
United States,https://satsuite.collegeboard.org/practice,Getting Started with Practice,admissions practice,College Board SAT Suite practice tests,English,final_resources.csv
United States,https://satsuite.collegeboard.org/practice/khan-academy,How to Use Khan Academy,admissions practice,College Board SAT Suite practice tests,English,final_resources.csv
United States,https://satsuite.collegeboard.org/k12-educators/educator-experience,In-School Testing Staff Start Here,admissions practice,College Board SAT Suite practice tests,English,final_resources.csv
United States,https://satsuite.collegeboard.org/in-school-assessments/whats-on-the-test/psat-10,PSAT 10,admissions practice,College Board SAT Suite practice tests,English,final_resources.csv
United States,https://satsuite.collegeboard.org/in-school-assessments/whats-on-the-test/psat-8-9,PSAT 8/9,admissions practice,College Board SAT Suite practice tests,English,final_resources.csv
United States,https://satsuite.collegeboard.org/in-school-assessments/whats-on-the-test/psat-nmsqt,PSAT/NMSQT,admissions practice,College Board SAT Suite practice tests,English,final_resources.csv
United States,https://qotd.collegeboard.org/,Question of the Day,admissions practice,College Board SAT Suite practice tests,English,final_resources.csv
United States,https://satsuite.collegeboard.org/sat/whats-on-the-test,SAT Weekend,admissions practice,College Board SAT Suite practice tests,English,final_resources.csv
United States,https://satsuite.collegeboard.org/sat/testing-staff,SAT Weekend Staff Start Here,admissions practice,College Board SAT Suite practice tests,English,final_resources.csv
United States,https://satsuite.collegeboard.org/k12-educators/test-centers,SAT Weekend Test Centers,admissions practice,College Board SAT Suite practice tests,English,final_resources.csv
United States,https://satsuite.collegeboard.org/practice/student-question-bank,Student Question Bank,admissions practice,College Board SAT Suite practice tests,English,final_resources.csv
United States,https://satsuite.collegeboard.org/practice/student-readiness-check,Student Readiness Check,admissions practice,College Board SAT Suite practice tests,English,final_resources.csv
United States,https://satsuite.collegeboard.org/sat/test-center-search,Test Center Search,admissions practice,College Board SAT Suite practice tests,English,final_resources.csv
United States,https://satsuite.collegeboard.org/sat/dates-deadlines,Test Dates and Deadlines,admissions practice,College Board SAT Suite practice tests,English,final_resources.csv
United States,https://testday.collegeboard.org/,Test Day Toolkit,admissions practice,College Board SAT Suite practice tests,English,final_resources.csv
United States,https://satsuite.collegeboard.org/k12-educators/tools-resources/test-day-tool-kit,Test Day Toolkit Setup,admissions practice,College Board SAT Suite practice tests,English,final_resources.csv
United States,https://satsuite.collegeboard.org/sat/test-security-fairness,Test Security and Fairness,admissions practice,College Board SAT Suite practice tests,English,final_resources.csv
United States,https://satsuite.collegeboard.org/testing-rules,Testing Rules,admissions practice,College Board SAT Suite practice tests,English,final_resources.csv
United States,https://satsuite.collegeboard.org/practice/content-domains,What Are Content Domains?,admissions practice,College Board SAT Suite practice tests,English,final_resources.csv
United States,https://satsuite.collegeboard.org/in-school-assessments/what-to-bring,What to Bring for In-School Testing,admissions practice,College Board SAT Suite practice tests,English,final_resources.csv
United States,https://ocw.mit.edu/courses/6-042j-mathematics-for-computer-science-fall-2005/pages/exams/,Exams,university assignments,MIT OCW 6.042J assignments,English,final_resources.csv
